{"type":"FeatureCollection","features":[{"type":"Feature","properties":{"name":"Lake Balkhash","name_zh":"巴尔喀什湖"},"geometry":{"type":"Polygon","coordinates":[[[79.025733,46.4337],[78.992176,46.407207],[78.953026,46.38513],[78.908577,46.368351],[78.884144,46.365113],[78.794658,46.377771],[78.731075,46.396316],[78.711353,46.394549],[78.67544,46.379831],[78.655129,46.374827],[78.638939,46.37365],[78.622749,46.374533],[78.607736,46.377476],[78.593901,46.382186],[78.546803,46.40603],[78.525314,46.409268],[78.472035,46.406913],[78.456139,46.402497],[78.440832,46.395138],[78.426114,46.383364],[78.417872,46.367468],[78.421698,46.34804],[78.434356,46.338032],[78.467619,46.329201],[78.477039,46.320075],[78.471151,46.294466],[78.440832,46.287401],[78.404625,46.295054],[78.380193,46.313305],[78.387846,46.313305],[78.366947,46.339798],[78.338099,46.356577],[78.306896,46.362169],[78.278932,46.354222],[78.292178,46.34804],[78.261859,46.330967],[78.14794,46.345979],[78.107317,46.34127],[78.107317,46.333616],[78.117031,46.332439],[78.126157,46.333027],[78.134988,46.335971],[78.142641,46.34127],[78.150589,46.33391],[78.160303,46.329495],[78.170606,46.327434],[78.18238,46.327434],[78.164424,46.312422],[78.132044,46.311539],[78.042852,46.324785],[78.02048,46.336854],[77.976914,46.368351],[77.871237,46.425752],[77.811481,46.438704],[77.757613,46.423103],[77.757613,46.415449],[77.777335,46.421631],[77.799118,46.423986],[77.820607,46.42222],[77.839152,46.415449],[77.822667,46.409562],[77.800884,46.405441],[77.76144,46.402497],[77.743778,46.396021],[77.728765,46.383658],[77.713753,46.375416],[77.695502,46.382186],[77.705216,46.390723],[77.737302,46.409268],[77.595124,46.41957],[77.485032,46.460487],[77.451474,46.488157],[77.433224,46.499343],[77.411735,46.506113],[77.387303,46.506408],[77.364342,46.499049],[77.316067,46.475794],[77.283098,46.467846],[77.264553,46.454011],[77.253661,46.451067],[77.243947,46.453422],[77.236883,46.458721],[77.230701,46.465491],[77.222753,46.47079],[77.203325,46.478149],[77.179776,46.483742],[77.156521,46.483742],[77.137682,46.474617],[77.118254,46.459604],[77.09706,46.45195],[77.073216,46.449596],[77.044663,46.451067],[76.928978,46.478443],[76.9278,46.457249],[76.912493,46.457838],[76.792098,46.51936],[76.752065,46.532606],[76.397356,46.540848],[76.3794,46.545264],[76.304043,46.575583],[76.281082,46.579116],[76.263126,46.573817],[76.27755,46.567636],[76.28432,46.566458],[76.28432,46.560276],[76.264009,46.56322],[76.256945,46.566458],[76.257828,46.545264],[76.246347,46.544381],[76.228097,46.551151],[76.208374,46.553506],[76.214556,46.532312],[76.199249,46.527308],[76.124186,46.535256],[76.084741,46.54497],[76.061781,46.547324],[76.057366,46.542909],[76.061781,46.533195],[76.069435,46.523775],[76.075616,46.51936],[76.079737,46.517299],[76.078265,46.512884],[76.07385,46.508174],[76.068551,46.506408],[76.062075,46.507291],[76.049418,46.511412],[76.044708,46.512295],[75.941681,46.506408],[75.941681,46.512295],[75.949334,46.513178],[75.969351,46.51936],[75.960814,46.531429],[75.951983,46.534961],[75.924607,46.532901],[75.892227,46.54497],[75.873977,46.547619],[75.859553,46.52613],[75.843952,46.521126],[75.808039,46.51936],[75.800974,46.517299],[75.783901,46.50788],[75.777131,46.506408],[75.771244,46.509646],[75.767417,46.516416],[75.762707,46.522598],[75.752993,46.525542],[75.724734,46.530251],[75.710016,46.53084],[75.695298,46.525542],[75.686172,46.51465],[75.67793,46.490807],[75.667333,46.484625],[75.657619,46.485214],[75.654381,46.490512],[75.651732,46.496105],[75.643195,46.498754],[75.636131,46.496988],[75.611993,46.484625],[75.594036,46.478149],[75.576669,46.474028],[75.537519,46.47079],[75.548116,46.484625],[75.579024,46.501992],[75.585206,46.515828],[75.576375,46.52613],[75.52074,46.556744],[75.475996,46.603842],[75.468637,46.615028],[75.470698,46.626803],[75.478351,46.632396],[75.486005,46.635339],[75.489537,46.638872],[75.490715,46.648586],[75.493953,46.655356],[75.500429,46.660066],[75.510143,46.662715],[75.513969,46.649763],[75.516913,46.64211],[75.515736,46.626803],[75.533103,46.620916],[75.556358,46.624154],[75.571665,46.635339],[75.561068,46.641521],[75.563423,46.647997],[75.573137,46.653001],[75.585206,46.655945],[75.573137,46.670957],[75.552531,46.676845],[75.491598,46.675667],[75.479234,46.673312],[75.468049,46.668897],[75.455685,46.662715],[75.427132,46.638872],[75.417418,46.635339],[75.401522,46.626214],[75.402405,46.60502],[75.411531,46.581765],[75.42095,46.566458],[75.427721,46.560571],[75.434491,46.55645],[75.43979,46.549679],[75.44185,46.536433],[75.445088,46.524953],[75.45333,46.517299],[75.475996,46.506408],[75.475702,46.503464],[75.475113,46.501404],[75.47423,46.499932],[75.472464,46.499343],[75.460101,46.494045],[75.445971,46.496694],[75.435669,46.495222],[75.434491,46.478443],[75.430076,46.483742],[75.41889,46.493456],[75.41418,46.498754],[75.4027,46.48227],[75.38857,46.46608],[75.371497,46.455483],[75.352658,46.457249],[75.354718,46.460487],[75.356779,46.467552],[75.35884,46.47079],[75.340883,46.474617],[75.332641,46.489335],[75.332936,46.504936],[75.342061,46.512295],[75.356779,46.515828],[75.352364,46.522892],[75.336762,46.529957],[75.318217,46.532901],[75.278478,46.529074],[75.262582,46.522304],[75.256401,46.509352],[75.260816,46.50523],[75.27995,46.496399],[75.283482,46.491984],[75.277301,46.486391],[75.242566,46.478443],[75.266998,46.460487],[75.276123,46.449007],[75.266704,46.443414],[75.251691,46.438704],[75.227259,46.418687],[75.208419,46.415449],[75.214601,46.423103],[75.200472,46.422808],[75.176923,46.417216],[75.163382,46.415449],[75.153373,46.419865],[75.146309,46.426635],[75.139833,46.428107],[75.132768,46.415449],[75.12276,46.42428],[75.111574,46.430756],[75.09921,46.434877],[75.084492,46.437527],[75.084492,46.443414],[75.10186,46.454011],[75.127175,46.479032],[75.146603,46.484625],[75.132768,46.49846],[75.110985,46.490807],[75.074484,46.460781],[75.058588,46.439882],[75.049463,46.41957],[75.037983,46.401909],[75.0162,46.388957],[74.995005,46.38513],[74.972045,46.386896],[74.949673,46.393666],[74.931128,46.40603],[74.910229,46.415155],[74.896394,46.403969],[74.866074,46.331556],[74.86107,46.313599],[74.859009,46.29005],[74.853416,46.267679],[74.839581,46.249134],[74.792777,46.204979],[74.785124,46.191438],[74.786301,46.17672],[74.800725,46.159353],[74.811617,46.139041],[74.801314,46.120496],[74.781297,46.105484],[74.763047,46.094592],[74.708295,46.073693],[74.691222,46.090766],[74.655898,46.082524],[74.628228,46.059563],[74.632643,46.032776],[74.560524,46.008638],[74.551104,46.013348],[74.543745,46.009227],[74.533148,45.994803],[74.521079,45.98921],[74.511365,45.992154],[74.49547,46.0054],[74.459263,46.028949],[74.443661,46.036014],[74.423939,46.038663],[74.398624,46.03572],[74.353292,46.021296],[74.331509,46.018352],[74.302367,46.020413],[74.290003,46.018352],[74.279995,46.013937],[74.258506,46.00069],[74.231425,45.988621],[74.230247,45.967722],[74.239667,45.944761],[74.249676,45.929749],[74.26616,45.909732],[74.279112,45.890304],[74.28706,45.86911],[74.290003,45.843794],[74.293241,45.834375],[74.308254,45.815241],[74.311786,45.809942],[74.313553,45.804055],[74.322089,45.79493],[74.32415,45.789042],[74.322383,45.785804],[74.318262,45.783155],[74.314141,45.7808],[74.311786,45.77874],[74.30531,45.767848],[74.296774,45.759312],[74.28706,45.753424],[74.276168,45.751658],[74.281467,45.762255],[74.27764,45.769909],[74.26822,45.774913],[74.256446,45.77874],[74.245849,45.774619],[74.237312,45.767554],[74.231719,45.759312],[74.228481,45.751658],[74.230542,45.731641],[74.239667,45.721044],[74.255268,45.72075],[74.276168,45.731641],[74.327388,45.701911],[74.339162,45.690725],[74.331509,45.683071],[74.339162,45.676301],[74.322972,45.660111],[74.299717,45.662466],[74.249676,45.683071],[74.26145,45.666881],[74.27087,45.650103],[74.27087,45.630675],[74.256446,45.608009],[74.23584,45.595351],[74.1596,45.580927],[74.12045,45.562088],[74.084537,45.539127],[74.071585,45.520877],[74.070408,45.504687],[74.079827,45.489969],[74.098078,45.477017],[74.070113,45.426386],[74.07394,45.411668],[74.089541,45.390473],[74.091308,45.374872],[74.08542,45.363392],[74.076589,45.356916],[74.072763,45.349851],[74.081005,45.337194],[74.095134,45.328363],[74.113091,45.32483],[74.131047,45.326302],[74.145765,45.333956],[74.140761,45.340432],[74.142233,45.346319],[74.148709,45.351323],[74.1596,45.354267],[74.167842,45.318649],[74.160778,45.287446],[74.14812,45.256538],[74.139583,45.223863],[74.139878,45.205024],[74.148709,45.133788],[74.17373,45.087278],[74.159306,45.073149],[74.140172,45.062552],[74.116917,45.055487],[74.087775,45.053132],[74.074823,45.050189],[74.069819,45.042829],[74.072174,45.032527],[74.081005,45.021635],[74.118978,45.036353],[74.132224,45.039003],[74.116329,45.015454],[74.111913,45.004856],[74.127809,44.998969],[74.140172,44.98484],[74.144293,44.970416],[74.136051,44.96394],[74.126043,44.966589],[74.098078,44.991021],[74.080711,44.986017],[74.001821,44.998086],[74.006531,45.007211],[74.009474,45.011038],[74.004176,45.013982],[73.993873,45.02193],[73.98828,45.024579],[73.999172,45.031938],[74.029197,45.045773],[74.035967,45.053132],[74.031552,45.060491],[73.998877,45.083746],[73.991813,45.094638],[73.988575,45.105529],[73.98828,45.131433],[73.994167,45.137615],[74.024487,45.13997],[74.035967,45.14203],[74.025664,45.145562],[74.015656,45.15145],[74.007414,45.159398],[74.001821,45.169112],[74.008003,45.177943],[74.00447,45.186479],[73.994462,45.193249],[73.98151,45.196487],[73.98151,45.202964],[73.99976,45.201492],[74.007119,45.207085],[74.003293,45.215916],[73.98828,45.223863],[73.957666,45.213855],[73.925875,45.212678],[73.896144,45.220625],[73.872301,45.237404],[73.868768,45.242703],[73.86347,45.252711],[73.858466,45.25801],[73.853756,45.260659],[73.84463,45.262425],[73.838154,45.26478],[73.824319,45.272139],[73.813134,45.281264],[73.811367,45.29245],[73.824319,45.30658],[73.801948,45.320415],[73.728357,45.354267],[73.742486,45.358388],[73.747785,45.357799],[73.756027,45.354267],[73.762503,45.361037],[73.739542,45.368102],[73.717465,45.380465],[73.697448,45.396655],[73.680375,45.415789],[73.668601,45.436394],[73.648878,45.482609],[73.635632,45.501449],[73.617087,45.514989],[73.537903,45.557084],[73.519064,45.56356],[73.471082,45.566503],[73.455187,45.572685],[73.436642,45.588286],[73.425162,45.60742],[73.429871,45.624787],[73.433698,45.632735],[73.434287,45.643921],[73.433404,45.665704],[73.437231,45.676301],[73.44665,45.67895],[73.491394,45.674829],[73.506112,45.675418],[73.513765,45.685721],[73.516709,45.724871],[73.52083,45.73223],[73.527895,45.736057],[73.539669,45.737234],[73.552327,45.74165],[73.559392,45.750186],[73.55792,45.755779],[73.543202,45.751658],[73.523185,45.76726],[73.466373,45.772264],[73.443707,45.782272],[73.424279,45.795518],[73.423101,45.8017],[73.433404,45.813475],[73.439291,45.816418],[73.468139,45.826721],[73.471377,45.831431],[73.472554,45.837318],[73.476381,45.842911],[73.487861,45.847032],[73.514943,45.819362],[73.522596,45.813475],[73.567339,45.811414],[73.57411,45.809942],[73.587356,45.822306],[73.590006,45.829665],[73.591183,45.857335],[73.593538,45.867638],[73.59972,45.873819],[73.612083,45.874997],[73.609728,45.879707],[73.606784,45.890892],[73.604724,45.895602],[73.62739,45.897368],[73.645935,45.908554],[73.652116,45.925627],[73.63887,45.943878],[73.664774,45.962717],[73.672722,45.973314],[73.663302,45.978024],[73.653588,45.981557],[73.665657,45.988621],[73.688029,45.995686],[73.707457,45.998041],[73.705691,45.993331],[73.702747,45.98244],[73.700981,45.978024],[73.729828,45.97302],[73.742781,45.972726],[73.756027,45.978024],[73.738071,45.985678],[73.735421,45.994214],[73.737776,46.004811],[73.735127,46.018352],[73.727179,46.026594],[73.714522,46.034248],[73.660653,46.058386],[73.640636,46.073104],[73.637398,46.091649],[73.65977,46.115198],[73.649761,46.117847],[73.641225,46.122263],[73.635043,46.129033],[73.632688,46.138747],[73.636809,46.141691],[73.646229,46.143163],[73.655649,46.147578],[73.668601,46.179369],[73.689206,46.188495],[73.714227,46.189083],[73.735127,46.18349],[73.739248,46.207334],[73.753672,46.224701],[73.769273,46.230883],[73.776632,46.220875],[73.783403,46.204685],[73.83109,46.162296],[73.847574,46.192321],[73.858171,46.199386],[73.879071,46.204685],[73.897616,46.20704],[73.913806,46.206745],[73.929996,46.203507],[73.973562,46.184668],[73.984748,46.184374],[74.001821,46.190261],[74.03214,46.207923],[74.045092,46.219403],[74.050391,46.231177],[74.040971,46.222935],[74.030963,46.221169],[74.005648,46.223818],[73.995934,46.227351],[73.995345,46.236182],[74.001821,46.25561],[73.997111,46.265029],[73.985631,46.263852],[73.971796,46.259436],[73.960904,46.259142],[73.954723,46.266795],[73.948835,46.288873],[73.940593,46.29947],[73.955606,46.310067],[73.972973,46.315071],[73.982393,46.322725],[73.974739,46.34127],[74.070113,46.415449],[74.101316,46.433406],[74.13399,46.441353],[74.167254,46.440176],[74.2014,46.429873],[74.218473,46.440176],[74.232897,46.456366],[74.249381,46.471673],[74.27293,46.478443],[74.299717,46.48227],[74.351231,46.497577],[74.379196,46.498754],[74.377724,46.50994],[74.390676,46.533784],[74.394208,46.550268],[74.399801,46.56322],[74.413931,46.571462],[74.499885,46.591479],[74.512543,46.597955],[74.519902,46.600016],[74.52785,46.597661],[74.534326,46.597072],[74.536975,46.604431],[74.536092,46.62798],[74.559935,46.722177],[74.571121,46.738956],[74.587606,46.748081],[74.59732,46.746903],[74.606739,46.742194],[74.622341,46.738956],[74.637942,46.743077],[74.633232,46.752791],[74.611449,46.772513],[74.763047,46.779872],[74.80779,46.772513],[74.849001,46.772513],[74.86107,46.778695],[74.875199,46.809014],[74.886385,46.821083],[74.928185,46.804599],[74.947024,46.80401],[74.964686,46.830503],[74.983231,46.834918],[74.998244,46.827853],[74.995594,46.806659],[74.987058,46.800772],[74.976166,46.798123],[74.969985,46.793119],[74.975283,46.779872],[74.986175,46.771924],[74.998832,46.772219],[75.010607,46.776928],[75.019438,46.78311],[75.033567,46.7993],[75.041221,46.804599],[75.069774,46.81078],[75.069774,46.820494],[75.064181,46.831975],[75.064475,46.840806],[75.084787,46.849931],[75.093029,46.831975],[75.098033,46.806365],[75.108924,46.793707],[75.12276,46.788703],[75.180455,46.758972],[75.246392,46.741899],[75.266704,46.728064],[75.285837,46.721294],[75.312624,46.723354],[75.35884,46.731596],[75.489537,46.734246],[75.589621,46.763682],[75.609049,46.765743],[75.628477,46.770158],[75.669982,46.789292],[75.684701,46.793707],[75.692943,46.79253],[75.707072,46.787231],[75.712077,46.786348],[75.722379,46.788114],[75.740041,46.79724],[75.749755,46.800478],[75.769772,46.799889],[75.804801,46.788997],[75.821874,46.786348],[75.854254,46.798123],[75.888401,46.821083],[75.924607,46.835213],[75.961992,46.821083],[75.93962,46.810192],[75.946096,46.796945],[75.957282,46.783405],[75.94904,46.772513],[75.94904,46.765743],[75.970234,46.766626],[75.987896,46.769275],[76.003203,46.77369],[76.017332,46.779872],[76.028518,46.787526],[76.035583,46.794002],[76.043825,46.798711],[76.058249,46.800478],[76.069435,46.786054],[76.076499,46.781344],[76.079443,46.789881],[76.100637,46.803716],[76.148619,46.801949],[76.22898,46.786348],[76.328769,46.744548],[76.362916,46.738956],[76.371452,46.730419],[76.374101,46.710697],[76.372924,46.673312],[76.378517,46.658888],[76.390291,46.646231],[76.402066,46.644759],[76.40707,46.662715],[76.490375,46.629158],[76.510392,46.615323],[76.5204,46.613556],[76.524522,46.625331],[76.524522,46.63946],[76.525993,46.646231],[76.530114,46.650352],[76.538062,46.655945],[76.548071,46.660949],[76.597229,46.675667],[76.609593,46.675079],[76.660518,46.665953],[76.682006,46.665953],[76.701729,46.671252],[76.722334,46.683909],[76.728221,46.675373],[76.729988,46.665659],[76.726455,46.656239],[76.715564,46.649469],[76.729988,46.631513],[76.757364,46.617972],[76.850677,46.591479],[76.907489,46.56793],[76.935454,46.560276],[76.909844,46.585297],[76.868339,46.617972],[76.832721,46.652707],[76.825362,46.683909],[76.84008,46.690974],[76.861568,46.681849],[76.911316,46.640638],[76.920441,46.636811],[76.932216,46.635339],[76.94399,46.635928],[76.969306,46.64211],[77.019348,46.64682],[77.062619,46.635634],[77.100886,46.610613],[77.133855,46.573817],[77.135621,46.566164],[77.132678,46.559982],[77.13415,46.554095],[77.148279,46.547324],[77.159759,46.546736],[77.227757,46.55851],[77.240415,46.571168],[77.250423,46.586769],[77.26367,46.601193],[77.283392,46.61179],[77.306941,46.617972],[77.389069,46.623565],[77.462954,46.64211],[77.619262,46.631807],[77.647815,46.64211],[77.628093,46.64682],[77.614552,46.656534],[77.614258,46.665953],[77.634863,46.670074],[77.642222,46.668014],[77.660178,46.6583],[77.669009,46.655945],[77.678429,46.657417],[77.709926,46.670074],[77.729943,46.655356],[77.767032,46.648586],[77.839152,46.649469],[77.87683,46.658005],[77.893609,46.657711],[77.958958,46.627097],[78.038436,46.601193],[78.058453,46.597072],[78.072288,46.598249],[78.118503,46.611201],[78.134399,46.61179],[78.149117,46.606786],[78.162364,46.594423],[78.18238,46.560276],[78.19651,46.551151],[78.217115,46.560276],[78.231833,46.545264],[78.244197,46.499049],[78.258032,46.478443],[78.267452,46.472556],[78.29836,46.459604],[78.309546,46.457249],[78.326619,46.461665],[78.331034,46.47285],[78.326619,46.502581],[78.332506,46.509057],[78.359293,46.522892],[78.367241,46.532901],[78.365475,46.544086],[78.349873,46.567341],[78.346047,46.57735],[78.347813,46.63269],[78.3537,46.66301],[78.367241,46.683909],[78.380487,46.670957],[78.387846,46.653001],[78.388141,46.632984],[78.380193,46.615028],[78.402565,46.604137],[78.410807,46.617972],[78.413456,46.641227],[78.418755,46.659183],[78.42788,46.667425],[78.4373,46.672724],[78.447602,46.675373],[78.459671,46.676256],[78.464087,46.67184],[78.455256,46.660949],[78.435533,46.64211],[78.436417,46.632984],[78.441421,46.620032],[78.448485,46.607669],[78.456139,46.601193],[78.461437,46.60502],[78.475273,46.624448],[78.480571,46.629158],[78.488519,46.633868],[78.49058,46.644759],[78.49058,46.657122],[78.493818,46.666542],[78.510891,46.681849],[78.531496,46.69745],[78.573296,46.717173],[78.580949,46.72777],[78.58507,46.738956],[78.590958,46.748375],[78.60391,46.751908],[78.627459,46.748964],[78.68957,46.731596],[78.703699,46.732185],[78.730486,46.738367],[78.744027,46.738956],[78.755213,46.73454],[78.771992,46.720411],[78.782589,46.717173],[78.792891,46.708342],[78.807021,46.686853],[78.817912,46.662126],[78.819679,46.64211],[78.815852,46.638577],[78.808493,46.634751],[78.792597,46.629158],[78.792597,46.621799],[78.923,46.630041],[78.93242,46.635928],[78.919174,46.652707],[78.903278,46.660949],[78.864128,46.670074],[78.847643,46.676256],[78.798484,46.730419],[78.768459,46.747492],[78.769048,46.766331],[78.779645,46.785171],[78.795835,46.793707],[78.819973,46.796062],[78.866188,46.805776],[78.887971,46.806659],[78.924178,46.793119],[78.954203,46.769864],[78.987172,46.749553],[79.031915,46.745137],[79.0275,46.753674],[79.026617,46.763093],[79.026617,46.77369],[79.025145,46.786348],[79.016608,46.804893],[79.018669,46.811958],[79.031915,46.821083],[79.049577,46.821672],[79.118753,46.816079],[79.138475,46.809897],[79.169383,46.786348],[79.179686,46.77634],[79.191166,46.757206],[79.197937,46.74867],[79.225607,46.736012],[79.237676,46.713935],[79.258576,46.662715],[79.240031,46.622976],[79.222074,46.604137],[79.199997,46.611201],[79.183218,46.612673],[79.093437,46.601193],[79.079013,46.596483],[79.075481,46.593834],[79.075775,46.587947],[79.068122,46.554978],[79.065473,46.494928],[79.061352,46.479621],[79.052521,46.464019],[79.025733,46.4337]]]}},{"type":"Feature","properties":{"name":"Lake Baikal","name_zh":"贝加尔湖"},"geometry":{"type":"Polygon","coordinates":[[[109.944564,55.688214],[109.961048,55.672612],[109.958988,55.667019],[109.945447,55.66231],[109.927785,55.650241],[109.917482,55.635228],[109.910712,55.621099],[109.901292,55.608735],[109.883336,55.598727],[109.873033,55.59284],[109.854783,55.577533],[109.838298,55.558988],[109.827996,55.54427],[109.838887,55.543975],[109.868324,55.540443],[109.875977,55.537205],[109.876566,55.528668],[109.87009,55.521309],[109.861553,55.515128],[109.85596,55.50924],[109.853311,55.489224],[109.863319,55.480981],[109.88157,55.476566],[109.903942,55.468324],[109.868324,55.458904],[109.849779,55.450367],[109.841537,55.438004],[109.840653,55.423875],[109.837415,55.408273],[109.821225,55.358526],[109.816221,55.353227],[109.803269,55.346751],[109.800914,55.342041],[109.796499,55.324968],[109.777659,55.305835],[109.773538,55.293766],[109.778543,55.286701],[109.790317,55.279342],[109.801797,55.269922],[109.807685,55.256087],[109.804447,55.237837],[109.795321,55.227534],[109.769712,55.211638],[109.737626,55.179258],[109.731739,55.167778],[109.731444,55.152765],[109.73792,55.145112],[109.748517,55.138047],[109.759703,55.125684],[109.747046,55.107139],[109.755877,55.087711],[109.771772,55.069166],[109.780309,55.054448],[109.77295,55.035903],[109.734977,55.012942],[109.718198,54.995575],[109.714077,54.972615],[109.724968,54.931109],[109.715254,54.910504],[109.677281,54.889604],[109.674926,54.883717],[109.670511,54.881067],[109.665801,54.879007],[109.663446,54.876063],[109.665507,54.86841],[109.670217,54.863994],[109.674926,54.861051],[109.677281,54.85899],[109.68258,54.84957],[109.688467,54.845449],[109.690233,54.841328],[109.684052,54.831614],[109.674926,54.826021],[109.649317,54.820428],[109.639308,54.814541],[109.630772,54.795702],[109.634893,54.77804],[109.644018,54.760672],[109.649905,54.742127],[109.638425,54.699445],[109.60369,54.675895],[109.561596,54.657939],[109.527156,54.632918],[109.522151,54.625265],[109.512732,54.605542],[109.51803,54.596123],[109.520091,54.586409],[109.520091,54.564626],[109.521268,54.559916],[109.526273,54.549613],[109.527156,54.542843],[109.524506,54.537544],[109.514792,54.527536],[109.510377,54.508697],[109.501252,54.489563],[109.498897,54.478672],[109.50184,54.47249],[109.507433,54.463659],[109.512437,54.452767],[109.512732,54.440993],[109.501546,54.420387],[109.488005,54.406258],[109.482707,54.391245],[109.510671,54.347385],[109.50655,54.336199],[109.493009,54.32678],[109.478586,54.310295],[109.476819,54.287924],[109.489183,54.271145],[109.505078,54.255544],[109.520091,54.222869],[109.552471,54.184013],[109.561302,54.16694],[109.561007,54.153399],[109.556886,54.143685],[109.540696,54.12514],[109.53687,54.123374],[109.523918,54.120136],[109.520091,54.11837],[109.517442,54.113366],[109.513026,54.099825],[109.50449,54.086578],[109.494776,54.063029],[109.493009,54.05361],[109.489477,54.042424],[109.481235,54.033887],[109.471815,54.027706],[109.440318,54.001507],[109.260462,53.88906],[109.245155,53.868455],[109.235735,53.844022],[109.193935,53.807227],[109.184221,53.786621],[109.188343,53.776613],[109.206593,53.758657],[109.211303,53.749237],[109.207771,53.739229],[109.190992,53.708615],[109.184221,53.700667],[109.21042,53.671231],[109.208065,53.666521],[109.197468,53.663283],[109.186871,53.655041],[109.170092,53.639145],[109.167148,53.633258],[109.168326,53.628842],[109.166854,53.626487],[109.156551,53.625604],[109.150664,53.624427],[109.136534,53.619128],[109.125643,53.618245],[109.046753,53.625604],[108.989352,53.639145],[108.984937,53.643266],[108.99524,53.652097],[109.042044,53.679179],[109.049991,53.688893],[109.056467,53.71774],[109.063826,53.724805],[109.072657,53.730692],[109.0809,53.741584],[109.018789,53.765722],[109.022616,53.769548],[109.03233,53.774847],[109.036451,53.786033],[109.044693,53.795452],[109.067064,53.796335],[109.067064,53.803695],[109.062649,53.811054],[109.065004,53.813997],[109.074424,53.817235],[109.060294,53.835192],[109.051758,53.85197],[109.040866,53.864922],[109.019377,53.871987],[109.005837,53.87081],[108.965214,53.857563],[108.918705,53.859329],[108.906636,53.85462],[108.808318,53.789859],[108.711473,53.692719],[108.698226,53.660045],[108.683508,53.640028],[108.649362,53.60441],[108.596376,53.571147],[108.58784,53.559667],[108.581364,53.544654],[108.564879,53.532585],[108.526023,53.516395],[108.55075,53.504621],[108.597259,53.521399],[108.677326,53.562905],[108.794483,53.579683],[108.855417,53.598228],[108.896628,53.594402],[108.929008,53.573502],[108.97905,53.508742],[108.992296,53.478717],[109.001716,53.434562],[108.998183,53.393057],[108.979344,53.369802],[108.97905,53.364798],[108.929302,53.348019],[108.787124,53.282964],[108.736494,53.273545],[108.709118,53.276194],[108.697049,53.292973],[108.683508,53.305042],[108.653777,53.300626],[108.607856,53.282964],[108.39768,53.150795],[108.379136,53.145791],[108.375603,53.143436],[108.332332,53.121653],[108.304661,53.117532],[108.29377,53.111056],[108.286411,53.104874],[108.294653,53.085152],[108.299363,53.077498],[108.306722,53.070139],[108.317319,53.065724],[108.328799,53.064252],[108.33763,53.059836],[108.341457,53.04659],[108.333215,53.030106],[108.31467,53.010678],[108.279935,52.98183],[108.243728,52.965346],[108.225772,52.953571],[108.218118,52.936792],[108.207227,52.924135],[108.042972,52.857608],[108.019717,52.852604],[108.005587,52.839652],[107.984688,52.803151],[107.968498,52.790199],[107.926109,52.777541],[107.885193,52.751048],[107.862526,52.741334],[107.813368,52.727499],[107.808069,52.72485],[107.798944,52.717197],[107.792762,52.713664],[107.786286,52.712487],[107.772745,52.712192],[107.753906,52.706599],[107.722409,52.701595],[107.554327,52.705422],[107.530484,52.701007],[107.434227,52.672159],[107.410383,52.661267],[107.395076,52.652436],[107.361224,52.626238],[107.31913,52.607987],[107.129854,52.557062],[106.955002,52.488476],[106.914085,52.464338],[106.887887,52.432546],[106.854918,52.358661],[106.828131,52.330991],[106.785448,52.316567],[106.739822,52.321277],[106.66211,52.362488],[106.620899,52.378089],[106.594111,52.378089],[106.566441,52.385448],[106.552312,52.38692],[106.486374,52.382505],[106.38894,52.346592],[106.374516,52.344532],[106.347729,52.346003],[106.336248,52.343649],[106.322708,52.33364],[106.264718,52.27565],[106.257653,52.270352],[106.251177,52.267114],[106.246762,52.261521],[106.244113,52.248275],[106.246173,52.24121],[106.255593,52.22237],[106.263541,52.186458],[106.287384,52.157905],[106.292094,52.138477],[106.287384,52.124347],[106.277081,52.110806],[106.263835,52.099032],[106.250294,52.089907],[106.236753,52.097266],[106.236165,52.09285],[106.234693,52.089907],[106.232632,52.087552],[106.230572,52.083725],[106.233515,52.074894],[106.229983,52.064886],[106.221446,52.05576],[106.210555,52.04899],[106.181413,52.017493],[106.1664,51.996888],[106.172582,51.987468],[106.183473,51.983347],[106.190833,51.973633],[106.195542,51.961269],[106.197014,51.950084],[106.193188,51.943019],[106.184062,51.938898],[106.162279,51.933011],[106.114004,51.906812],[106.091043,51.888562],[106.090454,51.88444],[106.08545,51.880319],[106.075147,51.86148],[106.069849,51.857065],[106.060724,51.85471],[106.040118,51.842346],[106.011859,51.820858],[105.932381,51.737553],[105.918546,51.729899],[105.90265,51.729605],[105.873802,51.733726],[105.847604,51.727839],[105.801683,51.710177],[105.748403,51.70429],[105.4352,51.614509],[105.01632,51.545627],[104.963334,51.542684],[104.941551,51.538268],[104.806438,51.478218],[104.787893,51.473508],[104.708415,51.47498],[104.628053,51.487049],[104.522377,51.480573],[104.417583,51.495585],[104.308963,51.499707],[104.257449,51.508243],[104.187685,51.532087],[104.138526,51.538268],[104.07877,51.562995],[103.993993,51.574769],[103.951605,51.601262],[103.926878,51.606561],[103.873893,51.610682],[103.853581,51.616863],[103.809721,51.638058],[103.794709,51.64836],[103.775281,51.656897],[103.722884,51.672498],[103.708754,51.685745],[103.727299,51.719302],[103.790588,51.731665],[103.913926,51.733726],[103.994876,51.752271],[104.111444,51.758158],[104.246558,51.782002],[104.5995,51.788183],[104.622461,51.784651],[104.633058,51.784651],[104.647187,51.788183],[104.658079,51.794954],[104.679567,51.812616],[104.69193,51.816148],[104.705177,51.823801],[104.733436,51.858831],[104.750215,51.870311],[104.811442,51.877081],[104.937136,51.864129],[104.997186,51.870311],[105.086673,51.901808],[105.186462,51.909756],[105.220903,51.917704],[105.250634,51.933011],[105.26859,51.953027],[105.285957,51.977754],[105.307446,51.998948],[105.336294,52.008073],[105.353072,52.011311],[105.386335,52.025441],[105.401348,52.028385],[105.419304,52.029856],[105.440793,52.034272],[105.4561,52.040453],[105.455805,52.04899],[105.478177,52.056938],[105.519388,52.084314],[105.54176,52.089907],[105.554417,52.0955],[105.607403,52.130823],[105.614468,52.139065],[105.626831,52.157316],[105.634779,52.165853],[105.672163,52.196761],[105.707192,52.251513],[105.723382,52.267997],[105.748992,52.282421],[105.757529,52.289191],[105.788437,52.326281],[105.804921,52.339822],[105.839656,52.36131],[105.87704,52.412824],[105.907654,52.444321],[105.943861,52.471991],[105.9836,52.494657],[106.340958,52.617996],[106.408662,52.631831],[106.470184,52.667155],[106.487552,52.672748],[106.498737,52.678635],[106.564381,52.723378],[106.572623,52.726322],[106.580276,52.730443],[106.586752,52.74104],[106.58793,52.748694],[106.585281,52.755464],[106.573212,52.775186],[106.607063,52.781662],[106.651218,52.81522],[106.683009,52.830527],[106.729813,52.843479],[106.744532,52.850838],[106.761605,52.862318],[106.768669,52.871149],[106.778678,52.899408],[106.796045,52.924429],[106.819889,52.943857],[106.891125,52.981241],[106.903194,52.984479],[106.909375,52.989189],[106.909081,53.001258],[106.90025,53.01421],[106.870519,53.030694],[106.8611,53.042763],[106.776617,53.018625],[106.744532,53.015387],[106.744532,53.022158],[106.783093,53.041586],[106.803404,53.055421],[106.812235,53.066901],[106.817239,53.077498],[106.829014,53.087212],[106.843144,53.094571],[106.869636,53.100753],[106.876407,53.10929],[106.880822,53.120475],[106.887887,53.131956],[106.908787,53.145791],[106.955002,53.158154],[106.973841,53.169929],[107.015935,53.215555],[107.031831,53.228213],[107.109249,53.254117],[107.133092,53.277666],[107.444529,53.39865],[107.460425,53.409541],[107.481031,53.420138],[107.528423,53.432207],[107.547262,53.447514],[107.553444,53.459289],[107.552561,53.464881],[107.549029,53.468414],[107.547262,53.474595],[107.547262,53.510802],[107.550206,53.516395],[107.565513,53.525226],[107.60172,53.584688],[107.652645,53.642677],[107.670307,53.654158],[107.972913,53.793981],[107.984688,53.806933],[107.997051,53.816647],[108.07388,53.837841],[108.13864,53.885233],[108.181912,53.899952],[108.198985,53.917908],[108.210759,53.940574],[108.226655,53.987083],[108.231659,53.995326],[108.24049,54.003273],[108.260212,54.012693],[108.269338,54.019463],[108.274048,54.027706],[108.27758,54.037714],[108.28229,54.046545],[108.289943,54.050077],[108.290238,54.056259],[108.306722,54.090994],[108.305839,54.102474],[108.299952,54.122197],[108.299952,54.132499],[108.304073,54.140153],[108.317319,54.15546],[108.320557,54.163113],[108.32615,54.167823],[108.339691,54.171061],[108.3653,54.17371],[108.375603,54.17636],[108.383551,54.183424],[108.447134,54.25937],[108.453021,54.268496],[108.461557,54.286157],[108.467445,54.293811],[108.476864,54.298815],[108.498059,54.305291],[108.505418,54.310295],[108.50895,54.319126],[108.510128,54.341792],[108.512188,54.351801],[108.531027,54.383886],[108.536032,54.413028],[108.542802,54.432751],[108.560169,54.468369],[108.586662,54.498394],[108.658487,54.539899],[108.690867,54.564626],[108.817444,54.708276],[108.82127,54.714752],[108.823625,54.725054],[108.825097,54.746543],[108.827452,54.756551],[108.832751,54.761261],[108.850707,54.772741],[108.855417,54.776862],[108.857183,54.787754],[108.854534,54.79423],[108.850707,54.801589],[108.848646,54.814541],[108.856594,54.830142],[108.875728,54.841622],[108.897216,54.851925],[108.913406,54.862522],[108.921649,54.877535],[108.926947,54.894019],[108.936956,54.909621],[108.957855,54.920218],[108.946375,54.934053],[108.913995,54.947594],[108.903398,54.961134],[108.934306,54.969965],[108.964626,54.983212],[108.992296,54.99999],[109.030563,55.031193],[109.047342,55.038552],[109.065593,55.042673],[109.084432,55.043851],[109.102683,55.049738],[109.106509,55.063279],[109.101211,55.088888],[109.112691,55.115675],[109.166854,55.162774],[109.184221,55.188383],[109.190697,55.219586],[109.195702,55.274926],[109.204827,55.303774],[109.19423,55.323497],[109.199823,55.343219],[109.211009,55.363824],[109.218368,55.38649],[109.211892,55.402092],[109.197468,55.422992],[109.188343,55.442714],[109.197468,55.455372],[109.197468,55.462142],[109.190403,55.46332],[109.17804,55.467441],[109.170092,55.468324],[109.175685,55.481864],[109.191286,55.49776],[109.197468,55.50924],[109.197468,55.542209],[109.201295,55.558105],[109.221311,55.568113],[109.246332,55.585775],[109.25899,55.591957],[109.311387,55.601965],[109.350832,55.624631],[109.363489,55.634934],[109.368788,55.650241],[109.374381,55.658777],[109.417358,55.674379],[109.441496,55.690863],[109.486239,55.72913],[109.519502,55.753857],[109.559241,55.766515],[109.603102,55.770636],[109.696121,55.764748],[109.803858,55.739727],[109.821225,55.742671],[109.776776,55.762393],[109.723202,55.776229],[109.667273,55.783588],[109.615759,55.782999],[109.615759,55.790358],[109.796499,55.782116],[109.814455,55.776817],[109.807685,55.770047],[109.830351,55.76622],[109.847424,55.760333],[109.858315,55.748558],[109.862142,55.725892],[109.873328,55.718533],[109.944564,55.688214]],[[107.786581,53.387169],[107.782754,53.410424],[107.738305,53.398944],[107.721526,53.388052],[107.674428,53.330063],[107.648818,53.309752],[107.513116,53.27796],[107.491628,53.265303],[107.468373,53.244991],[107.364462,53.217321],[107.329727,53.197893],[107.25908,53.186707],[107.240829,53.180231],[107.196969,53.151972],[107.162234,53.161686],[107.125733,53.149323],[107.088643,53.130189],[107.053025,53.118415],[107.010048,53.117532],[106.990914,53.113411],[106.973841,53.101047],[106.963538,53.091628],[106.950292,53.082797],[106.936163,53.075438],[106.922033,53.070139],[106.929687,53.068373],[106.938223,53.067784],[106.957357,53.070139],[106.957357,53.063958],[106.947643,53.061603],[106.939695,53.057187],[106.933513,53.051005],[106.929392,53.042763],[106.949409,53.048062],[106.970603,53.050122],[106.970603,53.042763],[106.960889,53.03982],[106.952353,53.035404],[106.94411,53.029517],[106.936163,53.022158],[106.96766,53.010678],[107.017407,53.018037],[107.107777,53.042763],[107.391838,53.077498],[107.412444,53.087507],[107.428634,53.102519],[107.491628,53.145791],[107.551972,53.171106],[107.570517,53.183175],[107.58759,53.197599],[107.606135,53.209962],[107.626152,53.220265],[107.648818,53.228213],[107.738305,53.237927],[107.752434,53.244991],[107.755378,53.255589],[107.768919,53.272662],[107.77304,53.282964],[107.773334,53.293856],[107.770979,53.300921],[107.767741,53.307691],[107.765386,53.317111],[107.786581,53.387169]]]}},{"type":"Feature","properties":{"name":"Hongze Hu","name_zh":"洪泽湖"},"geometry":{"type":"Polygon","coordinates":[[[118.652149,33.190552],[118.614176,33.172596],[118.603579,33.177895],[118.593276,33.185548],[118.578558,33.183782],[118.573848,33.1776],[118.558247,33.152874],[118.55913,33.142571],[118.564429,33.127558],[118.565312,33.118727],[118.562662,33.10813],[118.556775,33.101949],[118.549416,33.09665],[118.544412,33.087525],[118.545001,33.078399],[118.548827,33.069274],[118.550299,33.058971],[118.544412,33.046608],[118.52469,33.056617],[118.513798,33.044842],[118.499963,33.009224],[118.481124,32.98538],[118.469643,32.979493],[118.426078,32.975666],[118.409593,32.970957],[118.333647,32.937988],[118.319223,32.93681],[118.323344,32.953],[118.315397,32.955944],[118.294791,32.950351],[118.291259,32.947113],[118.290376,32.940048],[118.288315,32.932984],[118.280956,32.93004],[118.27448,32.931806],[118.270065,32.93475],[118.266238,32.936516],[118.260645,32.933278],[118.255935,32.922386],[118.253286,32.89089],[118.250048,32.882059],[118.237979,32.879409],[118.229442,32.887063],[118.224732,32.899132],[118.222966,32.909434],[118.206188,32.900898],[118.190881,32.871167],[118.174691,32.861747],[118.173513,32.877643],[118.168803,32.887652],[118.16321,32.895894],[118.160855,32.906196],[118.167626,32.917971],[118.180872,32.92533],[118.191175,32.934161],[118.18882,32.950351],[118.200006,32.949468],[118.210603,32.950057],[118.220611,32.952706],[118.229148,32.95771],[118.204716,32.971545],[118.150847,33.022765],[118.134951,33.029535],[118.129064,33.017172],[118.126709,32.985086],[118.116112,32.97184],[118.104926,32.968602],[118.093446,32.967424],[118.081966,32.960948],[118.05459,32.926508],[118.041638,32.917382],[118.014851,32.904725],[118.003076,32.895894],[117.992774,32.871756],[117.985709,32.860276],[117.982765,32.864985],[117.98041,32.877054],[117.976584,32.886768],[117.9757,32.895305],[117.982765,32.903253],[117.975406,32.895894],[117.990419,32.91856],[118.051058,32.970957],[118.069603,32.993623],[118.083732,33.017172],[118.100216,33.0366],[118.126709,33.046608],[118.17263,33.034245],[118.242689,32.972428],[118.291259,32.970957],[118.291259,32.977727],[118.255052,32.988618],[118.230914,33.026297],[118.21649,33.073984],[118.205304,33.139922],[118.198534,33.15464],[118.18411,33.16141],[118.157617,33.163176],[118.135246,33.16141],[118.11729,33.156112],[118.085204,33.142276],[118.062243,33.1358],[118.042521,33.134329],[117.923598,33.140805],[117.907408,33.136095],[117.902992,33.121082],[117.907408,33.050435],[117.896811,33.038072],[117.871496,33.028063],[117.84412,33.021293],[117.826163,33.019232],[117.807324,33.023648],[117.78613,33.033656],[117.767585,33.046608],[117.757282,33.060149],[117.837644,33.045431],[117.877088,33.050435],[117.893867,33.087525],[117.89004,33.104598],[117.882093,33.125792],[117.877972,33.147575],[117.884153,33.166709],[117.902109,33.184076],[117.92036,33.193201],[117.940671,33.196734],[117.965692,33.197323],[117.988358,33.195262],[118.031041,33.185254],[118.051058,33.183782],[118.071369,33.190847],[118.100216,33.218222],[118.116406,33.22411],[118.154379,33.227936],[118.173219,33.226759],[118.195002,33.217928],[118.210603,33.206154],[118.21914,33.194379],[118.236507,33.163176],[118.228559,33.11755],[118.237685,33.064859],[118.260056,33.018349],[118.291259,32.991268],[118.315691,32.983909],[118.343067,32.979493],[118.369854,32.979199],[118.394286,32.985086],[118.415186,33.000099],[118.43903,33.039838],[118.456397,33.060149],[118.43432,33.044548],[118.403117,33.031301],[118.368971,33.025708],[118.338946,33.032479],[118.356902,33.045431],[118.382806,33.058971],[118.410182,33.069569],[118.456986,33.081343],[118.472293,33.095767],[118.469643,33.10607],[118.442562,33.10136],[118.485245,33.137567],[118.490543,33.149636],[118.48289,33.16612],[118.467583,33.171713],[118.43167,33.170241],[118.427255,33.167886],[118.421073,33.162882],[118.413714,33.158172],[118.404883,33.155817],[118.393697,33.1567],[118.313925,33.178778],[118.287138,33.195262],[118.248576,33.201149],[118.23268,33.20792],[118.222378,33.224404],[118.223555,33.242655],[118.228265,33.2612],[118.229148,33.280039],[118.225321,33.288281],[118.213252,33.304765],[118.209131,33.313596],[118.207954,33.322722],[118.209131,33.352158],[118.205599,33.372469],[118.199123,33.389248],[118.197945,33.405144],[118.209131,33.423394],[118.210014,33.394547],[118.231208,33.348331],[118.241511,33.291225],[118.255052,33.269147],[118.276541,33.253252],[118.3048,33.238534],[118.320401,33.265615],[118.330704,33.275918],[118.36014,33.285337],[118.380451,33.308298],[118.397819,33.313596],[118.409004,33.327432],[118.396641,33.389542],[118.411654,33.403377],[118.426078,33.401317],[118.436086,33.396901],[118.445506,33.394252],[118.456397,33.396607],[118.4667,33.407793],[118.470527,33.422217],[118.472293,33.435758],[118.476708,33.444588],[118.488777,33.445766],[118.494664,33.433991],[118.496725,33.403377],[118.492604,33.390425],[118.487305,33.380123],[118.489955,33.373058],[118.510266,33.368937],[118.518214,33.385127],[118.537347,33.391603],[118.556775,33.387776],[118.575026,33.357751],[118.595926,33.350981],[118.618886,33.353924],[118.633899,33.368937],[118.615354,33.370409],[118.603873,33.380417],[118.595337,33.393369],[118.585917,33.403377],[118.579736,33.406027],[118.542057,33.412503],[118.539996,33.419273],[118.542351,33.427515],[118.54088,33.433991],[118.518214,33.458129],[118.496725,33.48786],[118.479652,33.520829],[118.469938,33.553798],[118.461696,33.618852],[118.46199,33.630332],[118.469055,33.639457],[118.548239,33.650055],[118.558541,33.652704],[118.562074,33.657414],[118.564723,33.658297],[118.572377,33.650055],[118.575026,33.64299],[118.575026,33.62886],[118.578558,33.622679],[118.56384,33.606783],[118.558247,33.602073],[118.576792,33.603545],[118.583268,33.596186],[118.582385,33.583234],[118.578558,33.567338],[118.606817,33.577935],[118.615648,33.563217],[118.612999,33.537019],[118.606523,33.512881],[118.622124,33.507877],[118.619475,33.49463],[118.610055,33.474908],[118.606523,33.451359],[118.613293,33.451359],[118.618003,33.474025],[118.633016,33.477557],[118.668045,33.4649],[118.781669,33.44606],[118.793738,33.43929],[118.811989,33.409853],[118.819937,33.399551],[118.82759,33.393369],[118.845841,33.382478],[118.867035,33.373352],[118.876749,33.367465],[118.88087,33.358928],[118.874983,33.345976],[118.861442,33.328609],[118.846135,33.313302],[118.836127,33.306826],[118.830828,33.296523],[118.821114,33.249131],[118.815816,33.235001],[118.78844,33.214984],[118.784613,33.20792],[118.78373,33.199383],[118.778137,33.174362],[118.774605,33.166709],[118.75812,33.148458],[118.744285,33.129619],[118.738104,33.109602],[118.743696,33.087525],[118.72368,33.083992],[118.701014,33.084581],[118.685707,33.079871],[118.688356,33.060149],[118.668045,33.076633],[118.660686,33.105775],[118.669222,33.132562],[118.695715,33.142276],[118.695715,33.149636],[118.668634,33.180838],[118.652149,33.190552]]]}},{"type":"Feature","properties":{"name":"Khövsgöl Nuur","name_zh":"库苏古尔湖"},"geometry":{"type":"Polygon","coordinates":[[[100.784835,51.432297],[100.796021,51.41228],[100.795138,51.389614],[100.780714,51.343105],[100.788957,51.316318],[100.769234,51.302483],[100.772178,51.292769],[100.777771,51.283349],[100.778948,51.272457],[100.776004,51.254501],[100.767468,51.238017],[100.740092,51.205342],[100.734499,51.189447],[100.728317,51.163248],[100.715954,51.145587],[100.708301,51.128219],[100.713894,51.103787],[100.723902,51.082887],[100.730672,51.074645],[100.741858,51.069052],[100.722136,51.056394],[100.700647,51.048741],[100.682397,51.039321],[100.672388,51.02107],[100.692699,51.016066],[100.702119,51.011062],[100.710361,51.004292],[100.711539,50.995755],[100.691816,50.978976],[100.686518,50.969557],[100.682397,50.95631],[100.671505,50.937177],[100.657081,50.919515],[100.642069,50.911861],[100.624407,50.907152],[100.570538,50.870356],[100.559941,50.865941],[100.53757,50.860348],[100.528739,50.856521],[100.519319,50.850339],[100.51196,50.844452],[100.506367,50.837387],[100.502246,50.829439],[100.495475,50.810894],[100.494004,50.800003],[100.498419,50.795293],[100.504601,50.796176],[100.51402,50.800886],[100.519025,50.802064],[100.524029,50.800003],[100.52815,50.795293],[100.529033,50.790583],[100.517258,50.784107],[100.510194,50.765268],[100.498419,50.761147],[100.48635,50.759675],[100.472515,50.755848],[100.459563,50.750255],[100.450438,50.743779],[100.439841,50.733477],[100.441018,50.731416],[100.440135,50.72023],[100.441607,50.695798],[100.440135,50.685201],[100.422473,50.648994],[100.423062,50.632215],[100.446905,50.630155],[100.445728,50.646051],[100.460446,50.650466],[100.480463,50.646639],[100.494887,50.637514],[100.496947,50.626034],[100.482818,50.61161],[100.488411,50.603368],[100.481052,50.593065],[100.471043,50.58865],[100.459269,50.589827],[100.446905,50.596597],[100.43307,50.589238],[100.43307,50.583057],[100.463684,50.571871],[100.474281,50.569222],[100.474281,50.562451],[100.462212,50.557741],[100.449849,50.555681],[100.422768,50.555092],[100.41688,50.550677],[100.409521,50.541257],[100.400101,50.531837],[100.388621,50.527716],[100.322095,50.542729],[100.296191,50.541846],[100.286183,50.537136],[100.274702,50.529482],[100.262928,50.525656],[100.24085,50.536841],[100.228487,50.53537],[100.218479,50.528599],[100.211414,50.50976],[100.197579,50.488271],[100.193164,50.47944],[100.196107,50.469138],[100.196696,50.460896],[100.193164,50.452653],[100.177857,50.465605],[100.166965,50.489154],[100.160783,50.515059],[100.159017,50.534487],[100.165199,50.561862],[100.178151,50.575403],[100.193752,50.585706],[100.206704,50.603368],[100.196402,50.613082],[100.196107,50.623679],[100.202878,50.63457],[100.214358,50.644284],[100.230842,50.652821],[100.244677,50.65812],[100.245855,50.660769],[100.257041,50.674015],[100.262045,50.678431],[100.254686,50.683435],[100.24085,50.699036],[100.249976,50.712871],[100.249093,50.730533],[100.24085,50.764091],[100.24085,50.849751],[100.247032,50.894494],[100.296191,51.014889],[100.305316,51.049918],[100.309732,51.086419],[100.315619,51.106142],[100.327394,51.120566],[100.335341,51.135578],[100.330337,51.158244],[100.285005,51.230658],[100.266755,51.268925],[100.262045,51.309253],[100.266755,51.328387],[100.276763,51.342516],[100.291481,51.35017],[100.309732,51.35017],[100.310026,51.34752],[100.312381,51.341339],[100.316796,51.334274],[100.323567,51.329564],[100.405106,51.346637],[100.431893,51.366654],[100.451026,51.393735],[100.467511,51.425232],[100.458386,51.4426],[100.44926,51.449665],[100.437191,51.449959],[100.418941,51.445544],[100.385089,51.433769],[100.366544,51.432003],[100.358302,51.4426],[100.360362,51.456141],[100.366544,51.46821],[100.376258,51.477041],[100.388621,51.480279],[100.400985,51.485283],[100.412759,51.496763],[100.431598,51.520312],[100.49106,51.536502],[100.505484,51.545922],[100.511371,51.556519],[100.510782,51.56535],[100.508133,51.573886],[100.508427,51.582717],[100.514609,51.590959],[100.522851,51.596258],[100.527267,51.601851],[100.522851,51.610682],[100.549638,51.619807],[100.570538,51.611565],[100.590555,51.59773],[100.615282,51.590371],[100.621463,51.579479],[100.645601,51.514719],[100.659436,51.498235],[100.67857,51.480279],[100.699764,51.465855],[100.720664,51.459967],[100.744802,51.456729],[100.766879,51.44731],[100.784835,51.432297]]]}},{"type":"Feature","properties":{"name":"Lake Khanka","name_zh":"兴凯湖"},"geometry":{"type":"Polygon","coordinates":[[[132.836085,45.10759],[132.838145,45.066967],[132.819012,45.024579],[132.742477,44.924495],[132.709214,44.895059],[132.667414,44.869743],[132.648575,44.854731],[132.640921,44.836775],[132.638566,44.827061],[132.629441,44.806455],[132.627086,44.795564],[132.629147,44.785261],[132.638566,44.7623],[132.640921,44.751703],[132.631207,44.710492],[132.60442,44.683411],[132.491384,44.626304],[132.475783,44.620417],[132.429862,44.610703],[132.418382,44.603933],[132.410434,44.591569],[132.401603,44.566254],[132.394244,44.552419],[132.385413,44.54241],[132.370695,44.532108],[132.353622,44.527987],[132.320653,44.54241],[132.282386,44.548298],[132.260014,44.560661],[132.242647,44.567137],[132.236171,44.573319],[132.232344,44.585093],[132.235287,44.590392],[132.24088,44.592158],[132.24353,44.593335],[132.244707,44.602755],[132.247356,44.606582],[132.247356,44.609525],[132.239997,44.617179],[132.231755,44.622183],[132.224102,44.625127],[132.218509,44.629248],[132.216448,44.638079],[132.224985,44.643672],[132.284446,44.634252],[132.232049,44.663688],[132.107533,44.693714],[132.065439,44.72992],[132.044245,44.775841],[132.039241,44.795858],[132.037475,44.816758],[132.104001,44.859735],[132.120191,44.867683],[132.1093,44.905656],[132.114598,44.949222],[132.114304,44.991316],[132.086045,45.024579],[132.061613,45.031644],[132.034531,45.035765],[132.012454,45.045479],[132.003329,45.069322],[132.012454,45.090516],[132.030116,45.101702],[132.041302,45.112888],[132.030704,45.134377],[132.022757,45.14203],[132.015397,45.147034],[132.008921,45.152627],[132.003329,45.161753],[132.001562,45.171761],[132.000091,45.202964],[131.983017,45.2115],[131.992731,45.230928],[132.013926,45.251828],[132.030704,45.26478],[132.109005,45.308935],[132.151099,45.32483],[132.195843,45.333956],[132.420148,45.337194],[132.50934,45.315116],[132.57204,45.307757],[132.722166,45.250356],[132.754251,45.232106],[132.781039,45.207968],[132.7987,45.189717],[132.820483,45.148212],[132.836085,45.10759]]]}},{"type":"Feature","properties":{"name":"Tonlé Sap","name_zh":"洞里萨湖"},"geometry":{"type":"Polygon","coordinates":[[[104.613041,12.416098],[104.6204,12.379008],[104.609803,12.384013],[104.608331,12.390194],[104.609509,12.397553],[104.606271,12.406384],[104.595968,12.418453],[104.591258,12.422869],[104.585076,12.427284],[104.545631,12.448773],[104.534151,12.457604],[104.515606,12.477032],[104.507364,12.488512],[104.503832,12.498815],[104.496178,12.510884],[104.478516,12.515299],[104.457911,12.517654],[104.441721,12.522952],[104.435834,12.517948],[104.407575,12.509412],[104.399627,12.513533],[104.353412,12.525602],[104.318971,12.543558],[104.298071,12.557982],[104.288063,12.562692],[104.262159,12.566224],[104.223008,12.575938],[104.212411,12.580648],[104.195927,12.597427],[104.158248,12.654239],[104.150595,12.660126],[104.148534,12.66307],[104.149712,12.669546],[104.152361,12.677494],[104.153833,12.68397],[104.151184,12.692801],[104.145002,12.693095],[104.138232,12.691034],[104.133227,12.693684],[104.129989,12.705753],[104.131461,12.715761],[104.139998,12.741959],[104.119687,12.748141],[104.117037,12.760504],[104.127046,12.7973],[104.11115,12.789352],[104.102908,12.796711],[104.092311,12.824676],[104.07877,12.80407],[104.064641,12.7973],[104.047273,12.793767],[104.02343,12.78317],[104.013421,12.796122],[104.011066,12.802304],[104.009889,12.810841],[103.98634,12.801715],[103.971916,12.811724],[103.955726,12.844987],[103.940713,12.834095],[103.923934,12.844104],[103.909511,12.862943],[103.900385,12.878544],[103.900385,12.872363],[103.889199,12.873246],[103.877719,12.881194],[103.867417,12.893263],[103.859469,12.906509],[103.858586,12.903271],[103.858586,12.900916],[103.857114,12.899739],[103.852698,12.900327],[103.859469,12.892968],[103.856525,12.88767],[103.85417,12.882077],[103.852993,12.875012],[103.852698,12.865004],[103.841218,12.877073],[103.844751,12.888553],[103.850638,12.900327],[103.845928,12.913279],[103.832682,12.919755],[103.820907,12.918283],[103.810016,12.919167],[103.798535,12.933885],[103.788233,12.981277],[103.777341,12.999528],[103.749671,13.009536],[103.753792,13.017779],[103.759974,13.02396],[103.767921,13.027787],[103.777635,13.029553],[103.777635,13.036912],[103.747905,13.055163],[103.727005,13.078418],[103.714347,13.109915],[103.705222,13.17438],[103.691387,13.214414],[103.688738,13.228543],[103.693742,13.245616],[103.704633,13.260923],[103.719646,13.268282],[103.782345,13.245616],[103.805306,13.242673],[103.825911,13.249149],[103.829149,13.242378],[103.839746,13.228543],[103.851521,13.234136],[103.863884,13.233253],[103.875953,13.228249],[103.887433,13.221184],[103.902446,13.224717],[103.985457,13.197929],[103.998997,13.189687],[104.011361,13.179679],[104.073766,13.108737],[104.127046,12.961849],[104.133227,12.961849],[104.169434,12.902388],[104.173261,12.87825],[104.208879,12.824676],[104.219182,12.781699],[104.225952,12.763742],[104.239493,12.745492],[104.256272,12.736955],[104.27776,12.735778],[104.391385,12.756678],[104.424353,12.751968],[104.45585,12.729007],[104.466153,12.71635],[104.472335,12.703398],[104.475573,12.686913],[104.476456,12.663364],[104.47204,12.645114],[104.452907,12.616266],[104.44908,12.605374],[104.456439,12.594777],[104.470274,12.587418],[104.484109,12.577704],[104.490291,12.560631],[104.483521,12.5518],[104.468802,12.550034],[104.452318,12.552683],[104.441721,12.557099],[104.444076,12.547973],[104.44702,12.541497],[104.45585,12.529723],[104.462621,12.529723],[104.469391,12.536199],[104.481166,12.542675],[104.492057,12.543558],[104.497061,12.53355],[104.500299,12.529134],[104.507659,12.540909],[104.517373,12.564458],[104.525026,12.564458],[104.519433,12.536788],[104.521199,12.526779],[104.548575,12.519126],[104.56506,12.51],[104.579189,12.499698],[104.585076,12.492044],[104.588903,12.480564],[104.594496,12.471144],[104.593907,12.46614],[104.578895,12.468201],[104.565648,12.473794],[104.540627,12.489689],[104.525026,12.495577],[104.533563,12.480858],[104.548869,12.462608],[104.566826,12.447007],[104.582133,12.440531],[104.60421,12.433171],[104.613041,12.416098]]]}},{"type":"Feature","properties":{"name":"Lake Chany","name_zh":"钱尼湖"},"geometry":{"type":"Polygon","coordinates":[[[76.735875,54.81248],[76.715564,54.817779],[76.787094,54.85428],[76.810349,54.889015],[76.838608,54.895197],[76.897481,54.893136],[76.912788,54.894902],[76.942224,54.907266],[76.956942,54.909621],[76.989028,54.910798],[77.004041,54.913447],[77.016404,54.919335],[77.024941,54.926105],[77.035243,54.931698],[77.052022,54.934642],[77.068212,54.932875],[77.083225,54.929637],[77.098237,54.928754],[77.113544,54.934642],[77.113544,54.927871],[77.140037,54.934347],[77.16653,54.929637],[77.178599,54.918746],[77.16182,54.907266],[77.141803,54.909621],[77.118843,54.916097],[77.107657,54.915508],[77.124141,54.896374],[77.141803,54.884011],[77.180659,54.863994],[77.199498,54.848393],[77.226874,54.816896],[77.243359,54.80365],[77.26367,54.797468],[77.269557,54.816013],[77.302232,54.835146],[77.297816,54.844566],[77.313123,54.857518],[77.326075,54.874297],[77.346092,54.913447],[77.296639,54.904322],[77.28457,54.907266],[77.282803,54.916391],[77.291634,54.954364],[77.291634,54.949654],[77.313712,54.972615],[77.352273,54.999107],[77.393779,55.02089],[77.424981,55.03031],[77.542138,55.043851],[77.567748,55.049738],[77.593358,55.060924],[77.61985,55.067105],[77.647815,55.05798],[77.636924,55.059158],[77.631331,55.057686],[77.628681,55.052976],[77.62721,55.043851],[77.683727,55.062984],[77.703155,55.064162],[77.701978,55.05798],[77.699329,55.054448],[77.689615,55.050621],[77.709926,55.043851],[77.68255,55.03031],[77.755847,55.023834],[77.791759,55.013237],[77.819135,54.995575],[77.836208,55.00941],[77.851809,55.012942],[77.894492,55.009704],[77.901851,55.012354],[77.918924,55.0256],[77.928344,55.03031],[77.941296,55.030899],[77.963373,55.025011],[78.012238,55.017652],[78.046678,55.001757],[78.06905,54.977913],[78.072288,54.948182],[78.05286,54.915214],[78.021657,54.901378],[77.913037,54.898435],[77.890371,54.894314],[77.846511,54.879301],[77.80736,54.860462],[77.786755,54.853103],[77.765266,54.851925],[77.769682,54.861639],[77.775275,54.868115],[77.791759,54.879301],[77.779985,54.881656],[77.762323,54.881656],[77.744072,54.878712],[77.730237,54.872531],[77.721406,54.860462],[77.716402,54.836618],[77.709926,54.824844],[77.687849,54.809242],[77.600128,54.783633],[77.577168,54.774213],[77.553913,54.760672],[77.543316,54.748309],[77.559211,54.742127],[77.585115,54.74772],[77.62721,54.77804],[77.655174,54.790109],[77.656352,54.778629],[77.655468,54.768031],[77.653114,54.758023],[77.647815,54.748898],[77.662239,54.746543],[77.685788,54.732413],[77.703155,54.728587],[77.708748,54.73153],[77.714636,54.738006],[77.721406,54.743305],[77.730237,54.742127],[77.731709,54.737123],[77.731414,54.71799],[77.739362,54.69915],[77.738185,54.684432],[77.731414,54.672069],[77.712575,54.663532],[77.712869,54.657056],[77.718462,54.652935],[77.726999,54.656173],[77.736124,54.663532],[77.745544,54.667359],[77.755258,54.666181],[77.765266,54.659705],[77.759379,54.656762],[77.756435,54.653818],[77.754375,54.65058],[77.750842,54.646459],[77.775863,54.650875],[77.787344,54.651463],[77.798529,54.646459],[77.769682,54.631741],[77.753197,54.626442],[77.726705,54.633213],[77.661356,54.632918],[77.646049,54.626148],[77.614552,54.603188],[77.60366,54.598183],[77.587765,54.600244],[77.562449,54.607014],[77.545376,54.605542],[77.556562,54.615256],[77.556562,54.623204],[77.547437,54.627325],[77.531247,54.626148],[77.577462,54.644693],[77.593358,54.646459],[77.593358,54.652641],[77.576579,54.668536],[77.554796,54.672657],[77.529775,54.668242],[77.503871,54.659705],[77.476789,54.67148],[77.442349,54.675895],[77.414679,54.684138],[77.407614,54.707981],[77.397311,54.70386],[77.38642,54.7018],[77.363165,54.701211],[77.349919,54.689142],[77.340499,54.68767],[77.332551,54.701211],[77.323131,54.68296],[77.309885,54.6809],[77.295756,54.688848],[77.28457,54.701211],[77.320482,54.715635],[77.394956,54.717106],[77.428808,54.721816],[77.401727,54.730647],[77.366697,54.732119],[77.236,54.719167],[77.205386,54.72005],[77.209801,54.735357],[77.127379,54.730647],[77.088523,54.715635],[77.069095,54.724466],[77.052316,54.739478],[77.038776,54.748898],[77.01611,54.748309],[76.994915,54.738006],[76.955765,54.711514],[76.945462,54.708276],[76.898953,54.707687],[76.88865,54.705921],[76.878347,54.701505],[76.866278,54.693852],[76.863629,54.701211],[76.861863,54.704154],[76.862157,54.707098],[76.866278,54.714752],[76.847439,54.717106],[76.829188,54.708276],[76.810938,54.695912],[76.792098,54.68767],[76.769432,54.687376],[76.752359,54.693557],[76.722334,54.714752],[76.728221,54.723288],[76.730282,54.731825],[76.728221,54.740656],[76.722334,54.748898],[76.73823,54.747132],[76.748827,54.739478],[76.754714,54.727115],[76.75648,54.711514],[76.762368,54.710042],[76.792393,54.721228],[76.804167,54.721816],[76.774142,54.745071],[76.764134,54.758023],[76.75648,54.776862],[76.752359,54.792758],[76.746472,54.804238],[76.735875,54.81248]]]}},{"type":"Feature","properties":{"name":"Hulun Nuur","name_zh":"呼倫湖"},"geometry":{"type":"Polygon","coordinates":[[[117.291893,48.597865],[117.266872,48.58874],[117.241851,48.583147],[117.215947,48.572844],[117.189159,48.566074],[117.160901,48.571667],[117.136763,48.566368],[117.102028,48.550178],[117.069353,48.543702],[117.051103,48.568134],[117.091136,48.569017],[117.107621,48.574905],[117.119984,48.58874],[117.113214,48.599042],[117.114391,48.607285],[117.12175,48.613172],[117.133525,48.615821],[117.126166,48.629656],[117.153541,48.629068],[117.169731,48.641431],[117.170615,48.657032],[117.153247,48.664391],[117.147949,48.662919],[117.138823,48.657327],[117.133525,48.657621],[117.11233,48.670573],[117.099378,48.675871],[117.089664,48.678521],[117.078479,48.677932],[117.084955,48.690884],[117.106738,48.70884],[117.11233,48.718849],[117.109092,48.731801],[117.098495,48.743575],[117.08466,48.753289],[117.071414,48.76006],[117.061994,48.76212],[117.04551,48.763003],[117.036679,48.767419],[117.032852,48.772717],[117.035207,48.782431],[117.030497,48.788024],[117.018428,48.793323],[116.99223,48.796855],[116.97604,48.800976],[116.97604,48.807747],[116.995174,48.812162],[116.993113,48.822465],[116.97604,48.841893],[116.977512,48.855728],[116.984576,48.867208],[116.993996,48.874862],[117.002533,48.876628],[117.005182,48.895467],[117.019017,48.899294],[117.038445,48.896939],[117.057873,48.896645],[117.107032,48.920194],[117.126166,48.923726],[117.122928,48.927847],[117.121161,48.931085],[117.118512,48.934323],[117.11233,48.937561],[117.118512,48.946686],[117.126166,48.951691],[117.146771,48.959344],[117.263928,49.020572],[117.286888,49.027637],[117.308966,49.038234],[117.325744,49.054129],[117.33222,49.078562],[117.339285,49.096223],[117.557409,49.303161],[117.565062,49.318468],[117.570361,49.325533],[117.583313,49.328477],[117.624818,49.329949],[117.63571,49.332598],[117.644835,49.337013],[117.653666,49.342901],[117.683102,49.368805],[117.701059,49.377636],[117.709007,49.36645],[117.70518,49.35232],[117.699587,49.34084],[117.702531,49.331126],[117.722547,49.322295],[117.722547,49.314936],[117.706652,49.310815],[117.692522,49.295508],[117.681631,49.280201],[117.674566,49.266366],[117.667796,49.243406],[117.666912,49.221917],[117.678098,49.212497],[117.70047,49.205433],[117.710184,49.188654],[117.71666,49.170403],[117.729612,49.157157],[117.726668,49.165693],[117.725491,49.16746],[117.739032,49.183944],[117.764347,49.183355],[117.787896,49.172464],[117.798493,49.154213],[117.796138,49.14862],[117.786424,49.130664],[117.784069,49.119478],[117.79084,49.11418],[117.831756,49.102699],[117.879149,49.10005],[118.010435,49.130075],[118.033396,49.130958],[118.048114,49.126543],[118.056062,49.112708],[118.058417,49.085332],[118.053413,49.067964],[118.041638,49.050303],[118.026037,49.035879],[118.010435,49.027637],[117.983354,49.023516],[117.904464,49.033818],[117.856483,49.024104],[117.836761,49.024987],[117.826163,49.041177],[117.829696,49.04],[117.836172,49.041766],[117.842942,49.045593],[117.84618,49.051186],[117.844708,49.060017],[117.840587,49.060605],[117.834111,49.059134],[117.826163,49.061783],[117.787896,49.092102],[117.769646,49.091514],[117.746391,49.070908],[117.709007,49.027637],[117.727551,49.026754],[117.735205,49.013507],[117.743741,48.972296],[117.68428,48.975534],[117.667207,48.972296],[117.653077,48.962288],[117.640125,48.947275],[117.61952,48.917544],[117.599503,48.893995],[117.509428,48.819816],[117.457914,48.788319],[117.304256,48.725913],[117.304256,48.718849],[117.333398,48.722381],[117.346939,48.715611],[117.348116,48.698243],[117.338991,48.670573],[117.328394,48.647024],[117.312498,48.619942],[117.291893,48.597865]]]}},{"type":"Feature","properties":{"name":"Tai Hu","name_zh":"太湖"},"geometry":{"type":"Polygon","coordinates":[[[120.576996,31.172686],[120.601428,31.086437],[120.589654,31.077018],[120.542556,31.056412],[120.520773,31.039634],[120.389192,30.959861],[120.304121,30.93013],[120.213162,30.920416],[120.128385,30.943082],[120.050968,30.994596],[120.025358,31.022266],[119.96207,31.067598],[119.942642,31.086437],[119.93852,31.098506],[119.936754,31.112636],[119.935871,31.138246],[119.93175,31.15002],[119.912911,31.172097],[119.90879,31.186521],[119.905257,31.211542],[119.89937,31.230381],[119.898193,31.248043],[119.90879,31.271298],[119.917032,31.290726],[119.963836,31.354014],[119.984441,31.396992],[119.998571,31.415831],[120.018587,31.429077],[120.009168,31.447622],[120.014466,31.460869],[120.027713,31.468816],[120.042431,31.471466],[120.071573,31.468228],[120.09159,31.468816],[120.100421,31.474409],[120.105425,31.490599],[120.117494,31.496781],[120.133389,31.499725],[120.148991,31.504729],[120.160471,31.515915],[120.169891,31.52975],[120.182548,31.54123],[120.203448,31.54594],[120.200505,31.538875],[120.196089,31.531516],[120.21169,31.535637],[120.229058,31.538286],[120.240538,31.53446],[120.237594,31.518564],[120.278511,31.518564],[120.278511,31.512382],[120.268503,31.506201],[120.263793,31.496487],[120.26291,31.484712],[120.264382,31.471466],[120.257611,31.471466],[120.251724,31.487361],[120.243776,31.502374],[120.23259,31.51356],[120.216695,31.518564],[120.225231,31.499725],[120.224054,31.485595],[120.219344,31.473232],[120.207864,31.428489],[120.208747,31.412887],[120.224054,31.40229],[120.251135,31.406411],[120.285281,31.42319],[120.317367,31.44409],[120.336795,31.460574],[120.34857,31.461457],[120.36947,31.457336],[120.390075,31.450566],[120.402144,31.443501],[120.404499,31.430843],[120.391547,31.402879],[120.38772,31.384628],[120.380067,31.369027],[120.362405,31.364317],[120.342094,31.364023],[120.326492,31.361374],[120.31619,31.350776],[120.295584,31.315453],[120.292346,31.306327],[120.331497,31.330465],[120.34386,31.333409],[120.357401,31.329582],[120.361227,31.321634],[120.35534,31.314275],[120.340033,31.313098],[120.345037,31.299557],[120.336206,31.29102],[120.32973,31.281601],[120.340033,31.265411],[120.351808,31.259229],[120.364465,31.257463],[120.376829,31.254519],[120.38772,31.244217],[120.353868,31.223611],[120.380361,31.217429],[120.446887,31.223317],[120.470436,31.216841],[120.474558,31.192703],[120.427754,31.143838],[120.425693,31.124705],[120.434818,31.109103],[120.421278,31.107337],[120.403027,31.111458],[120.398612,31.114402],[120.384482,31.109987],[120.370058,31.090853],[120.357695,31.086437],[120.351808,31.081728],[120.330908,31.057884],[120.326492,31.049053],[120.331791,31.038456],[120.344154,31.027565],[120.367409,31.011375],[120.37624,31.016379],[120.385071,31.016084],[120.393607,31.011963],[120.402144,31.004604],[120.414802,31.029625],[120.444238,31.069659],[120.449831,31.097035],[120.462489,31.111458],[120.491336,31.116168],[120.523716,31.113519],[120.546088,31.107043],[120.546971,31.127648],[120.552564,31.153847],[120.562867,31.173275],[120.576996,31.172686]]]}},{"type":"Feature","properties":{"name":"Nam Co","name_zh":"纳木错"},"geometry":{"type":"Polygon","coordinates":[[[90.384068,30.523319],[90.361107,30.510956],[90.337558,30.50448],[90.325489,30.51125],[90.325489,30.515665],[90.326667,30.518609],[90.33226,30.524202],[90.337558,30.539803],[90.324606,30.552167],[90.306944,30.565119],[90.298113,30.583075],[90.301646,30.591906],[90.315775,30.610451],[90.315186,30.614277],[90.284867,30.623403],[90.277508,30.627818],[90.277802,30.646363],[90.298702,30.695522],[90.304295,30.713478],[90.301057,30.736438],[90.277508,30.792368],[90.271915,30.835639],[90.284867,30.869785],[90.314598,30.887447],[90.359635,30.88156],[90.38083,30.875084],[90.400552,30.874201],[90.417331,30.881266],[90.428222,30.883326],[90.438525,30.878028],[90.479736,30.829163],[90.496809,30.819449],[90.521241,30.813856],[90.582763,30.812679],[90.595127,30.817094],[90.611611,30.835934],[90.623386,30.840055],[90.68167,30.840055],[90.658121,30.865664],[90.67019,30.888036],[90.705513,30.912174],[90.711401,30.90923],[90.718465,30.908347],[90.733184,30.908936],[90.743486,30.90717],[90.746724,30.902754],[90.747313,30.898044],[90.749962,30.894806],[90.762914,30.890685],[90.77881,30.888036],[90.792056,30.889802],[90.797944,30.898339],[90.80442,30.901577],[90.832679,30.880383],[90.839449,30.885092],[90.845336,30.887447],[90.875361,30.863309],[90.887136,30.86066],[90.889491,30.871257],[90.88066,30.904815],[90.884192,30.918944],[90.894789,30.922477],[90.905975,30.913646],[90.917455,30.901282],[90.92923,30.894806],[90.933057,30.922182],[90.938944,30.932191],[90.952779,30.936312],[90.967792,30.936017],[90.984276,30.933368],[90.998111,30.926303],[91.003704,30.912174],[91.007531,30.906581],[91.025487,30.88627],[91.03108,30.874201],[91.030491,30.862132],[91.007531,30.800315],[90.995168,30.787952],[90.977506,30.784714],[90.846219,30.784714],[90.864176,30.714361],[90.798827,30.657843],[90.633394,30.593083],[90.590711,30.582486],[90.555388,30.579248],[90.535076,30.565119],[90.523008,30.558643],[90.512116,30.567768],[90.498575,30.566296],[90.435287,30.545691],[90.410855,30.544807],[90.399375,30.542158],[90.39437,30.535093],[90.384068,30.523319]]]}},{"type":"Feature","properties":{"name":null,"name_zh":null},"geometry":{"type":"Polygon","coordinates":[[[114.435972,30.067054],[114.436855,30.067054],[114.435677,30.066466],[114.433617,30.066171],[114.435972,30.067054]]]}},{"type":"Feature","properties":{"name":null,"name_zh":null},"geometry":{"type":"Polygon","coordinates":[[[114.436855,30.067054],[114.440976,30.068526],[114.440093,30.067349],[114.436855,30.067054]]]}},{"type":"Feature","properties":{"name":null,"name_zh":null},"geometry":{"type":"Polygon","coordinates":[[[81.375642,46.093415],[81.37682,46.090471],[81.375937,46.088116],[81.375642,46.087233],[81.368872,46.101657],[81.371816,46.099008],[81.37417,46.096359],[81.375642,46.093415]]]}},{"type":"Feature","properties":{"name":"Bosten Hu","name_zh":"博斯腾湖"},"geometry":{"type":"Polygon","coordinates":[[[87.416877,41.839265],[87.378316,41.844563],[87.310023,41.866052],[87.312672,41.870173],[87.316499,41.872822],[87.307079,41.884008],[87.296482,41.893428],[87.28147,41.884302],[87.24909,41.892839],[87.212294,41.906674],[87.133993,41.921981],[87.049511,41.911973],[86.914692,41.876355],[86.874953,41.872822],[86.844339,41.865757],[86.786644,41.834555],[86.753381,41.82543],[86.737485,41.833966],[86.698334,41.833377],[86.680084,41.845446],[86.725416,41.85516],[86.734247,41.858987],[86.735424,41.864286],[86.734836,41.871056],[86.733069,41.876943],[86.730715,41.879593],[86.721589,41.882536],[86.721295,41.889601],[86.727182,41.904025],[86.73042,41.909029],[86.745138,41.92463],[86.748376,41.931106],[86.750143,41.945824],[86.754852,41.960248],[86.763095,41.972612],[86.775164,41.98262],[86.802834,41.991451],[86.827266,41.993217],[86.844339,42.002637],[86.850815,42.034134],[86.845811,42.03796],[86.836097,42.048852],[86.829621,42.060038],[86.833742,42.065336],[86.837569,42.069163],[86.830504,42.077994],[86.818729,42.087414],[86.809898,42.092418],[86.81402,42.10066],[86.814314,42.106547],[86.810782,42.112435],[86.803128,42.119794],[86.816669,42.133629],[86.834919,42.121265],[86.857585,42.115378],[86.93412,42.11008],[87.073943,42.060921],[87.169906,42.047969],[87.187273,42.051501],[87.196399,42.04738],[87.253211,42.035017],[87.311789,42.032073],[87.337399,42.023537],[87.354472,42.002931],[87.357416,41.974966],[87.351234,41.913739],[87.364186,41.91786],[87.377433,41.91315],[87.38803,41.902847],[87.391856,41.89019],[87.398332,41.881359],[87.42718,41.858693],[87.433656,41.848979],[87.416877,41.839265]]]}},{"type":"Feature","properties":{"name":null,"name_zh":null},"geometry":{"type":"Polygon","coordinates":[[[84.213018,47.73214],[84.220672,47.729196],[84.226559,47.724781],[84.213018,47.73214]]]}},{"type":"Feature","properties":{"name":"Poyang Hu","name_zh":"鄱阳湖"},"geometry":{"type":"Polygon","coordinates":[[[116.688446,29.168066],[116.715233,29.137158],[116.715233,29.097125],[116.70758,29.082995],[116.688446,29.07858],[116.690801,29.091826],[116.689918,29.112137],[116.684325,29.127739],[116.656655,29.12715],[116.645763,29.112726],[116.637227,29.091826],[116.6334,29.072398],[116.625747,29.074164],[116.622803,29.075636],[116.618976,29.07858],[116.623686,29.086233],[116.62663,29.094475],[116.627513,29.103601],[116.626335,29.113315],[116.623686,29.120968],[116.619271,29.130682],[116.615444,29.135686],[116.607202,29.117436],[116.593072,29.12244],[116.576588,29.13392],[116.564519,29.140691],[116.556865,29.137158],[116.543325,29.12244],[116.537143,29.119496],[116.529784,29.123617],[116.523308,29.132154],[116.518598,29.142457],[116.516537,29.151288],[116.506823,29.160707],[116.48769,29.159824],[116.47621,29.152171],[116.488573,29.140691],[116.483274,29.124501],[116.492694,29.112137],[116.508295,29.103601],[116.523308,29.099774],[116.516537,29.085939],[116.53155,29.079757],[116.537143,29.07858],[116.537143,29.072398],[116.512416,29.069749],[116.485629,29.0462],[116.461197,29.051204],[116.459725,29.036486],[116.461197,29.024417],[116.468556,29.017058],[116.482391,29.017058],[116.480036,28.998807],[116.48975,28.983794],[116.504174,28.970254],[116.516537,28.95583],[116.52213,28.940523],[116.522425,28.924627],[116.518009,28.909026],[116.509178,28.894308],[116.52478,28.890481],[116.535377,28.895485],[116.544796,28.898135],[116.558043,28.886654],[116.550684,28.880473],[116.558043,28.873702],[116.541264,28.866049],[116.533905,28.861045],[116.530961,28.856335],[116.533022,28.845738],[116.541264,28.830725],[116.543325,28.825427],[116.54097,28.812769],[116.535082,28.796579],[116.526546,28.782449],[116.516537,28.776856],[116.523308,28.790692],[116.518892,28.791575],[116.515654,28.792752],[116.513005,28.794518],[116.509178,28.798051],[116.481508,28.79128],[116.472088,28.790692],[116.46208,28.794224],[116.456487,28.803055],[116.453249,28.814535],[116.448245,28.825427],[116.438531,28.836024],[116.429994,28.842794],[116.423224,28.850153],[116.420869,28.862811],[116.424107,28.874291],[116.432349,28.882828],[116.454721,28.894308],[116.426168,28.899606],[116.404973,28.874291],[116.388489,28.840145],[116.372593,28.818362],[116.365823,28.825427],[116.371416,28.83308],[116.39261,28.877823],[116.419103,28.917563],[116.424696,28.929926],[116.427934,28.943172],[116.427345,28.95583],[116.420575,28.966133],[116.413804,28.961423],[116.4088,28.948765],[116.40674,28.935224],[116.397614,28.940523],[116.393199,28.938462],[116.386134,28.921389],[116.3879,28.919623],[116.39261,28.906082],[116.393199,28.900489],[116.39055,28.898723],[116.381424,28.894013],[116.379658,28.890481],[116.373182,28.87017],[116.358464,28.850153],[116.342274,28.841322],[116.331088,28.853391],[116.333737,28.863988],[116.354637,28.883122],[116.359053,28.894308],[116.353754,28.904611],[116.344334,28.907554],[116.335209,28.908143],[116.331088,28.911381],[116.333149,28.925216],[116.338742,28.941112],[116.359053,28.976141],[116.344334,28.980851],[116.329911,28.982911],[116.2678,28.980262],[116.260735,28.985855],[116.269566,29.004106],[116.264267,29.007932],[116.259558,29.012642],[116.256614,29.019118],[116.255142,29.027655],[116.252198,29.031481],[116.206572,29.033248],[116.19833,29.037957],[116.194503,29.051204],[116.187733,29.051204],[116.174192,29.038841],[116.155647,29.047083],[116.142989,29.066216],[116.145933,29.085939],[116.131509,29.082701],[116.115908,29.077108],[116.10325,29.078285],[116.093536,29.114492],[116.08235,29.125678],[116.057329,29.140691],[116.042317,29.165417],[116.035841,29.181313],[116.040256,29.188378],[116.074991,29.183668],[116.084117,29.186906],[116.077935,29.202213],[116.140046,29.197208],[116.158885,29.203096],[116.14505,29.212515],[116.123856,29.220758],[116.102661,29.223996],[116.088238,29.219874],[116.077641,29.223996],[116.005816,29.239891],[115.997573,29.254315],[115.98992,29.272271],[115.980795,29.280219],[115.967843,29.264029],[115.967548,29.249017],[115.974907,29.232827],[115.980795,29.215459],[115.975202,29.195737],[115.929281,29.203979],[115.907498,29.216931],[115.922216,29.250194],[115.924277,29.262852],[115.927809,29.273449],[115.97844,29.294643],[115.984916,29.299353],[116.009642,29.311127],[116.01759,29.319075],[116.024066,29.327906],[116.028187,29.338798],[116.029954,29.352927],[116.02701,29.361169],[116.00405,29.410328],[115.998751,29.417393],[115.990509,29.42122],[115.975202,29.42122],[115.975202,29.428579],[115.991392,29.433583],[116.001695,29.440059],[116.01082,29.447712],[116.023183,29.455955],[116.046144,29.448007],[116.060862,29.463314],[116.070576,29.485391],[116.077935,29.49746],[116.077935,29.503642],[116.063217,29.509529],[116.070576,29.51836],[116.086471,29.528957],[116.098246,29.538376],[116.097069,29.544558],[116.092653,29.553683],[116.090298,29.56222],[116.112081,29.579587],[116.116497,29.593717],[116.12886,29.65936],[116.126211,29.66878],[116.116497,29.674667],[116.098246,29.681732],[116.100895,29.685853],[116.105605,29.695567],[116.092653,29.694389],[116.069398,29.688797],[116.060862,29.692035],[116.092947,29.724415],[116.102073,29.730302],[116.150054,29.727947],[116.173603,29.73354],[116.187733,29.750907],[116.229238,29.743843],[116.210399,29.735012],[116.193326,29.718527],[116.188027,29.702632],[116.204806,29.695567],[116.238658,29.708225],[116.256908,29.709696],[116.269566,29.695567],[116.247783,29.691151],[116.243073,29.683792],[116.244839,29.673784],[116.243073,29.661421],[116.232182,29.651412],[116.217758,29.670252],[116.204806,29.664953],[116.202451,29.650235],[116.205983,29.630807],[116.205689,29.613439],[116.190971,29.60608],[116.187733,29.598427],[116.195386,29.581059],[116.207161,29.562809],[116.215697,29.552212],[116.195681,29.556627],[116.186261,29.564869],[116.179491,29.574878],[116.167127,29.585769],[116.152115,29.554272],[116.145639,29.533667],[116.14976,29.524247],[116.157119,29.521303],[116.162417,29.514533],[116.166244,29.506585],[116.17066,29.500698],[116.168893,29.495694],[116.152115,29.477737],[116.145933,29.469495],[116.151232,29.460959],[116.152998,29.452422],[116.150937,29.443591],[116.145933,29.43476],[116.115614,29.443886],[116.08029,29.418276],[116.061745,29.383835],[116.081467,29.366468],[116.114142,29.367645],[116.150643,29.373533],[116.184789,29.387956],[116.208044,29.415038],[116.223056,29.380892],[116.225706,29.363819],[116.221879,29.346157],[116.214225,29.358226],[116.206572,29.356459],[116.198035,29.347923],[116.187733,29.339386],[116.145639,29.342036],[116.132981,29.339386],[116.120323,29.324962],[116.123561,29.312305],[116.145933,29.290816],[116.161829,29.27963],[116.166244,29.273743],[116.130626,29.264029],[116.126211,29.264029],[116.12415,29.24725],[116.140046,29.244012],[116.174192,29.250488],[116.181845,29.248722],[116.189205,29.244601],[116.196858,29.242246],[116.204806,29.246662],[116.217169,29.258436],[116.22394,29.262852],[116.229238,29.264029],[116.236008,29.258436],[116.246017,29.234593],[116.255142,29.223112],[116.266328,29.215753],[116.280752,29.210455],[116.296059,29.209572],[116.310483,29.216342],[116.306656,29.220758],[116.305478,29.22429],[116.305478,29.228705],[116.303712,29.236948],[116.316664,29.232238],[116.325495,29.236065],[116.331971,29.241657],[116.338447,29.243129],[116.346101,29.23577],[116.346395,29.228411],[116.347867,29.221641],[116.359053,29.216342],[116.366412,29.232827],[116.372299,29.238714],[116.379658,29.229294],[116.378775,29.221641],[116.369944,29.196325],[116.365823,29.188378],[116.338153,29.171304],[116.324023,29.156881],[116.324906,29.140691],[116.33933,29.139807],[116.364646,29.166889],[116.365823,29.147461],[116.372888,29.15011],[116.379658,29.15482],[116.393199,29.140691],[116.397909,29.152171],[116.39732,29.163357],[116.394671,29.175131],[116.393199,29.188378],[116.399381,29.188378],[116.407917,29.176603],[116.422047,29.176014],[116.434999,29.183962],[116.440886,29.198975],[116.442358,29.207806],[116.445596,29.215165],[116.447068,29.221346],[116.444713,29.226351],[116.438237,29.234593],[116.435587,29.244307],[116.43647,29.254609],[116.440886,29.264029],[116.437059,29.266973],[116.432055,29.273449],[116.427345,29.277864],[116.445596,29.280808],[116.463552,29.269622],[116.477093,29.249311],[116.488573,29.202507],[116.500053,29.204568],[116.50594,29.223112],[116.495638,29.250488],[116.510356,29.24519],[116.514477,29.231355],[116.516243,29.216636],[116.523308,29.208983],[116.536554,29.213987],[116.541853,29.229294],[116.541264,29.246073],[116.537143,29.257259],[116.543325,29.257259],[116.550389,29.251371],[116.555394,29.252255],[116.558337,29.259025],[116.558043,29.271094],[116.570406,29.248133],[116.588362,29.245484],[116.606613,29.24725],[116.618976,29.236948],[116.605435,29.236948],[116.618976,29.202213],[116.629573,29.232238],[116.630751,29.246367],[116.626335,29.264029],[116.641053,29.257847],[116.65636,29.249017],[116.665191,29.239303],[116.660776,29.229294],[116.688446,29.216342],[116.684031,29.212221],[116.678438,29.2081],[116.667546,29.202213],[116.65636,29.209277],[116.651356,29.207511],[116.648413,29.200741],[116.643703,29.192204],[116.618976,29.168066],[116.623686,29.150405],[116.638404,29.152465],[116.664014,29.168066],[116.67255,29.169833],[116.674611,29.172776],[116.677555,29.173365],[116.688446,29.168066]]]}},{"type":"Feature","properties":{"name":"Daguan Hu","name_zh":"大官湖"},"geometry":{"type":"Polygon","coordinates":[[[116.459725,30.08089],[116.443241,30.0647],[116.436765,30.050864],[116.494755,30.038795],[116.50859,30.023194],[116.517126,30.003177],[116.530961,29.983455],[116.509178,29.96285],[116.477976,29.950781],[116.442358,29.948131],[116.40674,29.956079],[116.395259,29.96491],[116.376126,29.986987],[116.365823,29.989637],[116.354932,29.981983],[116.353754,29.970503],[116.349339,29.958434],[116.331088,29.94872],[116.309011,29.963733],[116.302829,29.973152],[116.303712,29.989637],[116.291349,29.986693],[116.281635,29.989637],[116.27457,29.995818],[116.269566,30.004061],[116.276042,30.007887],[116.284284,30.014952],[116.289288,30.017601],[116.270155,30.0229],[116.258674,30.014952],[116.257203,30.010831],[116.247194,30.036441],[116.25632,30.042622],[116.255142,30.066171],[116.240424,30.05999],[116.234831,30.072059],[116.236597,30.091192],[116.243073,30.107088],[116.245722,30.102378],[116.251021,30.097963],[116.255142,30.093547],[116.254259,30.105616],[116.245134,30.120629],[116.243073,30.130637],[116.2469,30.139174],[116.255731,30.135053],[116.264856,30.126516],[116.269566,30.120629],[116.278397,30.078535],[116.286639,30.059695],[116.303712,30.058812],[116.289288,30.099435],[116.291938,30.117391],[116.310483,30.12681],[116.315487,30.095313],[116.320491,30.081184],[116.331088,30.072942],[116.33462,30.086188],[116.339625,30.085305],[116.345512,30.07824],[116.351399,30.072942],[116.386134,30.058812],[116.380836,30.051453],[116.38113,30.044683],[116.387606,30.039973],[116.399381,30.038207],[116.401147,30.050864],[116.407328,30.058224],[116.420869,30.058812],[116.420869,30.066171],[116.410861,30.076474],[116.424107,30.087954],[116.444124,30.101201],[116.461197,30.093547],[116.459725,30.08089]]]}},{"type":"Feature","properties":{"name":"Long Hu","name_zh":"龙感湖"},"geometry":{"type":"Polygon","coordinates":[[[116.252493,29.999645],[116.24896,29.983455],[116.254259,29.983749],[116.264562,29.983161],[116.269566,29.983455],[116.265445,29.961672],[116.266328,29.941655],[116.263384,29.927526],[116.246017,29.921933],[116.233065,29.915163],[116.218052,29.901622],[116.200685,29.89338],[116.180962,29.901622],[116.158885,29.893674],[116.11738,29.90486],[116.091476,29.901622],[116.051148,29.871597],[116.040256,29.866887],[116.029365,29.870125],[116.001989,29.893968],[115.997573,29.904565],[115.995807,29.915457],[115.995807,29.939006],[115.992275,29.953136],[115.983444,29.9602],[115.961661,29.969914],[115.954302,29.983455],[115.949003,29.986399],[115.942233,29.989048],[115.936346,29.993169],[115.933991,30.000528],[115.933991,30.044977],[115.939878,30.035557],[115.97373,29.996701],[115.981678,29.993463],[115.985799,29.987576],[115.995807,29.983455],[116.007288,29.983455],[116.016413,29.989637],[116.014941,29.996113],[115.999634,30.011714],[115.995807,30.021134],[115.996396,30.031436],[115.998751,30.038795],[116.003755,30.043505],[116.01288,30.044977],[116.021123,30.041739],[116.024655,30.03438],[116.026421,30.025255],[116.029954,30.017601],[116.054091,29.993758],[116.057329,29.986693],[116.061156,29.973741],[116.070576,29.969914],[116.081467,29.973741],[116.091476,29.983455],[116.077052,29.988459],[116.071459,29.989637],[116.085883,29.996996],[116.092653,29.991697],[116.097952,29.981983],[116.108843,29.976685],[116.13563,29.977273],[116.148288,29.979334],[116.160357,29.983455],[116.152703,29.996113],[116.143284,29.99523],[116.132392,29.989931],[116.11944,29.989637],[116.10796,29.996996],[116.113553,30.002],[116.125328,30.006121],[116.132981,30.01142],[116.133275,30.06205],[116.141223,30.085011],[116.163889,30.076474],[116.173309,30.069998],[116.180962,30.067643],[116.185967,30.062639],[116.189793,30.027315],[116.193031,30.016129],[116.198035,30.007887],[116.2051,30.000823],[116.218052,29.990814],[116.230416,29.987576],[116.236008,30.000528],[116.234242,30.01348],[116.228944,30.023194],[116.222468,30.032614],[116.215697,30.044977],[116.247194,30.036441],[116.257203,30.010831],[116.252493,29.999645]]]}},{"type":"Feature","properties":{"name":"Liangzi Hu","name_zh":"梁子湖"},"geometry":{"type":"Polygon","coordinates":[[[114.366796,30.188627],[114.345602,30.191276],[114.330589,30.188921],[114.334711,30.202756],[114.342953,30.208349],[114.351784,30.212765],[114.357965,30.223656],[114.364736,30.223656],[114.373272,30.207466],[114.383281,30.205994],[114.3927,30.214825],[114.399471,30.229838],[114.412423,30.223656],[114.412423,30.229838],[114.406241,30.236314],[114.401531,30.242495],[114.39535,30.247794],[114.385636,30.250443],[114.391228,30.263395],[114.389462,30.274876],[114.382692,30.28459],[114.371506,30.29136],[114.41154,30.270166],[114.428613,30.264278],[114.440387,30.271343],[114.447452,30.267811],[114.453339,30.266339],[114.467469,30.264867],[114.467469,30.271343],[114.453928,30.27517],[114.443037,30.282823],[114.435972,30.29342],[114.433617,30.305784],[114.447158,30.29136],[114.453928,30.298719],[114.485719,30.282529],[114.501615,30.278702],[114.515156,30.299602],[114.546064,30.294304],[114.556367,30.305784],[114.542826,30.306961],[114.527225,30.310494],[114.513978,30.315792],[114.502498,30.329922],[114.487486,30.330216],[114.453928,30.326095],[114.44127,30.328155],[114.429496,30.334043],[114.421254,30.342579],[114.419782,30.354059],[114.42773,30.366128],[114.438327,30.366423],[114.448335,30.358475],[114.453928,30.3467],[114.458049,30.369955],[114.46011,30.374665],[114.464525,30.372899],[114.47159,30.368778],[114.47836,30.366717],[114.481598,30.371133],[114.485131,30.374665],[114.494256,30.375548],[114.522809,30.374371],[114.526636,30.372604],[114.529285,30.368483],[114.536056,30.360241],[114.538116,30.354648],[114.539294,30.339636],[114.543415,30.332277],[114.594045,30.322857],[114.608764,30.315203],[114.631724,30.298719],[114.631724,30.29136],[114.613179,30.285767],[114.604348,30.278408],[114.604642,30.268105],[114.614651,30.25427],[114.632313,30.238374],[114.639083,30.229838],[114.643793,30.221596],[114.652624,30.195692],[114.627014,30.210704],[114.613179,30.215414],[114.597578,30.216297],[114.597578,30.209527],[114.617006,30.200696],[114.62201,30.158013],[114.635256,30.148005],[114.643793,30.140057],[114.650269,30.121217],[114.653507,30.098551],[114.652624,30.079712],[114.643204,30.061756],[114.631724,30.064405],[114.62201,30.078829],[114.612885,30.113858],[114.577561,30.17538],[114.548713,30.134758],[114.537822,30.133875],[114.529874,30.16184],[114.531346,30.168904],[114.540177,30.187449],[114.543415,30.195692],[114.546358,30.219829],[114.550185,30.229838],[114.529285,30.226894],[114.515744,30.218652],[114.504559,30.213648],[114.491901,30.220124],[114.472767,30.232487],[114.471295,30.219535],[114.481598,30.185389],[114.476888,30.119451],[114.464819,30.087954],[114.440976,30.068526],[114.440976,30.069409],[114.440387,30.072942],[114.422137,30.082067],[114.440093,30.114741],[114.426258,30.12681],[114.438915,30.140351],[114.439504,30.158602],[114.42979,30.173026],[114.412423,30.17538],[114.401531,30.165078],[114.371506,30.107088],[114.364736,30.107088],[114.367385,30.113564],[114.367091,30.118274],[114.365619,30.122395],[114.364736,30.12681],[114.364736,30.120629],[114.36032,30.134464],[114.362381,30.147121],[114.36974,30.159485],[114.382103,30.171848],[114.382692,30.182151],[114.366796,30.188627]]]}},{"type":"Feature","properties":{"name":"Siling Co","name_zh":"色林错"},"geometry":{"type":"Polygon","coordinates":[[[89.342607,31.816166],[89.345257,31.806452],[89.331127,31.783197],[89.296981,31.777899],[89.269899,31.792028],[89.276964,31.827058],[89.248411,31.80292],[89.241641,31.763475],[89.242524,31.717848],[89.235459,31.676049],[89.225156,31.661625],[89.188361,31.622474],[89.177469,31.614821],[89.158335,31.606579],[89.146267,31.588623],[89.137141,31.569783],[89.12625,31.559481],[89.107999,31.563896],[89.087688,31.578909],[89.070909,31.597454],[89.064139,31.611289],[89.051481,31.61541],[88.975241,31.600397],[88.960817,31.607756],[88.941095,31.622769],[88.925493,31.639548],[88.924316,31.652205],[88.945216,31.686057],[88.95964,31.702836],[88.980245,31.709901],[88.937857,31.735805],[88.915779,31.740809],[88.893702,31.7308],[88.87869,31.736688],[88.85985,31.737865],[88.840717,31.73551],[88.824527,31.7308],[88.811869,31.722558],[88.787142,31.70107],[88.780372,31.696654],[88.76271,31.698715],[88.734451,31.708134],[88.718555,31.710195],[88.683526,31.710784],[88.667925,31.71461],[88.653795,31.72403],[88.653795,31.717848],[88.648202,31.734333],[88.646731,31.756999],[88.648202,31.77731],[88.650263,31.786141],[88.618472,31.779665],[88.61229,31.779076],[88.601987,31.787024],[88.602576,31.793794],[88.60552,31.800859],[88.601693,31.809984],[88.584325,31.818521],[88.568724,31.816166],[88.558716,31.818521],[88.557244,31.840598],[88.561659,31.85826],[88.571373,31.869152],[88.585797,31.875922],[88.604931,31.881515],[88.638783,31.886225],[88.687353,31.887108],[88.730624,31.882692],[88.749464,31.870918],[88.745343,31.859732],[88.738572,31.848252],[88.7371,31.835594],[88.749464,31.819404],[88.76742,31.810868],[88.787142,31.80969],[88.806865,31.813517],[88.824527,31.819404],[88.805393,31.833239],[88.798328,31.849429],[88.80451,31.866502],[88.824527,31.881515],[88.831886,31.874156],[88.838362,31.881515],[88.845721,31.874156],[88.865149,31.883281],[88.927554,31.90212],[89.009682,31.936855],[89.029993,31.916839],[89.0662,31.91625],[89.136553,31.929496],[89.155392,31.924198],[89.178647,31.900943],[89.191304,31.895939],[89.205728,31.893584],[89.241641,31.88387],[89.269605,31.879454],[89.285795,31.873273],[89.299925,31.864736],[89.31111,31.855022],[89.325534,31.827058],[89.332893,31.819993],[89.338486,31.818521],[89.342607,31.816166]]]}},{"type":"Feature","properties":{"name":"Har Us Nuur","name_zh":"哈尔乌苏湖"},"geometry":{"type":"Polygon","coordinates":[[[92.823463,48.228732],[92.827584,48.207833],[92.816987,48.187816],[92.695709,48.088026],[92.679814,48.08155],[92.544112,48.096857],[92.532043,48.095091],[92.524095,48.088909],[92.514381,48.070953],[92.508199,48.067421],[92.489066,48.061828],[92.473464,48.048876],[92.458746,48.033275],[92.442556,48.020028],[92.428132,48.012669],[92.364255,47.992064],[92.351303,47.985293],[92.32275,47.951736],[92.300673,47.919356],[92.282716,47.883738],[92.268587,47.865781],[92.261228,47.846648],[92.26476,47.823393],[92.270647,47.80161],[92.272119,47.787481],[92.255635,47.773351],[92.227965,47.763931],[92.199117,47.761576],[92.157317,47.776295],[92.098444,47.759516],[92.073129,47.759516],[92.059294,47.771585],[92.053995,47.788952],[92.050463,47.807792],[92.041926,47.82457],[92.02868,47.842821],[92.004542,47.90346],[91.962154,47.979995],[91.965686,48.012375],[92.011018,48.033863],[92.155257,48.061239],[92.191758,48.062122],[92.209714,48.068304],[92.217367,48.085377],[92.223549,48.092736],[92.237679,48.099212],[92.251808,48.109221],[92.260639,48.135125],[92.266526,48.139834],[92.273297,48.143955],[92.278006,48.149843],[92.281245,48.158674],[92.284777,48.184578],[92.283894,48.193114],[92.280656,48.201357],[92.278595,48.208421],[92.281539,48.214897],[92.289192,48.222256],[92.296257,48.230499],[92.299201,48.239624],[92.29508,48.249043],[92.265643,48.288783],[92.252102,48.299968],[92.207359,48.322929],[92.196762,48.335292],[92.212658,48.344417],[92.23709,48.362668],[92.252102,48.36885],[92.273591,48.368555],[92.302733,48.347361],[92.340117,48.336764],[92.349243,48.335292],[92.353364,48.33853],[92.348065,48.355898],[92.346593,48.365023],[92.350126,48.36885],[92.402228,48.369733],[92.439318,48.355309],[92.456686,48.348539],[92.469638,48.34795],[92.497602,48.349716],[92.516441,48.341474],[92.540579,48.335881],[92.545583,48.33176],[92.540285,48.322929],[92.527333,48.319985],[92.511143,48.320574],[92.45904,48.327933],[92.449326,48.327933],[92.439612,48.32234],[92.410765,48.290549],[92.393397,48.243745],[92.383094,48.202534],[92.381034,48.139834],[92.391925,48.127765],[92.416946,48.11658],[92.463162,48.101861],[92.483767,48.098918],[92.506433,48.100978],[92.524684,48.109515],[92.532043,48.126294],[92.541757,48.136008],[92.637131,48.189876],[92.641841,48.194586],[92.643312,48.205478],[92.648022,48.216369],[92.654498,48.225789],[92.662152,48.232265],[92.690116,48.210482],[92.706012,48.201945],[92.724263,48.198118],[92.63507,48.26906],[92.594448,48.311154],[92.600924,48.341768],[92.615053,48.344123],[92.662152,48.335292],[92.714254,48.336764],[92.731327,48.335292],[92.756937,48.325284],[92.782841,48.307622],[92.805213,48.286428],[92.82052,48.266411],[92.816987,48.249338],[92.823463,48.228732]]]}},{"type":"Feature","properties":{"name":"Ayakkum Hu","name_zh":"阿雅克库木湖"},"geometry":{"type":"Polygon","coordinates":[[[89.670235,37.499749],[89.647274,37.498866],[89.619015,37.500926],[89.598704,37.498571],[89.608713,37.492978],[89.612834,37.491506],[89.612834,37.484147],[89.594289,37.484147],[89.586635,37.486208],[89.579276,37.491506],[89.550428,37.474728],[89.497149,37.47149],[89.440042,37.4762],[89.400008,37.484147],[89.281968,37.531834],[89.235459,37.533306],[89.188655,37.52477],[89.164517,37.525653],[89.123895,37.544786],[89.097991,37.551851],[89.076797,37.56392],[89.071498,37.587764],[89.08445,37.603365],[89.108294,37.606603],[89.156864,37.601599],[89.166578,37.599244],[89.182179,37.590118],[89.194542,37.587764],[89.249883,37.601599],[89.289916,37.623676],[89.311699,37.626914],[89.341724,37.641632],[89.544247,37.625737],[89.571328,37.615728],[89.578393,37.609841],[89.601942,37.598949],[89.62608,37.591002],[89.643448,37.587764],[89.654339,37.582759],[89.657283,37.571574],[89.654928,37.558621],[89.649924,37.550085],[89.639032,37.546553],[89.61931,37.560093],[89.609301,37.556855],[89.611068,37.542431],[89.633439,37.530068],[89.659932,37.52006],[89.674356,37.512112],[89.670235,37.499749]]]}},{"type":"Feature","properties":{"name":"Ngoring Hu","name_zh":"鄂陵湖"},"geometry":{"type":"Polygon","coordinates":[[[97.900656,34.831632],[97.901539,34.821624],[97.883583,34.821329],[97.850025,34.8281],[97.85709,34.808377],[97.845315,34.806611],[97.808225,34.821624],[97.779672,34.829572],[97.769958,34.835459],[97.760833,34.849],[97.754945,34.817208],[97.734929,34.808377],[97.712263,34.818386],[97.698428,34.842229],[97.681649,34.820446],[97.678705,34.815148],[97.681649,34.808672],[97.69725,34.799841],[97.698428,34.794542],[97.688419,34.786006],[97.672523,34.781885],[97.65545,34.780707],[97.60482,34.784534],[97.581271,34.79572],[97.565964,34.814853],[97.546241,34.870488],[97.545358,34.889328],[97.5536,34.906401],[97.591573,34.946434],[97.61159,34.957914],[97.636905,34.963507],[97.671935,34.965274],[97.6581,34.968806],[97.644559,34.967628],[97.632784,34.970572],[97.623953,34.986173],[97.631018,35.000008],[97.636317,35.007073],[97.64397,35.013549],[97.634551,35.025618],[97.650446,35.042397],[97.676939,35.058293],[97.692246,35.068301],[97.72963,35.085963],[97.746998,35.088612],[97.768486,35.087729],[97.768486,35.081253],[97.764071,35.06889],[97.771135,35.051228],[97.804399,35.020908],[97.808225,35.010017],[97.80587,35.000008],[97.792918,34.987351],[97.788503,34.978814],[97.788503,34.969983],[97.790564,34.961447],[97.794685,34.951438],[97.796451,34.925829],[97.800278,34.914643],[97.808225,34.903751],[97.855324,34.887267],[97.862977,34.879908],[97.867981,34.871666],[97.900656,34.831632]]]}},{"type":"Feature","properties":{"name":"Gaoyou Hu","name_zh":"高邮湖"},"geometry":{"type":"Polygon","coordinates":[[[119.411903,32.819653],[119.415141,32.793455],[119.408371,32.766079],[119.401012,32.752538],[119.391592,32.740175],[119.380406,32.732227],[119.367454,32.731344],[119.351853,32.740764],[119.33213,32.7702],[119.319178,32.779031],[119.316529,32.761369],[119.306521,32.741058],[119.293569,32.724574],[119.2815,32.717803],[119.272669,32.727517],[119.250297,32.746945],[119.227337,32.759309],[119.216445,32.748712],[119.213796,32.707795],[119.207614,32.690428],[119.195545,32.676592],[119.177,32.667173],[119.174646,32.676298],[119.172585,32.692488],[119.154629,32.703968],[119.162282,32.70544],[119.166403,32.707206],[119.169641,32.709267],[119.17494,32.711327],[119.17494,32.717803],[119.156101,32.724574],[119.141971,32.738115],[119.131668,32.756071],[119.126075,32.773144],[119.120777,32.785802],[119.124604,32.790806],[119.129608,32.79581],[119.133435,32.801108],[119.134023,32.806996],[119.129019,32.818182],[119.122543,32.819948],[119.113123,32.81877],[119.099288,32.820831],[119.082215,32.832311],[119.06367,32.864691],[119.044831,32.875877],[119.044831,32.882059],[119.066614,32.883825],[119.081921,32.874994],[119.09605,32.861159],[119.113418,32.847912],[119.116361,32.862042],[119.12166,32.878821],[119.129019,32.894716],[119.137556,32.906196],[119.144915,32.910023],[119.150213,32.90708],[119.153451,32.900309],[119.156101,32.885297],[119.16081,32.88147],[119.189952,32.870284],[119.201138,32.868518],[119.21203,32.864102],[119.226454,32.851445],[119.284738,32.875877],[119.266487,32.875288],[119.259128,32.872933],[119.250886,32.868518],[119.239406,32.877349],[119.237345,32.887946],[119.243232,32.909434],[119.242055,32.915616],[119.238228,32.92327],[119.235285,32.930629],[119.237051,32.93681],[119.243527,32.937988],[119.253241,32.935633],[119.261483,32.932395],[119.264427,32.93004],[119.275024,32.941815],[119.276496,32.951234],[119.270314,32.960065],[119.22351,32.998921],[119.255007,33.012462],[119.264427,33.019232],[119.268253,33.028358],[119.267076,33.037483],[119.267959,33.046019],[119.277967,33.053967],[119.284443,33.044842],[119.307404,33.023648],[119.31594,33.019232],[119.327126,33.023648],[119.328304,33.034245],[119.323888,33.047786],[119.300928,33.096944],[119.298573,33.111957],[119.292097,33.11755],[119.250886,33.136095],[119.243527,33.137861],[119.238228,33.136978],[119.234107,33.136978],[119.229692,33.142276],[119.230575,33.146692],[119.240877,33.158467],[119.243232,33.166709],[119.236462,33.176128],[119.220566,33.176423],[119.195545,33.170241],[119.170524,33.155817],[119.158455,33.134329],[119.154923,33.106658],[119.154629,33.073984],[119.16346,33.080754],[119.173174,33.08517],[119.183771,33.087525],[119.195545,33.087525],[119.179944,33.073101],[119.158455,33.0575],[119.135789,33.044842],[119.11695,33.039838],[119.109885,33.0366],[119.087808,33.02247],[119.075739,33.019232],[119.061021,33.021293],[119.030996,33.030418],[119.014806,33.032479],[118.981837,33.044253],[118.970357,33.046608],[118.95711,33.045431],[118.933561,33.040132],[118.921787,33.039838],[118.896766,33.049846],[118.862031,33.087525],[118.839954,33.10136],[118.874394,33.10136],[118.888818,33.09665],[118.900298,33.069569],[118.914722,33.067508],[118.945925,33.073984],[119.052484,33.046608],[119.08251,33.057205],[119.094578,33.063681],[119.108414,33.065742],[119.122249,33.069274],[119.134023,33.080754],[119.139027,33.094001],[119.152863,33.158172],[119.156984,33.165826],[119.225865,33.197323],[119.237051,33.204976],[119.237051,33.211158],[119.23499,33.220872],[119.244999,33.227642],[119.257951,33.221755],[119.268548,33.169358],[119.279734,33.15935],[119.296218,33.152874],[119.31594,33.139038],[119.31859,33.131974],[119.328598,33.086347],[119.335074,33.076633],[119.342139,33.068097],[119.346849,33.060149],[119.349498,33.037777],[119.341844,33.019232],[119.326243,33.003925],[119.305343,32.991268],[119.331542,32.994211],[119.358623,33.010696],[119.379523,33.02041],[119.38806,33.002159],[119.405133,32.847324],[119.411903,32.819653]]]}},{"type":"Feature","properties":{"name":"Danau Toba","name_zh":"多巴湖"},"geometry":{"type":"Polygon","coordinates":[[[99.143755,2.420964],[99.152586,2.408012],[99.144638,2.387701],[99.14405,2.387112],[99.141989,2.38152],[99.137574,2.377398],[99.130509,2.37416],[99.117557,2.387701],[99.109315,2.375927],[99.094597,2.362386],[99.07664,2.350906],[99.058979,2.346196],[99.025715,2.35797],[99.020711,2.356793],[99.016296,2.353555],[98.994807,2.342664],[98.986565,2.340014],[98.975673,2.33972],[98.967431,2.341192],[98.932108,2.352083],[98.924748,2.353261],[98.915918,2.353555],[98.90532,2.352378],[98.885598,2.347373],[98.874412,2.346196],[98.871469,2.347373],[98.869702,2.349728],[98.866759,2.352378],[98.860577,2.353555],[98.853807,2.351494],[98.848508,2.342075],[98.842915,2.340014],[98.831435,2.338248],[98.82702,2.336482],[98.825548,2.33972],[98.822604,2.353555],[98.82437,2.360914],[98.828197,2.372394],[98.829963,2.382991],[98.826137,2.387701],[98.81083,2.39506],[98.801999,2.412722],[98.796111,2.433033],[98.788458,2.449223],[98.730174,2.510451],[98.725464,2.513983],[98.714867,2.528407],[98.709863,2.531645],[98.709274,2.535472],[98.697205,2.543714],[98.68337,2.550779],[98.67866,2.551662],[98.671595,2.56638],[98.670418,2.584925],[98.676011,2.600821],[98.689257,2.607297],[98.703092,2.597877],[98.726347,2.550485],[98.740771,2.531645],[98.804648,2.492495],[98.859105,2.440981],[98.87765,2.430973],[98.89855,2.428618],[98.912385,2.433916],[98.946237,2.451873],[98.963016,2.455994],[98.97744,2.463353],[98.978617,2.480132],[98.972435,2.498676],[98.965959,2.510451],[98.901788,2.584042],[98.867642,2.646153],[98.844976,2.677356],[98.795523,2.730341],[98.766381,2.748297],[98.732529,2.754773],[98.701032,2.743587],[98.67866,2.709736],[98.67395,2.638794],[98.676011,2.627314],[98.661587,2.63114],[98.643925,2.64056],[98.627735,2.65204],[98.617727,2.662049],[98.610368,2.696195],[98.598299,2.721804],[98.596827,2.727103],[98.591528,2.735934],[98.568568,2.745354],[98.563269,2.754479],[98.560914,2.76331],[98.555322,2.769491],[98.541486,2.778617],[98.524708,2.800694],[98.51676,2.824832],[98.514111,2.88812],[98.522647,2.88341],[98.529712,2.883999],[98.535893,2.886354],[98.541486,2.88812],[98.583875,2.886943],[98.598887,2.882233],[98.606835,2.881055],[98.651284,2.881055],[98.690435,2.87193],[98.726347,2.854268],[98.782865,2.812174],[98.819072,2.765665],[98.844976,2.753301],[98.89855,2.7168],[98.911208,2.700316],[98.919744,2.682065],[98.924748,2.662932],[98.92622,2.644975],[98.91945,2.63114],[98.917389,2.620838],[98.922688,2.610829],[98.953007,2.571973],[99.024538,2.507507],[99.036018,2.49014],[99.040728,2.466885],[99.041611,2.418904],[99.04897,2.396827],[99.065749,2.398593],[99.103722,2.422436],[99.12521,2.425969],[99.143755,2.420964]]]}},{"type":"Feature","properties":{"name":"Gyaring Hu","name_zh":"扎陵湖"},"geometry":{"type":"Polygon","coordinates":[[[97.466174,34.992355],[97.48678,34.983818],[97.486191,34.96704],[97.472062,34.956148],[97.452045,34.965274],[97.445863,34.93672],[97.396116,34.90905],[97.383752,34.886973],[97.378748,34.872843],[97.366679,34.864307],[97.342247,34.855181],[97.318109,34.835165],[97.304274,34.829277],[97.288378,34.835459],[97.248345,34.836048],[97.109699,34.917292],[97.083795,34.926123],[97.069371,34.935248],[97.06319,34.949378],[97.061718,34.972633],[97.056419,34.988234],[97.055831,34.997948],[97.061718,35.006779],[97.074376,35.012077],[97.085856,35.009723],[97.093804,35.000892],[97.095864,34.986173],[97.107344,34.998242],[97.113526,35.016493],[97.122946,35.027973],[97.162979,35.012961],[97.250111,35.013549],[97.263063,35.016493],[97.288378,35.030034],[97.300742,35.034155],[97.317226,35.034155],[97.333122,35.030622],[97.413189,35.000008],[97.436738,34.994416],[97.466174,34.992355]]]}},{"type":"Feature","properties":{"name":"Langa Co","name_zh":"拉昂错"},"geometry":{"type":"Polygon","coordinates":[[[81.322068,30.65225],[81.327955,30.641653],[81.315886,30.618987],[81.299108,30.608096],[81.277325,30.605446],[81.252304,30.607213],[81.246711,30.605741],[81.241412,30.601914],[81.235525,30.599854],[81.228166,30.603975],[81.225517,30.608096],[81.219924,30.618693],[81.218158,30.621048],[81.206089,30.620459],[81.194903,30.616632],[81.183423,30.614866],[81.170176,30.621048],[81.143683,30.628996],[81.132792,30.646952],[81.125138,30.665791],[81.108654,30.676094],[81.130143,30.687868],[81.135441,30.68934],[81.14545,30.68728],[81.148982,30.682864],[81.151631,30.678154],[81.159579,30.676094],[81.171942,30.681687],[81.180185,30.68728],[81.183717,30.692578],[81.180773,30.70347],[81.178418,30.708768],[81.176652,30.709651],[81.179007,30.713184],[81.188427,30.723781],[81.189899,30.724075],[81.203734,30.782654],[81.203439,30.812679],[81.189899,30.846825],[81.201673,30.853595],[81.212859,30.857716],[81.224045,30.857422],[81.247005,30.843881],[81.273204,30.841821],[81.283212,30.836522],[81.296164,30.82151],[81.300874,30.810913],[81.299991,30.799138],[81.291749,30.787658],[81.282623,30.78648],[81.272321,30.788247],[81.259663,30.784714],[81.242884,30.766758],[81.240824,30.745858],[81.248771,30.724958],[81.262606,30.706413],[81.273498,30.698171],[81.297341,30.688751],[81.30735,30.68257],[81.312943,30.674328],[81.322068,30.65225]]]}},{"type":"Feature","properties":{"name":"Mapam Yumco","name_zh":"玛旁雍错"},"geometry":{"type":"Polygon","coordinates":[[[81.602891,30.722603],[81.60348,30.690223],[81.574338,30.655783],[81.540192,30.634],[81.509578,30.607213],[81.498392,30.601325],[81.451294,30.566296],[81.445407,30.565413],[81.424212,30.566296],[81.430394,30.566296],[81.412438,30.579837],[81.394482,30.584547],[81.377409,30.592494],[81.362102,30.614277],[81.378586,30.641359],[81.369166,30.724075],[81.375642,30.764403],[81.406551,30.788541],[81.450411,30.787658],[81.53401,30.764403],[81.57787,30.748507],[81.602891,30.722603]]]}},{"type":"Feature","properties":{"name":"Po Hu","name_zh":"鄱湖"},"geometry":{"type":"Polygon","coordinates":[[[116.454721,30.117391],[116.445596,30.124161],[116.425579,30.115036],[116.393199,30.093547],[116.393199,30.099435],[116.398497,30.10856],[116.394082,30.11327],[116.384074,30.112975],[116.396437,30.122984],[116.40674,30.12681],[116.40674,30.134464],[116.394376,30.137113],[116.383779,30.141234],[116.374654,30.147121],[116.365823,30.154775],[116.370238,30.155364],[116.373182,30.15713],[116.375831,30.15919],[116.379658,30.16184],[116.393199,30.154775],[116.384662,30.168021],[116.371122,30.17538],[116.354932,30.175675],[116.338447,30.16861],[116.319608,30.177441],[116.317547,30.182151],[116.317253,30.192454],[116.321668,30.214531],[116.316075,30.223656],[116.296942,30.223656],[116.31166,30.235431],[116.325789,30.240729],[116.33727,30.237491],[116.344629,30.223656],[116.351399,30.229838],[116.348161,30.235431],[116.346689,30.239552],[116.344629,30.250443],[116.359053,30.244262],[116.358464,30.255153],[116.360524,30.261629],[116.365234,30.266339],[116.372593,30.271343],[116.369061,30.223656],[116.377892,30.219535],[116.387606,30.212176],[116.39732,30.210704],[116.40674,30.223656],[116.411744,30.21041],[116.413216,30.194514],[116.418809,30.181268],[116.434704,30.17538],[116.432938,30.193337],[116.430877,30.201284],[116.427345,30.209527],[116.436176,30.204817],[116.445596,30.203934],[116.454427,30.203934],[116.461197,30.203345],[116.46002,30.205406],[116.464435,30.207761],[116.470911,30.209232],[116.475621,30.209527],[116.476504,30.199224],[116.478859,30.192159],[116.485629,30.188921],[116.50388,30.195692],[116.527135,30.226894],[116.543325,30.236608],[116.542736,30.220418],[116.536849,30.183034],[116.530961,30.16861],[116.535671,30.165372],[116.538026,30.162428],[116.540087,30.158896],[116.543325,30.154775],[116.532727,30.153892],[116.519481,30.150065],[116.508295,30.144472],[116.503585,30.137407],[116.506529,30.125044],[116.514183,30.122689],[116.52478,30.123867],[116.537143,30.120629],[116.549801,30.111209],[116.555394,30.102378],[116.551272,30.095902],[116.533905,30.093547],[116.52007,30.08972],[116.495932,30.072059],[116.482391,30.066171],[116.48298,30.076474],[116.486807,30.084716],[116.493577,30.090604],[116.503585,30.093547],[116.503585,30.099435],[116.4924,30.100318],[116.481508,30.099729],[116.470911,30.097668],[116.461197,30.093547],[116.444124,30.101201],[116.454721,30.117391]]]}},{"type":"Feature","properties":{"name":"Buyr Nuur","name_zh":"贝尔湖"},"geometry":{"type":"Polygon","coordinates":[[[117.580664,47.677683],[117.592438,47.697405],[117.572422,47.697405],[117.55476,47.702115],[117.54063,47.709768],[117.530328,47.718305],[117.507956,47.755395],[117.50354,47.759516],[117.512371,47.785714],[117.533566,47.812207],[117.685163,47.954679],[117.706357,47.967043],[117.739326,47.977345],[117.773472,47.980289],[117.798788,47.970869],[117.820865,47.923477],[117.831756,47.91023],[117.847358,47.901694],[117.861487,47.897278],[117.872967,47.889036],[117.881504,47.869314],[117.882093,47.83399],[117.868846,47.809558],[117.802614,47.747447],[117.729612,47.71389],[117.698704,47.694167],[117.673388,47.677094],[117.640125,47.66267],[117.604802,47.654722],[117.571833,47.656489],[117.580664,47.677683]]]}},{"type":"Feature","properties":{"name":"Ngangla Ringeo","name_zh":"昂拉仁错"},"geometry":{"type":"Polygon","coordinates":[[[83.316385,31.443795],[83.285771,31.456159],[83.260161,31.471466],[83.25604,31.462929],[83.253097,31.459102],[83.248976,31.459397],[83.240145,31.463812],[83.230136,31.461457],[83.21012,31.459397],[83.190103,31.459691],[83.178328,31.463812],[83.144182,31.449683],[83.133585,31.462046],[83.097378,31.490894],[83.08943,31.501491],[83.080894,31.518858],[83.06176,31.530927],[83.042921,31.53652],[83.03409,31.535343],[83.027908,31.518564],[83.01319,31.517975],[82.995234,31.523568],[82.979632,31.525334],[82.970507,31.519153],[82.958733,31.501491],[82.94843,31.497958],[82.939599,31.499725],[82.910751,31.512382],[82.891912,31.514149],[82.878077,31.523568],[82.866008,31.533871],[82.832745,31.545351],[82.822148,31.559481],[82.823325,31.57361],[82.838632,31.579792],[82.939599,31.581264],[82.957261,31.579203],[82.972273,31.573021],[82.967858,31.581264],[82.965209,31.58509],[82.961971,31.586856],[82.954023,31.588034],[82.952845,31.590978],[82.954023,31.595393],[82.951668,31.600397],[82.949313,31.60393],[82.945781,31.613055],[82.941659,31.617765],[82.923703,31.619531],[82.917522,31.621003],[82.928413,31.634838],[82.941659,31.641903],[82.958144,31.643374],[82.979632,31.641314],[82.99906,31.634249],[83.018783,31.623652],[83.034679,31.619825],[83.041155,31.631894],[83.050574,31.643963],[83.072652,31.65456],[83.097967,31.659564],[83.115923,31.655738],[83.125048,31.642197],[83.120339,31.631894],[83.11033,31.623358],[83.102382,31.614821],[83.09208,31.610111],[83.089136,31.605696],[83.095612,31.600397],[83.10091,31.600692],[83.10827,31.60393],[83.11975,31.611289],[83.130641,31.615115],[83.135645,31.60599],[83.138,31.593332],[83.14065,31.586856],[83.19128,31.578026],[83.201289,31.57361],[83.209531,31.568017],[83.212769,31.563013],[83.21689,31.553299],[83.226015,31.549472],[83.247209,31.54594],[83.261633,31.537109],[83.305788,31.502963],[83.324038,31.474704],[83.364072,31.451449],[83.37673,31.436436],[83.348176,31.436142],[83.316385,31.443795]]]}},{"type":"Feature","properties":{"name":"Tangra Yumco","name_zh":"当惹雍错"},"geometry":{"type":"Polygon","coordinates":[[[86.77899,31.180928],[86.796063,31.141778],[86.773986,31.122939],[86.748671,31.119406],[86.686854,31.121172],[86.659184,31.113519],[86.634752,31.099389],[86.614146,31.078784],[86.597368,31.052291],[86.609142,31.026387],[86.606787,31.001955],[86.59619,30.980466],[86.583827,30.963688],[86.567342,30.94632],[86.559689,30.936312],[86.552035,30.913646],[86.529664,30.894218],[86.521716,30.88156],[86.520833,30.869491],[86.527309,30.849769],[86.529369,30.836522],[86.524954,30.824159],[86.514946,30.813562],[86.47344,30.780887],[86.451069,30.769113],[86.429874,30.770585],[86.412507,30.784714],[86.408091,30.80061],[86.374828,30.864193],[86.376006,30.871257],[86.389841,30.874201],[86.406325,30.875673],[86.416039,30.878028],[86.421632,30.885092],[86.426636,30.89304],[86.433112,30.908936],[86.442238,30.950147],[86.446653,30.987531],[86.454012,30.999894],[86.501405,31.03875],[86.513768,31.054057],[86.519067,31.05965],[86.529369,31.066126],[86.552919,31.075252],[86.565576,31.082022],[86.570875,31.08997],[86.574996,31.112636],[86.605021,31.169742],[86.615029,31.211248],[86.620622,31.265705],[86.629748,31.284544],[86.631514,31.29573],[86.630336,31.307211],[86.625627,31.32811],[86.625627,31.339885],[86.647704,31.368733],[86.689798,31.368438],[86.734247,31.34695],[86.761917,31.313098],[86.766333,31.291904],[86.768982,31.223611],[86.77899,31.180928]]]}},{"type":"Feature","properties":{"name":"Ozero Kulundinskoye","name_zh":"庫倫達湖"},"geometry":{"type":"Polygon","coordinates":[[[79.798439,53.005673],[79.820222,53.001258],[79.808742,52.97241],[79.780777,52.971527],[79.745454,52.97506],[79.710424,52.960047],[79.720138,52.944151],[79.716606,52.92384],[79.703654,52.888811],[79.712485,52.860846],[79.730147,52.85437],[79.743393,52.864379],[79.738389,52.884984],[79.763116,52.878508],[79.764587,52.85702],[79.752224,52.834354],[79.734562,52.823462],[79.594445,52.830527],[79.545875,52.842596],[79.489063,52.864379],[79.436666,52.894109],[79.401342,52.930611],[79.389273,52.947978],[79.379854,52.967406],[79.377204,52.987128],[79.389273,53.014504],[79.395749,53.05336],[79.400459,53.060425],[79.487591,53.123713],[79.542048,53.131073],[79.662737,53.104874],[79.651257,53.125774],[79.627708,53.133427],[79.573839,53.138432],[79.5968,53.146968],[79.618877,53.145791],[79.665975,53.138432],[79.686287,53.129895],[79.713957,53.092216],[79.734562,53.08368],[79.761644,53.081619],[79.77283,53.074849],[79.774301,53.062191],[79.772535,53.042763],[79.769592,53.032755],[79.766059,53.028928],[79.767237,53.025101],[79.778423,53.015387],[79.788137,53.0095],[79.798439,53.005673]]]}},{"type":"Feature","properties":{"name":"Siletitengiz Kli","name_zh":"谢列特田吉兹湖"},"geometry":{"type":"Polygon","coordinates":[[[73.432521,53.068079],[73.412798,53.056304],[73.376297,53.055715],[73.34951,53.075732],[73.327433,53.102225],[73.297113,53.128129],[73.292698,53.135194],[73.292109,53.143141],[73.296819,53.151972],[73.169654,53.22733],[73.113136,53.247346],[73.090764,53.26177],[73.082522,53.27325],[73.066332,53.307397],[73.059856,53.336244],[73.05073,53.339777],[73.039545,53.336244],[73.029242,53.330063],[72.984499,53.292973],[72.978906,53.283259],[72.976845,53.271779],[72.974784,53.242048],[72.964187,53.251173],[72.952707,53.258827],[72.941816,53.259121],[72.933574,53.248229],[72.922093,53.254117],[72.914734,53.263242],[72.911496,53.275017],[72.912674,53.289146],[72.931513,53.286202],[72.95153,53.299449],[72.988325,53.337716],[72.993918,53.334478],[73.008931,53.330063],[73.005987,53.337127],[73.001277,53.343015],[72.995684,53.347725],[72.988325,53.351846],[72.978023,53.346547],[72.963893,53.343898],[72.95359,53.346547],[72.95359,53.358027],[72.963599,53.362737],[72.979789,53.362737],[72.994801,53.364209],[73.001277,53.3751],[73.014229,53.388936],[73.044254,53.396],[73.264439,53.402182],[73.31713,53.392762],[73.405439,53.366858],[73.435759,53.340954],[73.440174,53.296505],[73.433993,53.281198],[73.416625,53.251173],[73.412798,53.238515],[73.4075,53.17405],[73.412798,53.151972],[73.43046,53.123419],[73.433404,53.111056],[73.422512,53.116943],[73.41221,53.118121],[73.402201,53.115766],[73.392487,53.111056],[73.381301,53.103697],[73.379535,53.099576],[73.392487,53.091039],[73.426045,53.07691],[73.432521,53.068079]]]}},{"type":"Feature","properties":{"name":"Ubinskoye Lake","name_zh":"乌宾斯科耶湖"},"geometry":{"type":"Polygon","coordinates":[[[80.313577,55.564581],[80.340952,55.529846],[80.317698,55.502176],[80.231155,55.462142],[80.173754,55.420048],[79.939145,55.375305],[79.906177,55.372655],[79.885865,55.376776],[79.820222,55.406802],[79.820222,55.400031],[79.803149,55.465086],[79.810214,55.475683],[79.821105,55.478038],[79.845538,55.487457],[79.858195,55.489518],[79.916479,55.482748],[79.930609,55.483042],[79.941206,55.485102],[79.949742,55.489224],[79.957985,55.4957],[79.963283,55.505414],[79.967993,55.526313],[79.974763,55.530435],[79.985949,55.532495],[80.00891,55.541915],[80.26118,55.579593],[80.313577,55.564581]]]}},{"type":"Feature","properties":{"name":"Yamzho Yumco","name_zh":"羊卓雍错"},"geometry":{"type":"Polygon","coordinates":[[[91.002232,28.876057],[90.915101,28.93964],[90.905387,28.93493],[90.899205,28.935813],[90.895084,28.941995],[90.893906,28.952886],[90.887136,28.952886],[90.884487,28.937874],[90.877716,28.927277],[90.867119,28.919034],[90.85299,28.911675],[90.851224,28.919329],[90.851224,28.925805],[90.853873,28.931986],[90.85976,28.93964],[90.844748,28.939934],[90.833562,28.936696],[90.811484,28.926099],[90.810601,28.933753],[90.80648,28.945821],[90.805303,28.952886],[90.794117,28.937874],[90.775278,28.925216],[90.757616,28.922567],[90.749962,28.936402],[90.752023,28.940523],[90.756733,28.94435],[90.761443,28.948765],[90.763503,28.956419],[90.759382,28.963189],[90.749374,28.967899],[90.729357,28.974375],[90.725824,28.961128],[90.722586,28.952886],[90.764386,28.896957],[90.766152,28.87223],[90.729357,28.857218],[90.735244,28.868109],[90.733772,28.874291],[90.728474,28.878706],[90.722586,28.885182],[90.719643,28.88636],[90.701981,28.903139],[90.702275,28.905788],[90.689323,28.90932],[90.67225,28.910203],[90.656649,28.905788],[90.647524,28.891953],[90.682259,28.88842],[90.680198,28.878706],[90.604252,28.8216],[90.599248,28.812769],[90.597776,28.796579],[90.593066,28.785687],[90.582763,28.780683],[90.56569,28.782155],[90.56569,28.788337],[90.553621,28.785393],[90.523891,28.786276],[90.517709,28.785099],[90.514765,28.781861],[90.507406,28.782155],[90.499753,28.785687],[90.496809,28.792163],[90.498575,28.798639],[90.502402,28.806293],[90.505051,28.814535],[90.50358,28.823072],[90.491216,28.833374],[90.456187,28.846032],[90.448828,28.85398],[90.444707,28.868109],[90.437642,28.882533],[90.437348,28.893719],[90.45236,28.898135],[90.459131,28.896074],[90.471788,28.887243],[90.48003,28.885182],[90.490333,28.884299],[90.492982,28.88165],[90.493277,28.877235],[90.496809,28.870759],[90.495632,28.867521],[90.491805,28.862222],[90.490333,28.856335],[90.496809,28.851036],[90.504168,28.850448],[90.510939,28.854274],[90.515943,28.860456],[90.517709,28.867815],[90.520064,28.871347],[90.524774,28.871053],[90.529189,28.867815],[90.531544,28.861045],[90.530367,28.853391],[90.524185,28.836612],[90.523008,28.823366],[90.524774,28.813063],[90.533016,28.807765],[90.551855,28.809531],[90.547145,28.819245],[90.544496,28.823072],[90.549795,28.826015],[90.559803,28.833963],[90.56569,28.836612],[90.553621,28.845443],[90.558626,28.876057],[90.551855,28.891953],[90.563335,28.890481],[90.573049,28.891953],[90.580703,28.896957],[90.586296,28.905788],[90.58659,28.907849],[90.630745,28.915208],[90.641342,28.919623],[90.640164,28.926099],[90.629273,28.930515],[90.606607,28.934341],[90.599248,28.93964],[90.59601,28.950531],[90.600425,28.959068],[90.609845,28.964955],[90.623386,28.967016],[90.648701,28.965838],[90.661653,28.966427],[90.671073,28.970842],[90.68373,28.979085],[90.691089,28.979085],[90.694622,28.982028],[90.695211,28.998218],[90.690501,29.022062],[90.678432,29.041195],[90.647524,29.076225],[90.665774,29.086822],[90.66548,29.11302],[90.656649,29.139807],[90.650762,29.152171],[90.63781,29.155114],[90.628684,29.169244],[90.603663,29.174542],[90.583647,29.183668],[90.572461,29.186317],[90.545674,29.181902],[90.502402,29.157764],[90.460602,29.145989],[90.435876,29.130977],[90.39437,29.097419],[90.399669,29.086528],[90.396725,29.078874],[90.390544,29.077697],[90.387306,29.086822],[90.381418,29.099774],[90.369349,29.105661],[90.361107,29.111548],[90.366406,29.124795],[90.380535,29.111843],[90.400846,29.125384],[90.423512,29.147461],[90.44559,29.158941],[90.473849,29.165123],[90.520947,29.193382],[90.548323,29.199858],[90.606607,29.194559],[90.661064,29.179252],[90.675783,29.171304],[90.68844,29.162473],[90.701981,29.155114],[90.734067,29.148933],[90.741131,29.142162],[90.738188,29.134803],[90.722586,29.130977],[90.731712,29.115964],[90.73701,29.11096],[90.729357,29.103601],[90.722586,29.107722],[90.715816,29.11096],[90.719937,29.056797],[90.726119,29.048849],[90.730829,29.045905],[90.736422,29.038841],[90.743781,29.031776],[90.753789,29.028538],[90.763209,29.029715],[90.781165,29.034131],[90.791468,29.035308],[90.784697,29.023239],[90.773806,29.016469],[90.759382,29.014114],[90.743192,29.015586],[90.759088,28.99969],[90.782342,28.986149],[90.832384,28.967016],[90.832384,28.974375],[90.818255,28.980851],[90.823259,28.992625],[90.846219,29.015586],[90.839449,29.015586],[90.844748,29.024417],[90.846219,29.028538],[90.861821,29.019118],[90.874184,29.020001],[90.88537,29.0253],[90.898027,29.028538],[90.932762,29.028243],[90.94542,29.024417],[90.941888,29.015586],[90.953662,29.001751],[90.963376,28.993803],[91.013418,28.967604],[91.022838,28.957302],[91.017539,28.946705],[91.004882,28.944644],[90.991341,28.950531],[90.978978,28.957596],[90.969852,28.960245],[90.953074,28.953181],[90.951896,28.94435],[90.95955,28.934636],[90.969852,28.926099],[91.02431,28.891953],[91.041972,28.874585],[91.017539,28.870759],[91.002232,28.876057]]]}},{"type":"Feature","properties":{"name":"Ozero Tenis","name_zh":"捷尼斯湖"},"geometry":{"type":"Polygon","coordinates":[[[72.008387,56.208944],[72.019867,56.186278],[72.019867,56.172737],[72.009565,56.160963],[71.99102,56.143595],[71.976596,56.122106],[71.966293,56.098557],[71.951869,56.079718],[71.926259,56.07177],[71.883871,56.088843],[71.840305,56.120929],[71.802038,56.136825],[71.774956,56.106505],[71.774368,56.096791],[71.777017,56.073242],[71.774956,56.064705],[71.762299,56.057641],[71.730507,56.059407],[71.693123,56.045866],[71.679582,56.060879],[71.665747,56.106505],[71.665158,56.111215],[71.66663,56.122695],[71.665747,56.126816],[71.661626,56.128877],[71.64838,56.131526],[71.644553,56.132998],[71.625419,56.149777],[71.615117,56.160374],[71.610995,56.171265],[71.619532,56.192165],[71.640726,56.200996],[71.795856,56.20129],[71.822643,56.19452],[71.832946,56.188338],[71.840894,56.181862],[71.851197,56.176564],[71.867681,56.174798],[71.880927,56.177741],[71.879456,56.183923],[71.869447,56.190988],[71.85679,56.19452],[71.880927,56.210416],[71.925965,56.218069],[71.974241,56.21748],[72.008387,56.208944]]]}},{"type":"Feature","properties":{"name":"Ozero Chërnoye","name_zh":"切尔诺耶湖"},"geometry":{"type":"Polygon","coordinates":[[[67.678879,55.810669],[67.698308,55.790358],[67.666222,55.790947],[67.612059,55.798012],[67.580856,55.790358],[67.590865,55.785943],[67.622362,55.776817],[67.591159,55.761216],[67.582328,55.750619],[67.58851,55.736489],[67.568787,55.729719],[67.531403,55.742965],[67.516096,55.739727],[67.494019,55.71088],[67.480184,55.697928],[67.468409,55.697928],[67.451925,55.70823],[67.434557,55.712057],[67.396584,55.715295],[67.376862,55.719711],[67.282371,55.751502],[67.270302,55.766809],[67.279133,55.786826],[67.30386,55.81479],[67.36862,55.838339],[67.340655,55.854529],[67.333296,55.865715],[67.355079,55.873663],[67.390991,55.875135],[67.409242,55.872191],[67.416895,55.862772],[67.417484,55.850408],[67.420133,55.838339],[67.425138,55.82892],[67.45634,55.81479],[67.478123,55.794185],[67.5002,55.779467],[67.523161,55.786826],[67.528459,55.789769],[67.538762,55.790947],[67.543766,55.79389],[67.54671,55.800072],[67.549065,55.812435],[67.554069,55.818323],[67.569965,55.825976],[67.584683,55.827154],[67.599696,55.825682],[67.645028,55.82627],[67.663573,55.822149],[67.678879,55.810669]]]}},{"type":"Feature","properties":{"name":"Shijiu Hu","name_zh":"石臼湖"},"geometry":{"type":"Polygon","coordinates":[[[118.771661,31.471466],[118.764302,31.484418],[118.791383,31.429077],[118.794916,31.400818],[118.784024,31.389338],[118.773427,31.39287],[118.777843,31.408766],[118.758415,31.423779],[118.751056,31.434376],[118.750467,31.443501],[118.74664,31.456159],[118.738104,31.472938],[118.732216,31.488539],[118.736043,31.497958],[118.736043,31.504729],[118.757237,31.504729],[118.74193,31.517681],[118.724268,31.527689],[118.706018,31.534754],[118.688356,31.538875],[118.722502,31.559481],[118.733688,31.556243],[118.750172,31.542113],[118.785791,31.532693],[118.794621,31.531516],[118.801981,31.532105],[118.806396,31.534165],[118.815816,31.542407],[118.82288,31.54594],[118.829062,31.544174],[118.834361,31.540347],[118.839954,31.538875],[118.903242,31.547706],[118.939154,31.565662],[118.951812,31.552416],[118.963292,31.512382],[118.96653,31.506789],[118.971534,31.501196],[118.975361,31.494132],[118.976538,31.484418],[118.973006,31.473526],[118.965941,31.459691],[118.956522,31.448211],[118.945925,31.443501],[118.912956,31.442912],[118.907952,31.439969],[118.906185,31.436436],[118.894411,31.40229],[118.857615,31.381685],[118.82288,31.401996],[118.771661,31.471466]]]}},{"type":"Feature","properties":{"name":"Hong Hu","name_zh":"洪湖"},"geometry":{"type":"Polygon","coordinates":[[[113.453384,29.956079],[113.466336,29.931353],[113.461921,29.899856],[113.445731,29.872185],[113.42277,29.860705],[113.415706,29.859528],[113.409524,29.854524],[113.39039,29.851286],[113.38833,29.846281],[113.390685,29.839805],[113.394512,29.815079],[113.392157,29.803304],[113.368607,29.79153],[113.356244,29.763271],[113.347413,29.757089],[113.339465,29.753851],[113.327396,29.739722],[113.320037,29.736484],[113.279415,29.760621],[113.273822,29.767392],[113.275294,29.788292],[113.269995,29.799772],[113.246152,29.810663],[113.241148,29.82597],[113.231139,29.839805],[113.22172,29.861294],[113.218187,29.886021],[113.227018,29.907803],[113.245563,29.916634],[113.271173,29.91634],[113.295311,29.906626],[113.30944,29.887492],[113.2959,29.887492],[113.305614,29.87454],[113.335344,29.861294],[113.343587,29.846281],[113.35124,29.846281],[113.357127,29.866887],[113.342409,29.870125],[113.337699,29.880722],[113.340937,29.894557],[113.35124,29.907803],[113.345647,29.925171],[113.353301,29.943127],[113.368019,29.957257],[113.381559,29.963144],[113.402165,29.959317],[113.419532,29.952252],[113.436311,29.949014],[113.453384,29.956079]]]}},{"type":"Feature","properties":{"name":"Chao Hu","name_zh":"巢湖"},"geometry":{"type":"Polygon","coordinates":[[[117.95274,31.526806],[117.955389,31.497958],[117.932429,31.515032],[117.925659,31.524157],[117.928602,31.531516],[117.928602,31.538875],[117.911529,31.548589],[117.875322,31.563602],[117.84618,31.583324],[117.834994,31.588034],[117.820865,31.588917],[117.798493,31.586856],[117.778476,31.591272],[117.768174,31.591272],[117.749923,31.559481],[117.734322,31.545057],[117.70047,31.522391],[117.685163,31.508556],[117.661025,31.475881],[117.647484,31.46234],[117.625113,31.455276],[117.617459,31.446445],[117.612749,31.443501],[117.606273,31.442324],[117.595971,31.443501],[117.562413,31.443501],[117.557998,31.439969],[117.547989,31.438497],[117.500008,31.452921],[117.471455,31.469994],[117.455559,31.476176],[117.442018,31.484123],[117.43407,31.497958],[117.416409,31.517387],[117.383734,31.542996],[117.376375,31.54594],[117.359596,31.548295],[117.338402,31.554771],[117.317797,31.563602],[117.304256,31.573021],[117.288066,31.611583],[117.288949,31.661036],[117.306316,31.704308],[117.338991,31.72403],[117.360479,31.720498],[117.396097,31.70107],[117.438192,31.690178],[117.439369,31.673988],[117.432304,31.653971],[117.427594,31.635132],[117.434954,31.611583],[117.452027,31.596865],[117.474693,31.588917],[117.545929,31.580086],[117.563296,31.583324],[117.585374,31.600397],[117.622758,31.642786],[117.645424,31.657504],[117.678098,31.663097],[117.706652,31.659859],[117.84618,31.607756],[117.857072,31.598631],[117.880621,31.571844],[117.890335,31.566251],[117.913295,31.561541],[117.936256,31.548295],[117.95274,31.526806]]]}},{"type":"Feature","properties":{"name":null,"name_zh":null},"geometry":{"type":"Polygon","coordinates":[[[114.857501,30.313143],[114.859267,30.301074],[114.849259,30.297542],[114.838368,30.291654],[114.837779,30.271343],[114.830714,30.271343],[114.830125,30.280174],[114.82777,30.284295],[114.822178,30.285178],[114.813641,30.285178],[114.806282,30.286944],[114.798334,30.29136],[114.793919,30.295775],[114.796568,30.298719],[114.785088,30.292537],[114.783027,30.282529],[114.788031,30.272226],[114.796568,30.264867],[114.781555,30.258097],[114.776257,30.266045],[114.773019,30.278702],[114.765365,30.285178],[114.750353,30.289594],[114.733574,30.309316],[114.720916,30.313143],[114.739756,30.27988],[114.741816,30.265456],[114.734751,30.244262],[114.752708,30.243967],[114.763893,30.238374],[114.774196,30.230132],[114.789209,30.223656],[114.789209,30.216297],[114.775668,30.209527],[114.772724,30.214237],[114.766543,30.218652],[114.761833,30.223656],[114.755063,30.209527],[114.753885,30.214237],[114.748881,30.223656],[114.739756,30.219535],[114.732985,30.213648],[114.728864,30.2057],[114.727687,30.195692],[114.70973,30.205111],[114.679411,30.233076],[114.665576,30.229838],[114.657334,30.236608],[114.650269,30.241024],[114.649091,30.253681],[114.663221,30.258685],[114.683238,30.260746],[114.700605,30.264867],[114.700605,30.271343],[114.673229,30.271343],[114.673229,30.277819],[114.676762,30.280763],[114.68206,30.287239],[114.68677,30.29136],[114.679411,30.298719],[114.662338,30.29136],[114.662043,30.301663],[114.668814,30.313143],[114.673229,30.309316],[114.707376,30.317853],[114.717384,30.322563],[114.739461,30.354059],[114.748881,30.360241],[114.750058,30.355531],[114.759184,30.346112],[114.771547,30.336986],[114.783027,30.332277],[114.778023,30.346406],[114.785088,30.352882],[114.797745,30.350821],[114.809814,30.339636],[114.821883,30.345817],[114.82571,30.341402],[114.826887,30.332865],[114.830714,30.326095],[114.853674,30.313732],[114.857501,30.313143]]]}},{"type":"Feature","properties":{"name":null,"name_zh":null},"geometry":{"type":"Polygon","coordinates":[[[114.589041,30.672856],[114.604642,30.664319],[114.613473,30.649307],[114.611118,30.634],[114.625542,30.629584],[114.640849,30.627818],[114.673229,30.627818],[114.673229,30.634],[114.662043,30.638121],[114.654684,30.648129],[114.649091,30.660787],[114.642027,30.672561],[114.628192,30.717305],[114.644382,30.719365],[114.664398,30.729079],[114.673229,30.730257],[114.680883,30.723486],[114.688831,30.712889],[114.697367,30.709651],[114.707376,30.724075],[114.694718,30.729668],[114.697956,30.73585],[114.709142,30.740854],[114.720916,30.743798],[114.714146,30.755278],[114.709142,30.767641],[114.710025,30.778238],[114.720916,30.784714],[114.723271,30.76352],[114.730042,30.743798],[114.741522,30.729668],[114.758595,30.724075],[114.773019,30.714656],[114.783616,30.670207],[114.803633,30.655783],[114.776257,30.644597],[114.761833,30.643419],[114.748881,30.648129],[114.717678,30.621636],[114.675584,30.609273],[114.631724,30.6131],[114.595517,30.636355],[114.570202,30.668735],[114.589041,30.672856]]]}},{"type":"Feature","properties":{"name":"Weishan Hu","name_zh":"微山湖"},"geometry":{"type":"Polygon","coordinates":[[[117.338991,34.612331],[117.342818,34.591431],[117.340463,34.579951],[117.318385,34.569943],[117.306316,34.559051],[117.261867,34.505477],[117.260101,34.499589],[117.2445,34.49694],[117.229193,34.49017],[117.201817,34.472508],[117.196519,34.486343],[117.201523,34.512836],[117.195047,34.527554],[117.180329,34.524022],[117.169143,34.536091],[117.129109,34.637352],[117.126166,34.660018],[117.134113,34.702701],[117.134113,34.723601],[117.122928,34.732432],[117.117923,34.738024],[117.124694,34.748916],[117.134996,34.755981],[117.140295,34.749799],[117.142356,34.740379],[117.147654,34.734492],[117.156191,34.732137],[117.160312,34.732432],[117.185333,34.718302],[117.234197,34.69858],[117.256569,34.68445],[117.327511,34.627344],[117.338991,34.612331]]]}},{"type":"Feature","properties":{"name":null,"name_zh":null},"geometry":{"type":"Polygon","coordinates":[[[114.648797,30.338753],[114.63349,30.333748],[114.617889,30.339636],[114.621127,30.341991],[114.622304,30.341991],[114.622893,30.342579],[114.624659,30.3467],[114.597578,30.3467],[114.586098,30.348761],[114.577561,30.354059],[114.568436,30.356709],[114.557544,30.361713],[114.550479,30.368778],[114.553423,30.377609],[114.55725,30.385851],[114.551363,30.390266],[114.536056,30.394976],[114.523692,30.411755],[114.515744,30.419114],[114.505147,30.422352],[114.495728,30.420586],[114.487191,30.417348],[114.478655,30.417053],[114.467469,30.422352],[114.476005,30.431772],[114.493078,30.440014],[114.501909,30.449728],[114.506914,30.444724],[114.52222,30.435893],[114.522809,30.439131],[114.52222,30.449728],[114.54577,30.426767],[114.558427,30.42088],[114.563726,30.435893],[114.580505,30.425296],[114.588158,30.405279],[114.590513,30.360241],[114.606409,30.369072],[114.613473,30.387911],[114.614356,30.409989],[114.611118,30.428534],[114.628192,30.415876],[114.638789,30.412344],[114.64762,30.41882],[114.658805,30.435893],[114.645265,30.428534],[114.646737,30.442074],[114.648503,30.445312],[114.652624,30.449728],[114.652624,30.456498],[114.631724,30.466212],[114.621421,30.468567],[114.607586,30.46945],[114.601993,30.473866],[114.60788,30.495649],[114.604348,30.504774],[114.604348,30.51125],[114.6173,30.506834],[114.627603,30.49712],[114.635845,30.487406],[114.642027,30.483285],[114.648797,30.48093],[114.667342,30.468861],[114.673229,30.463269],[114.679411,30.463269],[114.69354,30.483285],[114.69354,30.490644],[114.679117,30.494471],[114.666459,30.500358],[114.657334,30.509778],[114.652624,30.524202],[114.662927,30.521553],[114.671169,30.520375],[114.678822,30.520964],[114.68677,30.524202],[114.688536,30.508601],[114.700311,30.503891],[114.734751,30.504774],[114.738872,30.50654],[114.740639,30.510072],[114.743582,30.509778],[114.751825,30.501242],[114.753296,30.49506],[114.750941,30.48829],[114.746232,30.481519],[114.741522,30.477104],[114.767131,30.478576],[114.778612,30.476809],[114.775668,30.46945],[114.761833,30.464152],[114.747703,30.463563],[114.735634,30.460914],[114.727687,30.449728],[114.734457,30.450022],[114.748292,30.449139],[114.755063,30.449728],[114.752708,30.432949],[114.756829,30.421469],[114.756534,30.415582],[114.741522,30.414993],[114.727392,30.417936],[114.721799,30.423824],[114.717678,30.434127],[114.707376,30.449728],[114.701783,30.444135],[114.696484,30.433243],[114.69354,30.428534],[114.696484,30.429122],[114.68677,30.408222],[114.670874,30.394976],[114.665576,30.387617],[114.664104,30.379964],[114.66587,30.372604],[114.669108,30.365834],[114.673229,30.360241],[114.662338,30.349644],[114.648797,30.338753]]]}},{"type":"Feature","properties":{"name":"Huangtang Hu","name_zh":"黄塘湖"},"geometry":{"type":"Polygon","coordinates":[[[114.305274,30.036441],[114.309984,30.038207],[114.30969,30.024666],[114.306452,30.012303],[114.302036,30.004061],[114.296443,30.004061],[114.28879,29.989342],[114.275543,29.983749],[114.241691,29.983455],[114.246401,29.975507],[114.244929,29.968442],[114.238159,29.965499],[114.227562,29.969914],[114.201364,29.951958],[114.218142,29.940478],[114.2517,29.931353],[114.275838,29.921933],[114.265829,29.904565],[114.25641,29.893968],[114.242869,29.890436],[114.220792,29.893968],[114.199597,29.900739],[114.179581,29.90957],[114.162802,29.92105],[114.15191,29.935179],[114.158681,29.928998],[114.147201,29.953136],[114.140136,29.980511],[114.137192,30.008182],[114.138075,30.032025],[114.139841,30.031436],[114.143963,30.03438],[114.148672,30.039384],[114.15191,30.044977],[114.151616,30.049393],[114.147201,30.059401],[114.145729,30.066171],[114.145434,30.092958],[114.147495,30.104733],[114.15191,30.113858],[114.158681,30.099435],[114.177814,30.122689],[114.201658,30.144767],[114.229623,30.154481],[114.261708,30.140645],[114.249934,30.126516],[114.234627,30.116213],[114.22403,30.102673],[114.227562,30.079712],[114.243163,30.075297],[114.248756,30.052336],[114.250817,30.034674],[114.255527,30.044977],[114.25641,30.039384],[114.261708,30.024372],[114.270834,30.030553],[114.278193,30.038501],[114.28408,30.047921],[114.289673,30.058812],[114.2935,30.050276],[114.294971,30.045272],[114.294088,30.040562],[114.289673,30.032025],[114.294088,30.033791],[114.305274,30.036441]]]}},{"type":"Feature","properties":{"name":null,"name_zh":null},"geometry":{"type":"Polygon","coordinates":[[[114.157798,29.886904],[114.165746,29.861588],[114.160741,29.85158],[114.138075,29.873657],[114.135132,29.863354],[114.130716,29.855701],[114.125123,29.849814],[114.117764,29.846281],[114.11276,29.858939],[114.113054,29.869242],[114.115998,29.87925],[114.117764,29.89073],[114.115998,29.905743],[114.111583,29.911336],[114.105107,29.914279],[114.097159,29.921933],[114.084795,29.95549],[114.075081,29.969914],[114.056242,29.976685],[114.069194,29.951075],[114.070077,29.934296],[114.060658,29.921639],[114.042113,29.907803],[114.039463,29.903094],[114.040641,29.898678],[114.039758,29.89544],[114.032104,29.893968],[114.026511,29.892202],[114.014148,29.883077],[114.008261,29.879839],[113.998252,29.878367],[113.989421,29.878661],[113.980002,29.876306],[113.967933,29.866887],[113.964106,29.871597],[113.961751,29.877484],[113.960574,29.884843],[113.960574,29.887492],[113.959102,29.891025],[113.958808,29.894557],[113.957336,29.898089],[113.953803,29.901622],[113.988538,29.910747],[114.002962,29.916929],[114.015031,29.928998],[114.000019,29.969914],[113.992071,29.976685],[113.976764,29.972269],[113.960279,29.952841],[113.947033,29.94872],[113.949094,29.95343],[113.953803,29.969914],[113.940557,29.970503],[113.932904,29.976979],[113.929077,29.986987],[113.926427,29.99729],[113.938202,29.991697],[113.954981,29.987282],[113.985006,29.983455],[113.99001,29.986104],[113.995897,29.991697],[114.000313,29.997585],[114.002079,30.000528],[114.006495,30.005827],[114.015325,30.001411],[114.024745,29.993758],[114.028277,29.989637],[114.039463,29.996701],[114.058597,30.019662],[114.06625,30.024372],[114.088328,30.034674],[114.098042,30.035852],[114.090388,30.024372],[114.099514,30.009948],[114.117764,29.99052],[114.12424,29.976685],[114.127773,29.958728],[114.128067,29.942538],[114.131305,29.926937],[114.157798,29.886904]]]}},{"type":"Feature","properties":{"name":"Hoh Xil Hu","name_zh":"可可西里湖"},"geometry":{"type":"Polygon","coordinates":[[[91.297774,35.609048],[91.338985,35.579906],[91.306605,35.568426],[91.288649,35.565188],[91.270692,35.565482],[91.298951,35.538695],[91.300129,35.528686],[91.274519,35.524565],[91.233014,35.526626],[91.218884,35.530747],[91.2024,35.538989],[91.160012,35.551353],[91.072291,35.557534],[91.03785,35.573135],[91.019305,35.589325],[91.003704,35.599923],[90.985454,35.605516],[90.959844,35.607282],[90.941888,35.614641],[90.932174,35.63142],[90.935412,35.647904],[90.956606,35.654969],[90.967792,35.653202],[90.996934,35.642017],[90.998111,35.639956],[91.001644,35.634952],[91.006648,35.630242],[91.011946,35.628182],[91.016067,35.631714],[91.018422,35.638484],[91.021072,35.645549],[91.028136,35.648787],[91.094368,35.646726],[91.113502,35.642017],[91.139112,35.62877],[91.149709,35.62671],[91.223005,35.634658],[91.21859,35.641428],[91.217118,35.647021],[91.218884,35.653497],[91.223005,35.662328],[91.241256,35.648198],[91.262745,35.64025],[91.283056,35.630242],[91.297774,35.609048]]]}},{"type":"Feature","properties":{"name":null,"name_zh":null},"geometry":{"type":"Polygon","coordinates":[[[85.900019,30.944554],[85.902963,30.933957],[85.898841,30.922477],[85.885889,30.913646],[85.876764,30.916589],[85.873232,30.926009],[85.878236,30.936312],[85.870877,30.931896],[85.862046,30.93013],[85.852332,30.93013],[85.841735,30.931308],[85.856453,30.91394],[85.862046,30.886859],[85.861752,30.85595],[85.85557,30.814445],[85.843501,30.777355],[85.836731,30.764403],[85.815536,30.747624],[85.799935,30.749096],[85.784039,30.756455],[85.761373,30.758221],[85.765789,30.766169],[85.770793,30.770585],[85.778152,30.772351],[85.788749,30.771762],[85.788749,30.778533],[85.771676,30.782065],[85.769027,30.789424],[85.772854,30.795606],[85.775797,30.795606],[85.780801,30.793839],[85.791693,30.800315],[85.803468,30.810324],[85.809944,30.819449],[85.785806,30.817683],[85.761962,30.830929],[85.743417,30.852418],[85.733998,30.874201],[85.718985,30.868019],[85.70515,30.871257],[85.69102,30.878028],[85.675419,30.88156],[85.658935,30.879499],[85.610659,30.86066],[85.598001,30.871257],[85.589759,30.864781],[85.584461,30.848297],[85.582694,30.830046],[85.574452,30.819744],[85.555319,30.82622],[85.522055,30.846825],[85.413435,30.87008],[85.377817,30.888625],[85.36928,30.895689],[85.358683,30.909525],[85.331307,30.957212],[85.333368,30.975757],[85.341905,30.993418],[85.353973,31.008137],[85.396656,31.036101],[85.405193,31.045521],[85.406076,31.05494],[85.3996,31.070247],[85.40166,31.076429],[85.411963,31.081139],[85.424327,31.080845],[85.43669,31.077606],[85.446698,31.073485],[85.480844,31.049348],[85.497034,31.041694],[85.522055,31.03875],[85.536774,31.034335],[85.567682,31.015496],[85.586816,31.011375],[85.613603,31.001955],[85.629204,30.999011],[85.638035,31.004604],[85.634503,31.014907],[85.626555,31.020794],[85.627732,31.02727],[85.651576,31.03875],[85.656285,31.031686],[85.665705,31.02256],[85.67483,31.019028],[85.678951,31.028448],[85.685133,31.037573],[85.698968,31.037573],[85.747244,31.02727],[85.783745,31.005487],[85.802879,30.996951],[85.854393,30.992241],[85.880591,30.984293],[85.891777,30.966926],[85.89472,30.955445],[85.900019,30.944554]]]}},{"type":"Feature","properties":{"name":null,"name_zh":null},"geometry":{"type":"Polygon","coordinates":[[[139.834886,53.351846],[139.843423,53.330063],[139.769537,53.332123],[139.747166,53.337716],[139.671514,53.37304],[139.657679,53.385403],[139.654147,53.397178],[139.654735,53.416017],[139.651497,53.426908],[139.643549,53.434856],[139.633835,53.4378],[139.626182,53.441921],[139.624416,53.453696],[139.632069,53.468119],[139.665038,53.495201],[139.727738,53.532291],[139.819579,53.567615],[139.911421,53.577034],[139.973532,53.536118],[139.959991,53.514335],[139.945861,53.508447],[139.928494,53.507859],[139.90465,53.501971],[139.840185,53.461349],[139.828999,53.457228],[139.822817,53.439861],[139.794558,53.403654],[139.788082,53.388936],[139.792498,53.383637],[139.822228,53.371568],[139.829588,53.362737],[139.834886,53.351846]]]}},{"type":"Feature","properties":{"name":"Biwa Ko","name_zh":"琵琶湖"},"geometry":{"type":"Polygon","coordinates":[[[136.248942,35.376795],[136.278673,35.364726],[136.276613,35.336761],[136.252769,35.28407],[136.239817,35.270823],[136.163282,35.225786],[136.104998,35.205475],[136.077917,35.190462],[136.060255,35.164558],[136.078506,35.158671],[136.073796,35.149251],[136.056428,35.14042],[136.036411,35.136593],[136.018455,35.135416],[135.99991,35.131884],[135.983132,35.125408],[135.970768,35.115988],[135.964587,35.123347],[135.957227,35.103625],[135.953106,35.078309],[135.945159,35.056821],[135.926614,35.047695],[135.919255,35.038865],[135.919255,34.995299],[135.909541,34.978814],[135.898355,34.979992],[135.884814,34.990294],[135.873334,35.005896],[135.86833,35.023558],[135.873628,35.038865],[135.921609,35.105096],[135.928085,35.119226],[135.932207,35.171328],[135.936916,35.186341],[135.957227,35.219015],[136.016395,35.266702],[136.026109,35.2773],[136.034057,35.292312],[136.067908,35.307619],[136.074384,35.321454],[136.042887,35.386509],[136.043182,35.397694],[136.051424,35.410941],[136.058489,35.43655],[136.070852,35.454212],[136.09499,35.444204],[136.113535,35.476584],[136.122366,35.486592],[136.126487,35.47158],[136.128253,35.455684],[136.134729,35.443321],[136.152685,35.438022],[136.157395,35.445381],[136.160339,35.462455],[136.163282,35.499544],[136.177706,35.495129],[136.189775,35.486887],[136.19684,35.474818],[136.197429,35.458628],[136.197429,35.465987],[136.1989,35.435079],[136.205376,35.406231],[136.220978,35.385037],[136.248942,35.376795]]]}},{"type":"Feature","properties":{"name":"Reg Nuur","name_zh":"烏雷格湖"},"geometry":{"type":"Polygon","coordinates":[[[90.909508,50.112074],[90.868885,50.122966],[90.874184,50.135918],[90.904798,50.161527],[90.92923,50.192435],[90.933057,50.203621],[90.93394,50.214218],[90.939533,50.220694],[90.956606,50.219811],[90.975445,50.214218],[91.051686,50.219811],[91.07023,50.216279],[91.089659,50.209803],[91.107615,50.201855],[91.120567,50.192435],[91.128809,50.180367],[91.136757,50.162999],[91.141467,50.142982],[91.140878,50.123554],[91.130575,50.103243],[91.112913,50.093235],[91.090542,50.089702],[91.065815,50.089408],[90.96632,50.082638],[90.946009,50.087936],[90.909508,50.112074]]]}},{"type":"Feature","properties":{"name":null,"name_zh":null},"geometry":{"type":"Polygon","coordinates":[[[90.290754,33.313596],[90.236003,33.341561],[90.213337,33.349803],[90.194497,33.360989],[90.160351,33.389837],[90.124144,33.357751],[90.085877,33.362461],[89.99639,33.403377],[90.014641,33.426044],[90.016996,33.433991],[90.014346,33.44606],[90.008165,33.450181],[90.0011,33.452242],[89.99639,33.45754],[89.994918,33.475202],[90.005515,33.473142],[90.023177,33.463428],[90.052908,33.453714],[90.091175,33.43458],[90.11914,33.413091],[90.137979,33.403672],[90.158879,33.398668],[90.181251,33.396607],[90.195969,33.398079],[90.207449,33.402789],[90.281923,33.453419],[90.294287,33.45754],[90.302823,33.479912],[90.293109,33.529071],[90.270149,33.602073],[90.277508,33.602073],[90.286928,33.599424],[90.293404,33.612965],[90.296936,33.632393],[90.298113,33.725117],[90.31607,33.689499],[90.318719,33.680668],[90.337558,33.670954],[90.341679,33.66389],[90.325489,33.656825],[90.336086,33.623856],[90.344034,33.608549],[90.356103,33.602073],[90.362285,33.593537],[90.378475,33.555564],[90.390838,33.546733],[90.402024,33.530543],[90.407028,33.49257],[90.407911,33.419862],[90.400258,33.420745],[90.364051,33.414563],[90.352865,33.409853],[90.347567,33.401317],[90.343151,33.383066],[90.339619,33.375707],[90.311654,33.361872],[90.311654,33.34892],[90.314598,33.33273],[90.310771,33.319189],[90.290754,33.313596]]]}},{"type":"Feature","properties":{"name":null,"name_zh":null},"geometry":{"type":"Polygon","coordinates":[[[89.973135,33.492275],[89.976668,33.484916],[89.972841,33.471964],[89.964893,33.46696],[89.955768,33.464016],[89.948703,33.45754],[89.947231,33.437818],[89.949292,33.410442],[89.946937,33.38601],[89.93163,33.375707],[89.916912,33.370409],[89.902488,33.35834],[89.891597,33.343622],[89.887181,33.330964],[89.882471,33.308298],[89.870402,33.292991],[89.85274,33.282099],[89.832429,33.27268],[89.848325,33.260317],[89.843321,33.247364],[89.82507,33.242949],[89.800932,33.255901],[89.793573,33.266498],[89.798577,33.269736],[89.807703,33.271797],[89.811529,33.280039],[89.807408,33.286221],[89.790041,33.302116],[89.784154,33.313596],[89.777678,33.347743],[89.777383,33.383361],[89.788863,33.41162],[89.8183,33.423394],[89.806231,33.430165],[89.752657,33.430459],[89.728813,33.436935],[89.674356,33.478146],[89.661404,33.492275],[89.667585,33.499046],[89.692606,33.483445],[89.739116,33.464605],[89.788569,33.453419],[89.821832,33.461367],[89.830074,33.46696],[89.838022,33.470198],[89.84391,33.475497],[89.846264,33.488449],[89.84597,33.499635],[89.847442,33.509349],[89.852152,33.516413],[89.863043,33.519063],[89.929569,33.525244],[89.948703,33.519063],[89.956357,33.512587],[89.973135,33.492275]]]}},{"type":"Feature","properties":{"name":null,"name_zh":null},"geometry":{"type":"Polygon","coordinates":[[[75.91872,32.11053],[75.921369,32.114357],[75.919014,32.122894],[75.91872,32.12672],[75.922252,32.12937],[75.935499,32.130841],[75.941681,32.132313],[75.945507,32.135257],[75.946096,32.139672],[75.944624,32.144382],[75.933144,32.161455],[75.931083,32.166165],[75.930495,32.170875],[75.932555,32.17529],[75.937265,32.177645],[75.942564,32.178823],[75.953749,32.178234],[75.974355,32.168226],[75.998198,32.137023],[76.006146,32.132902],[76.012034,32.132608],[76.015272,32.137023],[76.02528,32.157923],[76.02999,32.162044],[76.034994,32.165282],[76.042353,32.167048],[76.043825,32.164104],[76.042942,32.141144],[76.039409,32.122599],[76.039115,32.11524],[76.040587,32.107881],[76.045591,32.099933],[76.052067,32.097284],[76.057954,32.098167],[76.063547,32.100522],[76.070612,32.101111],[76.07385,32.097578],[76.076499,32.091985],[76.080326,32.085804],[76.085625,32.083449],[76.098577,32.084921],[76.106524,32.084626],[76.11094,32.081094],[76.112412,32.076678],[76.111234,32.071085],[76.104758,32.05519],[76.104758,32.047536],[76.106524,32.039588],[76.112117,32.027814],[76.117122,32.021632],[76.12242,32.017511],[76.128307,32.015451],[76.135078,32.014568],[76.141554,32.014862],[76.160982,32.018689],[76.16893,32.017511],[76.172756,32.013684],[76.173345,32.00868],[76.171579,32.004559],[76.169813,32.001615],[76.169224,32.001027],[76.169224,32.000732],[76.16893,32.000438],[76.168635,32.000144],[76.168341,31.999849],[76.168341,31.999555],[76.160982,31.991018],[76.158333,31.986014],[76.157449,31.980127],[76.158627,31.97424],[76.160982,31.968058],[76.187475,31.925081],[76.1966,31.906242],[76.199544,31.895644],[76.200427,31.882692],[76.200132,31.877983],[76.197777,31.873567],[76.193656,31.870329],[76.188358,31.868857],[76.18247,31.869446],[76.176583,31.871507],[76.171579,31.87445],[76.159804,31.885342],[76.155389,31.887402],[76.15009,31.887108],[76.145381,31.884459],[76.137727,31.876511],[76.133606,31.873567],[76.128602,31.872095],[76.123598,31.873273],[76.119182,31.876216],[76.116533,31.880632],[76.114472,31.885636],[76.112117,31.890346],[76.108585,31.893878],[76.102109,31.895056],[76.088568,31.896233],[76.08327,31.898588],[76.080032,31.902415],[76.080326,31.912718],[76.079149,31.917722],[76.075911,31.921548],[76.071201,31.923903],[76.051184,31.926553],[76.007912,31.941271],[76.003791,31.94392],[76.000553,31.946864],[75.997904,31.94863],[75.993194,31.950985],[75.980242,31.954223],[75.969351,31.959521],[75.963463,31.961288],[75.942269,31.962171],[75.936676,31.963348],[75.93491,31.964526],[75.934616,31.965409],[75.934616,31.965997],[75.934321,31.967469],[75.939914,31.975711],[75.944035,31.986897],[75.946979,31.991901],[75.954044,31.999555],[75.954044,31.999849],[75.954044,32.000438],[75.954338,32.000438],[75.958165,32.036939],[75.956693,32.041649],[75.951983,32.044593],[75.93962,32.049008],[75.93491,32.051952],[75.931378,32.055778],[75.930495,32.060488],[75.931378,32.064904],[75.931967,32.070497],[75.931672,32.075501],[75.933144,32.080799],[75.936676,32.089042],[75.934616,32.092868],[75.929317,32.095518],[75.917543,32.099933],[75.913716,32.102877],[75.912244,32.10582],[75.914893,32.108764],[75.91872,32.11053]]]}},{"type":"Feature","properties":{"name":null,"name_zh":null},"geometry":{"type":"Polygon","coordinates":[[[91.533854,32.094046],[91.534443,32.067553],[91.532088,32.046653],[91.516192,31.999261],[91.511482,31.971296],[91.518253,31.950396],[91.506184,31.942154],[91.463207,31.929496],[91.467622,31.943331],[91.463501,31.952457],[91.454081,31.958638],[91.442601,31.964231],[91.431415,31.980716],[91.424056,32.012507],[91.421113,32.047536],[91.421996,32.07344],[91.433476,32.095223],[91.455847,32.118772],[91.483812,32.135257],[91.510894,32.135551],[91.527084,32.119067],[91.533854,32.094046]]]}},{"type":"Feature","properties":{"name":null,"name_zh":null},"geometry":{"type":"Polygon","coordinates":[[[87.606153,31.944214],[87.617045,31.922137],[87.610863,31.903887],[87.597617,31.887108],[87.570535,31.861498],[87.555228,31.850901],[87.538155,31.843542],[87.519022,31.840598],[87.481343,31.841187],[87.463092,31.839126],[87.447197,31.833239],[87.417466,31.843542],[87.409224,31.877099],[87.418938,31.912718],[87.499888,31.962465],[87.539038,31.979244],[87.557289,31.97424],[87.580838,31.965114],[87.592024,31.958638],[87.601444,31.958638],[87.604976,31.957461],[87.606153,31.953634],[87.606153,31.944214]]]}},{"type":"Feature","properties":{"name":"Banggong Co","name_zh":"班公错"},"geometry":{"type":"Polygon","coordinates":[[[78.980401,33.735715],[78.984817,33.720996],[78.970393,33.711577],[78.948316,33.706573],[78.928888,33.704512],[78.861773,33.689499],[78.8238,33.698919],[78.799956,33.690088],[78.776407,33.677136],[78.758157,33.669777],[78.727543,33.678019],[78.69163,33.703629],[78.656307,33.738364],[78.628048,33.773393],[78.605382,33.809011],[78.590958,33.826967],[78.576534,33.834915],[78.563582,33.839919],[78.486458,33.893199],[78.456728,33.92087],[78.435533,33.951483],[78.435533,33.978859],[78.447897,33.967674],[78.456728,33.968851],[78.464675,33.975033],[78.473506,33.978859],[78.488225,33.979154],[78.49735,33.977682],[78.501765,33.973561],[78.502648,33.95531],[78.505003,33.949129],[78.511185,33.937943],[78.545331,33.896437],[78.551807,33.907918],[78.559461,33.905857],[78.576534,33.886429],[78.589191,33.87907],[78.60126,33.874949],[78.61068,33.869945],[78.618334,33.846101],[78.637467,33.831972],[78.641588,33.824318],[78.679561,33.783107],[78.729014,33.744545],[78.75904,33.728944],[78.785532,33.725117],[78.792597,33.728944],[78.805255,33.742485],[78.813497,33.746017],[78.820856,33.74484],[78.833514,33.735715],[78.840284,33.732477],[78.855885,33.730416],[78.868249,33.731888],[78.880023,33.737186],[78.895625,33.746017],[78.913286,33.734243],[78.962445,33.74013],[78.980401,33.735715]]]}},{"type":"Feature","properties":{"name":"Dood-Tsagaan Nuur","name_zh":"下查干湖"},"geometry":{"type":"Polygon","coordinates":[[[99.517303,51.482633],[99.517892,51.471742],[99.508473,51.45879],[99.492871,51.450253],[99.432821,51.438479],[99.373654,51.414047],[99.364528,51.404333],[99.377775,51.393441],[99.43076,51.380783],[99.436353,51.37313],[99.425462,51.359],[99.410744,51.32456],[99.401913,51.311608],[99.386311,51.29689],[99.369533,51.285998],[99.355698,51.285998],[99.350399,51.304837],[99.352754,51.311608],[99.364234,51.33133],[99.371299,51.339278],[99.364528,51.348109],[99.355109,51.356646],[99.350399,51.359589],[99.345689,51.374013],[99.335092,51.389614],[99.321846,51.402861],[99.309777,51.410514],[99.334503,51.420523],[99.388961,51.43112],[99.408977,51.441717],[99.465495,51.489109],[99.476681,51.493231],[99.491988,51.492936],[99.508473,51.490287],[99.517303,51.482633]]]}},{"type":"Feature","properties":{"name":null,"name_zh":null},"geometry":{"type":"Polygon","coordinates":[[[59.036937,51.794365],[59.056365,51.799075],[59.077265,51.783768],[59.124364,51.792304],[59.20031,51.816148],[59.19089,51.806728],[59.185003,51.797309],[59.186769,51.788772],[59.20031,51.782002],[59.20031,51.775231],[59.18147,51.776703],[59.159393,51.782296],[59.138493,51.784945],[59.121714,51.778764],[59.104347,51.769638],[59.083447,51.769344],[59.042825,51.775231],[59.025457,51.773171],[59.0,51.76562782929131],[59.0,51.7970810295396],[59.036937,51.794365]]]}},{"type":"Feature","properties":{"name":null,"name_zh":null},"geometry":{"type":"Polygon","coordinates":[[[140.747415,51.658369],[140.768904,51.623928],[140.73358,51.623928],[140.71739,51.626872],[140.690603,51.641296],[140.675296,51.647183],[140.659106,51.651304],[140.644682,51.651598],[140.632907,51.648066],[140.619955,51.640707],[140.611419,51.630699],[140.617895,51.608916],[140.608769,51.600379],[140.558728,51.582423],[140.4139,51.557108],[140.38417,51.559757],[140.356794,51.576536],[140.332656,51.566233],[140.317643,51.577124],[140.305869,51.594786],[140.291739,51.603911],[140.267307,51.602145],[140.246407,51.597141],[140.226685,51.588605],[140.206962,51.576536],[140.202547,51.574769],[140.189889,51.571531],[140.186063,51.569176],[140.183708,51.563878],[140.183413,51.556519],[140.184296,51.550632],[140.186063,51.549454],[140.178115,51.535913],[140.172227,51.53032],[140.16163,51.52826],[140.136315,51.531204],[140.121891,51.539151],[140.097165,51.569176],[140.120125,51.585955],[140.187829,51.617747],[140.199603,51.637469],[140.185474,51.648949],[140.156332,51.655425],[140.072732,51.658074],[140.052421,51.653953],[140.034465,51.645417],[140.002674,51.623339],[139.941446,51.590076],[139.889049,51.571237],[139.885517,51.573592],[139.861379,51.577419],[139.857552,51.57889],[139.855786,51.580657],[139.855786,51.585367],[139.859907,51.589193],[139.889344,51.601851],[139.895231,51.605678],[139.905828,51.615097],[139.933498,51.652776],[139.942329,51.662196],[140.075087,51.760808],[140.079797,51.763162],[140.085096,51.764634],[140.106879,51.767872],[140.110117,51.767284],[140.113943,51.763751],[140.113355,51.759041],[140.110117,51.754332],[140.046828,51.68074],[140.035054,51.672204],[140.111,51.680152],[140.127778,51.675442],[140.14073,51.669555],[140.155743,51.66926],[140.18253,51.672204],[140.193716,51.676914],[140.191361,51.687805],[140.179292,51.70635],[140.177526,51.732254],[140.185768,51.746678],[140.204313,51.753448],[140.283791,51.758747],[140.308518,51.765223],[140.329418,51.775231],[140.348846,51.792304],[140.364153,51.813204],[140.373867,51.836459],[140.387408,51.925063],[140.384464,51.946551],[140.373278,51.959209],[140.35385,51.976576],[140.338249,51.995121],[140.339721,52.011311],[140.356205,52.02132],[140.371218,52.017199],[140.41861,51.973338],[140.427441,51.955088],[140.427441,51.935071],[140.402715,51.894154],[140.408896,51.875904],[140.427441,51.864718],[140.452756,51.864129],[140.476306,51.875021],[140.4975,51.888267],[140.509274,51.893566],[140.524287,51.891505],[140.552252,51.88444],[140.608181,51.877081],[140.637323,51.866484],[140.652041,51.850883],[140.607886,51.846173],[140.524287,51.826156],[140.480721,51.823801],[140.436861,51.837048],[140.414489,51.839403],[140.405069,51.826745],[140.399477,51.806728],[140.385641,51.788183],[140.36798,51.772876],[140.350318,51.761691],[140.332656,51.754037],[140.287324,51.742851],[140.222858,51.741085],[140.207257,51.73873],[140.203136,51.732843],[140.204902,51.725778],[140.21491,51.704584],[140.230806,51.686333],[140.250823,51.675736],[140.291151,51.687805],[140.317938,51.685156],[140.334422,51.676619],[140.322648,51.665434],[140.36062,51.624223],[140.423614,51.620101],[140.603765,51.668672],[140.665287,51.678386],[140.682066,51.677797],[140.725926,51.671026],[140.740939,51.665434],[140.747415,51.658369]]]}},{"type":"Feature","properties":{"name":null,"name_zh":null},"geometry":{"type":"Polygon","coordinates":[[[137.444944,50.370526],[137.47232,50.35934],[137.457013,50.353158],[137.426988,50.34786],[137.410798,50.339323],[137.400789,50.329609],[137.383127,50.316657],[137.377534,50.301939],[137.403438,50.287515],[137.390192,50.274563],[137.39343,50.256607],[137.406676,50.240417],[137.424633,50.232763],[137.418745,50.222755],[137.419923,50.214807],[137.426399,50.209214],[137.436702,50.205682],[137.421983,50.198028],[137.404322,50.181838],[137.393724,50.178895],[137.389898,50.186843],[137.376651,50.232763],[137.364582,50.255135],[137.363111,50.26426],[137.358106,50.270442],[137.334263,50.274563],[137.325138,50.277801],[137.266854,50.287515],[137.258611,50.286926],[137.235945,50.282217],[137.225348,50.281333],[137.199738,50.287221],[137.16412,50.310181],[137.139983,50.31548],[137.114667,50.308709],[137.110252,50.292519],[137.117905,50.272208],[137.134095,50.245127],[137.142337,50.223638],[137.143809,50.216279],[137.140571,50.205976],[137.133212,50.196851],[137.126147,50.192141],[137.112901,50.207742],[137.090824,50.199206],[137.02312,50.147398],[137.013995,50.143571],[136.991034,50.144748],[136.981909,50.140627],[136.964836,50.130619],[136.920093,50.119728],[136.903019,50.110014],[136.913617,50.091469],[136.904491,50.073512],[136.885652,50.060266],[136.86593,50.054673],[136.853272,50.044665],[136.83561,49.973429],[136.787334,49.90337],[136.777915,49.874228],[136.768201,49.861865],[136.765846,49.856566],[136.768201,49.849501],[136.778209,49.838904],[136.78027,49.832428],[136.78233,49.828896],[136.786746,49.826246],[136.795871,49.822125],[136.799698,49.816532],[136.797637,49.810645],[136.792339,49.805641],[136.786746,49.80152],[136.788512,49.797399],[136.796754,49.787096],[136.807645,49.770317],[136.816182,49.762958],[136.817065,49.760015],[136.797048,49.757954],[136.790278,49.759131],[136.786451,49.760603],[136.778798,49.76443],[136.77556,49.766785],[136.758487,49.782386],[136.750833,49.791806],[136.746123,49.80152],[136.74524,49.811234],[136.747301,49.832722],[136.746123,49.842437],[136.74053,49.850679],[136.733171,49.855389],[136.72434,49.85951],[136.715215,49.866574],[136.696081,49.874817],[136.674299,49.870695],[136.651338,49.861865],[136.629555,49.856566],[136.616603,49.858332],[136.593054,49.866869],[136.581574,49.869812],[136.567444,49.869812],[136.529471,49.863631],[136.510632,49.858332],[136.381995,49.790334],[136.364922,49.777676],[136.350204,49.751184],[136.344611,49.746768],[136.307226,49.726457],[136.295746,49.712328],[136.27308,49.664346],[136.259834,49.652866],[136.228631,49.63697],[136.214796,49.626962],[136.188598,49.612244],[136.146798,49.598409],[136.104998,49.594582],[136.08086,49.609594],[136.099111,49.615482],[136.128547,49.628728],[136.142677,49.630789],[136.148564,49.628139],[136.150036,49.623135],[136.153274,49.618425],[136.163282,49.616659],[136.171819,49.61872],[136.180944,49.624018],[136.197429,49.63697],[136.187715,49.668762],[136.213913,49.682008],[136.250414,49.689662],[136.27308,49.705263],[136.235402,49.700847],[136.22245,49.703497],[136.22451,49.718804],[136.212147,49.721747],[136.205376,49.725868],[136.20155,49.731756],[136.197429,49.739409],[136.1989,49.741764],[136.192719,49.773555],[136.190658,49.777676],[136.198606,49.790923],[136.216562,49.80358],[136.252769,49.822714],[136.233341,49.828013],[136.212736,49.828307],[136.193013,49.830662],[136.177118,49.842437],[136.205965,49.848913],[136.303988,49.849207],[136.329892,49.855683],[136.381701,49.886885],[136.409665,49.897777],[136.404367,49.907491],[136.404072,49.915733],[136.408193,49.92162],[136.416436,49.924858],[136.404072,49.942815],[136.416141,49.955767],[136.440279,49.963715],[136.464711,49.966658],[136.491204,49.964598],[136.518874,49.958416],[136.543601,49.94723],[136.560674,49.931334],[136.577747,49.895716],[136.592465,49.88247],[136.618958,49.877171],[136.711977,49.890712],[136.725224,49.889535],[136.731111,49.88718],[136.735821,49.888357],[136.746123,49.897777],[136.753188,49.908374],[136.761725,49.931629],[136.769672,49.941637],[136.773794,49.954295],[136.773205,49.996095],[136.78027,50.014345],[136.805585,50.043782],[136.812355,50.060266],[136.814416,50.08617],[136.817654,50.097061],[136.825896,50.107953],[136.84503,50.127087],[136.852978,50.138567],[136.857687,50.161233],[136.862103,50.172124],[136.876821,50.187726],[136.951295,50.232763],[136.993095,50.244832],[137.012817,50.253958],[137.077872,50.312242],[137.064331,50.344327],[137.057855,50.350215],[137.047847,50.346682],[137.036366,50.329315],[137.026652,50.32225],[137.013995,50.321661],[137.017821,50.33167],[137.051968,50.370526],[137.058738,50.381417],[137.061387,50.394369],[137.060799,50.401728],[137.059916,50.408499],[137.055794,50.422039],[137.055794,50.434403],[137.060799,50.446177],[137.06963,50.452065],[137.080521,50.446472],[137.082876,50.442939],[137.089941,50.424689],[137.093473,50.419685],[137.122909,50.383772],[137.13645,50.341384],[137.146164,50.332258],[137.167653,50.346388],[137.176484,50.348448],[137.18767,50.342561],[137.199444,50.334025],[137.211807,50.328432],[137.222699,50.327843],[137.379006,50.354924],[137.397551,50.364344],[137.418451,50.371998],[137.444944,50.370526]],[[137.094062,50.24601],[137.074634,50.267498],[137.078755,50.272208],[137.080227,50.276329],[137.080815,50.285455],[137.072279,50.282805],[137.046375,50.266321],[137.023709,50.245127],[137.009579,50.237473],[136.935988,50.209803],[136.929807,50.202444],[136.912439,50.173302],[136.905669,50.1577],[136.913322,50.15093],[136.928629,50.152402],[136.992506,50.168003],[137.006636,50.173302],[137.019588,50.180072],[137.079344,50.223638],[137.094062,50.24601]]]}},{"type":"Feature","properties":{"name":null,"name_zh":null},"geometry":{"type":"Polygon","coordinates":[[[61.967921,46.263852],[61.969099,46.254727],[61.969099,46.250311],[61.967921,46.245896],[61.964977,46.242658],[61.958207,46.239125],[61.955263,46.23677],[61.953792,46.234121],[61.947021,46.214104],[61.944961,46.210866],[61.94084,46.206745],[61.935835,46.203213],[61.930242,46.200269],[61.92465,46.198503],[61.913169,46.195854],[61.91052,46.19291],[61.913169,46.186728],[61.914936,46.184374],[61.916702,46.181724],[61.91729,46.179075],[61.916407,46.175837],[61.914347,46.173482],[61.911403,46.171421],[61.908459,46.16995],[61.905221,46.168772],[61.899334,46.169067],[61.881672,46.175837],[61.87814,46.175837],[61.871075,46.174659],[61.867543,46.174659],[61.864599,46.175837],[61.855768,46.180252],[61.849881,46.182019],[61.843699,46.182313],[61.838401,46.180547],[61.834868,46.175837],[61.832808,46.16995],[61.830159,46.166123],[61.826332,46.163179],[61.820739,46.16053],[61.81809,46.158469],[61.816618,46.156115],[61.815735,46.150522],[61.814263,46.147578],[61.808081,46.140513],[61.805138,46.141396],[61.801605,46.147284],[61.796601,46.157292],[61.794246,46.161119],[61.791303,46.162885],[61.787476,46.163474],[61.78306,46.162885],[61.765987,46.157881],[61.714474,46.151699],[61.688275,46.151699],[61.662371,46.155231],[61.65825,46.155231],[61.652068,46.152582],[61.645298,46.147284],[61.640294,46.141102],[61.639705,46.13492],[61.648242,46.129916],[61.661782,46.129327],[61.686509,46.132565],[61.694457,46.131977],[61.702405,46.129622],[61.70476,46.126089],[61.697106,46.121968],[61.660899,46.111666],[61.654423,46.108722],[61.652951,46.106661],[61.654129,46.103718],[61.659427,46.101363],[61.666492,46.101068],[61.742732,46.119025],[61.750092,46.117258],[61.754213,46.109899],[61.75333,46.100774],[61.740966,46.074576],[61.7601,46.078108],[61.775996,46.078108],[61.787181,46.076342],[61.795129,46.071632],[61.795129,46.062801],[61.782472,46.041607],[61.778939,46.0263],[61.776584,46.021885],[61.773935,46.019824],[61.770991,46.01953],[61.751269,46.022768],[61.744793,46.022473],[61.738611,46.020707],[61.730664,46.016292],[61.725954,46.01011],[61.7183,45.995686],[61.691219,45.959479],[61.68592,45.954181],[61.682388,45.952415],[61.680622,45.953298],[61.679444,45.956241],[61.678561,45.98244],[61.677384,45.989504],[61.671202,45.999513],[61.661194,46.003928],[61.637939,46.008049],[61.627636,46.012465],[61.617922,46.018941],[61.600849,46.034248],[61.59349,46.043667],[61.578477,46.080169],[61.575828,46.08429],[61.56317,46.098125],[61.56111,46.101657],[61.560227,46.10519],[61.563759,46.112254],[61.571707,46.116964],[61.588486,46.124029],[61.592901,46.127856],[61.616745,46.151699],[61.63735,46.167595],[61.640883,46.171716],[61.642649,46.176131],[61.642354,46.180252],[61.63735,46.191733],[61.641471,46.198797],[61.652951,46.19968],[61.676206,46.197031],[61.682682,46.19762],[61.688864,46.199386],[61.694457,46.201741],[61.708586,46.211455],[61.713296,46.213221],[61.718595,46.213221],[61.72772,46.208806],[61.739789,46.201152],[61.751269,46.195854],[61.759217,46.19762],[61.761572,46.202918],[61.765399,46.22058],[61.768637,46.225879],[61.772758,46.229117],[61.778056,46.230883],[61.784238,46.231472],[61.80867,46.228528],[61.816912,46.228528],[61.82486,46.23],[61.832219,46.232649],[61.839284,46.236182],[61.863422,46.253255],[61.870487,46.256198],[61.87814,46.25767],[61.885793,46.257965],[61.901689,46.256787],[61.934952,46.256787],[61.951437,46.259436],[61.967921,46.263852]]]}},{"type":"Feature","properties":{"name":null,"name_zh":null},"geometry":{"type":"Polygon","coordinates":[[[113.069239,29.393844],[113.071594,29.386485],[113.069239,29.377948],[113.065118,29.369411],[113.063058,29.36323],[113.055698,29.284635],[113.049222,29.267856],[113.029206,29.232827],[113.017725,29.219874],[113.008895,29.205156],[113.000358,29.1663],[112.993588,29.147461],[112.986228,29.170421],[112.987406,29.254021],[112.992704,29.262557],[113.004479,29.269033],[113.016254,29.278159],[113.021552,29.294643],[113.02008,29.307301],[113.015665,29.322019],[113.008011,29.334088],[112.997414,29.339386],[112.970922,29.333499],[112.944429,29.31937],[112.898802,29.284635],[112.83522,29.215459],[112.816086,29.202213],[112.816086,29.229294],[112.822268,29.250194],[112.832865,29.271977],[112.88379,29.3491],[112.886145,29.365585],[112.87437,29.383835],[112.861124,29.394727],[112.854942,29.394727],[112.851704,29.390606],[112.846994,29.387662],[112.852293,29.380303],[112.845522,29.367057],[112.83522,29.359403],[112.829627,29.370295],[112.827272,29.396199],[112.827861,29.409445],[112.833453,29.415038],[112.842284,29.417393],[112.853765,29.423869],[112.864362,29.4327],[112.870543,29.442414],[112.858769,29.444474],[112.852293,29.45095],[112.846994,29.459781],[112.83728,29.469495],[112.826094,29.475088],[112.804311,29.479798],[112.795775,29.483919],[112.791359,29.480092],[112.787827,29.478621],[112.774286,29.477149],[112.774286,29.483919],[112.795481,29.491278],[112.811376,29.495105],[112.826389,29.493044],[112.844051,29.483919],[112.912343,29.431817],[112.92294,29.427401],[112.979752,29.374121],[112.994176,29.364407],[113.015076,29.357637],[113.033915,29.361169],[113.042158,29.383835],[113.045101,29.387956],[113.05246,29.393255],[113.061586,29.396493],[113.069239,29.393844]]]}},{"type":"Feature","properties":{"name":null,"name_zh":null},"geometry":{"type":"Polygon","coordinates":[[[118.839954,29.630218],[118.834361,29.628452],[118.826118,29.627274],[118.839954,29.630218]]]}},{"type":"Feature","properties":{"name":"Ulansuhai Nur","name_zh":"烏梁素海"},"geometry":{"type":"Polygon","coordinates":[[[108.951085,40.994145],[108.944903,40.971774],[108.926358,40.952934],[108.903398,40.934389],[108.897511,40.92703],[108.883087,40.912018],[108.876317,40.908191],[108.8772,40.90613],[108.852179,40.891412],[108.838638,40.876105],[108.816855,40.86021],[108.768874,40.837249],[108.729723,40.80428],[108.714122,40.801042],[108.708235,40.811934],[108.717654,40.838721],[108.727368,40.855205],[108.730018,40.861976],[108.732078,40.872278],[108.731489,40.88317],[108.728251,40.895239],[108.717654,40.920554],[108.729723,40.921437],[108.74032,40.917905],[108.747974,40.91084],[108.751801,40.899654],[108.766813,40.91084],[108.782414,40.926736],[108.800371,40.939099],[108.8145,40.94116],[108.836283,40.934389],[108.861598,40.93174],[108.861598,40.948813],[108.858949,40.967064],[108.852179,40.975306],[108.831279,40.98502],[108.821859,41.00592],[108.829218,41.027114],[108.858655,41.036828],[108.863953,41.034473],[108.869841,41.029175],[108.873962,41.023582],[108.876022,41.020049],[108.880143,41.013868],[108.888974,41.018577],[108.896628,41.026525],[108.897805,41.030352],[108.921354,41.033001],[108.932834,41.030646],[108.944903,41.023582],[108.951085,40.994145]]]}},{"type":"Feature","properties":{"name":"Dongting Hu","name_zh":"洞庭湖"},"geometry":{"type":"Polygon","coordinates":[[[112.885262,29.016175],[112.90469,29.031481],[112.903807,29.013525],[112.883201,28.987916],[112.878197,28.966133],[112.857297,28.915796],[112.859358,28.904316],[112.863184,28.891953],[112.864362,28.880473],[112.858769,28.860162],[112.846994,28.8425],[112.831099,28.830136],[112.804017,28.823072],[112.792537,28.818656],[112.781351,28.817184],[112.771343,28.821894],[112.766338,28.832786],[112.768988,28.841911],[112.775758,28.848976],[112.78194,28.853391],[112.801662,28.859278],[112.824328,28.861045],[112.842579,28.866638],[112.850232,28.883711],[112.842284,28.908732],[112.823151,28.90932],[112.78194,28.886654],[112.711292,28.867226],[112.700695,28.856335],[112.696869,28.848093],[112.688038,28.847798],[112.669198,28.853391],[112.659779,28.848093],[112.658012,28.836318],[112.659484,28.822483],[112.658307,28.811591],[112.650653,28.804527],[112.619156,28.781272],[112.61062,28.776856],[112.605321,28.780683],[112.603261,28.785982],[112.603849,28.801289],[112.600317,28.81012],[112.593252,28.811591],[112.585893,28.811591],[112.582655,28.815124],[112.575591,28.838379],[112.558223,28.820717],[112.536734,28.793047],[112.517306,28.787454],[112.504354,28.791575],[112.473446,28.781272],[112.456079,28.787454],[112.411335,28.825427],[112.380721,28.863694],[112.360116,28.881356],[112.336861,28.886654],[112.34216,28.867521],[112.338333,28.832197],[112.343043,28.811591],[112.331563,28.815713],[112.32597,28.825427],[112.32332,28.835141],[112.319494,28.839556],[112.312429,28.836024],[112.307719,28.828076],[112.302715,28.811591],[112.324204,28.783921],[112.329208,28.770675],[112.322437,28.770675],[112.312723,28.785982],[112.302715,28.798051],[112.296828,28.789514],[112.295062,28.780683],[112.296828,28.772147],[112.302715,28.763904],[112.29094,28.769792],[112.280343,28.773618],[112.272395,28.770969],[112.26798,28.756545],[112.26121,28.756545],[112.26327,28.773324],[112.27269,28.785099],[112.283581,28.795401],[112.288291,28.808353],[112.288291,28.816007],[112.287408,28.824543],[112.283287,28.825721],[112.27475,28.811591],[112.26798,28.811591],[112.266508,28.815418],[112.26121,28.825427],[112.248552,28.807765],[112.240604,28.790692],[112.233245,28.790692],[112.230301,28.804527],[112.233539,28.817773],[112.240604,28.832197],[112.227358,28.840145],[112.214111,28.835141],[112.202042,28.823366],[112.192917,28.811591],[112.188796,28.824249],[112.185264,28.853391],[112.186441,28.858395],[112.193212,28.861339],[112.192917,28.866343],[112.189385,28.871936],[112.185852,28.872819],[112.181143,28.873114],[112.17555,28.877235],[112.167602,28.884888],[112.159065,28.890187],[112.149351,28.89313],[112.123742,28.896663],[112.089301,28.914619],[112.001875,28.931398],[111.96243,28.950826],[111.966257,28.982911],[111.978326,28.987916],[111.996871,28.983794],[112.013649,28.975258],[112.029545,28.954358],[112.049562,28.949943],[112.089301,28.948765],[112.142287,28.934636],[112.151412,28.938168],[112.157593,28.956124],[112.172017,28.963483],[112.187913,28.967604],[112.199099,28.976141],[112.201159,29.007049],[112.1938,29.042667],[112.194389,29.072398],[112.220293,29.085939],[112.252673,29.076814],[112.263859,29.052087],[112.268274,29.024122],[112.281521,29.004106],[112.269746,28.973492],[112.26798,28.963189],[112.26798,28.951709],[112.282993,28.865754],[112.294178,28.860162],[112.31655,28.873702],[112.31655,28.880473],[112.303892,28.889598],[112.307425,28.908732],[112.319199,28.924627],[112.333329,28.924922],[112.351874,28.913441],[112.394262,28.89578],[112.411335,28.880473],[112.413985,28.873114],[112.415162,28.854569],[112.418106,28.845738],[112.425465,28.835729],[112.428997,28.834552],[112.433118,28.837495],[112.466381,28.844855],[112.476684,28.845738],[112.479333,28.849859],[112.473741,28.870759],[112.472857,28.880473],[112.483455,28.896368],[112.503177,28.906965],[112.525843,28.912853],[112.586482,28.914619],[112.597079,28.911087],[112.612975,28.89313],[112.624161,28.886654],[112.634463,28.886654],[112.65448,28.89313],[112.665666,28.894308],[112.675969,28.891658],[112.691276,28.882533],[112.703345,28.880473],[112.725127,28.882828],[112.745733,28.889304],[112.78194,28.907849],[112.816086,28.935224],[112.847289,28.947882],[112.857591,28.95583],[112.871426,28.977318],[112.877314,28.997924],[112.885262,29.016175]]]}},{"type":"Feature","properties":{"name":"Ozero Teletskoye","name_zh":"捷列茨科耶湖"},"geometry":{"type":"Polygon","coordinates":[[[87.838995,51.366065],[87.844588,51.357529],[87.836346,51.346637],[87.820156,51.344282],[87.802494,51.346932],[87.777768,51.353996],[87.764227,51.360178],[87.751275,51.368126],[87.74215,51.377545],[87.738029,51.388731],[87.735674,51.413458],[87.72802,51.428765],[87.708887,51.462322],[87.697701,51.477041],[87.684454,51.487049],[87.681216,51.492936],[87.680039,51.504711],[87.681805,51.515308],[87.684454,51.524727],[87.68416,51.534147],[87.677095,51.545922],[87.6612,51.565055],[87.652369,51.581245],[87.648248,51.599202],[87.645009,51.667788],[87.641477,51.689866],[87.632057,51.70635],[87.639122,51.718713],[87.628231,51.724601],[87.418938,51.746972],[87.391856,51.761691],[87.416289,51.760219],[87.462504,51.762868],[87.488408,51.761691],[87.520199,51.755509],[87.545809,51.755509],[87.647364,51.769933],[87.666204,51.775231],[87.705354,51.795542],[87.72596,51.801135],[87.728315,51.788183],[87.722427,51.784357],[87.698878,51.776114],[87.69093,51.771699],[87.683866,51.763162],[87.683866,51.757864],[87.68622,51.751682],[87.688281,51.707528],[87.694463,51.672204],[87.696229,51.633937],[87.692991,51.605678],[87.697406,51.58154],[87.721544,51.555636],[87.729198,51.529437],[87.80426,51.398445],[87.838995,51.366065]]]}},{"type":"Feature","properties":{"name":null,"name_zh":null},"geometry":{"type":"Polygon","coordinates":[[[119.600002,31.648967],[119.600885,31.621297],[119.583223,31.603635],[119.562617,31.587151],[119.552315,31.563013],[119.545839,31.559481],[119.532004,31.559186],[119.517874,31.555654],[119.511398,31.542407],[119.510221,31.526806],[119.506394,31.514737],[119.500212,31.512088],[119.491087,31.525334],[119.481373,31.547412],[119.496974,31.631894],[119.511692,31.651911],[119.544367,31.663097],[119.579396,31.662802],[119.600002,31.648967]]]}},{"type":"Feature","properties":{"name":"Ge Hu","name_zh":"滆湖"},"geometry":{"type":"Polygon","coordinates":[[[119.86022,31.648967],[119.861397,31.617765],[119.85757,31.597748],[119.848445,31.580675],[119.832844,31.559481],[119.84609,31.550944],[119.844913,31.542407],[119.826073,31.525334],[119.819597,31.521213],[119.804585,31.515915],[119.798992,31.512382],[119.796637,31.507672],[119.794282,31.495309],[119.791927,31.491188],[119.780741,31.482652],[119.766612,31.474704],[119.751305,31.469994],[119.736587,31.471466],[119.72599,31.477942],[119.723635,31.486184],[119.730405,31.512382],[119.732171,31.540936],[119.74218,31.563307],[119.770733,31.607756],[119.798697,31.686646],[119.812533,31.704013],[119.839908,31.715199],[119.853155,31.703425],[119.858159,31.678404],[119.86022,31.648967]]]}},{"type":"Feature","properties":{"name":null,"name_zh":null},"geometry":{"type":"Polygon","coordinates":[[[115.2075,30.137996],[115.220452,30.107088],[115.214271,30.108265],[115.190721,30.109443],[115.181007,30.107088],[115.17306,30.100318],[115.161874,30.082067],[115.153043,30.072942],[115.136558,30.067054],[115.11507,30.06676],[115.095642,30.070881],[115.08475,30.079712],[115.072976,30.072942],[115.0665,30.075591],[115.060318,30.082361],[115.050604,30.086482],[115.041479,30.086188],[115.009099,30.079712],[115.005272,30.08089],[114.994381,30.085894],[114.988493,30.086482],[114.983195,30.084128],[114.974069,30.075002],[114.967593,30.072942],[114.943161,30.084128],[114.933153,30.086482],[114.919023,30.085011],[114.905188,30.087071],[114.895474,30.093842],[114.892825,30.107088],[114.898418,30.112681],[114.908721,30.117391],[114.917846,30.125044],[114.919612,30.140645],[114.947577,30.140645],[114.947282,30.117391],[114.954936,30.108854],[114.965827,30.114741],[114.974953,30.134464],[114.977896,30.128871],[114.98555,30.119157],[114.988493,30.113858],[115.012925,30.135347],[115.046483,30.137996],[115.081512,30.133581],[115.112126,30.134464],[115.14068,30.141823],[115.176592,30.146238],[115.2075,30.137996]]]}},{"type":"Feature","properties":{"name":"Lake Sasykkol","name_zh":"萨瑟克湖"},"geometry":{"type":"Polygon","coordinates":[[[80.635317,46.621799],[80.639143,46.625625],[80.642676,46.621799],[80.635317,46.621799]]]}},{"type":"Feature","properties":{"name":"Lake Sasykkol","name_zh":"萨瑟克湖"},"geometry":{"type":"Polygon","coordinates":[[[81.002389,46.486391],[80.985904,46.496399],[80.945282,46.504936],[80.933802,46.506408],[80.918789,46.504642],[80.882288,46.491984],[80.86286,46.489629],[80.847553,46.492573],[80.833424,46.501109],[80.759244,46.566458],[80.741288,46.592362],[80.730102,46.599133],[80.688008,46.602665],[80.668874,46.607375],[80.652978,46.615911],[80.642676,46.629158],[80.639143,46.625625],[80.618538,46.651235],[80.610884,46.666542],[80.608529,46.683909],[80.615889,46.700394],[80.632079,46.703632],[80.67329,46.69745],[80.759538,46.694212],[80.802221,46.686264],[80.84196,46.670074],[80.849025,46.664187],[80.854323,46.657417],[80.861094,46.651824],[80.871985,46.649469],[80.879344,46.652412],[80.892296,46.665953],[80.902599,46.670074],[80.917906,46.668014],[80.953819,46.653001],[80.975013,46.649469],[81.072153,46.649469],[81.119251,46.657122],[81.156047,46.676256],[81.162228,46.672429],[81.189899,46.662715],[81.202262,46.65565],[81.208738,46.64888],[81.213742,46.641227],[81.237586,46.612085],[81.243178,46.592068],[81.240529,46.57264],[81.231698,46.553506],[81.219924,46.537316],[81.199613,46.516711],[81.17518,46.50317],[81.152809,46.509352],[81.149571,46.514944],[81.139562,46.535256],[81.138974,46.539671],[81.127199,46.536433],[81.122489,46.527896],[81.123372,46.516711],[81.128671,46.506408],[81.136619,46.502287],[81.161934,46.49846],[81.170176,46.491984],[81.171648,46.479621],[81.166644,46.46608],[81.157519,46.457838],[81.146038,46.460781],[81.112481,46.478443],[81.100412,46.481387],[81.077451,46.494928],[81.067149,46.498754],[81.051842,46.497871],[81.026526,46.487569],[81.012397,46.484625],[81.002389,46.486391]]]}},{"type":"Feature","properties":{"name":null,"name_zh":null},"geometry":{"type":"Polygon","coordinates":[[[136.396713,51.979814],[136.409665,52.001892],[136.402895,51.994238],[136.439396,52.035744],[136.462356,52.054583],[136.488555,52.062825],[136.521229,52.062531],[136.533887,52.057821],[136.529471,52.045752],[136.492087,51.994238],[136.51387,51.996888],[136.53948,52.004835],[136.563618,52.016316],[136.581574,52.028385],[136.57863,52.049873],[136.598353,52.06989],[136.649866,52.097266],[136.679891,52.107568],[136.701969,52.104625],[136.72228,52.091084],[136.746123,52.069595],[136.734054,52.054289],[136.707562,52.034272],[136.697553,52.021614],[136.737587,52.02338],[136.753188,52.021614],[136.769672,52.011311],[136.779681,51.994533],[136.773794,51.980698],[136.742591,51.95656],[136.723457,51.948023],[136.700497,51.946257],[136.635737,51.957737],[136.616603,51.957443],[136.606889,51.948317],[136.61572,51.925357],[136.602474,51.921236],[136.575981,51.915937],[136.563912,51.908578],[136.545367,51.892683],[136.53477,51.887678],[136.519463,51.88444],[136.487083,51.88238],[136.459413,51.887384],[136.444694,51.902985],[136.450582,51.933011],[136.427916,51.940664],[136.406427,51.957737],[136.396713,51.979814]]]}},{"type":"Feature","properties":{"name":null,"name_zh":null},"geometry":{"type":"Polygon","coordinates":[[[84.091446,30.462974],[84.096156,30.452966],[84.094684,30.427062],[84.088796,30.408222],[84.08703,30.392916],[84.089091,30.361419],[84.085558,30.350233],[84.08232,30.343168],[84.082026,30.337575],[84.08026,30.333748],[84.072312,30.332277],[84.065542,30.335515],[84.062009,30.342874],[84.061126,30.352293],[84.062009,30.360241],[84.051412,30.408222],[84.03846,30.413227],[84.034339,30.425884],[84.034633,30.456498],[84.028746,30.470628],[84.010496,30.495649],[84.006963,30.508012],[84.014322,30.516548],[84.03169,30.515665],[84.050529,30.510367],[84.062009,30.504774],[84.091446,30.462974]]]}},{"type":"Feature","properties":{"name":null,"name_zh":null},"geometry":{"type":"Polygon","coordinates":[[[91.215941,24.37052],[91.238901,24.336962],[91.217413,24.323127],[91.183266,24.308998],[91.168842,24.275146],[91.160895,24.268376],[91.153241,24.256307],[91.140289,24.24777],[91.122922,24.242766],[91.103494,24.241],[91.094368,24.23629],[91.094368,24.225987],[91.096429,24.214507],[91.09378,24.206853],[91.087009,24.205676],[91.079356,24.208325],[91.065815,24.218039],[91.032846,24.175945],[91.021366,24.172118],[91.009886,24.169175],[91.003704,24.165937],[91.00812,24.146214],[91.049036,24.124137],[91.059045,24.107358],[91.057867,24.081749],[91.055807,24.07174],[91.051686,24.062615],[91.022543,24.04407],[91.017539,24.038771],[91.01489,24.033767],[90.996934,24.007569],[90.976328,23.960471],[90.970147,23.98137],[90.97309,24.008746],[90.982216,24.032295],[90.993401,24.042304],[91.009886,24.051429],[91.029608,24.072035],[91.036967,24.092934],[91.017539,24.103826],[91.024604,24.117955],[91.006942,24.141505],[90.98251,24.151219],[90.969852,24.124726],[90.962788,24.124726],[90.963082,24.142093],[90.957195,24.15063],[90.950719,24.147981],[90.949247,24.130907],[90.937472,24.13915],[90.941888,24.15063],[90.955723,24.161227],[90.990752,24.169175],[90.997228,24.178594],[90.996934,24.213624],[91.00547,24.210091],[91.010475,24.202732],[91.012829,24.192724],[91.011946,24.180066],[91.017539,24.180066],[91.028136,24.193901],[91.041383,24.205382],[91.053157,24.219511],[91.059045,24.241],[91.058162,24.256895],[91.054335,24.272791],[91.052863,24.286037],[91.059045,24.295457],[91.075823,24.297518],[91.090542,24.288687],[91.113502,24.268376],[91.127631,24.263666],[91.139406,24.262783],[91.148826,24.267198],[91.155007,24.277501],[91.155007,24.289275],[91.148826,24.298695],[91.140584,24.307526],[91.134696,24.316062],[91.130869,24.332547],[91.134696,24.339317],[91.143822,24.343144],[91.155302,24.350797],[91.155596,24.350503],[91.164427,24.355213],[91.168842,24.350797],[91.172375,24.34962],[91.175613,24.348737],[91.178851,24.347265],[91.181794,24.344027],[91.210053,24.362278],[91.215941,24.37052]]]}},{"type":"Feature","properties":{"name":"Laguna de Bay","name_zh":"贝湖"},"geometry":{"type":"Polygon","coordinates":[[[121.477456,14.358902],[121.47775,14.335352],[121.475396,14.321223],[121.469508,14.32034],[121.46156,14.326816],[121.453613,14.335352],[121.440072,14.346244],[121.435362,14.344478],[121.43389,14.335352],[121.430063,14.324755],[121.428886,14.320634],[121.430358,14.309448],[121.430063,14.305033],[121.426531,14.299734],[121.423587,14.29944],[121.420644,14.300029],[121.416228,14.297379],[121.384437,14.272947],[121.36442,14.263528],[121.349408,14.249398],[121.32056,14.21378],[121.312612,14.200239],[121.306431,14.194941],[121.298188,14.191997],[121.284059,14.188465],[121.270812,14.187287],[121.264925,14.191703],[121.254917,14.193469],[121.20723,14.183755],[121.190157,14.18817],[121.188685,14.195824],[121.188685,14.207598],[121.190157,14.222317],[121.185447,14.232619],[121.171906,14.250576],[121.167196,14.26912],[121.161603,14.274713],[121.15395,14.279718],[121.145708,14.287665],[121.12157,14.324755],[121.082419,14.358902],[121.066229,14.377741],[121.059459,14.404234],[121.062108,14.463695],[121.066818,14.483123],[121.09125,14.518447],[121.125985,14.524629],[121.161603,14.508144],[121.190157,14.476353],[121.21194,14.432493],[121.224597,14.421012],[121.222537,14.439263],[121.219887,14.448094],[121.222537,14.457808],[121.232545,14.468405],[121.238138,14.476353],[121.248735,14.504612],[121.252562,14.510499],[121.260804,14.513737],[121.271696,14.514915],[121.281704,14.513148],[121.290535,14.497841],[121.301426,14.485184],[121.31379,14.473704],[121.335573,14.460752],[121.34146,14.442501],[121.347053,14.408355],[121.343226,14.389221],[121.324387,14.35478],[121.320266,14.335352],[121.319088,14.305916],[121.324975,14.306505],[121.340577,14.317985],[121.388558,14.341534],[121.405337,14.355958],[121.417111,14.37568],[121.421527,14.390693],[121.42918,14.398052],[121.450375,14.393637],[121.46627,14.385689],[121.474218,14.374797],[121.477456,14.358902]]]}},{"type":"Feature","properties":{"name":null,"name_zh":null},"geometry":{"type":"Polygon","coordinates":[[[87.358888,34.622339],[87.364186,34.607621],[87.360948,34.593492],[87.353295,34.582306],[87.344169,34.575535],[87.324447,34.569943],[87.311201,34.574358],[87.298543,34.5826],[87.282059,34.589665],[87.244969,34.591725],[87.214649,34.589665],[87.20729,34.584072],[87.202875,34.575535],[87.198165,34.569354],[87.190511,34.572297],[87.188745,34.576713],[87.189334,34.583778],[87.191394,34.590842],[87.194044,34.597024],[87.180797,34.589665],[87.191983,34.615863],[87.214649,34.61969],[87.268518,34.609976],[87.286768,34.625577],[87.289418,34.627344],[87.29295,34.631465],[87.300309,34.629993],[87.313261,34.6244],[87.338282,34.627638],[87.348585,34.627344],[87.358888,34.622339]]]}},{"type":"Feature","properties":{"name":"Lake Murray","name_zh":"默里湖"},"geometry":{"type":"Polygon","coordinates":[[[141.645226,-6.966013],[141.649347,-6.980437],[141.641399,-6.98397],[141.628447,-6.983675],[141.61785,-6.986619],[141.612551,-6.996333],[141.6152,-7.003986],[141.619321,-7.01164],[141.61785,-7.020765],[141.614023,-7.021648],[141.594006,-7.020765],[141.590474,-7.022531],[141.586058,-7.031951],[141.583703,-7.034894],[141.56457,-7.049613],[141.55515,-7.059327],[141.548968,-7.069041],[141.57134,-7.07169],[141.566336,-7.091707],[141.514233,-7.162943],[141.495394,-7.169125],[141.486563,-7.156173],[141.494805,-7.124381],[141.472728,-7.117905],[141.450651,-7.121732],[141.430045,-7.121732],[141.411795,-7.103187],[141.430634,-7.094356],[141.445647,-7.091412],[141.453889,-7.082287],[141.4533,-7.054911],[141.479204,-7.079343],[141.494511,-7.089057],[141.501281,-7.079343],[141.500398,-7.056972],[141.496866,-7.047552],[141.470373,-7.024297],[141.459776,-7.007519],[141.457127,-6.991623],[141.464192,-6.981026],[141.480676,-6.980437],[141.482148,-6.985736],[141.481559,-6.996333],[141.48362,-7.005458],[141.494805,-7.00693],[141.498632,-7.001631],[141.508052,-6.972784],[141.509818,-6.954533],[141.508346,-6.937166],[141.502459,-6.920976],[141.491273,-6.907729],[141.484503,-6.903902],[141.464486,-6.898015],[141.456538,-6.897132],[141.44653,-6.893894],[141.439171,-6.886829],[141.433872,-6.879765],[141.429162,-6.876527],[141.420037,-6.874172],[141.405907,-6.860925],[141.398254,-6.856215],[141.387657,-6.854155],[141.36764,-6.852683],[141.357632,-6.849445],[141.347035,-6.839437],[141.343502,-6.827957],[141.349095,-6.818537],[141.364991,-6.815593],[141.374705,-6.817948],[141.390012,-6.827368],[141.394722,-6.829428],[141.402375,-6.82619],[141.412678,-6.819714],[141.421803,-6.815593],[141.43505,-6.826485],[141.483325,-6.80794],[141.501281,-6.809117],[141.492451,-6.818242],[141.489213,-6.829134],[141.491862,-6.839731],[141.501281,-6.849445],[141.510112,-6.847973],[141.531601,-6.849445],[141.547202,-6.857099],[141.53896,-6.873583],[141.533367,-6.889773],[141.548674,-6.902725],[141.563687,-6.919504],[141.555739,-6.945702],[141.563098,-6.953944],[141.558388,-6.962775],[141.550735,-6.973078],[141.548968,-6.986619],[141.556328,-7.001337],[141.56457,-7.00016],[141.576933,-6.986619],[141.606664,-6.955122],[141.625209,-6.948057],[141.645226,-6.966013]]]}},{"type":"Feature","properties":{"name":"Elsen Nur","name_zh":"多尔改错湖"},"geometry":{"type":"Polygon","coordinates":[[[92.035745,35.211068],[91.963331,35.221665],[91.935661,35.21666],[91.944786,35.233734],[91.968041,35.243742],[91.994534,35.251395],[92.038688,35.271118],[92.095795,35.270823],[92.120816,35.278183],[92.164676,35.259049],[92.190875,35.253456],[92.213541,35.260815],[92.233852,35.264347],[92.258578,35.25375],[92.281539,35.236383],[92.298612,35.222842],[92.272119,35.199587],[92.234441,35.183986],[92.194113,35.178982],[92.162027,35.189579],[92.157906,35.176038],[92.1582,35.170151],[92.162027,35.161614],[92.155257,35.161614],[92.140538,35.177216],[92.111691,35.199882],[92.081666,35.217838],[92.062826,35.219898],[92.035745,35.211068]]]}},{"type":"Feature","properties":{"name":null,"name_zh":null},"geometry":{"type":"Polygon","coordinates":[[[81.148393,7.989745],[81.150454,7.979148],[81.144861,7.958248],[81.087754,7.889661],[81.085105,7.883185],[81.079512,7.879064],[81.074508,7.860225],[81.070975,7.855809],[81.068032,7.854632],[81.0436,7.845801],[81.028293,7.834321],[81.013869,7.82755],[81.001211,7.819014],[80.992086,7.801352],[80.988848,7.815481],[80.99503,7.831377],[81.005627,7.844035],[81.015929,7.849039],[81.034769,7.851688],[81.048015,7.859047],[81.057729,7.869939],[81.142212,7.999459],[81.148393,7.989745]]]}},{"type":"Feature","properties":{"name":null,"name_zh":null},"geometry":{"type":"Polygon","coordinates":[[[74.660608,34.3998],[74.665023,34.382727],[74.663257,34.375368],[74.652954,34.369481],[74.642357,34.370069],[74.627345,34.375662],[74.61351,34.383316],[74.605267,34.389792],[74.596731,34.380666],[74.587311,34.376545],[74.57848,34.37684],[74.571121,34.382433],[74.563762,34.365654],[74.574654,34.332391],[74.571121,34.31414],[74.557286,34.301188],[74.540802,34.298833],[74.525495,34.305604],[74.515781,34.32091],[74.522845,34.355057],[74.521079,34.380961],[74.522845,34.389792],[74.52991,34.402744],[74.541096,34.413635],[74.555225,34.420406],[74.569944,34.419817],[74.593493,34.410986],[74.649422,34.398328],[74.660608,34.3998]]]}},{"type":"Feature","properties":{"name":null,"name_zh":null},"geometry":{"type":"Polygon","coordinates":[[[73.865825,33.149636],[73.87024,33.13845],[73.87024,33.128441],[73.864059,33.123143],[73.851695,33.125792],[73.846397,33.127853],[73.841687,33.12903],[73.83109,33.12903],[73.823142,33.131679],[73.820787,33.137567],[73.820198,33.144337],[73.817549,33.149636],[73.795766,33.162882],[73.728357,33.190552],[73.712167,33.207625],[73.704219,33.209686],[73.700981,33.194085],[73.702453,33.184959],[73.714522,33.155817],[73.669189,33.134917],[73.650056,33.132268],[73.63887,33.149636],[73.641519,33.152874],[73.647407,33.160821],[73.652116,33.172007],[73.652411,33.183782],[73.646818,33.194085],[73.638576,33.200266],[73.618559,33.211158],[73.615026,33.216162],[73.613555,33.222638],[73.612966,33.228525],[73.612083,33.231469],[73.607079,33.231763],[73.598836,33.229997],[73.59236,33.227348],[73.585296,33.227348],[73.581175,33.226759],[73.57882,33.228231],[73.577348,33.238534],[73.580586,33.238239],[73.587356,33.2403],[73.594421,33.243243],[73.597953,33.245893],[73.596482,33.265615],[73.592655,33.285043],[73.590889,33.303588],[73.597953,33.320956],[73.60855,33.309475],[73.614438,33.296818],[73.613849,33.283866],[73.604724,33.27268],[73.617087,33.255901],[73.637104,33.234118],[73.658887,33.22146],[73.676549,33.231174],[73.679787,33.240888],[73.680964,33.251486],[73.680375,33.272974],[73.684791,33.28416],[73.693033,33.28887],[73.698626,33.293874],[73.69421,33.306826],[73.717465,33.309181],[73.733066,33.318012],[73.744547,33.323016],[73.748668,33.320956],[73.753378,33.297701],[73.741603,33.270619],[73.721586,33.246481],[73.700981,33.231469],[73.715405,33.225582],[73.762503,33.217928],[73.788996,33.20792],[73.802536,33.204387],[73.817549,33.204976],[73.810779,33.180838],[73.825497,33.169947],[73.847868,33.162588],[73.865825,33.149636]]]}},{"type":"Feature","properties":{"name":null,"name_zh":null},"geometry":{"type":"Polygon","coordinates":[[[75.573137,24.836204],[75.577846,24.854454],[75.57608,24.862402],[75.566661,24.874766],[75.564306,24.885068],[75.57137,24.909501],[75.571665,24.918626],[75.576963,24.922453],[75.582556,24.925102],[75.589621,24.926279],[75.599041,24.926279],[75.593742,24.90273],[75.605222,24.87506],[75.622295,24.84739],[75.633776,24.823252],[75.639369,24.792638],[75.637897,24.778214],[75.629949,24.765262],[75.606989,24.739064],[75.591976,24.730527],[75.585206,24.744951],[75.555475,24.75702],[75.418301,24.7267],[75.379739,24.754959],[75.411825,24.754959],[75.43508,24.758492],[75.457157,24.764379],[75.472464,24.772327],[75.486888,24.781747],[75.530748,24.795876],[75.545466,24.805001],[75.560773,24.819131],[75.573137,24.836204]]]}},{"type":"Feature","properties":{"name":"Qagan Nur","name_zh":"查干湖"},"geometry":{"type":"Polygon","coordinates":[[[124.420214,45.240642],[124.433461,45.232106],[124.424924,45.216504],[124.414327,45.197665],[124.39431,45.185007],[124.369584,45.177943],[124.345446,45.175588],[124.283629,45.178826],[124.251249,45.187068],[124.232116,45.202964],[124.238297,45.205613],[124.241535,45.209145],[124.243596,45.212972],[124.246834,45.216504],[124.222402,45.230339],[124.205034,45.247707],[124.194437,45.26949],[124.190905,45.295983],[124.174715,45.313644],[124.102007,45.308935],[124.081401,45.32012],[124.134387,45.34102],[124.188844,45.339843],[124.241535,45.323947],[124.299525,45.293628],[124.311005,45.290095],[124.321897,45.285091],[124.340147,45.266546],[124.351039,45.257421],[124.363402,45.249767],[124.376354,45.244469],[124.420214,45.240642]]]}},{"type":"Feature","properties":{"name":null,"name_zh":null},"geometry":{"type":"Polygon","coordinates":[[[119.014806,31.138246],[119.020987,31.120584],[119.011862,31.103805],[118.995672,31.088792],[118.962115,31.065243],[118.944453,31.060828],[118.928557,31.064949],[118.915605,31.079667],[118.889995,31.087909],[118.853494,31.101744],[118.834361,31.119995],[118.853494,31.141778],[118.879693,31.142367],[118.894705,31.144427],[118.901181,31.151786],[118.904419,31.157379],[118.910895,31.153847],[118.91796,31.146782],[118.921787,31.141778],[118.923259,31.134713],[118.921787,31.107043],[118.933856,31.117934],[118.942098,31.154436],[118.955933,31.169742],[118.9733,31.173864],[118.987724,31.167682],[119.014806,31.138246]]]}},{"type":"Feature","properties":{"name":null,"name_zh":null},"geometry":{"type":"Polygon","coordinates":[[[120.860763,31.429077],[120.865473,31.40229],[120.862824,31.392282],[120.850755,31.388161],[120.843396,31.387278],[120.826617,31.38139],[120.820141,31.380802],[120.807483,31.381979],[120.757441,31.375797],[120.750965,31.378152],[120.754792,31.389927],[120.764506,31.39552],[120.775986,31.399641],[120.785112,31.408766],[120.764506,31.406117],[120.747727,31.396992],[120.717408,31.375209],[120.680318,31.361962],[120.641462,31.354014],[120.641462,31.361374],[120.650587,31.362257],[120.657063,31.364612],[120.662362,31.367555],[120.682084,31.379035],[120.690326,31.38139],[120.684439,31.392282],[120.685322,31.401701],[120.69121,31.410238],[120.700335,31.419069],[120.706222,31.427605],[120.712109,31.447917],[120.717408,31.457042],[120.737425,31.470877],[120.748905,31.464107],[120.749199,31.445267],[120.737425,31.422307],[120.724178,31.406117],[120.716525,31.394342],[120.719174,31.393165],[120.775692,31.443795],[120.783345,31.463224],[120.765389,31.477353],[120.777458,31.48324],[120.79041,31.48324],[120.813076,31.477353],[120.8066,31.467345],[120.802774,31.457336],[120.802185,31.447328],[120.805423,31.436436],[120.816903,31.459397],[120.823379,31.468522],[120.833387,31.477353],[120.829561,31.459102],[120.836331,31.426722],[120.833387,31.40229],[120.84163,31.407294],[120.848106,31.413182],[120.860763,31.429077]]]}},{"type":"Feature","properties":{"name":null,"name_zh":null},"geometry":{"type":"Polygon","coordinates":[[[116.277219,28.563442],[116.269566,28.55785],[116.271626,28.604948],[116.27928,28.620549],[116.30018,28.626731],[116.326084,28.621727],[116.336092,28.607597],[116.338447,28.55785],[116.344923,28.560499],[116.351399,28.565209],[116.35817,28.558144],[116.365823,28.551668],[116.369061,28.563442],[116.37436,28.57139],[116.382013,28.578161],[116.393199,28.585225],[116.388489,28.565209],[116.386134,28.544014],[116.393199,28.544014],[116.410272,28.553434],[116.434704,28.5343],[116.45531,28.501332],[116.461197,28.468952],[116.449422,28.47219],[116.442358,28.479254],[116.439414,28.489851],[116.440886,28.503098],[116.43647,28.501332],[116.425285,28.498388],[116.420869,28.496327],[116.417042,28.513401],[116.404679,28.522526],[116.388195,28.523703],[116.372593,28.516933],[116.352282,28.530179],[116.342863,28.521348],[116.342568,28.505158],[116.347867,28.496327],[116.36023,28.494267],[116.377598,28.488085],[116.389667,28.477194],[116.386134,28.462181],[116.372299,28.467774],[116.359347,28.464536],[116.349339,28.455116],[116.344629,28.441576],[116.347278,28.429801],[116.354932,28.419793],[116.364646,28.412139],[116.372593,28.406841],[116.362879,28.403897],[116.353165,28.403603],[116.331088,28.406841],[116.331088,28.414494],[116.313721,28.421265],[116.314898,28.435688],[116.331088,28.462181],[116.314309,28.464242],[116.30018,28.46954],[116.289583,28.479549],[116.283107,28.496327],[116.280457,28.492206],[116.276336,28.489557],[116.27251,28.508102],[116.275748,28.528413],[116.289288,28.571979],[116.283107,28.571979],[116.280163,28.566386],[116.277219,28.563442]]]}},{"type":"Feature","properties":{"name":null,"name_zh":null},"geometry":{"type":"Polygon","coordinates":[[[116.130332,28.500743],[116.132981,28.523703],[116.12209,28.535478],[116.109432,28.522232],[116.097952,28.497211],[116.091476,28.475133],[116.091181,28.501332],[116.094419,28.528413],[116.105605,28.549313],[116.129743,28.55785],[116.147699,28.561088],[116.169482,28.56933],[116.190676,28.580516],[116.208044,28.592585],[116.216286,28.582871],[116.226,28.579927],[116.235714,28.578161],[116.243073,28.571979],[116.244839,28.561971],[116.243073,28.523703],[116.219524,28.548724],[116.202451,28.560793],[116.194503,28.554612],[116.189793,28.544014],[116.167127,28.531062],[116.160357,28.523703],[116.160651,28.512812],[116.171248,28.49515],[116.194503,28.434805],[116.201568,28.43245],[116.23277,28.434805],[116.235714,28.43039],[116.24896,28.400659],[116.231299,28.402131],[116.215697,28.408901],[116.201273,28.413317],[116.187733,28.406841],[116.154175,28.454822],[116.145933,28.462181],[116.12886,28.45806],[116.129449,28.443048],[116.136808,28.423914],[116.139751,28.406841],[116.133275,28.413611],[116.11738,28.42568],[116.112081,28.428624],[116.107077,28.451584],[116.130332,28.500743]]]}},{"type":"Feature","properties":{"name":null,"name_zh":null},"geometry":{"type":"Polygon","coordinates":[[[114.405652,30.576304],[114.440387,30.524202],[114.42979,30.529206],[114.405652,30.545691],[114.403297,30.549517],[114.40212,30.554521],[114.399176,30.558937],[114.391817,30.559526],[114.386519,30.556876],[114.386519,30.553344],[114.387696,30.549517],[114.385636,30.545691],[114.368857,30.530678],[114.361498,30.514488],[114.362969,30.498298],[114.371506,30.483285],[114.357965,30.46945],[114.347368,30.48093],[114.324408,30.493882],[114.313222,30.502125],[114.317049,30.507423],[114.322053,30.510956],[114.328529,30.512133],[114.33736,30.51125],[114.328529,30.523024],[114.320287,30.539215],[114.319109,30.553344],[114.345602,30.563941],[114.378571,30.593083],[114.390345,30.599854],[114.398882,30.602503],[114.40418,30.596321],[114.405652,30.576304]]]}},{"type":"Feature","properties":{"name":null,"name_zh":null},"geometry":{"type":"Polygon","coordinates":[[[112.548509,29.271094],[112.557929,29.255493],[112.557046,29.235181],[112.548509,29.198975],[112.547037,29.179252],[112.54115,29.172776],[112.511125,29.174837],[112.500822,29.168655],[112.505237,29.155114],[112.520544,29.13392],[112.523194,29.118025],[112.519661,29.103306],[112.509653,29.091826],[112.494052,29.085939],[112.505532,29.114198],[112.497878,29.125972],[112.479628,29.130977],[112.459905,29.140691],[112.44872,29.147755],[112.432235,29.153348],[112.417811,29.160119],[112.411335,29.171304],[112.442244,29.223112],[112.462555,29.233415],[112.491402,29.254609],[112.522311,29.271683],[112.548509,29.271094]]]}},{"type":"Feature","properties":{"name":null,"name_zh":null},"geometry":{"type":"Polygon","coordinates":[[[114.132482,30.188921],[114.111288,30.208349],[114.115409,30.225717],[114.126595,30.234842],[114.158681,30.250443],[114.160741,30.254859],[114.176048,30.277819],[114.179581,30.281352],[114.181641,30.286944],[114.19371,30.306078],[114.200186,30.313143],[114.219909,30.322857],[114.226679,30.317558],[114.225501,30.30284],[114.220792,30.285178],[114.216671,30.278702],[114.210783,30.271049],[114.206957,30.262512],[114.210195,30.25427],[114.219614,30.247205],[114.228151,30.243673],[114.23551,30.239257],[114.241691,30.229838],[114.227562,30.229838],[114.227562,30.223656],[114.235804,30.224245],[114.253172,30.223067],[114.261708,30.223656],[114.261708,30.216297],[114.244341,30.20099],[114.234038,30.195986],[114.220792,30.195692],[114.220792,30.188921],[114.229328,30.187155],[114.232566,30.185094],[114.23551,30.181562],[114.241691,30.17538],[114.214021,30.173026],[114.172222,30.177147],[114.132482,30.188921]]]}},{"type":"Feature","properties":{"name":"Dongping Hu","name_zh":"东平湖"},"geometry":{"type":"Polygon","coordinates":[[[116.145933,36.020863],[116.165655,36.036465],[116.177724,36.064135],[116.187733,36.116532],[116.196269,36.110939],[116.200979,36.102991],[116.207749,36.082974],[116.204511,36.034698],[116.208044,36.020863],[116.23277,36.000847],[116.240718,35.989366],[116.229238,35.979947],[116.24896,35.95051],[116.244839,35.920779],[116.225411,35.904589],[116.170071,35.926667],[116.13563,35.931671],[116.109432,35.944623],[116.105605,35.979947],[116.122678,35.972588],[116.143872,35.980241],[116.156236,35.997903],[116.145933,36.020863]]]}},{"type":"Feature","properties":{"name":"Ebinur Hu","name_zh":"艾比湖"},"geometry":{"type":"Polygon","coordinates":[[[83.153896,44.87828],[83.164493,44.840307],[83.148597,44.802334],[83.11504,44.772309],[83.072063,44.754353],[83.027319,44.751703],[83.00642,44.757591],[82.973451,44.774664],[82.9552,44.778196],[82.932829,44.785555],[82.89044,44.820585],[82.86954,44.833537],[82.766513,44.843545],[82.755327,44.853553],[82.701753,44.875336],[82.68468,44.887994],[82.707934,44.908894],[82.757093,44.937447],[82.777404,44.953048],[82.788296,44.966883],[82.794477,44.977481],[82.803014,44.985428],[82.821265,44.991021],[82.834805,44.992788],[82.876899,44.991316],[82.89515,44.986017],[82.972862,44.973654],[83.041155,44.943334],[83.080011,44.929205],[83.121516,44.907716],[83.153896,44.87828]]]}},{"type":"Feature","properties":{"name":"Marqakol","name_zh":"马尔卡湖"},"geometry":{"type":"Polygon","coordinates":[[[86.001869,48.827175],[86.02218,48.811868],[86.02012,48.788907],[86.002752,48.768007],[85.977437,48.758882],[85.953004,48.753289],[85.932988,48.739748],[85.898841,48.70413],[85.855864,48.677343],[85.805822,48.662919],[85.75372,48.662036],[85.713686,48.669984],[85.67483,48.679404],[85.570037,48.688235],[85.535596,48.710312],[85.530886,48.734744],[85.544133,48.752995],[85.5615,48.766241],[85.570331,48.776544],[85.580928,48.796855],[85.606244,48.804509],[85.658346,48.806569],[85.728699,48.830413],[85.758135,48.833945],[85.780801,48.828941],[85.831726,48.808924],[85.850271,48.806569],[85.859985,48.812162],[85.870583,48.828941],[85.878236,48.833945],[85.888244,48.832768],[85.89943,48.826292],[85.908556,48.817755],[85.912382,48.810102],[85.92504,48.807747],[86.001869,48.827175]]]}},{"type":"Feature","properties":{"name":"Ozero Beloye","name_zh":"贝洛耶湖"},"geometry":{"type":"Polygon","coordinates":[[[89.619015,55.585186],[89.630496,55.546919],[89.610479,55.529846],[89.578982,55.533673],[89.564558,55.54427],[89.534238,55.596372],[89.530412,55.609324],[89.523936,55.622865],[89.493616,55.643176],[89.483019,55.660249],[89.528351,55.655539],[89.563381,55.641999],[89.592228,55.618449],[89.619015,55.585186]]]}},{"type":"Feature","properties":{"name":null,"name_zh":null},"geometry":{"type":"Polygon","coordinates":[[[88.564014,48.522213],[88.550768,48.522508],[88.530162,48.527218],[88.495722,48.539875],[88.448624,48.587562],[88.464225,48.5908],[88.477471,48.584619],[88.48954,48.57461],[88.502492,48.566368],[88.521626,48.561658],[88.537816,48.56313],[88.570785,48.574021],[88.608758,48.578437],[88.675578,48.567545],[88.708547,48.566368],[88.680877,48.541641],[88.64467,48.534282],[88.604048,48.531927],[88.564014,48.522213]]]}},{"type":"Feature","properties":{"name":"Achit Nuur","name_zh":"阿奇特湖"},"geometry":{"type":"Polygon","coordinates":[[[90.62368,49.522168],[90.613377,49.503329],[90.619853,49.483901],[90.653705,49.461529],[90.667246,49.445045],[90.672545,49.425911],[90.672839,49.4056],[90.667835,49.387055],[90.657532,49.37322],[90.645169,49.369393],[90.636632,49.375869],[90.633394,49.384995],[90.636632,49.389999],[90.643402,49.393237],[90.650173,49.40089],[90.653117,49.410016],[90.647524,49.417375],[90.638693,49.41502],[90.606607,49.400302],[90.592772,49.396769],[90.540081,49.410016],[90.531544,49.414137],[90.515648,49.430327],[90.44559,49.434153],[90.428811,49.457703],[90.429105,49.471538],[90.427045,49.48449],[90.422041,49.496559],[90.414093,49.506567],[90.430283,49.517164],[90.470905,49.53306],[90.494749,49.550133],[90.517709,49.558964],[90.527717,49.565146],[90.558626,49.589283],[90.600425,49.598114],[90.658415,49.594582],[90.700804,49.576331],[90.695211,49.540713],[90.674899,49.531882],[90.647524,49.528644],[90.62368,49.522168]]]}},{"type":"Feature","properties":{"name":null,"name_zh":null},"geometry":{"type":"Polygon","coordinates":[[[89.736467,50.495336],[89.771202,50.473553],[89.747947,50.459718],[89.71851,50.461484],[89.667585,50.473553],[89.6564,50.504461],[89.68878,50.508877],[89.736467,50.495336]]]}},{"type":"Feature","properties":{"name":null,"name_zh":null},"geometry":{"type":"Polygon","coordinates":[[[140.120714,52.212951],[140.123952,52.196761],[140.121891,52.179688],[140.115415,52.168207],[140.093632,52.148485],[140.078914,52.140537],[140.064196,52.140243],[140.035054,52.145247],[140.020336,52.142892],[139.994726,52.133178],[139.963229,52.128763],[139.956753,52.12317],[139.954398,52.114633],[139.945567,52.10433],[139.931732,52.096971],[139.915542,52.09285],[139.905828,52.096088],[139.911715,52.11169],[139.895231,52.114928],[139.867266,52.114633],[139.840773,52.110218],[139.828999,52.100798],[139.833414,52.091673],[139.852548,52.084019],[139.856963,52.073128],[139.853725,52.061059],[139.846366,52.051639],[139.839007,52.04428],[139.835769,52.038982],[139.824289,52.027796],[139.798679,52.025441],[139.760118,52.028385],[139.74746,52.014844],[139.757468,52.000126],[139.775719,51.985996],[139.788082,51.973927],[139.778074,51.973338],[139.77042,51.970689],[139.764533,51.965685],[139.760118,51.959503],[139.757174,51.948023],[139.760412,51.940075],[139.765122,51.934188],[139.767477,51.929184],[139.757468,51.921236],[139.736863,51.91476],[139.719201,51.914466],[139.719201,51.933011],[139.709193,51.932127],[139.70095,51.933011],[139.685055,51.939192],[139.699184,51.946551],[139.686821,51.95185],[139.680934,51.953322],[139.672103,51.953322],[139.672103,51.959503],[139.693297,51.960386],[139.70566,51.971867],[139.710959,51.990412],[139.712136,52.011311],[139.701834,52.019848],[139.649731,52.033094],[139.630597,52.042808],[139.647376,52.061648],[139.672986,52.067829],[139.701539,52.06989],[139.725971,52.076955],[139.733331,52.084314],[139.749521,52.107863],[139.760118,52.117871],[139.772187,52.124936],[139.783667,52.128763],[139.815458,52.130823],[139.808688,52.139949],[139.804567,52.149663],[139.801917,52.16026],[139.801623,52.172034],[139.817224,52.166441],[139.825466,52.169974],[139.832237,52.176155],[139.843423,52.179393],[139.858141,52.176155],[139.876686,52.169679],[139.894642,52.165558],[139.908183,52.168796],[139.923784,52.179982],[139.978241,52.207652],[140.026812,52.219427],[140.052127,52.222076],[140.083035,52.22031],[140.112472,52.218838],[140.120714,52.212951]]]}},{"type":"Feature","properties":{"name":null,"name_zh":null},"geometry":{"type":"Polygon","coordinates":[[[136.608361,51.473508],[136.610127,51.452314],[136.601591,51.435241],[136.586284,51.419934],[136.550077,51.391969],[136.530943,51.383138],[136.509455,51.380783],[136.485022,51.387554],[136.475014,51.392558],[136.468538,51.396973],[136.4653,51.403744],[136.464123,51.415518],[136.465889,51.420228],[136.467361,51.430531],[136.464711,51.440834],[136.437924,51.453491],[136.436747,51.472036],[136.443811,51.508243],[136.439396,51.512659],[136.431448,51.51678],[136.424383,51.523256],[136.4235,51.53503],[136.427033,51.543861],[136.433803,51.550926],[136.44234,51.556519],[136.471187,51.571826],[136.494442,51.580068],[136.517402,51.581834],[136.536242,51.573003],[136.540657,51.563289],[136.535947,51.55593],[136.526233,51.55122],[136.516225,51.549454],[136.510632,51.545922],[136.521524,51.537974],[136.546839,51.525022],[136.585106,51.507654],[136.598058,51.494997],[136.608361,51.473508]]]}},{"type":"Feature","properties":{"name":"Luoma Hu","name_zh":"駱馬湖"},"geometry":{"type":"Polygon","coordinates":[[[118.26506,34.098077],[118.26771,34.090718],[118.263589,34.082181],[118.247693,34.040381],[118.23739,34.023308],[118.2212,34.018304],[118.195002,34.026546],[118.174396,34.037438],[118.156146,34.050095],[118.139956,34.066285],[118.126709,34.088068],[118.131419,34.088363],[118.134363,34.090129],[118.136718,34.092484],[118.14025,34.094839],[118.155851,34.129868],[118.160855,34.136639],[118.173513,34.138405],[118.182638,34.132517],[118.190881,34.123392],[118.202361,34.116033],[118.214724,34.113678],[118.238568,34.112795],[118.250048,34.108674],[118.26506,34.098077]]]}},{"type":"Feature","properties":{"name":null,"name_zh":null},"geometry":{"type":"Polygon","coordinates":[[[116.947192,32.393414],[116.968386,32.388704],[116.968386,32.381934],[116.934535,32.377518],[116.92747,32.374869],[116.921288,32.364272],[116.926881,32.358974],[116.936301,32.354264],[116.941305,32.344255],[116.937773,32.335424],[116.929825,32.332186],[116.920994,32.331009],[116.913929,32.327182],[116.905981,32.315996],[116.90186,32.306871],[116.900388,32.296568],[116.900094,32.268309],[116.898622,32.261539],[116.893618,32.259184],[116.870657,32.257712],[116.863887,32.253886],[116.837983,32.217679],[116.828563,32.210614],[116.824442,32.220622],[116.826209,32.229748],[116.830918,32.24005],[116.837689,32.250648],[116.845048,32.259184],[116.845342,32.259478],[116.851818,32.270959],[116.879783,32.306871],[116.873012,32.322767],[116.87625,32.341017],[116.892735,32.374869],[116.870363,32.391942],[116.862121,32.404894],[116.858589,32.423439],[116.889791,32.481429],[116.867125,32.507627],[116.858294,32.504389],[116.841515,32.488199],[116.827975,32.477897],[116.811785,32.469654],[116.794417,32.464945],[116.777344,32.464356],[116.816494,32.489377],[116.858589,32.533237],[116.868597,32.533826],[116.878605,32.523817],[116.892735,32.505273],[116.908336,32.490554],[116.912457,32.482606],[116.913929,32.467594],[116.911868,32.460235],[116.907747,32.452876],[116.905098,32.443162],[116.90657,32.429621],[116.915401,32.411076],[116.929236,32.400185],[116.947192,32.393414]]]}},{"type":"Feature","properties":{"name":null,"name_zh":null},"geometry":{"type":"Polygon","coordinates":[[[116.298708,32.235929],[116.295764,32.250353],[116.30018,32.262128],[116.32108,32.275963],[116.326084,32.284205],[116.324906,32.300101],[116.336681,32.289209],[116.347867,32.287737],[116.355815,32.295097],[116.360524,32.32571],[116.36494,32.333953],[116.379658,32.347199],[116.400852,32.37222],[116.414687,32.378402],[116.430877,32.371631],[116.438531,32.360445],[116.434704,32.352792],[116.424696,32.344844],[116.41351,32.333953],[116.37642,32.271253],[116.359053,32.252119],[116.354048,32.248881],[116.342568,32.239167],[116.33462,32.228865],[116.341685,32.224155],[116.356698,32.217973],[116.356992,32.203549],[116.34875,32.187654],[116.338447,32.176468],[116.337858,32.193247],[116.328733,32.201783],[116.317842,32.208259],[116.310483,32.217384],[116.298708,32.235929]]]}},{"type":"Feature","properties":{"name":"Wuchang Hu","name_zh":"武昌湖"},"geometry":{"type":"Polygon","coordinates":[[[116.825031,30.311082],[116.840927,30.285473],[116.839161,30.281352],[116.834451,30.27723],[116.832096,30.268105],[116.82562,30.25898],[116.812079,30.26104],[116.790885,30.271343],[116.774695,30.271049],[116.763803,30.2684],[116.743198,30.257802],[116.739665,30.255447],[116.735839,30.251326],[116.73054,30.2475],[116.723475,30.244262],[116.716411,30.243379],[116.694628,30.244262],[116.668724,30.241907],[116.657244,30.237786],[116.646941,30.229838],[116.633989,30.235431],[116.605141,30.239552],[116.5916,30.244262],[116.5916,30.250443],[116.621331,30.249266],[116.637815,30.250443],[116.64959,30.255447],[116.639876,30.262218],[116.613383,30.298719],[116.603964,30.295481],[116.568051,30.297542],[116.550684,30.29136],[116.545974,30.30078],[116.545974,30.308433],[116.550095,30.314909],[116.558043,30.319325],[116.558043,30.313143],[116.5707,30.326095],[116.613972,30.324623],[116.626335,30.339636],[116.6334,30.339636],[116.633989,30.334926],[116.635755,30.332277],[116.63811,30.329922],[116.640759,30.326095],[116.637815,30.322563],[116.6334,30.313143],[116.644291,30.309022],[116.669312,30.29607],[116.674317,30.295187],[116.677849,30.298425],[116.686386,30.290182],[116.701398,30.271343],[116.708463,30.29136],[116.715233,30.29136],[116.719943,30.277525],[116.72583,30.280763],[116.739665,30.302251],[116.749379,30.309905],[116.769102,30.320502],[116.780876,30.329333],[116.790296,30.330805],[116.801776,30.324917],[116.812668,30.31697],[116.821204,30.313143],[116.825031,30.311082]]]}},{"type":"Feature","properties":{"name":null,"name_zh":null},"geometry":{"type":"Polygon","coordinates":[[[117.11233,30.394976],[117.160312,30.394976],[117.160312,30.387617],[117.14942,30.385851],[117.141178,30.382318],[117.133819,30.376137],[117.126166,30.367895],[117.133525,30.360241],[117.124399,30.358181],[117.113508,30.361124],[117.103205,30.36554],[117.095552,30.367895],[117.081128,30.368483],[117.069942,30.371721],[117.064055,30.379964],[117.064643,30.394976],[117.057873,30.394976],[117.051103,30.379669],[117.018428,30.367011],[117.002533,30.354059],[117.008714,30.338753],[117.009892,30.320208],[117.004004,30.308433],[116.988992,30.313143],[116.98752,30.312554],[116.985165,30.316675],[116.984576,30.320502],[116.988992,30.326095],[116.979867,30.335515],[116.974274,30.351999],[116.973096,30.369955],[116.978983,30.384085],[116.989875,30.392032],[117.004888,30.398508],[117.036679,30.408222],[117.046982,30.41617],[117.066115,30.419997],[117.082894,30.426767],[117.09879,30.435893],[117.112919,30.449728],[117.12175,30.455321],[117.133525,30.456498],[117.135291,30.451788],[117.133819,30.442369],[117.13588,30.432949],[117.146771,30.428534],[117.146771,30.422352],[117.127049,30.410577],[117.119101,30.403513],[117.11233,30.394976]]]}},{"type":"Feature","properties":{"name":null,"name_zh":null},"geometry":{"type":"Polygon","coordinates":[[[114.947577,30.257802],[114.949932,30.256919],[114.951992,30.253976],[114.952875,30.252209],[114.953758,30.250443],[114.947577,30.257802]]]}},{"type":"Feature","properties":{"name":null,"name_zh":null},"geometry":{"type":"Polygon","coordinates":[[[114.93698,30.26575],[114.919612,30.271343],[114.935213,30.277525],[114.954641,30.278997],[114.991731,30.277819],[115.004683,30.281646],[115.007038,30.291949],[115.007627,30.307256],[115.015575,30.326095],[115.005566,30.334926],[114.999385,30.348761],[114.996441,30.364951],[114.995264,30.380847],[115.006449,30.372604],[115.025878,30.351116],[115.046777,30.339636],[115.048838,30.322857],[115.043245,30.288416],[115.033531,30.257214],[115.009982,30.245439],[114.979368,30.246911],[114.949932,30.256919],[114.944044,30.262218],[114.93698,30.26575]]]}},{"type":"Feature","properties":{"name":null,"name_zh":null},"geometry":{"type":"Polygon","coordinates":[[[114.646442,30.243084],[114.650269,30.241024],[114.652624,30.236608],[114.645265,30.244262],[114.646442,30.243084]]]}},{"type":"Feature","properties":{"name":null,"name_zh":null},"geometry":{"type":"Polygon","coordinates":[[[114.410362,30.458853],[114.412423,30.456498],[114.41154,30.41882],[114.405652,30.387617],[114.401826,30.390561],[114.39064,30.396742],[114.385636,30.401158],[114.37916,30.382318],[114.378571,30.374665],[114.368857,30.384379],[114.364441,30.396742],[114.362086,30.409694],[114.357965,30.422352],[114.34413,30.387617],[114.330884,30.392032],[114.316754,30.377903],[114.309984,30.387617],[114.303214,30.380847],[114.309101,30.454143],[114.316166,30.477104],[114.334416,30.460619],[114.362381,30.441486],[114.38799,30.435893],[114.399471,30.460031],[114.401531,30.46474],[114.405947,30.462974],[114.410362,30.458853]]]}},{"type":"Feature","properties":{"name":null,"name_zh":null},"geometry":{"type":"Polygon","coordinates":[[[114.310867,30.504185],[114.313222,30.502125],[114.310867,30.498887],[114.309984,30.497415],[114.309984,30.504774],[114.310867,30.504185]]]}},{"type":"Feature","properties":{"name":null,"name_zh":null},"geometry":{"type":"Polygon","coordinates":[[[114.590513,30.641653],[114.595517,30.636355],[114.597578,30.634],[114.590513,30.641653]]]}},{"type":"Feature","properties":{"name":null,"name_zh":null},"geometry":{"type":"Polygon","coordinates":[[[114.453928,30.743798],[114.46011,30.743798],[114.44598,30.747624],[114.437738,30.757044],[114.426258,30.784714],[114.433617,30.792368],[114.429201,30.806203],[114.434794,30.808852],[114.443037,30.802376],[114.447158,30.788541],[114.450984,30.780887],[114.459815,30.776766],[114.481598,30.771762],[114.473356,30.787363],[114.461287,30.805908],[114.453634,30.82622],[114.46011,30.846825],[114.462759,30.8377],[114.467174,30.829752],[114.473356,30.82357],[114.481598,30.819449],[114.482776,30.825042],[114.486897,30.834462],[114.488369,30.840055],[114.495728,30.840055],[114.496905,30.834462],[114.501909,30.819449],[114.514861,30.827103],[114.52487,30.828574],[114.543415,30.827103],[114.550185,30.825336],[114.555778,30.82151],[114.560782,30.819449],[114.566964,30.823276],[114.572851,30.828869],[114.577855,30.830929],[114.583743,30.830046],[114.590513,30.827103],[114.579327,30.810324],[114.554601,30.803259],[114.525753,30.799432],[114.517805,30.797077],[114.523104,30.797961],[114.533406,30.797372],[114.543415,30.792368],[114.538411,30.788835],[114.535761,30.785892],[114.533406,30.782654],[114.529874,30.778533],[114.536644,30.782065],[114.542237,30.783537],[114.556367,30.784714],[114.556367,30.778533],[114.550774,30.775],[114.542237,30.767641],[114.536056,30.764403],[114.536056,30.758221],[114.551068,30.763226],[114.563726,30.769113],[114.576383,30.771173],[114.590513,30.764403],[114.522809,30.734084],[114.488957,30.728785],[114.453928,30.743798]]]}},{"type":"Feature","properties":{"name":null,"name_zh":null},"geometry":{"type":"Polygon","coordinates":[[[114.215493,33.019232],[114.204307,33.037483],[114.213727,33.053967],[114.245518,33.070452],[114.269362,33.055733],[114.280548,33.023059],[114.273188,32.964186],[114.268479,32.956238],[114.25847,32.960948],[114.241691,32.988324],[114.232566,33.00157],[114.215493,33.019232]]]}},{"type":"Feature","properties":{"name":null,"name_zh":null},"geometry":{"type":"Polygon","coordinates":[[[112.637996,33.35569],[112.633286,33.334496],[112.634463,33.306826],[112.629459,33.282983],[112.607087,33.27268],[112.589131,33.281805],[112.576768,33.300056],[112.563227,33.313302],[112.541739,33.306826],[112.53438,33.318895],[112.523782,33.329198],[112.510536,33.33744],[112.495818,33.344799],[112.484043,33.354513],[112.47639,33.366876],[112.474329,33.3813],[112.480217,33.396607],[112.488459,33.37659],[112.499939,33.3604],[112.515246,33.346565],[112.534968,33.334496],[112.54586,33.350392],[112.548509,33.35569],[112.548509,33.341561],[112.555868,33.341561],[112.557929,33.347154],[112.559989,33.350392],[112.561755,33.354513],[112.562933,33.361872],[112.567054,33.349509],[112.571175,33.340972],[112.576179,33.333908],[112.582655,33.327137],[112.588837,33.323016],[112.604144,33.317423],[112.61062,33.313596],[112.617979,33.313596],[112.617685,33.328315],[112.62004,33.340384],[112.626516,33.349803],[112.637996,33.35569]]]}},{"type":"Feature","properties":{"name":"Dalai Nur","name_zh":"达里诺尔"},"geometry":{"type":"Polygon","coordinates":[[[116.573055,43.223953],[116.46885,43.228958],[116.481508,43.244559],[116.495049,43.257217],[116.510945,43.268108],[116.530961,43.278116],[116.566285,43.290774],[116.582769,43.301371],[116.5916,43.319033],[116.58483,43.316973],[116.58012,43.317561],[116.575999,43.318739],[116.570995,43.319033],[116.599254,43.357889],[116.616327,43.37349],[116.642231,43.38085],[116.653711,43.385559],[116.660776,43.387326],[116.667252,43.38762],[116.697277,43.385559],[116.736427,43.37349],[116.701987,43.353474],[116.705814,43.34582],[116.728774,43.332574],[116.741726,43.326687],[116.75615,43.315795],[116.762331,43.299899],[116.756739,43.278116],[116.740843,43.2581],[116.719943,43.246914],[116.674317,43.236611],[116.573055,43.223953]]]}},{"type":"Feature","properties":{"name":"Kenohan Jempang","name_zh":"肯诺汉金邦湖"},"geometry":{"type":"Polygon","coordinates":[[[116.530961,-0.229196],[116.538026,-0.237438],[116.530961,-0.250096],[116.520364,-0.253922],[116.457665,-0.259221],[116.44118,-0.263636],[116.425579,-0.270112],[116.41351,-0.27806],[116.432938,-0.296311],[116.414687,-0.318977],[116.379658,-0.338405],[116.347867,-0.346353],[116.330794,-0.343115],[116.30224,-0.328985],[116.293115,-0.325747],[116.290171,-0.323687],[116.287228,-0.318977],[116.282518,-0.314561],[116.273098,-0.312207],[116.268683,-0.307497],[116.273687,-0.296605],[116.282518,-0.284831],[116.283107,-0.284831],[116.299297,-0.271584],[116.334915,-0.248035],[116.347867,-0.244208],[116.37436,-0.286597],[116.386134,-0.298666],[116.394965,-0.284242],[116.402619,-0.251862],[116.41351,-0.244208],[116.405857,-0.225664],[116.406151,-0.208002],[116.411744,-0.192989],[116.420869,-0.182686],[116.437059,-0.175033],[116.457959,-0.170617],[116.472383,-0.173855],[116.46885,-0.188868],[116.506235,-0.223309],[116.517715,-0.22478],[116.530961,-0.229196]]]}},{"type":"Feature","properties":{"name":null,"name_zh":null},"geometry":{"type":"Polygon","coordinates":[[[116.266328,-0.415234],[116.269566,-0.418766],[116.269272,-0.428775],[116.267505,-0.436134],[116.262501,-0.440549],[116.252198,-0.442021],[116.239541,-0.44732],[116.238363,-0.459977],[116.24013,-0.475873],[116.236008,-0.490297],[116.223645,-0.499128],[116.206278,-0.503249],[116.187438,-0.504426],[116.148582,-0.503249],[116.14034,-0.497362],[116.141223,-0.444965],[116.136808,-0.43319],[116.122678,-0.42848],[116.115319,-0.420533],[116.110609,-0.404343],[116.11473,-0.389919],[116.126211,-0.387269],[116.141518,-0.39875],[116.155058,-0.396395],[116.168893,-0.391979],[116.1842,-0.397867],[116.197447,-0.405226],[116.243073,-0.415234],[116.249549,-0.415823],[116.258674,-0.41494],[116.266328,-0.415234]]]}},{"type":"Feature","properties":{"name":"Lake Taal","name_zh":"塔阿爾湖"},"geometry":{"type":"Polygon","coordinates":[[[121.021486,14.063066],[121.050039,14.052468],[121.045035,14.011258],[121.031789,13.983293],[121.007062,13.962099],[120.965557,13.957389],[120.944951,13.986825],[120.936415,14.036867],[120.932294,14.070425],[120.978215,14.070425],[120.99411,14.058356],[121.021486,14.063066]]]}},{"type":"Feature","properties":{"name":null,"name_zh":null},"geometry":{"type":"Polygon","coordinates":[[[114.111288,30.208349],[114.110699,30.204817],[114.110699,30.209232],[114.110994,30.208938],[114.111288,30.208349]]]}},{"type":"Feature","properties":{"name":"Ozero Gusinoye","name_zh":"古西諾耶湖"},"geometry":{"type":"Polygon","coordinates":[[[106.501975,51.269219],[106.50433,51.244198],[106.499621,51.226831],[106.488435,51.207992],[106.474011,51.192685],[106.460176,51.186209],[106.441336,51.181205],[106.424852,51.16943],[106.401892,51.144703],[106.365391,51.12292],[106.32153,51.114678],[106.294154,51.126158],[106.305635,51.163543],[106.319175,51.171785],[106.347434,51.184737],[106.360092,51.19239],[106.370395,51.202988],[106.381581,51.219472],[106.391,51.237134],[106.395121,51.250969],[106.402775,51.263627],[106.421025,51.275401],[106.441631,51.284526],[106.456643,51.289236],[106.479309,51.291002],[106.494028,51.284526],[106.501975,51.269219]]]}},{"type":"Feature","properties":{"name":null,"name_zh":null},"geometry":{"type":"Polygon","coordinates":[[[111.262432,55.867187],[111.280683,55.866304],[111.269497,55.850703],[111.251246,55.838634],[111.228875,55.831569],[111.205914,55.831569],[111.205914,55.838339],[111.22652,55.85188],[111.232407,55.857179],[111.246831,55.863949],[111.262432,55.867187]]]}},{"type":"Feature","properties":{"name":null,"name_zh":null},"geometry":{"type":"Polygon","coordinates":[[[111.811716,55.297004],[111.760791,55.297004],[111.749016,55.298476],[111.735475,55.301714],[111.725467,55.306718],[111.723995,55.312311],[111.737241,55.316726],[111.751665,55.318492],[111.80524,55.317609],[111.808772,55.314371],[111.810833,55.312311],[111.814659,55.306129],[111.816131,55.299947],[111.811716,55.297004]]]}},{"type":"Feature","properties":{"name":"Ozero Busani","name_zh":"布薩尼湖"},"geometry":{"type":"Polygon","coordinates":[[[113.594385,55.384724],[113.610575,55.362353],[113.605276,55.345574],[113.592324,55.339687],[113.555823,55.338509],[113.506959,55.33115],[113.482232,55.330856],[113.460449,55.338509],[113.472224,55.344396],[113.484881,55.348518],[113.514612,55.365591],[113.556706,55.381781],[113.594385,55.384724]]]}},{"type":"Feature","properties":{"name":"Ozero Baunt","name_zh":"巴溫特湖"},"geometry":{"type":"Polygon","coordinates":[[[113.07807,55.158358],[113.035093,55.153648],[112.882024,55.169838],[112.864362,55.181024],[112.880846,55.184557],[112.894681,55.19015],[112.907045,55.197803],[112.918525,55.2084],[112.929122,55.209872],[113.027734,55.235482],[113.079542,55.271688],[113.097204,55.276693],[113.11516,55.271688],[113.116043,55.260797],[113.103385,55.235482],[113.094849,55.173076],[113.07807,55.158358]]]}},{"type":"Feature","properties":{"name":"Ozero Kipylyushi","name_zh":"基匹柳什湖"},"geometry":{"type":"Polygon","coordinates":[[[112.418106,54.824844],[112.406037,54.825138],[112.373657,54.831614],[112.370419,54.83603],[112.374834,54.845155],[112.383959,54.851631],[112.394262,54.848393],[112.406626,54.841328],[112.412807,54.848098],[112.413985,54.857518],[112.411335,54.85899],[112.411924,54.863994],[112.408392,54.868115],[112.406626,54.871942],[112.411335,54.876357],[112.418989,54.87989],[112.433118,54.877241],[112.446365,54.87047],[112.452252,54.862522],[112.452841,54.845155],[112.451369,54.834558],[112.441655,54.828376],[112.418106,54.824844]]]}},{"type":"Feature","properties":{"name":"Ozero Kipylyushi","name_zh":"基匹柳什湖"},"geometry":{"type":"Polygon","coordinates":[[[112.343043,54.851925],[112.34893,54.827493],[112.338922,54.811892],[112.317139,54.804238],[112.225592,54.806888],[112.195861,54.814247],[112.178493,54.831614],[112.182026,54.839856],[112.188207,54.848687],[112.199982,54.855752],[112.21264,54.85899],[112.227358,54.856929],[112.246786,54.846038],[112.26121,54.844566],[112.285347,54.853691],[112.305659,54.867527],[112.324204,54.871648],[112.343043,54.851925]]]}},{"type":"Feature","properties":{"name":"Ozero Isinginskoye","name_zh":"伊辛加湖"},"geometry":{"type":"Polygon","coordinates":[[[112.007468,52.939736],[112.009823,52.927667],[112.000403,52.912949],[111.975382,52.901469],[111.943591,52.901174],[111.916804,52.908533],[111.906206,52.920897],[111.92063,52.934437],[111.937115,52.945329],[111.954482,52.952394],[111.973027,52.953865],[111.994516,52.949156],[112.007468,52.939736]]]}},{"type":"Feature","properties":{"name":"Ozero Bolshaya Kharga","name_zh":"大哈尔加湖"},"geometry":{"type":"Polygon","coordinates":[[[111.880597,52.889988],[111.897376,52.878214],[111.894432,52.849955],[111.86735,52.837592],[111.833793,52.837592],[111.811421,52.846422],[111.828789,52.866145],[111.854693,52.883218],[111.880597,52.889988]]]}},{"type":"Feature","properties":{"name":"Ozero Bolshoye Yeravnoye","name_zh":"大耶拉夫諾耶湖"},"geometry":{"type":"Polygon","coordinates":[[[111.510581,52.564716],[111.463188,52.562067],[111.454946,52.56295],[111.448765,52.566777],[111.44641,52.572958],[111.444938,52.587971],[111.441994,52.590914],[111.430808,52.592681],[111.421094,52.598273],[111.41403,52.60681],[111.411675,52.617996],[111.422566,52.640368],[111.447882,52.650376],[111.533836,52.6648],[111.557974,52.663622],[111.573869,52.649787],[111.57593,52.617407],[111.563861,52.592681],[111.540312,52.575019],[111.510581,52.564716]]]}},{"type":"Feature","properties":{"name":null,"name_zh":null},"geometry":{"type":"Polygon","coordinates":[[[111.702801,52.682462],[111.705745,52.66951],[111.70339,52.659207],[111.694264,52.643017],[111.692204,52.635658],[111.671304,52.619173],[111.62921,52.616524],[111.596535,52.632714],[111.603306,52.665977],[111.613609,52.680107],[111.634214,52.690998],[111.657469,52.695119],[111.675131,52.690115],[111.685433,52.685405],[111.695147,52.685405],[111.702801,52.682462]]]}},{"type":"Feature","properties":{"name":null,"name_zh":null},"geometry":{"type":"Polygon","coordinates":[[[111.572398,52.56295],[111.582112,52.559123],[111.580345,52.550292],[111.573869,52.541167],[111.56916,52.536163],[111.557385,52.531158],[111.541489,52.529687],[111.525888,52.531453],[111.514408,52.536163],[111.500278,52.529392],[111.486149,52.539401],[111.479673,52.542344],[111.499395,52.55147],[111.524122,52.557946],[111.572398,52.56295]]]}},{"type":"Feature","properties":{"name":null,"name_zh":null},"geometry":{"type":"Polygon","coordinates":[[[113.127523,52.344237],[113.145185,52.338056],[113.123991,52.325692],[113.094554,52.313329],[113.0713,52.307736],[113.069239,52.317156],[113.08484,52.330402],[113.106035,52.34041],[113.127523,52.344237]]]}},{"type":"Feature","properties":{"name":null,"name_zh":null},"geometry":{"type":"Polygon","coordinates":[[[113.015665,52.28978],[113.021258,52.270352],[113.004773,52.248569],[112.966212,52.255634],[112.969744,52.263287],[112.974748,52.269174],[112.980341,52.273884],[112.987112,52.276533],[113.015665,52.28978]]]}},{"type":"Feature","properties":{"name":"Ozero Arakhley","name_zh":"阿拉赫列伊湖"},"geometry":{"type":"Polygon","coordinates":[[[112.90469,52.276828],[112.937364,52.247686],[112.919113,52.218544],[112.874959,52.19941],[112.829627,52.200293],[112.83728,52.207947],[112.821679,52.207652],[112.802545,52.203826],[112.789005,52.196172],[112.792243,52.183809],[112.751326,52.153195],[112.737196,52.149074],[112.720418,52.14142],[112.702756,52.136122],[112.685683,52.140243],[112.681267,52.148779],[112.684211,52.161143],[112.691276,52.174978],[112.692747,52.180571],[112.700695,52.189696],[112.716002,52.212951],[112.727188,52.222076],[112.742495,52.226197],[112.813731,52.22973],[112.82109,52.230907],[112.829627,52.235028],[112.834337,52.239444],[112.840224,52.251218],[112.844051,52.255634],[112.859063,52.262993],[112.89056,52.269763],[112.90469,52.276828]]]}},{"type":"Feature","properties":{"name":"Ozero Irgen","name_zh":"伊尔根湖"},"geometry":{"type":"Polygon","coordinates":[[[112.510536,51.978343],[112.500822,51.988057],[112.502883,52.014549],[112.526432,52.032506],[112.555868,52.038687],[112.575885,52.030445],[112.567643,52.010723],[112.540267,51.987174],[112.510536,51.978343]]]}},{"type":"Feature","properties":{"name":null,"name_zh":null},"geometry":{"type":"Polygon","coordinates":[[[116.317842,50.478852],[116.317253,50.473553],[116.317253,50.47944],[116.317842,50.478852]]]}},{"type":"Feature","properties":{"name":null,"name_zh":null},"geometry":{"type":"Polygon","coordinates":[[[116.326378,50.467372],[116.317842,50.478852],[116.318725,50.489743],[116.340213,50.494159],[116.367295,50.489449],[116.386134,50.47944],[116.370238,50.469138],[116.346984,50.464428],[116.326378,50.467372]]]}},{"type":"Feature","properties":{"name":"Telmen Nuur","name_zh":"台尔明湖"},"geometry":{"type":"Polygon","coordinates":[[[97.493256,48.835711],[97.513861,48.817166],[97.510329,48.805392],[97.492078,48.804509],[97.469118,48.818049],[97.447335,48.825408],[97.419076,48.820404],[97.330178,48.786258],[97.326057,48.783609],[97.321641,48.781254],[97.314871,48.780371],[97.308984,48.782726],[97.305451,48.787435],[97.300447,48.791851],[97.291911,48.794206],[97.269245,48.790379],[97.246873,48.782431],[97.223618,48.777427],[97.198892,48.780371],[97.180935,48.792145],[97.167689,48.810396],[97.160036,48.83159],[97.157092,48.852784],[97.162096,48.859555],[97.172988,48.857494],[97.18594,48.852196],[97.200363,48.848074],[97.209783,48.84307],[97.215965,48.841893],[97.219203,48.844836],[97.219791,48.851312],[97.220969,48.858377],[97.226856,48.862498],[97.246873,48.863087],[97.259825,48.861321],[97.270716,48.862498],[97.298092,48.881926],[97.344013,48.89429],[97.38699,48.886636],[97.42408,48.873095],[97.493256,48.835711]]]}},{"type":"Feature","properties":{"name":"Sangiyn Dalay Nuur","name_zh":"桑根达来湖"},"geometry":{"type":"Polygon","coordinates":[[[99.1414,49.253414],[99.254731,49.23899],[99.228238,49.223094],[99.157002,49.231631],[99.137868,49.212497],[99.139634,49.200428],[99.146405,49.19042],[99.152292,49.179528],[99.151703,49.163927],[99.142284,49.149209],[99.12992,49.144794],[99.115496,49.149209],[99.10019,49.160689],[99.073108,49.167754],[99.031897,49.171581],[99.001283,49.180412],[99.004227,49.2019],[99.017473,49.207787],[99.054563,49.214558],[99.062217,49.222506],[99.054857,49.231337],[99.007465,49.253414],[98.98421,49.246644],[98.947415,49.244583],[98.913268,49.247527],[98.89855,49.256946],[98.885892,49.274902],[98.827608,49.288149],[98.809063,49.30169],[98.8385,49.305811],[98.92622,49.30169],[99.010997,49.30169],[99.023655,49.29904],[99.031014,49.292564],[99.036018,49.285205],[99.041611,49.280201],[99.055741,49.274608],[99.066043,49.271959],[99.07458,49.268426],[99.082528,49.260184],[99.077229,49.259007],[99.076052,49.244877],[99.081056,49.232514],[99.093419,49.236046],[99.103722,49.244289],[99.115202,49.249587],[99.12786,49.252531],[99.1414,49.253414]]]}},{"type":"Feature","properties":{"name":"Hh Nuur","name_zh":"哈湖"},"geometry":{"type":"Polygon","coordinates":[[[115.640804,49.528056],[115.640804,49.505095],[115.633739,49.488316],[115.615194,49.478014],[115.590174,49.469477],[115.565447,49.467417],[115.547196,49.476248],[115.537777,49.487728],[115.536011,49.493026],[115.537188,49.499208],[115.536305,49.53306],[115.529535,49.536003],[115.509223,49.534532],[115.532184,49.552193],[115.56427,49.570444],[115.597238,49.580158],[115.622554,49.571916],[115.634328,49.552193],[115.640804,49.528056]]]}},{"type":"Feature","properties":{"name":null,"name_zh":null},"geometry":{"type":"Polygon","coordinates":[[[115.840972,49.515692],[115.85098,49.502446],[115.835084,49.49597],[115.817128,49.495676],[115.80241,49.502152],[115.796523,49.517164],[115.804765,49.525701],[115.822427,49.524229],[115.840972,49.515692]]]}},{"type":"Feature","properties":{"name":null,"name_zh":null},"geometry":{"type":"Polygon","coordinates":[[[116.095302,49.36851],[116.077935,49.383817],[116.087649,49.398535],[116.118852,49.401185],[116.150348,49.395297],[116.160357,49.383817],[116.151232,49.376458],[116.123561,49.367922],[116.095302,49.36851]]]}},{"type":"Feature","properties":{"name":null,"name_zh":null},"geometry":{"type":"Polygon","coordinates":[[[117.24656,47.431594],[117.235963,47.433949],[117.238024,47.45426],[117.2445,47.473688],[117.255391,47.484285],[117.27011,47.478104],[117.278646,47.448667],[117.266872,47.435127],[117.24656,47.431594]]]}},{"type":"Feature","properties":{"name":null,"name_zh":null},"geometry":{"type":"Polygon","coordinates":[[[117.548578,47.321208],[117.537687,47.320619],[117.549167,47.330039],[117.564474,47.339458],[117.580075,47.343285],[117.592438,47.335043],[117.598914,47.335043],[117.60333,47.316498],[117.593321,47.305606],[117.580958,47.304135],[117.578603,47.314437],[117.569478,47.318558],[117.55947,47.320619],[117.548578,47.321208]]]}},{"type":"Feature","properties":{"name":null,"name_zh":null},"geometry":{"type":"Polygon","coordinates":[[[124.334849,46.156115],[124.33426,46.165829],[124.338675,46.167889],[124.344857,46.167595],[124.349273,46.16995],[124.360458,46.196442],[124.368995,46.202918],[124.383419,46.197031],[124.395193,46.192321],[124.393427,46.181135],[124.382536,46.167006],[124.376354,46.152877],[124.382536,46.151405],[124.424924,46.17672],[124.427279,46.15376],[124.410795,46.13757],[124.385479,46.134037],[124.362813,46.149344],[124.354571,46.146106],[124.346329,46.145812],[124.339264,46.14905],[124.334849,46.156115]]]}},{"type":"Feature","properties":{"name":null,"name_zh":null},"geometry":{"type":"Polygon","coordinates":[[[124.252721,45.344553],[124.235942,45.340432],[124.236237,45.3525],[124.250366,45.374283],[124.270089,45.386058],[124.286867,45.367219],[124.289222,45.359271],[124.294521,45.354267],[124.272443,45.357799],[124.261846,45.3525],[124.252721,45.344553]]]}},{"type":"Feature","properties":{"name":"Ulgain Gobi","name_zh":"乌拉盖戈壁"},"geometry":{"type":"Polygon","coordinates":[[[117.63571,45.56356],[117.647484,45.539127],[117.630411,45.536772],[117.621286,45.528236],[117.620403,45.516167],[117.627173,45.504392],[117.622463,45.487908],[117.609511,45.47054],[117.578603,45.44287],[117.568595,45.437277],[117.557703,45.433156],[117.545929,45.430801],[117.53386,45.429918],[117.522968,45.426386],[117.518259,45.418144],[117.515315,45.408724],[117.509722,45.401954],[117.501185,45.401071],[117.435837,45.401659],[117.427889,45.405192],[117.380496,45.439044],[117.359008,45.446991],[117.338991,45.44287],[117.319857,45.456411],[117.326628,45.463476],[117.366367,45.470835],[117.384912,45.478783],[117.427594,45.512046],[117.464684,45.526175],[117.507661,45.532063],[117.598914,45.532357],[117.577426,45.559733],[117.573893,45.572685],[117.585374,45.587109],[117.596854,45.57033],[117.616282,45.568269],[117.63571,45.56356]]]}},{"type":"Feature","properties":{"name":"Aqqikkol Hu","name_zh":"阿其克庫勒湖"},"geometry":{"type":"Polygon","coordinates":[[[88.359431,36.996092],[88.334705,37.014931],[88.308506,37.024645],[88.288489,37.050549],[88.276421,37.060263],[88.342358,37.143568],[88.372089,37.16329],[88.415655,37.173299],[88.46658,37.173593],[88.514855,37.165351],[88.550179,37.148867],[88.555772,37.127084],[88.557538,37.089994],[88.551651,37.05467],[88.540171,37.039069],[88.525453,37.043484],[88.522215,37.052904],[88.517799,37.062324],[88.49896,37.066445],[88.470995,37.067622],[88.465991,37.059969],[88.455394,37.009927],[88.450684,37.000801],[88.440381,36.991971],[88.420365,36.983434],[88.404763,36.984317],[88.359431,36.996092]]]}},{"type":"Feature","properties":{"name":null,"name_zh":null},"geometry":{"type":"Polygon","coordinates":[[[95.295239,36.962828],[95.299949,36.937808],[95.293767,36.907488],[95.279637,36.88335],[95.259326,36.876874],[95.236955,36.893947],[95.201042,36.947816],[95.173666,36.959296],[95.148351,36.96695],[95.116854,37.000213],[95.091244,37.007866],[95.028545,37.010221],[95.000286,37.016403],[94.972027,37.027589],[94.983213,37.03377],[94.994399,37.034948],[95.006468,37.034359],[95.019714,37.035242],[95.030017,37.039363],[95.052388,37.052315],[95.064163,37.054964],[95.087123,37.052021],[95.130395,37.038186],[95.193683,37.027294],[95.231067,37.007866],[95.295239,36.962828]]]}},{"type":"Feature","properties":{"name":"Gas Hu","name_zh":"尕斯库乐湖"},"geometry":{"type":"Polygon","coordinates":[[[90.825614,38.159124],[90.899499,38.122034],[90.953662,38.112615],[90.985748,38.100251],[91.007237,38.081118],[91.003704,38.056097],[91.020189,38.05021],[91.009003,38.048738],[90.976328,38.049326],[90.972502,38.044028],[90.972207,38.027838],[90.969852,38.021362],[90.961316,38.016652],[90.939827,38.009293],[90.932468,38.004289],[90.914217,37.996635],[90.899499,38.008999],[90.880954,38.042556],[90.868885,38.052564],[90.850929,38.061395],[90.831501,38.067577],[90.815311,38.069932],[90.79971,38.074642],[90.780576,38.084061],[90.761148,38.090537],[90.738482,38.085533],[90.725824,38.087299],[90.71405,38.090832],[90.709046,38.09407],[90.708163,38.104078],[90.706691,38.111732],[90.706102,38.11968],[90.709046,38.13116],[90.728768,38.153237],[90.763503,38.167367],[90.80177,38.17031],[90.825614,38.159124]]]}},{"type":"Feature","properties":{"name":"Hoh Sai Hu","name_zh":"库赛湖"},"geometry":{"type":"Polygon","coordinates":[[[92.996255,35.718846],[93.038938,35.700006],[93.025986,35.681167],[93.006558,35.671159],[92.983597,35.666743],[92.914422,35.66586],[92.899409,35.673514],[92.826701,35.737096],[92.821108,35.757407],[92.806684,35.771831],[92.788728,35.78184],[92.70925,35.80951],[92.693354,35.819224],[92.674221,35.82776],[92.623001,35.834531],[92.607106,35.843362],[92.621235,35.858374],[92.673632,35.86014],[92.771655,35.850132],[92.776659,35.851604],[92.785785,35.857786],[92.809922,35.830704],[92.82258,35.818929],[92.840536,35.809215],[92.887046,35.796558],[92.901764,35.788904],[92.954455,35.758879],[92.964169,35.744455],[92.973883,35.732975],[92.996255,35.718846]]]}},{"type":"Feature","properties":{"name":"Huiten Nur","name_zh":"卓乃湖"},"geometry":{"type":"Polygon","coordinates":[[[92.057528,35.569603],[92.099916,35.562833],[92.099916,35.556062],[92.089319,35.551941],[92.052229,35.528098],[92.047519,35.533691],[92.036334,35.543405],[92.031624,35.549292],[92.004248,35.533102],[91.970102,35.518678],[91.93625,35.508964],[91.907991,35.507492],[91.889151,35.518384],[91.880909,35.521327],[91.870901,35.521622],[91.849707,35.519856],[91.839698,35.521327],[91.825863,35.528686],[91.784652,35.569603],[91.795249,35.574902],[91.804963,35.583144],[91.811439,35.595213],[91.812028,35.61052],[91.86207,35.639367],[91.880909,35.645549],[91.904164,35.645843],[91.946258,35.634069],[91.966864,35.631125],[92.038688,35.574902],[92.057528,35.569603]]]}},{"type":"Feature","properties":{"name":null,"name_zh":null},"geometry":{"type":"Polygon","coordinates":[[[90.126499,35.720906],[90.083522,35.736213],[90.057912,35.757407],[90.060267,35.788021],[90.101478,35.79332],[90.188316,35.785372],[90.223051,35.803034],[90.244833,35.806566],[90.267205,35.79538],[90.283984,35.794497],[90.328727,35.818046],[90.346095,35.812748],[90.347861,35.805683],[90.346389,35.797735],[90.338147,35.78184],[90.324312,35.741217],[90.296347,35.715313],[90.258669,35.70295],[90.215397,35.703539],[90.126499,35.720906]]]}},{"type":"Feature","properties":{"name":null,"name_zh":null},"geometry":{"type":"Polygon","coordinates":[[[90.354631,35.151017],[90.240124,35.161026],[90.201856,35.143364],[90.196852,35.152195],[90.19067,35.156316],[90.183311,35.156021],[90.17448,35.150134],[90.163883,35.158671],[90.145633,35.180454],[90.133564,35.191051],[90.120317,35.197527],[90.108543,35.200765],[90.098829,35.206358],[90.092058,35.219015],[90.110015,35.21931],[90.116196,35.228435],[90.118551,35.241387],[90.126205,35.252573],[90.141806,35.257577],[90.153286,35.252279],[90.165061,35.244036],[90.181251,35.239621],[90.213631,35.234322],[90.21157,35.223431],[90.187138,35.213422],[90.154169,35.211656],[90.154169,35.205475],[90.170654,35.198999],[90.20009,35.193111],[90.225405,35.190756],[90.230998,35.191345],[90.236591,35.189579],[90.2466,35.181337],[90.254547,35.177216],[90.261318,35.178393],[90.266911,35.183692],[90.270149,35.191051],[90.263673,35.19164],[90.258963,35.1937],[90.255136,35.196055],[90.250426,35.197821],[90.257785,35.211951],[90.264556,35.231673],[90.274564,35.244919],[90.290754,35.239621],[90.291049,35.251984],[90.295464,35.265231],[90.303706,35.276122],[90.315186,35.280538],[90.321957,35.282009],[90.333143,35.287602],[90.339619,35.287897],[90.344623,35.285247],[90.352865,35.276122],[90.356103,35.274356],[90.364934,35.263759],[90.383773,35.216366],[90.400552,35.205475],[90.39231,35.236972],[90.385834,35.252867],[90.377003,35.259932],[90.373765,35.266702],[90.380241,35.277888],[90.389661,35.280243],[90.39437,35.259932],[90.400258,35.263759],[90.406145,35.265231],[90.418214,35.263759],[90.467667,35.226963],[90.483563,35.219015],[90.492394,35.216955],[90.520947,35.219015],[90.529778,35.216955],[90.536843,35.211951],[90.551855,35.197821],[90.555388,35.211951],[90.560686,35.21666],[90.567457,35.214894],[90.575993,35.208418],[90.585707,35.206063],[90.597482,35.210184],[90.609551,35.216072],[90.619559,35.219015],[90.631039,35.217249],[90.642519,35.212539],[90.648995,35.204886],[90.643697,35.194583],[90.575993,35.188402],[90.517709,35.17074],[90.499753,35.173095],[90.481208,35.183692],[90.465901,35.199587],[90.455598,35.219015],[90.437936,35.165735],[90.422629,35.147191],[90.400552,35.164558],[90.354631,35.151017]]]}},{"type":"Feature","properties":{"name":null,"name_zh":null},"geometry":{"type":"Polygon","coordinates":[[[90.733184,34.835459],[90.698743,34.835459],[90.689323,34.838108],[90.665774,34.851355],[90.653705,34.855181],[90.626918,34.854593],[90.580114,34.839286],[90.555388,34.835459],[90.486801,34.835459],[90.479736,34.837519],[90.476792,34.842229],[90.476204,34.846939],[90.476204,34.849],[90.460897,34.84635],[90.456187,34.837519],[90.452949,34.826039],[90.442057,34.815148],[90.424101,34.808966],[90.386423,34.803668],[90.366406,34.794542],[90.366406,34.787183],[90.38083,34.78424],[90.420274,34.78159],[90.428517,34.777175],[90.435287,34.769816],[90.451183,34.76805],[90.469433,34.76805],[90.483563,34.766578],[90.499164,34.757452],[90.499753,34.748622],[90.493866,34.737436],[90.490039,34.721834],[90.483268,34.71477],[90.449417,34.709471],[90.435287,34.705056],[90.460602,34.694164],[90.460308,34.68445],[90.442352,34.683567],[90.414093,34.698285],[90.339619,34.753331],[90.322546,34.745384],[90.30665,34.747738],[90.29517,34.758924],[90.290754,34.777175],[90.297525,34.79101],[90.314009,34.798075],[90.352865,34.800724],[90.338441,34.813382],[90.256608,34.835459],[90.263967,34.84635],[90.266028,34.854298],[90.263967,34.872843],[90.268677,34.880497],[90.279568,34.880202],[90.292226,34.877847],[90.301057,34.879908],[90.319308,34.895215],[90.339619,34.904046],[90.362579,34.908461],[90.388778,34.909639],[90.398492,34.907578],[90.402907,34.902868],[90.406734,34.896981],[90.414093,34.890799],[90.428222,34.88344],[90.434698,34.881674],[90.469728,34.885795],[90.476498,34.883146],[90.486801,34.872843],[90.499164,34.864601],[90.50564,34.87196],[90.51035,34.890799],[90.531544,34.896687],[90.553327,34.896098],[90.649584,34.88138],[90.660181,34.87667],[90.668423,34.871666],[90.674899,34.869016],[90.684613,34.868722],[90.706396,34.870783],[90.715816,34.869016],[90.723764,34.86254],[90.733772,34.85106],[90.739071,34.840169],[90.733184,34.835459]]]}},{"type":"Feature","properties":{"name":null,"name_zh":null},"geometry":{"type":"Polygon","coordinates":[[[90.388483,34.909639],[90.387894,34.909933],[90.39437,34.909933],[90.388778,34.909639],[90.388483,34.909639]]]}},{"type":"Feature","properties":{"name":null,"name_zh":null},"geometry":{"type":"Polygon","coordinates":[[[89.374693,35.265525],[89.387056,35.246391],[89.386173,35.223725],[89.372338,35.215189],[89.353205,35.218132],[89.335543,35.229613],[89.319647,35.236972],[89.300219,35.24227],[89.290799,35.250512],[89.30434,35.266702],[89.284323,35.271412],[89.236048,35.274945],[89.203373,35.293784],[89.180413,35.299377],[89.157158,35.299966],[89.139791,35.294078],[89.135081,35.304381],[89.137436,35.312623],[89.153626,35.328813],[89.158041,35.329991],[89.177469,35.328813],[89.181002,35.330579],[89.181002,35.334112],[89.180118,35.338822],[89.180707,35.343237],[89.17688,35.341471],[89.173937,35.347064],[89.172759,35.3556],[89.173937,35.362371],[89.178647,35.366786],[89.1863,35.371496],[89.19572,35.375028],[89.280497,35.384154],[89.302574,35.379149],[89.309933,35.367081],[89.314054,35.351185],[89.335837,35.320277],[89.341724,35.30232],[89.344374,35.283187],[89.345257,35.263464],[89.349967,35.252279],[89.361152,35.260226],[89.374693,35.265525]]]}},{"type":"Feature","properties":{"name":null,"name_zh":null},"geometry":{"type":"Polygon","coordinates":[[[89.235459,34.568471],[89.235753,34.558168],[89.234281,34.547865],[89.229866,34.539329],[89.221918,34.533736],[89.204845,34.533736],[89.194837,34.543744],[89.189244,34.555519],[89.18424,34.561112],[89.163928,34.564644],[89.128016,34.579657],[89.105644,34.581717],[89.086511,34.58054],[89.08239,34.577302],[89.07768,34.568471],[89.07974,34.564644],[89.07768,34.523727],[89.070321,34.503711],[89.052364,34.493997],[89.029698,34.491053],[88.989076,34.49488],[88.96435,34.500767],[88.94551,34.512836],[88.941978,34.533736],[88.914013,34.513425],[88.916663,34.566704],[88.920784,34.581717],[88.888109,34.574652],[88.868092,34.587899],[88.838362,34.629993],[88.853374,34.642356],[88.876335,34.645594],[88.895763,34.637352],[88.900473,34.615569],[88.911364,34.620573],[88.923727,34.621456],[88.935796,34.61969],[88.933736,34.615569],[89.021456,34.599379],[89.064728,34.597613],[89.105644,34.602028],[89.112709,34.606149],[89.117124,34.611448],[89.124484,34.615863],[89.139791,34.615569],[89.151271,34.611153],[89.162457,34.598496],[89.170699,34.595847],[89.216914,34.599379],[89.229572,34.59202],[89.235459,34.568471]]]}},{"type":"Feature","properties":{"name":null,"name_zh":null},"geometry":{"type":"Polygon","coordinates":[[[89.602825,36.274016],[89.611656,36.253705],[89.588696,36.243991],[89.572506,36.240459],[89.563381,36.233983],[89.554255,36.230745],[89.537182,36.23781],[89.530706,36.242519],[89.526585,36.248112],[89.52423,36.254588],[89.523347,36.261948],[89.519815,36.265774],[89.500681,36.266363],[89.483019,36.271662],[89.45476,36.27696],[89.448873,36.282259],[89.443574,36.28844],[89.356443,36.336127],[89.327889,36.34643],[89.29757,36.347607],[89.299336,36.362031],[89.295804,36.382637],[89.288739,36.401182],[89.280497,36.40913],[89.277847,36.420021],[89.276375,36.441804],[89.282852,36.457405],[89.30434,36.450046],[89.339369,36.424142],[89.373516,36.410013],[89.448873,36.388524],[89.482725,36.372334],[89.510395,36.350551],[89.533061,36.324058],[89.551312,36.29315],[89.57751,36.291384],[89.602825,36.274016]]]}},{"type":"Feature","properties":{"name":null,"name_zh":null},"geometry":{"type":"Polygon","coordinates":[[[90.617498,31.30044],[90.612494,31.28219],[90.616321,31.268354],[90.627507,31.249515],[90.619853,31.220962],[90.627212,31.2033],[90.609256,31.161795],[90.606607,31.151786],[90.599837,31.14531],[90.584235,31.139129],[90.567162,31.135596],[90.555388,31.138246],[90.52183,31.170037],[90.520947,31.175924],[90.516826,31.183283],[90.535371,31.240684],[90.553621,31.260112],[90.558626,31.271298],[90.557743,31.285722],[90.550383,31.310154],[90.551855,31.326639],[90.556271,31.34224],[90.560392,31.349599],[90.568928,31.352543],[90.586296,31.354014],[90.601308,31.354898],[90.615438,31.353131],[90.626918,31.34695],[90.633394,31.333409],[90.617498,31.30044]]]}},{"type":"Feature","properties":{"name":null,"name_zh":null},"geometry":{"type":"Polygon","coordinates":[[[88.335588,31.806452],[88.345007,31.803214],[88.352366,31.792323],[88.33912,31.790851],[88.31822,31.781431],[88.307918,31.779076],[88.296732,31.781137],[88.268473,31.791145],[88.26288,31.795855],[88.259347,31.805275],[88.250811,31.803508],[88.224907,31.785847],[88.216076,31.78202],[88.206656,31.779959],[88.151021,31.779665],[88.135126,31.78673],[88.143074,31.80292],[88.158969,31.817638],[88.177809,31.832062],[88.199003,31.839126],[88.221374,31.833239],[88.265529,31.820876],[88.280542,31.826469],[88.283485,31.855022],[88.294082,31.851195],[88.307918,31.843836],[88.319986,31.834122],[88.324991,31.823231],[88.328229,31.810573],[88.335588,31.806452]]]}},{"type":"Feature","properties":{"name":null,"name_zh":null},"geometry":{"type":"Polygon","coordinates":[[[88.086261,31.677521],[87.997069,31.661919],[87.918768,31.634543],[87.898751,31.630128],[87.875202,31.628362],[87.832814,31.617765],[87.821628,31.62012],[87.830753,31.641314],[87.83458,31.642786],[87.840762,31.643374],[87.846943,31.648379],[87.851359,31.663097],[87.851359,31.674871],[87.84606,31.695477],[87.844588,31.707251],[87.851947,31.723147],[87.869021,31.734922],[87.906699,31.751112],[87.929071,31.764358],[87.939962,31.769362],[87.954386,31.772306],[87.979113,31.766124],[88.01061,31.766419],[88.040635,31.772011],[88.088028,31.794678],[88.108044,31.781137],[88.110105,31.760531],[88.08479,31.751112],[88.09833,31.73816],[88.142191,31.752878],[88.163385,31.748168],[88.172804,31.728151],[88.162502,31.711372],[88.143368,31.698126],[88.125706,31.689884],[88.086261,31.677521]]]}},{"type":"Feature","properties":{"name":null,"name_zh":null},"geometry":{"type":"Polygon","coordinates":[[[82.45537,34.131634],[82.458314,34.116033],[82.445067,34.111029],[82.422107,34.114561],[82.398263,34.122215],[82.382956,34.128985],[82.367061,34.141937],[82.353226,34.155478],[82.338213,34.166369],[82.317608,34.17049],[82.306716,34.178144],[82.28405,34.211113],[82.244016,34.229363],[82.211636,34.255856],[82.18897,34.289413],[82.191325,34.32091],[82.295236,34.276461],[82.322023,34.25409],[82.357052,34.191096],[82.37913,34.166958],[82.407094,34.15695],[82.419752,34.153712],[82.43918,34.144586],[82.45537,34.131634]]]}},{"type":"Feature","properties":{"name":"Lumajangdong Co","name_zh":"鲁玛江东错"},"geometry":{"type":"Polygon","coordinates":[[[81.811007,34.025075],[81.814539,34.006235],[81.809241,33.987396],[81.797172,33.978859],[81.776566,33.979742],[81.768324,33.984158],[81.752428,34.012417],[81.740948,34.02478],[81.729174,34.030373],[81.717105,34.026841],[81.704741,34.012417],[81.694733,33.981509],[81.691495,33.9506],[81.682958,33.924991],[81.657349,33.909978],[81.650873,33.931761],[81.652639,33.945302],[81.658526,33.958254],[81.663825,33.978859],[81.639393,33.972089],[81.621731,33.982686],[81.607307,33.998287],[81.592,34.006235],[81.580225,34.009179],[81.574338,34.015655],[81.569628,34.02272],[81.560797,34.026546],[81.548434,34.026252],[81.540192,34.02272],[81.495154,33.991517],[81.476904,33.982686],[81.454826,33.978859],[81.430394,33.955605],[81.416265,33.950012],[81.409789,33.968262],[81.415087,33.981214],[81.426862,33.984158],[81.440697,33.983569],[81.451294,33.98563],[81.456298,33.991811],[81.493977,34.050684],[81.508989,34.067757],[81.523119,34.075116],[81.533127,34.077177],[81.539309,34.082476],[81.539898,34.088952],[81.53401,34.094839],[81.522824,34.096311],[81.499864,34.088363],[81.492505,34.088068],[81.486323,34.10102],[81.505163,34.111912],[81.532833,34.119565],[81.554027,34.122215],[81.573161,34.121037],[81.591411,34.110146],[81.595532,34.088068],[81.632917,34.095428],[81.667063,34.08483],[81.70062,34.068935],[81.751545,34.056571],[81.778627,34.037732],[81.797172,34.033611],[81.811007,34.025075]]]}},{"type":"Feature","properties":{"name":"Gozha Co","name_zh":"郭扎错"},"geometry":{"type":"Polygon","coordinates":[[[81.230815,35.070362],[81.244062,35.058881],[81.244062,35.051228],[81.242884,35.044163],[81.240824,35.037393],[81.229638,35.018553],[81.224928,35.014727],[81.206677,35.016493],[81.146627,35.007073],[81.13132,35.012961],[81.101589,35.020908],[81.060084,35.008839],[81.017696,34.991472],[80.984138,34.982347],[80.965593,34.983524],[80.945282,34.988234],[80.929092,34.997654],[80.922616,35.012961],[80.927031,35.032977],[80.937628,35.054466],[80.952052,35.071539],[80.967065,35.078604],[81.018284,35.086552],[81.03889,35.085374],[81.057435,35.081547],[81.074508,35.080664],[81.08746,35.08714],[81.09423,35.105685],[81.101001,35.105685],[81.112481,35.094499],[81.138385,35.097443],[81.164289,35.103625],[81.176063,35.102742],[81.185777,35.090967],[81.230815,35.070362]]]}},{"type":"Feature","properties":{"name":null,"name_zh":null},"geometry":{"type":"Polygon","coordinates":[[[91.236252,33.934116],[91.243317,33.920575],[91.242728,33.90674],[91.23949,33.890844],[91.232131,33.874066],[91.219473,33.858464],[91.205049,33.848456],[91.187093,33.840803],[91.167371,33.836093],[91.147943,33.834915],[91.134107,33.851988],[91.143527,33.873771],[91.163544,33.892905],[91.181794,33.902619],[91.181794,33.909978],[91.161483,33.910861],[91.156479,33.921458],[91.164427,33.935293],[91.181794,33.944713],[91.198573,33.945596],[91.218884,33.942064],[91.236252,33.934116]]]}},{"type":"Feature","properties":{"name":null,"name_zh":null},"geometry":{"type":"Polygon","coordinates":[[[90.060562,32.477308],[90.0638,32.447577],[90.05644,32.422556],[90.03819,32.423439],[90.019351,32.409899],[90.016996,32.406072],[90.01258,32.401068],[90.002866,32.405189],[89.986382,32.41608],[89.940167,32.408721],[89.879528,32.410193],[89.872757,32.412842],[89.87364,32.440218],[89.876584,32.451993],[89.883943,32.456997],[89.894246,32.458469],[89.898661,32.46259],[89.903371,32.46936],[89.914557,32.478191],[89.927215,32.483784],[89.955474,32.492026],[89.969014,32.497913],[89.987559,32.514103],[89.999334,32.522346],[90.014052,32.525878],[90.024649,32.520579],[90.039956,32.49703],[90.047904,32.491732],[90.060562,32.477308]]]}},{"type":"Feature","properties":{"name":null,"name_zh":null},"geometry":{"type":"Polygon","coordinates":[[[90.934823,32.111119],[90.946009,32.03429],[90.941888,32.023398],[90.925403,32.018689],[90.910096,32.018983],[90.897733,32.020455],[90.888019,32.024576],[90.880954,32.032524],[90.880954,32.025459],[90.852695,32.046064],[90.761148,32.050186],[90.729357,32.06667],[90.741131,32.076384],[90.777044,32.094046],[90.784697,32.103465],[90.79029,32.114946],[90.799121,32.12466],[90.828852,32.132313],[90.836211,32.140261],[90.842393,32.149386],[90.85299,32.155274],[90.868297,32.155274],[90.892435,32.144971],[90.904798,32.142322],[90.923637,32.133196],[90.934823,32.111119]]]}},{"type":"Feature","properties":{"name":null,"name_zh":null},"geometry":{"type":"Polygon","coordinates":[[[88.827176,31.64779],[88.833063,31.621886],[88.830708,31.597454],[88.814813,31.586856],[88.814224,31.573904],[88.810103,31.54594],[88.799506,31.517681],[88.780372,31.504729],[88.754762,31.502668],[88.736217,31.493837],[88.726798,31.475292],[88.728269,31.443501],[88.740927,31.41848],[88.744754,31.404645],[88.739161,31.391693],[88.732391,31.381685],[88.714729,31.339885],[88.707958,31.348716],[88.703249,31.369321],[88.694123,31.38139],[88.712963,31.399346],[88.720616,31.410238],[88.718555,31.419069],[88.708253,31.424956],[88.697656,31.429372],[88.691474,31.43467],[88.694123,31.443501],[88.693535,31.463224],[88.687942,31.488244],[88.677639,31.509439],[88.655856,31.523274],[88.648202,31.534165],[88.642021,31.546823],[88.639372,31.556243],[88.634073,31.559186],[88.598749,31.559481],[88.610524,31.573904],[88.629658,31.574493],[88.648497,31.567428],[88.660271,31.559481],[88.665276,31.550061],[88.667925,31.541524],[88.671752,31.533282],[88.680582,31.525334],[88.69118,31.520625],[88.701777,31.518858],[88.725326,31.518564],[88.729741,31.527984],[88.720322,31.549178],[88.70472,31.570372],[88.69118,31.579792],[88.669691,31.582147],[88.628186,31.591861],[88.604931,31.594216],[88.621121,31.612466],[88.645553,31.626301],[88.674106,31.634249],[88.701777,31.635132],[88.685587,31.658093],[88.681466,31.67075],[88.69118,31.676049],[88.701482,31.673399],[88.710902,31.666923],[88.725326,31.652205],[88.742693,31.647495],[88.770364,31.650439],[88.818345,31.663097],[88.827176,31.64779]]]}},{"type":"Feature","properties":{"name":"Gyaring Co","name_zh":"格仁错"},"geometry":{"type":"Polygon","coordinates":[[[88.576378,31.052586],[88.580793,31.035512],[88.574611,31.021972],[88.547236,30.994007],[88.539876,30.990475],[88.518388,30.987237],[88.509263,30.983999],[88.473056,30.994596],[88.468346,31.000777],[88.465697,31.015201],[88.457749,31.024621],[88.44568,31.030214],[88.399759,31.035512],[88.377387,31.047287],[88.363847,31.069659],[88.359137,31.103805],[88.346774,31.115579],[88.256698,31.168565],[88.245218,31.171214],[88.215193,31.169742],[88.189583,31.165327],[88.181047,31.169154],[88.173393,31.183283],[88.123646,31.231265],[88.108633,31.238035],[88.103923,31.242745],[88.079491,31.276891],[88.067128,31.282484],[88.052998,31.287194],[88.04299,31.292492],[88.03151,31.31192],[88.043873,31.317219],[88.109516,31.308682],[88.12865,31.298968],[88.159852,31.278363],[88.460987,31.135008],[88.536344,31.095857],[88.557244,31.079667],[88.566664,31.068481],[88.576378,31.052586]]]}},{"type":"Feature","properties":{"name":"Ngangzi Co","name_zh":"昂孜错"},"geometry":{"type":"Polygon","coordinates":[[[87.303253,31.05965],[87.308257,31.010197],[87.277349,30.998717],[87.194044,31.011375],[87.15401,31.004015],[87.11957,30.987825],[87.06364,30.943082],[87.041563,30.920416],[87.02655,30.908936],[87.0083,30.902165],[86.988872,30.902165],[86.971504,30.908053],[86.962379,30.919533],[86.967972,30.936312],[86.979747,30.957212],[86.981218,30.963688],[86.979158,30.973696],[86.970033,30.989297],[86.967972,31.000777],[86.971799,31.025504],[86.982985,31.039045],[87.045978,31.060533],[87.060991,31.069659],[87.096903,31.104982],[87.113388,31.112047],[87.122219,31.117934],[87.129284,31.12706],[87.133993,31.136185],[87.140175,31.143838],[87.152538,31.14796],[87.169317,31.143838],[87.208173,31.119995],[87.224658,31.114402],[87.242908,31.107337],[87.291184,31.072897],[87.303253,31.05965]]]}},{"type":"Feature","properties":{"name":null,"name_zh":null},"geometry":{"type":"Polygon","coordinates":[[[86.326553,30.573066],[86.318899,30.571006],[86.302709,30.561586],[86.292406,30.559526],[86.283575,30.563647],[86.276805,30.573066],[86.275333,30.586902],[86.263264,30.613983],[86.254728,30.617515],[86.207335,30.623991],[86.199682,30.627818],[86.192028,30.637532],[86.187613,30.65696],[86.174661,30.679921],[86.1726,30.697877],[86.175544,30.715244],[86.182609,30.727019],[86.228824,30.720837],[86.241187,30.717305],[86.252667,30.701704],[86.263264,30.662553],[86.275333,30.648129],[86.292112,30.648424],[86.312423,30.654605],[86.329496,30.6549],[86.336855,30.637826],[86.336267,30.600737],[86.333323,30.581603],[86.326553,30.573066]]]}},{"type":"Feature","properties":{"name":null,"name_zh":null},"geometry":{"type":"Polygon","coordinates":[[[86.467259,30.360241],[86.467847,30.349938],[86.462549,30.332277],[86.458722,30.303134],[86.433701,30.239552],[86.433112,30.234253],[86.435762,30.200107],[86.433112,30.188921],[86.420455,30.169493],[86.406914,30.167727],[86.39249,30.176264],[86.377772,30.188921],[86.360699,30.19893],[86.353634,30.204522],[86.350985,30.212765],[86.349807,30.232781],[86.347747,30.241612],[86.343626,30.250443],[86.339505,30.261924],[86.320077,30.303723],[86.320077,30.316087],[86.336855,30.3467],[86.349219,30.361419],[86.384837,30.372604],[86.405737,30.382613],[86.426636,30.389089],[86.443415,30.384085],[86.451363,30.378492],[86.457839,30.376137],[86.462549,30.372016],[86.467259,30.360241]]]}},{"type":"Feature","properties":{"name":null,"name_zh":null},"geometry":{"type":"Polygon","coordinates":[[[83.946913,31.293964],[83.944558,31.302206],[83.944852,31.313098],[83.98312,31.308682],[83.973406,31.331643],[83.957216,31.360785],[83.976349,31.375209],[84.010496,31.391693],[84.01756,31.392282],[84.048469,31.38139],[84.067602,31.379035],[84.08497,31.381685],[84.090857,31.389632],[84.07555,31.40229],[84.056122,31.396403],[84.033456,31.403762],[84.014617,31.418186],[84.006963,31.432904],[84.004608,31.438791],[83.999899,31.441735],[83.995483,31.443501],[83.993128,31.446445],[83.994306,31.452332],[83.996661,31.45557],[83.998721,31.457631],[84.014322,31.497958],[84.048763,31.514149],[84.078199,31.491482],[84.099688,31.449977],[84.109991,31.408766],[84.108519,31.383451],[84.109991,31.375209],[84.122943,31.354014],[84.126475,31.34224],[84.120293,31.330171],[84.099982,31.321634],[84.060243,31.328993],[84.040815,31.320457],[84.031984,31.301618],[84.030512,31.281012],[84.024625,31.264528],[84.003431,31.257757],[83.993423,31.255697],[83.982531,31.252164],[83.972228,31.250693],[83.962514,31.254814],[83.960159,31.260701],[83.962809,31.276302],[83.958982,31.285133],[83.951328,31.288077],[83.946913,31.293964]]]}},{"type":"Feature","properties":{"name":null,"name_zh":null},"geometry":{"type":"Polygon","coordinates":[[[84.329586,31.183283],[84.329881,31.172097],[84.322227,31.158851],[84.312808,31.146782],[84.303388,31.126765],[84.291319,31.118523],[84.260705,31.107043],[84.203893,31.073485],[84.175634,31.065538],[84.150613,31.079667],[84.127064,31.071425],[84.099394,31.067009],[84.05465,31.066126],[84.050235,31.072897],[84.045231,31.077606],[84.037871,31.079667],[84.031395,31.078784],[84.02021,31.074957],[83.977821,31.065243],[83.965752,31.05965],[83.964575,31.067598],[83.958982,31.086437],[83.930723,31.126177],[83.925424,31.141778],[83.943086,31.187699],[83.948385,31.196235],[84.013145,31.207715],[84.044347,31.205361],[84.06878,31.183283],[84.09645,31.203889],[84.128536,31.209776],[84.210663,31.200356],[84.240983,31.191525],[84.257173,31.189465],[84.295734,31.19182],[84.31634,31.190348],[84.329586,31.183283]]]}},{"type":"Feature","properties":{"name":null,"name_zh":null},"geometry":{"type":"Polygon","coordinates":[[[83.640186,30.928953],[83.643718,30.878028],[83.636653,30.880971],[83.621052,30.875084],[83.603684,30.86537],[83.592499,30.857128],[83.586611,30.843881],[83.578369,30.806792],[83.572187,30.799138],[83.55482,30.800904],[83.543634,30.806792],[83.535686,30.817389],[83.527444,30.833284],[83.519202,30.865664],[83.524206,30.895984],[83.537747,30.922477],[83.573365,30.968692],[83.584256,30.976051],[83.602507,30.97664],[83.616342,30.968103],[83.631649,30.951913],[83.641952,30.936017],[83.640186,30.928953]]]}},{"type":"Feature","properties":{"name":null,"name_zh":null},"geometry":{"type":"Polygon","coordinates":[[[83.499774,31.244217],[83.497419,31.235386],[83.499479,31.22626],[83.499185,31.21949],[83.489765,31.216841],[83.462978,31.215663],[83.451793,31.216841],[83.441784,31.216252],[83.432953,31.218901],[83.427066,31.224789],[83.421767,31.242745],[83.414703,31.244511],[83.405872,31.245688],[83.397335,31.251576],[83.397924,31.255697],[83.39763,31.264822],[83.394686,31.274242],[83.386738,31.278363],[83.375552,31.276302],[83.358479,31.267766],[83.349354,31.265411],[83.32816,31.265411],[83.324627,31.271592],[83.331986,31.281601],[83.358185,31.30515],[83.37408,31.316041],[83.449143,31.348421],[83.467394,31.351071],[83.486527,31.347244],[83.500363,31.339885],[83.51773,31.327227],[83.533331,31.312509],[83.541279,31.298674],[83.539513,31.27748],[83.527738,31.263939],[83.499774,31.244217]]]}},{"type":"Feature","properties":{"name":null,"name_zh":null},"geometry":{"type":"Polygon","coordinates":[[[84.856498,30.201284],[84.86268,30.154186],[84.848256,30.112681],[84.827945,30.108265],[84.801158,30.122395],[84.795565,30.12681],[84.792621,30.138585],[84.793799,30.149476],[84.795859,30.15919],[84.795565,30.16861],[84.77908,30.208938],[84.718147,30.31226],[84.705195,30.348467],[84.719913,30.367895],[84.73051,30.358181],[84.750821,30.329333],[84.761419,30.318736],[84.816465,30.233665],[84.819114,30.223656],[84.856498,30.201284]]]}},{"type":"Feature","properties":{"name":null,"name_zh":null},"geometry":{"type":"Polygon","coordinates":[[[84.822941,30.107088],[84.827945,30.108265],[84.829711,30.107088],[84.822941,30.107088]]]}},{"type":"Feature","properties":{"name":null,"name_zh":null},"geometry":{"type":"Polygon","coordinates":[[[85.754014,29.875423],[85.754309,29.857762],[85.741357,29.794768],[85.722223,29.773868],[85.69573,29.75915],[85.665999,29.750907],[85.672181,29.785054],[85.672181,29.778578],[85.688077,29.850402],[85.692492,29.859233],[85.694258,29.868359],[85.685722,29.883077],[85.682189,29.893085],[85.678951,29.91163],[85.674242,29.923993],[85.657169,29.952547],[85.658346,29.963144],[85.677774,29.968737],[85.69102,29.954313],[85.698968,29.935768],[85.699851,29.928998],[85.709565,29.914279],[85.719868,29.906037],[85.7443,29.89073],[85.754014,29.875423]]]}},{"type":"Feature","properties":{"name":"Alesayqin Ha","name_zh":"阿克赛钦湖"},"geometry":{"type":"Polygon","coordinates":[[[79.895874,35.248746],[79.910003,35.223137],[79.905294,35.192228],[79.888809,35.165735],[79.867615,35.153667],[79.852602,35.154844],[79.831702,35.158376],[79.813452,35.164264],[79.805504,35.17074],[79.804327,35.175744],[79.801383,35.181042],[79.799028,35.187224],[79.798734,35.195172],[79.801677,35.201059],[79.811391,35.209007],[79.812274,35.214894],[79.795496,35.229907],[79.767237,35.242565],[79.749281,35.258755],[79.764587,35.283776],[79.794318,35.295844],[79.835235,35.30026],[79.875563,35.296433],[79.901761,35.283776],[79.887043,35.278183],[79.880567,35.277005],[79.884099,35.268469],[79.895874,35.248746]]]}},{"type":"Feature","properties":{"name":null,"name_zh":null},"geometry":{"type":"Polygon","coordinates":[[[78.401387,54.542843],[78.408158,54.542843],[78.403742,54.554912],[78.409335,54.56492],[78.42111,54.572574],[78.435533,54.577578],[78.445542,54.577872],[78.462026,54.571396],[78.470268,54.570807],[78.480571,54.575223],[78.487047,54.587586],[78.49735,54.594651],[78.517955,54.589352],[78.596845,54.557267],[78.614212,54.54667],[78.606853,54.518705],[78.588014,54.50958],[78.563287,54.513701],[78.538561,54.523709],[78.50677,54.532246],[78.436122,54.536073],[78.401387,54.542843]]]}},{"type":"Feature","properties":{"name":"Ozero Bol'shoye Topol'noye","name_zh":"大托波利諾耶湖"},"geometry":{"type":"Polygon","coordinates":[[[78.067578,53.322409],[78.068167,53.291207],[78.062868,53.272073],[78.039025,53.258532],[78.007528,53.253822],[77.975148,53.259121],[77.94895,53.275311],[77.94895,53.268541],[77.939235,53.298566],[77.928638,53.318582],[77.928344,53.337716],[77.94895,53.364798],[77.95778,53.373334],[77.966906,53.37981],[77.979269,53.383931],[77.997814,53.385403],[78.013121,53.382165],[78.039614,53.368036],[78.048739,53.364798],[78.061397,53.351846],[78.067578,53.322409]]]}},{"type":"Feature","properties":{"name":"Ozero Kuchukskoye","name_zh":"库丘克湖"},"geometry":{"type":"Polygon","coordinates":[[[79.731324,52.654497],[79.714546,52.664211],[79.698944,52.689526],[79.692468,52.70395],[79.689819,52.717491],[79.693057,52.72956],[79.707186,52.753992],[79.710424,52.765178],[79.72161,52.771065],[79.792846,52.782545],[79.808448,52.780191],[79.82817,52.774598],[79.847598,52.766061],[79.861728,52.754581],[79.863494,52.748105],[79.862022,52.731326],[79.864966,52.724261],[79.870264,52.717785],[79.876151,52.708366],[79.880567,52.698946],[79.882333,52.690115],[79.879095,52.668626],[79.870853,52.656263],[79.84436,52.635658],[79.830819,52.627121],[79.810803,52.620056],[79.789608,52.61623],[79.772535,52.617407],[79.756934,52.627121],[79.731324,52.654497]]]}},{"type":"Feature","properties":{"name":"Ozero Kuchukskoye","name_zh":"库丘克湖"},"geometry":{"type":"Polygon","coordinates":[[[79.711308,52.665683],[79.714546,52.664211],[79.717784,52.659207],[79.710424,52.665977],[79.711308,52.665683]]]}},{"type":"Feature","properties":{"name":"Ozero Maraldy","name_zh":"马拉尔德湖"},"geometry":{"type":"Polygon","coordinates":[[[77.815603,52.335995],[77.825905,52.322749],[77.822667,52.285659],[77.787932,52.276239],[77.744955,52.28507],[77.716696,52.303321],[77.723467,52.303321],[77.725233,52.311857],[77.73583,52.326575],[77.76144,52.354246],[77.777041,52.357778],[77.797058,52.349536],[77.815603,52.335995]]]}},{"type":"Feature","properties":{"name":"Ozero Gorkoye","name_zh":"切尔诺库利因斯卡埃湖"},"geometry":{"type":"Polygon","coordinates":[[[81.500158,52.558829],[81.369461,52.488476],[81.336786,52.465515],[81.282918,52.441083],[81.276442,52.439317],[81.264373,52.43343],[81.249654,52.420183],[81.236997,52.405465],[81.231698,52.395457],[81.173414,52.36131],[81.159579,52.347475],[81.14545,52.336878],[81.12926,52.330402],[81.108654,52.330108],[81.111598,52.336878],[81.115424,52.341882],[81.120723,52.345415],[81.126022,52.348064],[81.144566,52.363371],[81.19137,52.389569],[81.210504,52.405759],[81.234348,52.445498],[81.248477,52.464338],[81.272615,52.480822],[81.461302,52.55147],[81.47867,52.570309],[81.465129,52.561184],[81.450411,52.55353],[81.434221,52.549115],[81.416559,52.549409],[81.426567,52.559417],[81.437753,52.566188],[81.464246,52.577079],[81.505751,52.604455],[81.519586,52.61152],[81.519586,52.603866],[81.513405,52.599157],[81.513405,52.595919],[81.523119,52.587382],[81.526651,52.580906],[81.523413,52.576491],[81.512816,52.570309],[81.500158,52.558829]]]}},{"type":"Feature","properties":{"name":"Ozero Tandovo","name_zh":"坦多沃湖"},"geometry":{"type":"Polygon","coordinates":[[[77.945712,55.13216],[77.942768,55.150116],[77.951893,55.168367],[77.973676,55.181024],[77.998697,55.186323],[78.018419,55.181024],[78.0299,55.174548],[78.059336,55.153648],[78.061985,55.149527],[78.06434,55.143051],[78.068756,55.139519],[78.08318,55.146584],[78.091716,55.146289],[78.100253,55.14364],[78.107317,55.140108],[78.100253,55.137458],[78.079942,55.125684],[78.098781,55.115087],[78.103196,55.10184],[78.094365,55.09036],[78.072877,55.085356],[78.022541,55.081235],[77.998697,55.082707],[77.976914,55.092126],[77.964551,55.102723],[77.953659,55.116264],[77.945712,55.13216]]]}},{"type":"Feature","properties":{"name":"Ebeyty Lake","name_zh":"埃別伊特湖"},"geometry":{"type":"Polygon","coordinates":[[[71.803215,54.658234],[71.808808,54.639689],[71.795856,54.617906],[71.767008,54.608486],[71.733745,54.607603],[71.706664,54.611724],[71.686353,54.621144],[71.666336,54.637039],[71.652795,54.657351],[71.651912,54.680017],[71.668396,54.698267],[71.696655,54.710336],[71.726681,54.714163],[71.748169,54.707981],[71.768186,54.698562],[71.788203,54.679722],[71.803215,54.658234]]]}},{"type":"Feature","properties":{"name":"Ozero Ik","name_zh":"伊克湖"},"geometry":{"type":"Polygon","coordinates":[[[71.630129,56.078835],[71.63896,56.07177],[71.632484,56.051753],[71.627774,56.041745],[71.621298,56.037624],[71.610995,56.036741],[71.582442,56.031737],[71.551534,56.018196],[71.521509,56.014958],[71.492072,56.017902],[71.470289,56.027616],[71.466168,56.035858],[71.467051,56.046455],[71.470289,56.056758],[71.480003,56.077069],[71.484419,56.081779],[71.507968,56.084722],[71.600987,56.090904],[71.624536,56.082073],[71.630129,56.078835]]]}},{"type":"Feature","properties":{"name":"Ozero Teke","name_zh":"铁克湖"},"geometry":{"type":"Polygon","coordinates":[[[73.078695,53.826066],[73.083994,53.817235],[73.081344,53.809287],[73.063388,53.783089],[73.046021,53.767782],[73.027476,53.759246],[72.980966,53.762189],[72.948586,53.773081],[72.913851,53.780734],[72.851152,53.810465],[72.839083,53.822534],[72.825542,53.843434],[72.82201,53.863156],[72.84026,53.871987],[72.864987,53.876991],[72.88412,53.889943],[72.915912,53.923501],[72.938872,53.933804],[72.96301,53.93086],[72.984793,53.91938],[73.049553,53.858152],[73.056618,53.841373],[73.060444,53.836663],[73.078695,53.826066]]]}},{"type":"Feature","properties":{"name":"Qyzylqaq Kli","name_zh":"奇普沙克湖"},"geometry":{"type":"Polygon","coordinates":[[[73.892023,53.467825],[73.901737,53.454284],[73.899971,53.446631],[73.892906,53.439566],[73.887902,53.428086],[73.890257,53.421316],[73.891729,53.412485],[73.892023,53.406303],[73.889374,53.390996],[73.885841,53.384814],[73.879071,53.378338],[73.86347,53.372157],[73.808424,53.365386],[73.763386,53.369507],[73.720409,53.378633],[73.63887,53.406303],[73.664185,53.44251],[73.673605,53.447514],[73.687734,53.450752],[73.699803,53.458994],[73.718348,53.478128],[73.746902,53.494024],[73.776632,53.496084],[73.841687,53.488431],[73.853167,53.486664],[73.867885,53.48166],[73.882309,53.475184],[73.892023,53.467825]]]}},{"type":"Feature","properties":{"name":"Žalauly Kli","name_zh":"阿劳利湖"},"geometry":{"type":"Polygon","coordinates":[[[74.145765,52.878214],[74.201694,52.816692],[74.179911,52.809038],[74.14812,52.81051],[74.081888,52.825817],[74.060105,52.855548],[74.058339,52.895876],[74.074823,52.931199],[74.108381,52.946506],[74.123688,52.938558],[74.132519,52.91913],[74.145765,52.878214]]]}},{"type":"Feature","properties":{"name":"Shreksor Kli","name_zh":"史莱克索湖"},"geometry":{"type":"Polygon","coordinates":[[[75.871033,52.267408],[75.873388,52.251513],[75.871916,52.232379],[75.866323,52.220604],[75.842185,52.196761],[75.832766,52.191757],[75.820403,52.190874],[75.806273,52.19264],[75.793027,52.196466],[75.783607,52.200293],[75.740924,52.217072],[75.72444,52.230318],[75.721791,52.248275],[75.75211,52.235617],[75.766534,52.236206],[75.777131,52.248275],[75.763885,52.266819],[75.785373,52.288308],[75.831588,52.319511],[75.825701,52.344532],[75.825407,52.344532],[75.818931,52.365726],[75.817753,52.383388],[75.818931,52.388981],[75.823052,52.391335],[75.831588,52.39163],[75.841891,52.388392],[75.84454,52.38221],[75.843952,52.373968],[75.845423,52.364254],[75.845129,52.357484],[75.84248,52.351008],[75.841891,52.343354],[75.848956,52.33364],[75.855726,52.32422],[75.856315,52.317156],[75.852783,52.309502],[75.871033,52.267408]]]}},{"type":"Feature","properties":{"name":"Qarasor Kli","name_zh":"加拉索湖"},"geometry":{"type":"Polygon","coordinates":[[[75.583145,49.904842],[75.616997,49.882764],[75.599041,49.842437],[75.577846,49.832428],[75.56254,49.842142],[75.534281,49.880409],[75.513675,49.893656],[75.490126,49.901015],[75.465399,49.902192],[75.44185,49.897777],[75.407704,49.881587],[75.372969,49.856566],[75.368848,49.851562],[75.359723,49.836549],[75.352658,49.828896],[75.345299,49.823597],[75.322927,49.81094],[75.306443,49.80623],[75.289958,49.79681],[75.280244,49.79475],[75.271413,49.795633],[75.255518,49.800342],[75.229614,49.803875],[75.208419,49.810351],[75.189286,49.820065],[75.176923,49.832134],[75.187814,49.84067],[75.277595,49.857155],[75.296434,49.851856],[75.315568,49.849796],[75.338234,49.863631],[75.382977,49.928096],[75.396813,49.938694],[75.46069,49.937222],[75.471581,49.933984],[75.489537,49.924858],[75.583145,49.904842]]]}},{"type":"Feature","properties":{"name":"Ozero Sartlan","name_zh":"萨尔特兰湖"},"geometry":{"type":"Polygon","coordinates":[[[78.406097,54.949948],[78.394617,54.954364],[78.406391,54.961723],[78.437005,54.973203],[78.449957,54.98174],[78.450546,54.984683],[78.451135,54.997635],[78.452607,55.004111],[78.449957,55.002934],[78.452901,55.005583],[78.453784,55.006761],[78.454961,55.007938],[78.455845,55.008527],[78.457022,55.009116],[78.483809,55.03031],[78.514129,55.045617],[78.548275,55.055036],[78.586837,55.05798],[78.620394,55.054742],[78.66396,55.044734],[78.704877,55.029427],[78.731075,55.009704],[78.732547,54.981445],[78.709586,54.954953],[78.675735,54.93523],[78.644826,54.927871],[78.624221,54.924928],[78.559755,54.907266],[78.533557,54.90756],[78.514423,54.912859],[78.477039,54.934642],[78.464381,54.927282],[78.457905,54.931404],[78.452312,54.940823],[78.442304,54.948182],[78.429646,54.949948],[78.406097,54.949948]]]}},{"type":"Feature","properties":{"name":null,"name_zh":null},"geometry":{"type":"Polygon","coordinates":[[[78.094954,54.624087],[78.087301,54.611724],[78.113499,54.605542],[78.127629,54.588469],[78.128806,54.565803],[78.114677,54.542843],[78.090244,54.525475],[78.059042,54.510463],[78.026367,54.499866],[77.997814,54.495745],[77.974854,54.500749],[77.945417,54.512523],[77.919513,54.526947],[77.894198,54.554029],[77.861523,54.560505],[77.798529,54.564626],[77.80059,54.569041],[77.802945,54.572868],[77.805594,54.575812],[77.809127,54.578755],[77.827966,54.588764],[77.840918,54.603188],[77.855636,54.615845],[77.880657,54.619378],[77.889194,54.617023],[77.910682,54.608486],[77.922162,54.605542],[77.938352,54.605248],[77.983684,54.611724],[78.015476,54.611724],[78.031371,54.61349],[78.045207,54.619378],[78.052566,54.629092],[78.048739,54.635568],[78.042852,54.640572],[78.045207,54.646459],[78.056687,54.649403],[78.069933,54.646165],[78.082885,54.641161],[78.092894,54.639689],[78.104374,54.645576],[78.113793,54.653229],[78.122919,54.657645],[78.134399,54.652641],[78.094954,54.624087]]]}},{"type":"Feature","properties":{"name":null,"name_zh":null},"geometry":{"type":"Polygon","coordinates":[[[77.813836,54.581993],[77.809127,54.578755],[77.805005,54.577578],[77.819135,54.585231],[77.813836,54.581993]]]}},{"type":"Feature","properties":{"name":"Iken Zhbolat Lake","name_zh":"伊肯日波拉特湖"},"geometry":{"type":"Polygon","coordinates":[[[77.493863,53.299743],[77.512702,53.254411],[77.482971,53.22733],[77.433518,53.221737],[77.393779,53.242048],[77.401432,53.248229],[77.33314,53.235866],[77.311946,53.242048],[77.311946,53.248229],[77.326958,53.255294],[77.345797,53.260298],[77.413207,53.31034],[77.45324,53.320054],[77.493863,53.299743]]]}},{"type":"Feature","properties":{"name":null,"name_zh":null},"geometry":{"type":"Polygon","coordinates":[[[77.735241,54.893725],[77.709926,54.913447],[77.709926,54.899907],[77.706393,54.917863],[77.736419,54.935525],[77.776747,54.949065],[77.805005,54.954364],[77.797646,54.951715],[77.791465,54.947888],[77.786755,54.942589],[77.7844,54.934642],[77.846511,54.907266],[77.818252,54.891959],[77.776452,54.886955],[77.735241,54.893725]]]}},{"type":"Feature","properties":{"name":"Qiyakty Kli","name_zh":"奇亚克提湖"},"geometry":{"type":"Polygon","coordinates":[[[69.302886,50.044959],[69.308185,50.03083],[69.308185,50.024059],[69.30583,50.016406],[69.29906,50.010224],[69.284341,50.007575],[69.273744,50.003748],[69.262853,49.986086],[69.253728,49.97961],[69.239304,49.978138],[69.198681,49.982259],[69.185435,49.986381],[69.170717,50.002571],[69.156587,50.02818],[69.155116,50.049963],[69.178076,50.054673],[69.214577,50.038189],[69.222525,50.0376],[69.233122,50.045253],[69.241364,50.045548],[69.250195,50.042898],[69.26403,50.041132],[69.290229,50.04702],[69.302886,50.044959]]]}},{"type":"Feature","properties":{"name":"Kerey Kli","name_zh":"克利湖"},"geometry":{"type":"Polygon","coordinates":[[[68.753309,50.164471],[68.759196,50.141805],[68.75478,50.124732],[68.742417,50.112368],[68.725344,50.103243],[68.698851,50.097356],[68.680895,50.103243],[68.663822,50.112663],[68.640273,50.117373],[68.630264,50.124732],[68.634091,50.140922],[68.647632,50.157112],[68.667354,50.164471],[68.716219,50.177129],[68.739473,50.178895],[68.753309,50.164471]]]}},{"type":"Feature","properties":{"name":"Qozhakl","name_zh":"乔扎克尔湖"},"geometry":{"type":"Polygon","coordinates":[[[69.164241,50.918043],[69.152466,50.919515],[69.135393,50.908329],[69.119498,50.905091],[69.108606,50.91039],[69.100364,50.923047],[69.099186,50.936588],[69.109195,50.946008],[69.104485,50.951012],[69.095948,50.966613],[69.103013,50.970145],[69.109489,50.971323],[69.115965,50.970145],[69.122736,50.966613],[69.137748,50.963964],[69.178076,50.946008],[69.199565,50.944241],[69.210162,50.949246],[69.217815,50.95631],[69.229295,50.959548],[69.240481,50.955427],[69.281103,50.931878],[69.281692,50.918632],[69.27345,50.908035],[69.259615,50.90097],[69.243719,50.898321],[69.218404,50.911567],[69.204569,50.915982],[69.198387,50.908329],[69.195443,50.902736],[69.188673,50.896849],[69.180725,50.892433],[69.174544,50.890962],[69.166007,50.894494],[69.16483,50.903325],[69.166007,50.912744],[69.164241,50.918043]]]}},{"type":"Feature","properties":{"name":"Yke Lake","name_zh":"艾克湖"},"geometry":{"type":"Polygon","coordinates":[[[61.632935,51.000759],[61.633229,50.969851],[61.629108,50.951012],[61.613507,50.941887],[61.528435,50.931878],[61.516955,50.931878],[61.499882,50.939532],[61.497822,50.948068],[61.507536,50.955722],[61.524314,50.959548],[61.504003,50.977799],[61.49841,50.98663],[61.49635,51.000759],[61.490462,51.012828],[61.490757,51.018716],[61.499882,51.02107],[61.514895,51.020776],[61.521371,51.018127],[61.524314,51.011651],[61.540799,51.000465],[61.632935,51.000759]]]}},{"type":"Feature","properties":{"name":"Saryqopa Kli","name_zh":"萨里库帕湖"},"geometry":{"type":"Polygon","coordinates":[[[64.244533,50.363755],[64.25984,50.350803],[64.254542,50.339618],[64.224222,50.32225],[64.212153,50.313419],[64.203617,50.303705],[64.175652,50.260434],[64.153575,50.234235],[64.127376,50.216279],[64.1,50.219811],[64.110303,50.231292],[64.135618,50.248953],[64.147687,50.260728],[64.153575,50.271325],[64.168882,50.31548],[64.150631,50.308121],[64.130026,50.289281],[64.096762,50.250131],[64.084988,50.2413],[64.079395,50.243949],[64.078217,50.252486],[64.079689,50.260728],[64.087048,50.269853],[64.095879,50.274563],[64.1,50.281333],[64.09323,50.294874],[64.099117,50.298995],[64.09794,50.303705],[64.09323,50.309298],[64.09794,50.324311],[64.084105,50.337851],[64.074979,50.350509],[64.09323,50.363755],[64.09323,50.370526],[64.073508,50.369937],[64.060261,50.366405],[64.052902,50.368465],[64.051725,50.383772],[64.053197,50.389954],[64.056729,50.392897],[64.061144,50.394664],[64.065854,50.397313],[64.066443,50.400257],[64.065265,50.408793],[64.065854,50.411442],[64.072625,50.414386],[64.078217,50.413503],[64.082927,50.411442],[64.08646,50.411442],[64.110598,50.433225],[64.12561,50.440879],[64.141506,50.43823],[64.152397,50.425866],[64.15122,50.412031],[64.134735,50.383772],[64.155047,50.3823],[64.168882,50.39643],[64.172414,50.417624],[64.161523,50.43823],[64.183894,50.448827],[64.201262,50.443528],[64.212742,50.426161],[64.216863,50.40114],[64.215686,50.389365],[64.210387,50.365816],[64.210093,50.356396],[64.204794,50.342561],[64.205972,50.336674],[64.217157,50.339323],[64.224516,50.344033],[64.231876,50.350215],[64.244533,50.363755]]]}},{"type":"Feature","properties":{"name":null,"name_zh":null},"geometry":{"type":"Polygon","coordinates":[[[64.17418,50.203621],[64.169765,50.194496],[64.17212,50.185959],[64.182717,50.178895],[64.173886,50.166531],[64.152103,50.146809],[64.147687,50.133857],[64.142389,50.124732],[64.115896,50.108247],[64.107065,50.096178],[64.156813,50.115312],[64.175063,50.117373],[64.17212,50.104715],[64.164172,50.08617],[64.161523,50.075279],[64.157696,50.042898],[64.155341,50.034362],[64.136207,50.014934],[64.108243,50.003454],[64.08852,50.00522],[64.09323,50.027297],[64.065854,50.016111],[64.052019,50.01464],[64.038478,50.021116],[64.059967,50.041427],[64.141506,50.082638],[64.141506,50.089408],[64.117957,50.084698],[64.092347,50.084109],[64.070564,50.091469],[64.059084,50.110014],[64.053491,50.121494],[64.054374,50.127381],[64.107065,50.172124],[64.140917,50.198911],[64.161228,50.208625],[64.182717,50.212452],[64.17418,50.203621]]]}},{"type":"Feature","properties":{"name":"Shaghalalytengiz Kli","name_zh":"沙拉利特吉兹湖"},"geometry":{"type":"Polygon","coordinates":[[[70.069116,54.101297],[70.070588,54.085695],[70.065584,54.070977],[70.048805,54.047722],[70.046156,54.041246],[70.039974,54.03742],[70.023784,54.036537],[70.019074,54.041246],[70.022018,54.052432],[70.028494,54.064207],[70.034381,54.071272],[69.981396,54.104535],[69.834214,54.011516],[69.767687,54.008572],[69.741783,54.070977],[69.77799,54.141036],[69.846871,54.191372],[69.918402,54.194021],[69.936652,54.188428],[69.97227,54.167823],[69.992876,54.159286],[70.034381,54.147218],[70.048216,54.137503],[70.061757,54.11837],[70.069116,54.101297]]]}},{"type":"Feature","properties":{"name":null,"name_zh":null},"geometry":{"type":"Polygon","coordinates":[[[64.599536,54.126318],[64.599831,54.112188],[64.595121,54.096881],[64.582169,54.076276],[64.57687,54.064501],[64.569217,54.055082],[64.552732,54.050077],[64.539486,54.052432],[64.52359,54.059203],[64.508283,54.068328],[64.481202,54.09276],[64.485029,54.096587],[64.504162,54.097764],[64.522119,54.101885],[64.517703,54.111894],[64.507695,54.124551],[64.507695,54.136032],[64.51682,54.163113],[64.515348,54.194316],[64.523002,54.217865],[64.55862,54.221986],[64.576282,54.21551],[64.578931,54.203147],[64.571277,54.189606],[64.55862,54.180481],[64.56539,54.168706],[64.571572,54.15281],[64.578931,54.138681],[64.589822,54.132499],[64.599536,54.126318]]]}},{"type":"Feature","properties":{"name":"Zharman Kli","name_zh":"扎尔曼湖"},"geometry":{"type":"Polygon","coordinates":[[[64.521235,51.609504],[64.545079,51.610682],[64.535071,51.582717],[64.51682,51.564172],[64.492388,51.554753],[64.463246,51.555636],[64.457947,51.558285],[64.449116,51.567116],[64.445878,51.569176],[64.436164,51.568293],[64.420563,51.563878],[64.412026,51.562995],[64.393187,51.566527],[64.386417,51.575947],[64.386417,51.589193],[64.395836,51.631582],[64.43587,51.700169],[64.45412,51.721657],[64.480613,51.733726],[64.510344,51.734315],[64.538309,51.719891],[64.540664,51.669555],[64.538309,51.659252],[64.525357,51.661312],[64.504457,51.671026],[64.485323,51.677502],[64.476787,51.668672],[64.476787,51.644828],[64.479436,51.638646],[64.484146,51.634525],[64.488561,51.629521],[64.490622,51.620396],[64.49386,51.600673],[64.504162,51.601557],[64.521235,51.609504]]]}},{"type":"Feature","properties":{"name":"Iken Aqsuat Kli","name_zh":"艾肯阿克苏特湖"},"geometry":{"type":"Polygon","coordinates":[[[64.541252,51.399917],[64.545079,51.391086],[64.541841,51.382255],[64.524473,51.351347],[64.518292,51.343105],[64.498275,51.336923],[64.480025,51.340456],[64.46354,51.350464],[64.456181,51.35017],[64.433221,51.371953],[64.417031,51.380783],[64.404962,51.384316],[64.393776,51.393735],[64.388772,51.41493],[64.388477,51.436124],[64.391715,51.445544],[64.403195,51.451136],[64.436753,51.47498],[64.461774,51.482928],[64.471194,51.489109],[64.496803,51.512659],[64.504162,51.512953],[64.511521,51.510304],[64.52153,51.508243],[64.533893,51.500295],[64.536837,51.481456],[64.532127,51.445544],[64.529772,51.437596],[64.526828,51.432592],[64.524768,51.427293],[64.524768,51.419051],[64.5283,51.410809],[64.541252,51.399917]]]}},{"type":"Feature","properties":{"name":"Koybaghar Kli","name_zh":"科伊巴哈尔湖"},"geometry":{"type":"Polygon","coordinates":[[[65.665723,52.617407],[65.670433,52.614463],[65.668372,52.607104],[65.663074,52.599157],[65.658953,52.594447],[65.655715,52.588854],[65.650711,52.574136],[65.64865,52.570309],[65.631283,52.561478],[65.614798,52.560006],[65.598019,52.563833],[65.580358,52.570309],[65.561813,52.577962],[65.543268,52.595919],[65.541502,52.620056],[65.559458,52.645372],[65.586834,52.661267],[65.596842,52.671276],[65.600963,52.690115],[65.606262,52.705128],[65.619508,52.709543],[65.652182,52.706894],[65.666606,52.699829],[65.667489,52.683345],[65.661308,52.6648],[65.65542,52.652436],[65.650711,52.648904],[65.642763,52.64596],[65.636287,52.640956],[65.635109,52.631831],[65.639819,52.628004],[65.649533,52.623],[65.665723,52.617407]]]}},{"type":"Feature","properties":{"name":"Imantau Kli","name_zh":"伊曼陶湖"},"geometry":{"type":"Polygon","coordinates":[[[68.30146,52.995076],[68.302048,52.994488],[68.258188,53.013327],[68.234345,53.019803],[68.208735,53.022158],[68.199021,53.028045],[68.197549,53.041586],[68.200787,53.055715],[68.205203,53.063958],[68.220215,53.070139],[68.234933,53.06955],[68.286447,53.057776],[68.314706,53.042763],[68.340316,53.024513],[68.355623,53.008617],[68.359744,52.985068],[68.346497,52.973293],[68.325009,52.975354],[68.30146,52.995076]]]}},{"type":"Feature","properties":{"name":"Qalybek Kli","name_zh":"卡莱贝克湖"},"geometry":{"type":"Polygon","coordinates":[[[70.717895,53.949994],[70.734085,53.940868],[70.717012,53.934687],[70.703765,53.93557],[70.695523,53.931449],[70.689047,53.87287],[70.683748,53.854914],[70.675212,53.841373],[70.653135,53.8243],[70.626347,53.814292],[70.599266,53.815469],[70.576306,53.832837],[70.56983,53.844022],[70.572184,53.852853],[70.580721,53.869926],[70.585137,53.882584],[70.603093,53.906133],[70.605742,53.914375],[70.607508,53.927622],[70.609863,53.934098],[70.618694,53.947344],[70.628408,53.953232],[70.661377,53.95382],[70.699939,53.95382],[70.717895,53.949994]]]}},{"type":"Feature","properties":{"name":"Kishi Qaraoy Kli","name_zh":"基西卡罗伊湖"},"geometry":{"type":"Polygon","coordinates":[[[71.422602,54.068034],[71.425546,54.06038],[71.422014,54.046839],[71.414066,54.040069],[71.404941,54.034182],[71.39817,54.022701],[71.41907,54.022701],[71.41907,54.015931],[71.403469,54.005923],[71.385218,54.000035],[71.364907,53.996797],[71.318986,53.996797],[71.294554,54.000919],[71.274243,54.008866],[71.260997,54.022701],[71.259525,54.03477],[71.263057,54.048606],[71.269239,54.061852],[71.275126,54.071272],[71.286017,54.08128],[71.297203,54.085107],[71.326345,54.084812],[71.33341,54.081574],[71.355193,54.06715],[71.367556,54.063912],[71.377859,54.068034],[71.385807,54.086873],[71.394932,54.090994],[71.404941,54.087167],[71.414949,54.078336],[71.422602,54.068034]]]}},{"type":"Feature","properties":{"name":null,"name_zh":null},"geometry":{"type":"Polygon","coordinates":[[[60.459599,55.38649],[60.46843,55.372655],[60.455773,55.373244],[60.443998,55.371772],[60.421332,55.365885],[60.386597,55.352344],[60.363931,55.324674],[60.35039,55.313488],[60.331257,55.311428],[60.310357,55.3703],[60.29711,55.38649],[60.313006,55.3912],[60.326252,55.401503],[60.335378,55.415338],[60.338616,55.431234],[60.336555,55.438887],[60.326547,55.454783],[60.324486,55.46538],[60.32949,55.468324],[60.341265,55.469207],[60.353923,55.468029],[60.362165,55.46538],[60.369524,55.457727],[60.386597,55.434766],[60.38748,55.431234],[60.386303,55.426524],[60.386303,55.422697],[60.389541,55.421225],[60.413973,55.413866],[60.44547,55.396793],[60.459599,55.38649]]]}},{"type":"Feature","properties":{"name":null,"name_zh":null},"geometry":{"type":"Polygon","coordinates":[[[60.54261,55.534556],[60.561155,55.516011],[60.543493,55.503059],[60.480499,55.485691],[60.45018,55.487163],[60.421332,55.503059],[60.404553,55.522192],[60.398077,55.540737],[60.401315,55.559282],[60.427808,55.596078],[60.436933,55.597255],[60.454889,55.591957],[60.464898,55.586364],[60.489036,55.564581],[60.54261,55.534556]]]}},{"type":"Feature","properties":{"name":null,"name_zh":null},"geometry":{"type":"Polygon","coordinates":[[[60.940002,50.808834],[60.968849,50.784696],[60.945006,50.733771],[60.892315,50.710516],[60.83874,50.71346],[60.812247,50.742308],[60.824022,50.781458],[60.879068,50.805596],[60.940002,50.808834]]]}},{"type":"Feature","properties":{"name":"Songhua Hu","name_zh":"松花湖"},"geometry":{"type":"Polygon","coordinates":[[[126.969408,43.626055],[126.987069,43.627527],[126.952923,43.598385],[126.933495,43.587493],[126.911418,43.58661],[126.920838,43.568065],[126.924959,43.545105],[126.920543,43.523911],[126.904942,43.510664],[126.899643,43.540689],[126.898171,43.572775],[126.892579,43.565122],[126.889046,43.562472],[126.877272,43.558645],[126.893756,43.603389],[126.898171,43.606332],[126.892579,43.617813],[126.883748,43.620756],[126.857255,43.613692],[126.858727,43.634003],[126.84077,43.641067],[126.821048,43.632825],[126.816338,43.606332],[126.800148,43.610159],[126.782781,43.610159],[126.770123,43.615163],[126.767768,43.633708],[126.735977,43.60957],[126.718021,43.600445],[126.707129,43.606332],[126.71125,43.618696],[126.74363,43.643422],[126.755405,43.654903],[126.742159,43.661379],[126.745985,43.667855],[126.754522,43.676097],[126.755405,43.689049],[126.748929,43.696702],[126.738332,43.703767],[126.725674,43.706711],[126.713311,43.703178],[126.708012,43.694642],[126.715077,43.673742],[126.713311,43.661084],[126.701536,43.645483],[126.69506,43.652548],[126.689173,43.678452],[126.682403,43.684045],[126.67887,43.685516],[126.677987,43.687871],[126.679165,43.696408],[126.67887,43.708477],[126.679165,43.71407],[126.682403,43.71613],[126.726852,43.723489],[126.737449,43.719957],[126.757171,43.717602],[126.80162,43.751748],[126.823109,43.75116],[126.827818,43.757636],[126.833706,43.761168],[126.851073,43.7647],[126.84813,43.755575],[126.844008,43.748216],[126.83871,43.742917],[126.842242,43.745272],[126.798971,43.712892],[126.784253,43.694347],[126.78543,43.678452],[126.796027,43.670209],[126.807507,43.666088],[126.843125,43.660495],[126.863437,43.661084],[126.870207,43.658729],[126.883748,43.650781],[126.890812,43.648132],[126.889929,43.664617],[126.896405,43.673447],[126.909063,43.676391],[126.925547,43.674625],[126.922309,43.660495],[126.929668,43.65137],[126.943209,43.646955],[126.959694,43.648132],[126.959694,43.641067],[126.948802,43.639007],[126.94056,43.633708],[126.925547,43.620756],[126.939088,43.61693],[126.969408,43.626055]]]}},{"type":"Feature","properties":{"name":"Yueliang Pao","name_zh":"月亮泡"},"geometry":{"type":"Polygon","coordinates":[[[124.005161,45.733113],[124.041368,45.709859],[124.030771,45.705737],[124.010459,45.705443],[123.999568,45.703677],[123.990443,45.699556],[123.965422,45.683071],[123.963067,45.694257],[123.95924,45.703088],[123.953058,45.710742],[123.945111,45.717218],[123.930687,45.70927],[123.906549,45.689547],[123.88977,45.683071],[123.869165,45.682777],[123.850325,45.688076],[123.814707,45.703677],[123.831192,45.721044],[123.8412,45.723694],[123.855624,45.717218],[123.882411,45.740767],[123.942167,45.744593],[124.005161,45.733113]]]}},{"type":"Feature","properties":{"name":"Puma Yumco","name_zh":"普莫雍错"},"geometry":{"type":"Polygon","coordinates":[[[90.330199,28.620843],[90.348155,28.625259],[90.358164,28.625848],[90.366406,28.623198],[90.373176,28.618783],[90.379652,28.615839],[90.385834,28.615839],[90.39702,28.626436],[90.404968,28.628203],[90.437053,28.625848],[90.457659,28.619666],[90.499753,28.593173],[90.514471,28.578161],[90.519181,28.5761],[90.523302,28.574923],[90.527423,28.572273],[90.530661,28.568447],[90.532427,28.564326],[90.534193,28.531062],[90.532133,28.527236],[90.529189,28.523998],[90.524479,28.522232],[90.510056,28.523703],[90.472377,28.519288],[90.465312,28.520465],[90.459719,28.523409],[90.451477,28.531651],[90.446179,28.53224],[90.440586,28.530474],[90.42675,28.517522],[90.421158,28.514578],[90.414976,28.513401],[90.406439,28.514578],[90.396725,28.517227],[90.389955,28.521054],[90.389366,28.524292],[90.393193,28.527824],[90.396137,28.531946],[90.396137,28.535184],[90.392016,28.535772],[90.386128,28.535184],[90.381713,28.535478],[90.377886,28.537538],[90.372588,28.544898],[90.369938,28.546369],[90.366406,28.545781],[90.354631,28.53695],[90.352276,28.538127],[90.35051,28.544309],[90.346978,28.551079],[90.341679,28.553434],[90.335203,28.551374],[90.323429,28.538127],[90.317247,28.533712],[90.311654,28.532534],[90.30194,28.538422],[90.287222,28.54166],[90.282512,28.543426],[90.27633,28.549019],[90.273681,28.552257],[90.272798,28.5552],[90.272504,28.557261],[90.271621,28.558733],[90.258669,28.568152],[90.254253,28.572568],[90.243656,28.589347],[90.240712,28.591113],[90.236591,28.59229],[90.233353,28.594056],[90.233059,28.597294],[90.241007,28.620549],[90.248955,28.625259],[90.265733,28.62467],[90.330199,28.620843]]]}},{"type":"Feature","properties":{"name":"Ubolratna Reservoir","name_zh":"乌博拉特纳水库"},"geometry":{"type":"Polygon","coordinates":[[[102.605183,16.848928],[102.611954,16.740896],[102.605772,16.69262],[102.602534,16.681434],[102.588993,16.663184],[102.586049,16.651409],[102.583695,16.648466],[102.574569,16.64405],[102.571626,16.641695],[102.570448,16.635514],[102.572214,16.620501],[102.571626,16.614025],[102.554553,16.578113],[102.550431,16.572814],[102.538951,16.587532],[102.536891,16.675253],[102.553669,16.676725],[102.571626,16.695858],[102.582517,16.719996],[102.577807,16.737364],[102.568388,16.736775],[102.554553,16.732065],[102.542189,16.731182],[102.536891,16.740896],[102.533947,16.754437],[102.526882,16.766211],[102.516874,16.774748],[102.505982,16.777692],[102.497152,16.779163],[102.476252,16.784462],[102.468009,16.785345],[102.432391,16.778575],[102.417084,16.777692],[102.41002,16.781518],[102.384999,16.79918],[102.379112,16.805656],[102.383527,16.817431],[102.393535,16.825084],[102.399717,16.833621],[102.393535,16.846573],[102.408842,16.840391],[102.420617,16.807717],[102.433863,16.798886],[102.446227,16.80389],[102.453291,16.816548],[102.462711,16.828911],[102.48155,16.832443],[102.477429,16.821846],[102.482433,16.816253],[102.494502,16.813898],[102.509515,16.813015],[102.518051,16.813898],[102.531886,16.818314],[102.540423,16.819197],[102.545133,16.816253],[102.551903,16.802418],[102.557202,16.798886],[102.573981,16.801241],[102.582223,16.810072],[102.591642,16.839802],[102.586638,16.850694],[102.584872,16.857464],[102.588699,16.860408],[102.597824,16.858936],[102.603123,16.855404],[102.605183,16.848928]]]}},{"type":"Feature","properties":{"name":"Xinfengjiang Shuiku","name_zh":"新丰江水库"},"geometry":{"type":"Polygon","coordinates":[[[114.711497,23.901892],[114.727687,23.89836],[114.704726,23.889823],[114.682943,23.884819],[114.668225,23.874222],[114.665576,23.850673],[114.658805,23.850673],[114.657922,23.859209],[114.655567,23.862742],[114.651741,23.865391],[114.645265,23.870984],[114.638494,23.85656],[114.630252,23.82889],[114.624659,23.815643],[114.625542,23.810345],[114.628192,23.80328],[114.62672,23.797687],[114.607586,23.793861],[114.583743,23.782086],[114.59434,23.775316],[114.615534,23.757654],[114.621421,23.754416],[114.636139,23.748823],[114.637022,23.738226],[114.628192,23.73175],[114.614651,23.737343],[114.594928,23.74794],[114.565786,23.754416],[114.537822,23.751766],[114.52222,23.73381],[114.51545,23.73381],[114.498966,23.746468],[114.475711,23.73852],[114.451867,23.726746],[114.433617,23.727629],[114.435383,23.735871],[114.441565,23.749117],[114.443625,23.760303],[114.433617,23.761186],[114.423314,23.754416],[114.415072,23.735871],[114.405652,23.727629],[114.389757,23.74529],[114.385636,23.754416],[114.388285,23.760597],[114.395644,23.763835],[114.399765,23.767368],[114.391817,23.774727],[114.391817,23.782086],[114.419782,23.788268],[114.427141,23.788268],[114.430673,23.786501],[114.433911,23.784147],[114.440387,23.782086],[114.505147,23.782086],[114.517805,23.785618],[114.527519,23.794155],[114.533701,23.805929],[114.536056,23.81947],[114.53164,23.828007],[114.510152,23.847435],[114.501909,23.85656],[114.506619,23.864214],[114.502204,23.87275],[114.49249,23.880109],[114.481598,23.884819],[114.480126,23.865097],[114.472473,23.84508],[114.459815,23.829479],[114.44392,23.823297],[114.421548,23.823297],[114.41154,23.825946],[114.402709,23.832717],[114.368562,23.833305],[114.357965,23.836249],[114.383575,23.848612],[114.442448,23.853616],[114.46011,23.870984],[114.440093,23.871573],[114.433617,23.870984],[114.447158,23.904836],[114.455105,23.918082],[114.46011,23.90513],[114.476888,23.913372],[114.491018,23.915433],[114.503676,23.916022],[114.51545,23.91926],[114.527225,23.929562],[114.535467,23.943692],[114.540765,23.959293],[114.543415,23.974011],[114.543415,23.991968],[114.539588,24.00492],[114.534584,24.017872],[114.529874,24.035533],[114.530757,24.05084],[114.534584,24.06497],[114.534289,24.076744],[114.52222,24.08322],[114.52222,24.089402],[114.530168,24.089991],[114.535761,24.088519],[114.543415,24.08322],[114.549596,24.07174],[114.551657,24.037594],[114.556367,24.021698],[114.567258,24.011396],[114.579916,24.009335],[114.591102,24.016694],[114.597578,24.035533],[114.609352,24.013456],[114.593162,23.994911],[114.569024,23.977249],[114.556367,23.956938],[114.555484,23.942514],[114.55254,23.928385],[114.548419,23.915727],[114.543415,23.90513],[114.541649,23.896888],[114.542826,23.890412],[114.541649,23.886291],[114.532818,23.884819],[114.525753,23.886291],[114.501909,23.89836],[114.508385,23.886291],[114.517805,23.880404],[114.527813,23.876577],[114.536056,23.870984],[114.538999,23.864214],[114.544592,23.843902],[114.550185,23.836249],[114.567258,23.833011],[114.585214,23.841548],[114.598755,23.855088],[114.611707,23.888057],[114.628486,23.908368],[114.645265,23.918377],[114.652624,23.908368],[114.662927,23.902775],[114.711497,23.901892]]]}},{"type":"Feature","properties":{"name":"Krishna Raja Sagar","name_zh":"克里希纳拉贾萨加尔水库"},"geometry":{"type":"Polygon","coordinates":[[[76.565438,12.443769],[76.570442,12.435821],[76.570442,12.426695],[76.565438,12.419925],[76.558079,12.420514],[76.511275,12.441119],[76.490081,12.445535],[76.470653,12.444063],[76.45564,12.433466],[76.454168,12.44789],[76.460939,12.463785],[76.462705,12.476737],[76.445632,12.482036],[76.432386,12.492044],[76.429148,12.510884],[76.435329,12.522069],[76.44887,12.509412],[76.454463,12.497637],[76.483899,12.467023],[76.493613,12.460842],[76.513041,12.465551],[76.521283,12.465257],[76.524522,12.457604],[76.529526,12.457015],[76.551603,12.449067],[76.554841,12.447301],[76.565438,12.443769]]]}},{"type":"Feature","properties":{"name":null,"name_zh":null},"geometry":{"type":"Polygon","coordinates":[[[80.813996,7.280033],[80.812229,7.271791],[80.812229,7.266492],[80.813996,7.260605],[80.809286,7.24883],[80.807225,7.232935],[80.795745,7.236761],[80.787208,7.24206],[80.773079,7.253246],[80.779849,7.242943],[80.792801,7.211741],[80.783087,7.190546],[80.776023,7.182893],[80.765425,7.177594],[80.777789,7.203204],[80.771018,7.223515],[80.756595,7.229402],[80.745114,7.211741],[80.735695,7.213507],[80.726864,7.210269],[80.717738,7.211741],[80.714795,7.215273],[80.713323,7.220866],[80.709202,7.225576],[80.697427,7.22587],[80.705081,7.232346],[80.71244,7.236173],[80.71921,7.236467],[80.724509,7.232935],[80.738344,7.246475],[80.747175,7.240588],[80.750707,7.243826],[80.750707,7.250008],[80.748647,7.253246],[80.73805,7.254129],[80.730691,7.25619],[80.724509,7.258544],[80.696544,7.266198],[80.678294,7.273557],[80.664459,7.286509],[80.656216,7.307998],[80.662987,7.301227],[80.675056,7.291808],[80.692423,7.283565],[80.743054,7.266492],[80.749824,7.267375],[80.752473,7.276795],[80.757478,7.280916],[80.768369,7.275618],[80.780144,7.267081],[80.78662,7.260605],[80.784854,7.273557],[80.779555,7.28121],[80.765425,7.294162],[80.759833,7.302699],[80.745114,7.335079],[80.75159,7.333607],[80.758361,7.330075],[80.763365,7.324776],[80.765425,7.317712],[80.766603,7.310058],[80.769841,7.309175],[80.774256,7.310353],[80.779261,7.307998],[80.788975,7.300638],[80.797511,7.296223],[80.801927,7.289158],[80.800455,7.273851],[80.810169,7.277678],[80.813996,7.280033]]]}},{"type":"Feature","properties":{"name":"Bhadra Reservoir","name_zh":"巴德拉水库"},"geometry":{"type":"Polygon","coordinates":[[[75.633776,13.708357],[75.646728,13.66744],[75.644667,13.64654],[75.615819,13.677154],[75.6064,13.66744],[75.595508,13.67215],[75.585206,13.670973],[75.573137,13.668029],[75.557241,13.66744],[75.557241,13.660081],[75.572548,13.649778],[75.577258,13.632411],[75.577846,13.591789],[75.584322,13.56559],[75.57873,13.552638],[75.557241,13.54469],[75.557241,13.537037],[75.571665,13.530267],[75.557241,13.524085],[75.546055,13.515548],[75.537519,13.505834],[75.530748,13.49612],[75.532809,13.517609],[75.54164,13.539097],[75.554886,13.557937],[75.571665,13.571183],[75.565483,13.580603],[75.561656,13.588256],[75.559007,13.596204],[75.557241,13.605918],[75.551648,13.605918],[75.545172,13.596498],[75.535164,13.587962],[75.510143,13.571183],[75.529276,13.608862],[75.52545,13.61887],[75.496308,13.619164],[75.496308,13.626524],[75.51132,13.630645],[75.526627,13.641831],[75.539285,13.654488],[75.544289,13.663908],[75.548704,13.69982],[75.554886,13.715716],[75.564306,13.714538],[75.570782,13.723664],[75.576669,13.726902],[75.583439,13.726019],[75.591387,13.722192],[75.606989,13.723075],[75.618469,13.721014],[75.626711,13.716305],[75.633776,13.708357]]]}},{"type":"Feature","properties":{"name":"Tungabhadra","name_zh":"通格珀德拉河"},"geometry":{"type":"Polygon","coordinates":[[[76.332596,15.256418],[76.334657,15.236107],[76.321999,15.22551],[76.302865,15.218445],[76.28432,15.209319],[76.299922,15.193718],[76.291385,15.190186],[76.259888,15.194896],[76.248114,15.19048],[76.22898,15.168697],[76.215439,15.160749],[76.204842,15.168109],[76.199544,15.177823],[76.195717,15.187537],[76.188358,15.194896],[76.175994,15.1999],[76.170696,15.198428],[76.167163,15.193718],[76.160687,15.188714],[76.119182,15.174585],[76.115061,15.166342],[76.108879,15.144854],[76.102698,15.140438],[76.070023,15.140144],[76.065019,15.136906],[76.063253,15.130136],[76.058543,15.122188],[76.05295,15.115712],[76.047946,15.113062],[76.039704,15.115417],[76.026163,15.125131],[76.020864,15.127486],[76.009679,15.126309],[75.99496,15.121599],[75.983186,15.119833],[75.922547,15.121599],[75.914305,15.119833],[75.90724,15.113357],[75.898115,15.095695],[75.893699,15.092751],[75.883691,15.097167],[75.879864,15.106292],[75.880158,15.13043],[75.884574,15.143088],[75.893699,15.144559],[75.903119,15.143676],[75.907534,15.150447],[75.910478,15.156628],[75.918131,15.159572],[75.938148,15.160749],[75.941092,15.163104],[75.943152,15.16752],[75.946096,15.17223],[75.951983,15.174585],[75.954633,15.173407],[75.956693,15.171347],[75.960225,15.169286],[75.965818,15.168403],[75.973766,15.171641],[75.977004,15.179883],[75.977299,15.190775],[75.975827,15.201666],[75.983186,15.201666],[75.986424,15.18577],[75.992017,15.17223],[76.001436,15.163104],[76.017332,15.160749],[76.027929,15.165754],[76.058543,15.18371],[76.065019,15.185476],[76.069435,15.195484],[76.088863,15.213146],[76.092984,15.226393],[76.09004,15.274963],[76.092984,15.284382],[76.113,15.267309],[76.119182,15.263777],[76.126836,15.263188],[76.174228,15.263777],[76.181882,15.261716],[76.18718,15.25789],[76.193067,15.257301],[76.201604,15.263777],[76.209846,15.256418],[76.218677,15.255535],[76.226036,15.261716],[76.22898,15.274374],[76.224564,15.302044],[76.227802,15.311169],[76.242815,15.304988],[76.264304,15.29027],[76.288736,15.287032],[76.312874,15.280556],[76.332596,15.256418]]]}},{"type":"Feature","properties":{"name":"Novosibirsk Reservoir","name_zh":"新西伯利亚水库"},"geometry":{"type":"Polygon","coordinates":[[[82.862181,54.673835],[82.807724,54.671774],[82.760626,54.652346],[82.651122,54.572868],[82.620803,54.557561],[82.587539,54.546964],[82.478919,54.54196],[82.447128,54.53254],[82.430938,54.509285],[82.365,54.480438],[82.322612,54.449529],[82.239601,54.433634],[82.060922,54.351801],[81.827786,54.303819],[81.778921,54.287629],[81.755666,54.275855],[81.735355,54.25937],[81.722109,54.242297],[81.697382,54.187251],[81.680898,54.170767],[81.632917,54.142213],[81.611722,54.117192],[81.586701,54.104829],[81.558148,54.095115],[81.513405,54.087462],[81.459536,54.06715],[81.414793,54.043601],[81.355331,53.995326],[81.341496,54.00239],[81.348266,54.006217],[81.356803,54.013282],[81.362102,54.015931],[81.355331,54.022701],[81.363573,54.028],[81.365928,54.030944],[81.368872,54.036537],[81.348855,54.030649],[81.336492,54.014754],[81.306761,53.953526],[81.312943,53.929388],[81.3256,53.906428],[81.334137,53.885528],[81.306761,53.895831],[81.295575,53.929388],[81.295281,53.97001],[81.299991,54.00239],[81.282329,53.989733],[81.275264,53.976781],[81.271437,53.921146],[81.268199,53.909666],[81.259663,53.899363],[81.242884,53.887588],[81.236702,53.887294],[81.238469,53.899363],[81.233759,53.90525],[81.231404,53.913198],[81.230815,53.922912],[81.231698,53.934098],[81.228755,53.9653],[81.248771,54.003862],[81.279091,54.035065],[81.360041,54.08334],[81.384179,54.093643],[81.413321,54.097764],[81.468661,54.099236],[81.49486,54.103652],[81.519586,54.112188],[81.60819,54.15752],[81.643514,54.186957],[81.686785,54.257898],[81.710923,54.287924],[81.741831,54.314416],[81.779804,54.331784],[81.915212,54.36122],[81.931402,54.372112],[81.946709,54.374172],[82.023243,54.372112],[82.04326,54.376233],[82.109492,54.406258],[82.169542,54.448646],[82.206338,54.458949],[82.28405,54.493978],[82.30495,54.507519],[82.314075,54.51635],[82.318785,54.524298],[82.326144,54.545198],[82.331443,54.553734],[82.345572,54.568453],[82.354992,54.574929],[82.365589,54.577578],[82.372654,54.58111],[82.37648,54.588764],[82.379424,54.598183],[82.382956,54.605542],[82.40209,54.624676],[82.423579,54.637334],[82.449188,54.644399],[82.555748,54.65529],[82.564579,54.661472],[82.571938,54.668536],[82.582241,54.673835],[82.634932,54.681488],[82.658187,54.687964],[82.681442,54.704743],[82.74002,54.769503],[82.78182,54.796585],[82.972273,54.844272],[83.044393,54.844566],[83.073829,54.838679],[83.086781,54.824255],[83.094729,54.806299],[83.109741,54.790109],[83.131524,54.782455],[83.156545,54.780983],[83.202466,54.783633],[83.243677,54.759495],[83.268109,54.737712],[83.273702,54.728587],[83.278706,54.698856],[83.264283,54.702094],[83.246915,54.718578],[83.243677,54.728587],[83.232786,54.731825],[83.213946,54.74566],[83.074418,54.779806],[83.061466,54.786871],[83.05705,54.796879],[83.047925,54.793641],[83.038505,54.783633],[83.03409,54.773036],[83.035856,54.737123],[83.03409,54.728587],[83.01996,54.712985],[82.996117,54.702388],[82.968152,54.695912],[82.941659,54.693852],[82.931651,54.690614],[82.913401,54.677073],[82.907219,54.673835],[82.901332,54.67148],[82.892206,54.661766],[82.886613,54.659705],[82.880726,54.661472],[82.869246,54.670891],[82.862181,54.673835]]]}},{"type":"Feature","properties":{"name":"Lake Zaysan","name_zh":"斋桑泊"},"geometry":{"type":"Polygon","coordinates":[[[84.543883,47.946143],[84.562134,47.930836],[84.506499,47.912585],[84.475885,47.909642],[84.464699,47.906698],[84.456457,47.901399],[84.453219,47.893157],[84.452042,47.884326],[84.447332,47.874024],[84.446449,47.865781],[84.437912,47.853418],[84.419073,47.846059],[84.398173,47.84076],[84.384044,47.834579],[84.37433,47.818978],[84.375213,47.804848],[84.390814,47.773057],[84.379628,47.772762],[84.371975,47.768347],[84.365204,47.762754],[84.356668,47.759516],[84.344599,47.759222],[84.293674,47.767758],[84.285432,47.771291],[84.278073,47.776589],[84.26983,47.77865],[84.245398,47.773645],[84.233918,47.773057],[84.237745,47.763637],[84.243926,47.76246],[84.251874,47.763343],[84.260705,47.759516],[84.263649,47.753629],[84.267476,47.744503],[84.272185,47.735967],[84.278073,47.73214],[84.346071,47.738322],[84.363733,47.73214],[84.328409,47.719777],[84.292496,47.714773],[84.256584,47.718011],[84.220672,47.729196],[84.205953,47.746564],[84.198594,47.752451],[84.191235,47.755984],[84.173279,47.761576],[84.164448,47.765698],[84.145903,47.778944],[84.112934,47.809263],[84.096156,47.820744],[84.07555,47.828397],[84.006963,47.841938],[83.925424,47.869314],[83.85566,47.874907],[83.836232,47.882855],[83.817687,47.899928],[83.800025,47.935251],[83.788251,47.951147],[83.76794,47.962922],[83.720841,47.971458],[83.698764,47.979112],[83.666384,48.009725],[83.649605,48.019439],[83.630472,48.012669],[83.609572,48.021794],[83.583373,48.025621],[83.530976,48.02621],[83.52244,48.028565],[83.50831,48.038279],[83.496241,48.040634],[83.470337,48.042106],[83.445022,48.046815],[83.417941,48.059179],[83.410876,48.061239],[83.394686,48.059179],[83.367899,48.04917],[83.352592,48.046815],[83.325805,48.048582],[83.306671,48.05388],[83.211886,48.099507],[83.195696,48.11187],[83.168025,48.139834],[83.157134,48.147782],[83.148009,48.147782],[83.137706,48.144544],[83.123577,48.143661],[83.085015,48.155436],[83.044098,48.179574],[83.012013,48.209599],[82.999944,48.239918],[83.007597,48.259052],[83.023493,48.266705],[83.042038,48.264939],[83.058228,48.256108],[83.087075,48.235208],[83.092668,48.232265],[83.097967,48.230499],[83.102677,48.226966],[83.107386,48.2252],[83.116806,48.231676],[83.129464,48.238446],[83.142416,48.242862],[83.155662,48.256108],[83.161255,48.259052],[83.209236,48.259052],[83.221305,48.261407],[83.245443,48.271121],[83.256923,48.273476],[83.298723,48.273476],[83.31874,48.271121],[83.359951,48.261407],[83.436191,48.258463],[83.460329,48.262584],[83.479168,48.273476],[83.482406,48.279363],[83.493003,48.307622],[83.507133,48.335292],[83.524795,48.34795],[83.547166,48.356486],[83.595737,48.36885],[83.5663,48.386512],[83.547755,48.393871],[83.51096,48.398875],[83.476225,48.408],[83.462095,48.409766],[83.431481,48.427428],[83.401751,48.46599],[83.384089,48.505729],[83.390565,48.526629],[83.369371,48.560775],[83.39763,48.569017],[83.425005,48.58874],[83.441784,48.613761],[83.438252,48.636427],[83.449438,48.651439],[83.4462,48.674105],[83.434425,48.697949],[83.421179,48.715611],[83.414997,48.732978],[83.416469,48.75741],[83.434425,48.834534],[83.448849,48.865442],[83.471809,48.89164],[83.572187,48.968764],[83.584256,48.973474],[83.614576,48.971119],[83.626939,48.975534],[83.638125,48.984365],[83.705829,49.020572],[83.735265,49.031169],[83.743507,49.037351],[83.764996,49.046476],[83.968402,49.073852],[84.1565,49.134785],[84.181521,49.161572],[84.171807,49.205727],[84.156795,49.23222],[84.150613,49.23899],[84.115878,49.258124],[84.109991,49.256946],[84.101749,49.271076],[84.02021,49.342901],[83.986652,49.358208],[83.967813,49.372631],[83.958393,49.375575],[83.935138,49.376164],[83.921598,49.37999],[83.912472,49.38941],[83.89746,49.411193],[83.870378,49.427089],[83.835643,49.436803],[83.702296,49.45211],[83.683457,49.44946],[83.675215,49.441807],[83.669328,49.430915],[83.657553,49.417375],[83.64519,49.430327],[83.636948,49.442984],[83.632238,49.457408],[83.630472,49.476248],[83.62429,49.485078],[83.582196,49.520991],[83.566889,49.525995],[83.551288,49.528644],[83.539219,49.53512],[83.534509,49.551605],[83.526267,49.557786],[83.508016,49.548661],[83.479168,49.527173],[83.470043,49.539536],[83.45768,49.539241],[83.444433,49.536003],[83.431481,49.540713],[83.431187,49.546306],[83.433248,49.571033],[83.431481,49.58163],[83.417352,49.598114],[83.377024,49.62343],[83.363778,49.643741],[83.381734,49.64168],[83.428538,49.6302],[83.445022,49.62343],[83.450615,49.61607],[83.45297,49.606945],[83.457385,49.599292],[83.46916,49.596054],[83.49477,49.596937],[83.506544,49.600175],[83.517141,49.606651],[83.535392,49.612832],[83.613398,49.616659],[83.621641,49.614893],[83.651077,49.603413],[83.671094,49.598703],[83.736737,49.596054],[83.743802,49.600469],[83.747334,49.610478],[83.749395,49.621958],[83.753516,49.630789],[83.775004,49.641091],[83.805029,49.649039],[83.831522,49.660519],[83.851833,49.701436],[83.872439,49.715271],[83.89746,49.723808],[83.965458,49.730578],[83.98518,49.737054],[84.006963,49.746768],[84.014322,49.732639],[83.98518,49.707912],[83.968107,49.696432],[83.948385,49.691722],[83.90423,49.687012],[83.882447,49.680831],[83.863608,49.671705],[83.801203,49.626962],[83.799437,49.622841],[83.794727,49.616954],[83.790311,49.6093],[83.788251,49.59988],[83.790606,49.589283],[83.808856,49.561907],[83.785896,49.556609],[83.732322,49.566912],[83.705829,49.568089],[83.724079,49.54454],[83.727023,49.53777],[83.723491,49.527761],[83.71466,49.526878],[83.703179,49.528644],[83.691405,49.527173],[83.674626,49.517164],[83.672271,49.510394],[83.681691,49.505095],[83.698764,49.499797],[83.731733,49.494204],[83.798259,49.489788],[83.829462,49.480074],[83.824752,49.476542],[83.815627,49.46565],[83.861253,49.469183],[83.885391,49.467122],[83.905113,49.45888],[83.916005,49.442984],[83.92042,49.425028],[83.928074,49.41031],[83.986652,49.39412],[83.993128,49.393237],[83.997544,49.386172],[84.017855,49.366744],[84.024331,49.362623],[84.026686,49.360268],[84.058477,49.345844],[84.088796,49.314936],[84.214196,49.251353],[84.233918,49.229276],[84.243926,49.221623],[84.290436,49.202195],[84.328998,49.191892],[84.341655,49.190126],[84.35343,49.19513],[84.364616,49.201311],[84.37904,49.204549],[84.393463,49.203666],[84.404649,49.198073],[84.422605,49.205138],[84.4438,49.203372],[84.464699,49.195719],[84.480301,49.184533],[84.433791,49.173936],[84.387576,49.170698],[84.334296,49.133019],[84.316046,49.123011],[84.109991,49.074735],[84.05465,49.069142],[84.010201,49.056779],[83.996661,49.054718],[83.985475,49.047359],[83.951328,49.011447],[83.931606,49.000261],[83.819159,48.992607],[83.796493,48.988486],[83.727023,48.959344],[83.627822,48.939327],[83.582196,48.924315],[83.547461,48.896645],[83.546283,48.892229],[83.548344,48.881043],[83.547461,48.876628],[83.543045,48.871918],[83.532743,48.866914],[83.515375,48.852196],[83.509488,48.846014],[83.507133,48.838949],[83.503012,48.829824],[83.476225,48.804509],[83.469454,48.794206],[83.451793,48.73445],[83.45297,48.717671],[83.460918,48.703836],[83.476225,48.68794],[83.513315,48.657327],[83.528327,48.63937],[83.534509,48.615821],[83.532448,48.605518],[83.523029,48.586385],[83.520674,48.574905],[83.530976,48.559303],[83.535098,48.547823],[83.530976,48.537226],[83.528033,48.520447],[83.538041,48.498076],[83.561885,48.465107],[83.601329,48.430372],[83.654609,48.40329],[83.712893,48.390338],[83.767351,48.396814],[83.781775,48.405056],[83.790606,48.413593],[83.799731,48.420658],[83.815627,48.42419],[83.832111,48.423013],[83.870967,48.409766],[83.922775,48.411238],[83.949562,48.409178],[83.965752,48.396814],[83.948679,48.379741],[83.930723,48.37091],[83.884508,48.362668],[83.817393,48.361785],[83.801203,48.355309],[83.776476,48.367672],[83.717015,48.366789],[83.691405,48.376503],[83.54334,48.305561],[83.503895,48.276419],[83.510665,48.265234],[83.530388,48.253165],[83.553937,48.243745],[83.572187,48.239918],[83.595737,48.238446],[83.717015,48.214309],[83.882447,48.15102],[83.969285,48.130415],[84.052001,48.095974],[84.07349,48.082139],[84.082615,48.064183],[84.08968,48.039751],[84.106458,48.0424],[84.143843,48.067421],[84.156795,48.068893],[84.171807,48.067715],[84.185642,48.063888],[84.195651,48.057707],[84.207425,48.04711],[84.218022,48.043283],[84.34872,48.033275],[84.37433,48.023266],[84.435852,47.985293],[84.456457,47.96822],[84.481184,47.95674],[84.543883,47.946143]]]}},{"type":"Feature","properties":{"name":"Nam Ngum Reservoir","name_zh":"塔什幹日本滯留者墓地"},"geometry":{"type":"Polygon","coordinates":[[[102.935165,18.543582],[102.960775,18.538578],[102.936932,18.533574],[102.846856,18.533574],[102.779152,18.524448],[102.739708,18.528864],[102.722929,18.526803],[102.703501,18.514734],[102.693492,18.50502],[102.692021,18.50031],[102.693198,18.495012],[102.690549,18.482943],[102.684367,18.468813],[102.658463,18.432607],[102.606655,18.464692],[102.579279,18.505903],[102.551903,18.608636],[102.548077,18.614524],[102.536008,18.623649],[102.531592,18.629536],[102.530415,18.636601],[102.531592,18.65338],[102.530709,18.661328],[102.512753,18.716962],[102.506571,18.725499],[102.488909,18.743161],[102.4842,18.751109],[102.4842,18.765827],[102.490381,18.77142],[102.50039,18.768476],[102.51187,18.758468],[102.516285,18.77142],[102.52335,18.771714],[102.531003,18.763178],[102.537479,18.749931],[102.543661,18.754052],[102.546016,18.753758],[102.547488,18.751109],[102.551315,18.746988],[102.552492,18.744338],[102.562795,18.733152],[102.573981,18.723733],[102.576924,18.725499],[102.576335,18.709898],[102.573392,18.691647],[102.577219,18.679873],[102.596647,18.683111],[102.583989,18.671336],[102.582811,18.659267],[102.590759,18.652791],[102.605772,18.658384],[102.612542,18.671042],[102.616663,18.699301],[102.626672,18.703422],[102.636974,18.696063],[102.644334,18.680461],[102.647572,18.663683],[102.646689,18.651614],[102.637563,18.643371],[102.626377,18.642488],[102.618724,18.640722],[102.619901,18.628948],[102.637858,18.611286],[102.660229,18.620411],[102.695553,18.655735],[102.780919,18.71343],[102.774737,18.697534],[102.757958,18.668098],[102.753543,18.651319],[102.748538,18.646021],[102.726756,18.640722],[102.717925,18.631302],[102.72028,18.611286],[102.740296,18.597451],[102.765023,18.586853],[102.78239,18.576256],[102.781507,18.571252],[102.776503,18.566248],[102.777681,18.560066],[102.795048,18.552119],[102.808589,18.549469],[102.935165,18.543582]]]}},{"type":"Feature","properties":{"name":"Lake Argyle","name_zh":"阿盖尔湖"},"geometry":{"type":"Polygon","coordinates":[[[129.045558,-16.122504],[129.04909,-16.138694],[129.039671,-16.155178],[129.019359,-16.162832],[128.997282,-16.16342],[128.988157,-16.166364],[128.990217,-16.172546],[129.002581,-16.183437],[129.004347,-16.181377],[129.011412,-16.180494],[129.019359,-16.183437],[129.022892,-16.193446],[129.022303,-16.203748],[129.019948,-16.209636],[129.015827,-16.213462],[129.009057,-16.217583],[129.001992,-16.219644],[128.971378,-16.224354],[128.966963,-16.226709],[128.954011,-16.239661],[128.946946,-16.244665],[128.939292,-16.244076],[128.930461,-16.240249],[128.922808,-16.239661],[128.919864,-16.248492],[128.923985,-16.255262],[128.945768,-16.266448],[128.954599,-16.27263],[128.950184,-16.2794],[128.940175,-16.300005],[128.95666,-16.293529],[128.966668,-16.291469],[128.974322,-16.293235],[128.981092,-16.304126],[128.974322,-16.31178],[128.941059,-16.327087],[128.93105,-16.326498],[128.923102,-16.327676],[128.919864,-16.336801],[128.924869,-16.343571],[128.948123,-16.355346],[128.954599,-16.360644],[128.950773,-16.375068],[128.909562,-16.362705],[128.899259,-16.371242],[128.894255,-16.390081],[128.894549,-16.398617],[128.911622,-16.407154],[128.91015,-16.417751],[128.902497,-16.429526],[128.892488,-16.43659],[128.88925,-16.430997],[128.886307,-16.428348],[128.883069,-16.425993],[128.878948,-16.422755],[128.877476,-16.436296],[128.870411,-16.44601],[128.862169,-16.449837],[128.858342,-16.446893],[128.862758,-16.419223],[128.862463,-16.405388],[128.85481,-16.405093],[128.851866,-16.40892],[128.845685,-16.421578],[128.842152,-16.435707],[128.836559,-16.433352],[128.831555,-16.426582],[128.830378,-16.422755],[128.820369,-16.410098],[128.81301,-16.408626],[128.803002,-16.422755],[128.807417,-16.439534],[128.802413,-16.456018],[128.79476,-16.471325],[128.79005,-16.484277],[128.79211,-16.493108],[128.802707,-16.502528],[128.803002,-16.512242],[128.799469,-16.515774],[128.792699,-16.520484],[128.785929,-16.52696],[128.782691,-16.535791],[128.782985,-16.545799],[128.784751,-16.550804],[128.789755,-16.552864],[128.799764,-16.553159],[128.808006,-16.557574],[128.814776,-16.566994],[128.817426,-16.576119],[128.813599,-16.580534],[128.800058,-16.58024],[128.78534,-16.582006],[128.77386,-16.589954],[128.76915,-16.60791],[128.775332,-16.628516],[128.789461,-16.635581],[128.803885,-16.639113],[128.810655,-16.649416],[128.806828,-16.659718],[128.798292,-16.666489],[128.789167,-16.671493],[128.782691,-16.676791],[128.776509,-16.687683],[128.774743,-16.695336],[128.77592,-16.714764],[128.774154,-16.732426],[128.769444,-16.748616],[128.762085,-16.76304],[128.752077,-16.775992],[128.74354,-16.790416],[128.737653,-16.796303],[128.735004,-16.789827],[128.733237,-16.780113],[128.730294,-16.773049],[128.729705,-16.766573],[128.746189,-16.742729],[128.756492,-16.71447],[128.756198,-16.685917],[128.735004,-16.669727],[128.733237,-16.687389],[128.720285,-16.684151],[128.702918,-16.67532],[128.686434,-16.676791],[128.693793,-16.683562],[128.678486,-16.6868],[128.654937,-16.678558],[128.645517,-16.683562],[128.638747,-16.683562],[128.636392,-16.675025],[128.633742,-16.67061],[128.628738,-16.669432],[128.618141,-16.669727],[128.620496,-16.660896],[128.62344,-16.653242],[128.627266,-16.646766],[128.631976,-16.642057],[128.631976,-16.635875],[128.620496,-16.63823],[128.60931,-16.643234],[128.590765,-16.655597],[128.576636,-16.649416],[128.589588,-16.632342],[128.596358,-16.625866],[128.6046,-16.62204],[128.6046,-16.614681],[128.563095,-16.614386],[128.556619,-16.611148],[128.561329,-16.598785],[128.57222,-16.596724],[128.600774,-16.60114],[128.609605,-16.596136],[128.614609,-16.585539],[128.614609,-16.574058],[128.610488,-16.566994],[128.598124,-16.564344],[128.583112,-16.566405],[128.556619,-16.572881],[128.562212,-16.547271],[128.56751,-16.541973],[128.607838,-16.520484],[128.609899,-16.513125],[128.590765,-16.505472],[128.561034,-16.51077],[128.526299,-16.554042],[128.495391,-16.553159],[128.502162,-16.543739],[128.509815,-16.523428],[128.515997,-16.512242],[128.539251,-16.484866],[128.54249,-16.474269],[128.627561,-16.370653],[128.640218,-16.349753],[128.645517,-16.32326],[128.640807,-16.302066],[128.618141,-16.269097],[128.610488,-16.252024],[128.625795,-16.254968],[128.644634,-16.239955],[128.659058,-16.244665],[128.659941,-16.235834],[128.664062,-16.228181],[128.670538,-16.223765],[128.680252,-16.224354],[128.681429,-16.229358],[128.693793,-16.259089],[128.705273,-16.241721],[128.714398,-16.224354],[128.702918,-16.210519],[128.669655,-16.179905],[128.660235,-16.180494],[128.63698,-16.174312],[128.623145,-16.166364],[128.653465,-16.159594],[128.658763,-16.15194],[128.662884,-16.141932],[128.669655,-16.131629],[128.67672,-16.13104],[128.694381,-16.14517],[128.703801,-16.148997],[128.721757,-16.143109],[128.730588,-16.128685],[128.736475,-16.111612],[128.745012,-16.097483],[128.770327,-16.077466],[128.786517,-16.069224],[128.803002,-16.066575],[128.823019,-16.074228],[128.821547,-16.087769],[128.807417,-16.102781],[128.749722,-16.138105],[128.732649,-16.153412],[128.727939,-16.169602],[128.736475,-16.17078],[128.775626,-16.152235],[128.796231,-16.148997],[128.793876,-16.15459],[128.791816,-16.164304],[128.79005,-16.169602],[128.800058,-16.160477],[128.803002,-16.156061],[128.809478,-16.168425],[128.806534,-16.177844],[128.79005,-16.196978],[128.800647,-16.19374],[128.811833,-16.187558],[128.820664,-16.178139],[128.830083,-16.14988],[128.840975,-16.144876],[128.846862,-16.151352],[128.838031,-16.169602],[128.855399,-16.16813],[128.864524,-16.159005],[128.871589,-16.145759],[128.88248,-16.131629],[128.897787,-16.119855],[128.913388,-16.11279],[128.930461,-16.109257],[128.950773,-16.10808],[129.02613,-16.115145],[129.045558,-16.122504]]]}},{"type":"Feature","properties":{"name":"Toktogul Suu Saktagychy","name_zh":"托克托古尔水库"},"geometry":{"type":"Polygon","coordinates":[[[73.304472,41.773621],[73.310948,41.772444],[73.31036,41.770089],[73.300351,41.759786],[73.290343,41.755665],[73.249132,41.75596],[73.174363,41.735354],[73.156407,41.739475],[73.114902,41.75596],[73.105482,41.757726],[73.093119,41.761552],[73.043666,41.783924],[73.033657,41.783041],[72.966542,41.762141],[72.91915,41.736237],[72.900016,41.730056],[72.879116,41.729467],[72.863515,41.734471],[72.834667,41.750367],[72.817005,41.75596],[72.776972,41.755076],[72.750185,41.739181],[72.707796,41.694732],[72.675711,41.674126],[72.645391,41.665001],[72.616838,41.672655],[72.590639,41.701502],[72.603297,41.706506],[72.613011,41.701208],[72.621842,41.692377],[72.631556,41.687961],[72.642447,41.689433],[72.673061,41.701502],[72.670706,41.718575],[72.71074,41.742124],[72.721337,41.759786],[72.724869,41.771267],[72.732228,41.776565],[72.739588,41.779509],[72.741942,41.784219],[72.736644,41.791283],[72.725458,41.800409],[72.713095,41.808062],[72.703969,41.8113],[72.702203,41.814538],[72.660992,41.859281],[72.652456,41.866052],[72.646568,41.868112],[72.632145,41.870173],[72.625374,41.872822],[72.622725,41.876649],[72.617721,41.891661],[72.615072,41.89696],[72.607712,41.903436],[72.600648,41.908146],[72.59476,41.913444],[72.590639,41.921098],[72.598882,41.926691],[72.608007,41.928457],[72.616838,41.926691],[72.625374,41.921098],[72.699848,41.902259],[72.849974,41.885185],[72.885003,41.887835],[72.919444,41.900787],[72.927098,41.893133],[72.935045,41.878415],[72.942993,41.869584],[72.944759,41.865757],[72.947703,41.862225],[72.95359,41.858987],[72.959183,41.861048],[72.965659,41.86664],[72.971546,41.871056],[72.977728,41.86929],[72.997451,41.860753],[73.052497,41.858693],[73.07163,41.852217],[73.073985,41.844563],[73.073396,41.821014],[73.077223,41.8113],[73.086643,41.806885],[73.149342,41.803647],[73.200562,41.790989],[73.27533,41.786868],[73.292992,41.780686],[73.304472,41.773621]]]}},{"type":"Feature","properties":{"name":"Bratsk Reservoir","name_zh":"布拉茨克水庫"},"geometry":{"type":"Polygon","coordinates":[[[103.710226,53.483426],[103.679907,53.506976],[103.673725,53.513452],[103.667838,53.522577],[103.665483,53.533763],[103.666071,53.544654],[103.663128,53.553191],[103.65047,53.556723],[103.625744,53.558784],[103.52772,53.582627],[103.45825,53.591752],[103.437645,53.587631],[103.431758,53.580567],[103.424104,53.566731],[103.417923,53.559667],[103.413213,53.549364],[103.417039,53.53965],[103.422338,53.530525],[103.421161,53.522577],[103.413507,53.518161],[103.404676,53.519339],[103.395551,53.523754],[103.387309,53.529347],[103.392607,53.486076],[103.429991,53.405126],[103.441177,53.364798],[103.44,53.320937],[103.429991,53.28061],[103.389958,53.191123],[103.383482,53.171695],[103.380833,53.151972],[103.380244,53.128718],[103.374062,53.107229],[103.360227,53.115766],[103.346098,53.138137],[103.338739,53.159331],[103.342565,53.202897],[103.375534,53.2759],[103.387309,53.317111],[103.390252,53.363326],[103.38672,53.406892],[103.376417,53.446631],[103.341682,53.519044],[103.337561,53.555251],[103.345509,53.639145],[103.336384,53.69007],[103.303121,53.714797],[103.255139,53.724216],[103.103247,53.731281],[103.081759,53.73864],[103.065569,53.74806],[102.927512,53.787799],[102.906612,53.790154],[102.883357,53.78721],[102.840674,53.776613],[102.818008,53.776319],[102.83361,53.79192],[102.878059,53.803695],[102.896309,53.813997],[102.908084,53.819002],[102.924274,53.818118],[102.940464,53.813409],[102.964013,53.799279],[102.978437,53.797219],[103.009051,53.796335],[103.151229,53.757774],[103.231884,53.753947],[103.24778,53.755419],[103.256905,53.762189],[103.25455,53.772786],[103.233945,53.794864],[103.228941,53.806933],[103.227175,53.824594],[103.215989,53.86345],[103.16889,53.943518],[103.127974,53.985317],[103.115611,53.989438],[103.101775,53.992088],[103.092356,53.995326],[103.037015,54.050077],[103.001103,54.073332],[102.987562,54.08599],[102.980497,54.109245],[102.971372,54.128967],[102.968723,54.139564],[102.969312,54.149867],[102.978731,54.195199],[102.987857,54.213155],[103.021414,54.25731],[103.044963,54.279976],[103.12297,54.337965],[103.133272,54.348268],[103.136216,54.352978],[103.149757,54.365636],[103.153289,54.372112],[103.138571,54.401548],[103.136805,54.406258],[103.127091,54.409496],[103.102659,54.422742],[103.092356,54.426863],[103.054972,54.428335],[103.043197,54.433634],[103.092356,54.447763],[103.180665,54.402431],[103.222759,54.413911],[103.236889,54.442759],[103.24101,54.48397],[103.230707,54.620849],[103.215989,54.657939],[103.189496,54.685609],[103.105013,54.726232],[103.073222,54.747426],[103.054383,54.778334],[103.05085,54.824844],[103.060564,54.873414],[103.080876,54.910798],[103.111489,54.941118],[103.220993,55.012354],[103.250429,55.038846],[103.319899,55.123918],[103.325198,55.143346],[103.315189,55.272277],[103.306359,55.313194],[103.291346,55.351461],[103.270446,55.38649],[103.235417,55.422403],[103.200093,55.447718],[103.172717,55.4748],[103.160648,55.516894],[103.162414,55.562226],[103.167713,55.585186],[103.185964,55.616978],[103.18979,55.637289],[103.188613,55.681738],[103.179193,55.725892],[103.169774,55.747087],[103.157116,55.756506],[103.137099,55.762393],[103.084997,55.804782],[103.066746,55.813318],[103.019353,55.828625],[102.999337,55.831569],[102.981086,55.8404],[102.970489,55.861889],[102.957243,55.931947],[102.956654,55.95167],[102.961069,55.968743],[102.971961,55.98611],[102.971078,56.001417],[102.959009,56.024083],[102.934871,56.057935],[102.869228,56.115925],[102.842146,56.133292],[102.823601,56.127111],[102.790633,56.092081],[102.763551,56.112687],[102.787395,56.12034],[102.785923,56.132115],[102.767967,56.142712],[102.742651,56.147422],[102.684661,56.147422],[102.669355,56.149188],[102.633148,56.160963],[102.619018,56.159785],[102.593997,56.149482],[102.586049,56.147422],[102.574864,56.151543],[102.558379,56.164789],[102.543661,56.168027],[102.534536,56.163317],[102.525999,56.153898],[102.51658,56.147422],[102.505982,56.150365],[102.493619,56.158019],[102.478901,56.160963],[102.447404,56.160963],[102.461533,56.141534],[102.483316,56.125639],[102.53012,56.098852],[102.518934,56.094436],[102.506277,56.093553],[102.493619,56.095319],[102.48155,56.098852],[102.473014,56.104739],[102.453586,56.12299],[102.450936,56.126816],[102.446521,56.127994],[102.434158,56.133881],[102.430331,56.13653],[102.42621,56.137119],[102.402955,56.132998],[102.397951,56.129466],[102.390592,56.12034],[102.385588,56.10886],[102.385882,56.098852],[102.403544,56.090315],[102.4633,56.078835],[102.475957,56.068238],[102.487732,56.061762],[102.541601,56.0441],[102.557202,56.030559],[102.525999,56.033503],[102.471836,56.058524],[102.385882,56.078541],[102.35674,56.07648],[102.349969,56.080895],[102.344965,56.098852],[102.347615,56.108271],[102.352324,56.119457],[102.350853,56.129171],[102.334663,56.132998],[102.320533,56.131526],[102.278733,56.121812],[102.254301,56.109449],[102.221921,56.103856],[102.20838,56.098852],[102.197489,56.090904],[102.191896,56.082662],[102.196311,56.075891],[102.214562,56.07177],[102.193662,56.064411],[102.119188,56.07177],[102.119188,56.064705],[102.147153,56.049693],[102.174234,56.030559],[102.150979,56.030854],[102.129491,56.037624],[102.110651,56.048515],[102.095344,56.061467],[102.072384,56.072653],[102.045891,56.07177],[101.995555,56.057935],[101.995555,56.051165],[102.009096,56.038213],[101.991434,56.028204],[101.963764,56.019373],[101.947868,56.010248],[102.002325,56.010248],[101.997321,56.000534],[101.998499,55.994058],[102.004975,55.990526],[102.016161,55.989643],[101.988196,55.964916],[101.979954,55.948726],[102.014394,55.936363],[102.002325,55.925177],[101.968179,55.907221],[101.977893,55.880728],[101.960231,55.862477],[101.874277,55.828037],[101.860148,55.820383],[101.851022,55.810964],[101.847784,55.799778],[101.843958,55.765926],[101.844841,55.756506],[101.854555,55.745615],[101.86574,55.74532],[101.880164,55.748853],[101.899887,55.749441],[101.916077,55.744732],[101.939626,55.728836],[101.954638,55.722949],[101.963764,55.722949],[101.984958,55.728247],[101.995555,55.72913],[102.002914,55.726481],[102.016749,55.71765],[102.022931,55.715295],[102.040004,55.715295],[102.052073,55.718533],[102.061493,55.725598],[102.070618,55.736489],[102.118599,55.704404],[102.144209,55.691746],[102.174234,55.681738],[102.128902,55.67585],[101.985252,55.687625],[101.954638,55.681738],[101.966413,55.672612],[102.022931,55.650829],[102.057666,55.64141],[102.119188,55.605497],[102.133906,55.601376],[102.146858,55.600199],[102.15981,55.601671],[102.174234,55.605497],[102.199255,55.617272],[102.21309,55.620804],[102.225159,55.616095],[102.246648,55.604909],[102.345848,55.596961],[102.351147,55.595489],[102.358212,55.591957],[102.362038,55.588424],[102.36351,55.584598],[102.364099,55.580771],[102.366159,55.578122],[102.394713,55.559871],[102.399717,55.553984],[102.395302,55.544564],[102.386471,55.536616],[102.379995,55.528668],[102.385588,55.512184],[102.387354,55.498643],[102.387942,55.484808],[102.385882,55.475683],[102.372047,55.465969],[102.310819,55.447718],[102.293157,55.433294],[102.286681,55.418871],[102.289036,55.403564],[102.297867,55.38649],[102.332896,55.351167],[102.338195,55.338509],[102.333191,55.322319],[102.319356,55.311133],[102.283443,55.297004],[102.316118,55.298181],[102.368514,55.310545],[102.417673,55.313194],[102.441222,55.284052],[102.420322,55.259914],[102.276673,55.242546],[102.288742,55.231066],[102.338195,55.197803],[102.34261,55.193388],[102.319061,55.149822],[102.309936,55.144818],[102.228397,55.125684],[102.228397,55.119502],[102.249297,55.103901],[102.236639,55.08565],[102.206909,55.070638],[102.177472,55.064162],[102.159222,55.062984],[102.143915,55.059746],[102.119188,55.050621],[102.092401,55.037669],[102.079743,55.034431],[102.064436,55.036492],[102.074445,55.050327],[102.089457,55.062984],[102.107119,55.072698],[102.125958,55.078586],[102.167464,55.077408],[102.183065,55.084767],[102.195428,55.093009],[102.203965,55.101252],[102.197489,55.105373],[102.178355,55.112732],[102.170996,55.129511],[102.176883,55.145995],[102.197489,55.153648],[102.223982,55.154532],[102.250769,55.158358],[102.276084,55.1666],[102.297867,55.181024],[102.302577,55.191033],[102.289625,55.201924],[102.271963,55.211933],[102.263132,55.225768],[102.26166,55.234893],[102.259894,55.241369],[102.261366,55.247551],[102.269902,55.256087],[102.281088,55.260797],[102.295512,55.262858],[102.377345,55.26168],[102.389709,55.266684],[102.407959,55.278164],[102.416201,55.286407],[102.41002,55.290233],[102.362627,55.294649],[102.339961,55.292294],[102.321416,55.280225],[102.301988,55.270805],[102.277556,55.272572],[102.258422,55.284052],[102.256362,55.303774],[102.268725,55.314666],[102.306698,55.337332],[102.307581,55.348812],[102.274024,55.380898],[102.262249,55.398559],[102.256362,55.421225],[102.259894,55.43977],[102.272846,55.456255],[102.292863,55.468912],[102.318473,55.475683],[102.310819,55.482748],[102.325537,55.484808],[102.33113,55.484514],[102.338195,55.482748],[102.35203,55.4957],[102.337606,55.508946],[102.334074,55.527197],[102.327303,55.543387],[102.304343,55.550157],[102.248414,55.552217],[102.218094,55.548979],[102.194251,55.537205],[102.184242,55.527785],[102.182476,55.523664],[102.186892,55.519543],[102.194251,55.50924],[102.199844,55.506297],[102.212207,55.497171],[102.218683,55.487163],[102.207792,55.482748],[102.139793,55.49305],[101.860442,55.44242],[101.850728,55.437121],[101.844841,55.427407],[101.847784,55.415338],[101.857498,55.409157],[101.859853,55.407096],[101.756826,55.406507],[101.735632,55.413866],[101.757709,55.412983],[101.824235,55.421225],[101.806573,55.432411],[101.748289,55.443303],[101.735632,55.451545],[101.727684,55.474211],[101.708256,55.479215],[101.683529,55.478332],[101.659686,55.482748],[101.659686,55.489518],[101.705901,55.496877],[101.841308,55.475683],[101.885757,55.475683],[101.961409,55.494522],[102.047069,55.4957],[102.066791,55.498349],[102.090635,55.505708],[102.113006,55.515716],[102.129491,55.527197],[102.128313,55.54162],[102.102704,55.550746],[101.896354,55.574295],[101.851022,55.591957],[101.853966,55.595783],[101.855438,55.599021],[101.856615,55.601965],[101.858381,55.605497],[101.817759,55.625514],[101.810106,55.633168],[101.809517,55.633756],[101.809517,55.638466],[101.810694,55.639644],[101.805396,55.657305],[101.801863,55.679972],[101.793916,55.69469],[101.775959,55.688214],[101.769189,55.694984],[101.789206,55.711174],[101.802158,55.718239],[101.808634,55.728247],[101.810694,55.752974],[101.808928,55.778583],[101.801863,55.788592],[101.756531,55.797423],[101.733277,55.799189],[101.72474,55.80331],[101.721208,55.81479],[101.720913,55.828625],[101.719442,55.831863],[101.714437,55.833335],[101.704429,55.841872],[101.687945,55.843638],[101.623479,55.83569],[101.598458,55.838339],[101.6067,55.842755],[101.614059,55.847759],[101.620535,55.853352],[101.625539,55.859534],[101.542529,55.861594],[101.503673,55.871308],[101.481595,55.892797],[101.550477,55.892797],[101.550477,55.90045],[101.531637,55.904866],[101.516919,55.910753],[101.505144,55.918406],[101.49543,55.928415],[101.478946,55.949609],[101.469232,55.953141],[101.422134,55.956379],[101.410065,55.951375],[101.405944,55.940189],[101.405944,55.920761],[101.41448,55.904277],[101.413597,55.896329],[101.399468,55.892797],[101.351192,55.892797],[101.351192,55.90045],[101.372681,55.901333],[101.370031,55.914285],[101.351192,55.937834],[101.303505,55.969331],[101.274952,55.981106],[101.21078,55.99759],[101.180755,56.010248],[101.232563,56.015841],[101.385633,55.969331],[101.397407,55.969331],[101.422722,55.972864],[101.43332,55.976102],[101.445389,55.992881],[101.45628,55.999357],[101.471293,55.993175],[101.487483,55.980517],[101.505144,55.970803],[101.586978,55.938423],[101.604639,55.927237],[101.622301,55.911047],[101.635842,55.904571],[101.644967,55.911636],[101.646145,55.922528],[101.628777,55.931947],[101.61141,55.955496],[101.591099,55.970509],[101.586389,55.979045],[101.591687,55.989643],[101.59728,55.991409],[101.603462,55.988465],[101.61141,55.982283],[101.617886,55.98611],[101.628189,55.994941],[101.632604,55.996707],[101.652915,55.990231],[101.664101,55.974924],[101.68088,55.934596],[101.699425,55.922528],[101.720619,55.92606],[101.735926,55.939012],[101.735632,55.955496],[101.750938,55.960795],[101.756531,55.961972],[101.742402,55.968448],[101.735632,55.969331],[101.744757,55.974924],[101.749172,55.976102],[101.749172,55.982283],[101.739458,55.983167],[101.730333,55.98611],[101.722385,55.990526],[101.715026,55.996707],[101.72474,55.998768],[101.752999,55.996707],[101.76183,55.999651],[101.761241,56.006716],[101.754765,56.01378],[101.732394,56.02114],[101.690005,56.040862],[101.68088,56.047338],[101.698836,56.062056],[101.816876,56.030559],[101.816876,56.037624],[101.797154,56.03939],[101.774782,56.046749],[101.754765,56.057641],[101.742402,56.07177],[101.775959,56.078541],[101.775959,56.084722],[101.737692,56.095614],[101.649972,56.096202],[101.61141,56.106505],[101.61141,56.109743],[101.627306,56.111804],[101.650855,56.110921],[101.666456,56.112687],[101.67146,56.124756],[101.670577,56.140946],[101.673815,56.155075],[101.690888,56.160963],[101.727978,56.159491],[101.735632,56.160963],[101.737103,56.167439],[101.733571,56.174209],[101.728272,56.179507],[101.725034,56.181568],[101.711199,56.186278],[101.69913,56.197169],[101.68088,56.222485],[101.686767,56.235731],[101.691771,56.264873],[101.701485,56.277825],[101.719147,56.287833],[101.746229,56.297842],[101.773605,56.301963],[101.793327,56.294604],[101.800686,56.289894],[101.822469,56.283124],[101.830711,56.277825],[101.836598,56.267228],[101.83601,56.260458],[101.832477,56.253393],[101.830711,56.24309],[101.832477,56.219541],[101.84072,56.212476],[101.903419,56.220424],[101.941392,56.238675],[101.957876,56.24309],[101.959643,56.247211],[101.965236,56.265756],[101.968179,56.271055],[101.977599,56.271643],[102.007035,56.266639],[102.016161,56.263401],[102.035294,56.246622],[102.027052,56.239852],[102.005563,56.235731],[101.985252,56.226017],[101.966413,56.213359],[101.94463,56.208649],[101.892528,56.208944],[101.892528,56.201879],[101.909601,56.202173],[101.929323,56.198935],[101.947868,56.192165],[101.96082,56.181568],[101.939037,56.174798],[101.851022,56.181568],[101.858087,56.172148],[101.867801,56.166261],[101.879281,56.163023],[101.892528,56.160963],[101.892528,56.153603],[101.872511,56.153898],[101.796271,56.145067],[101.7895,56.138591],[101.790383,56.129466],[101.796271,56.119457],[101.806573,56.110038],[101.819231,56.103561],[101.83336,56.100029],[101.847784,56.098852],[101.854555,56.095614],[101.860736,56.08119],[101.865152,56.078541],[101.8731,56.081779],[101.877809,56.087371],[101.881931,56.093847],[101.895177,56.110626],[101.901947,56.121518],[101.911956,56.12976],[101.944924,56.135058],[101.988785,56.147422],[102.092106,56.159785],[102.119188,56.174798],[102.107708,56.177447],[102.100349,56.184512],[102.099466,56.191282],[102.108591,56.19452],[102.119777,56.193343],[102.140971,56.188927],[102.165403,56.188927],[102.176883,56.190399],[102.184831,56.195403],[102.188069,56.205411],[102.19219,56.208061],[102.202787,56.209238],[102.230163,56.209238],[102.249297,56.213065],[102.282266,56.226311],[102.294335,56.229255],[102.299339,56.232493],[102.297867,56.239263],[102.293746,56.246034],[102.290508,56.24986],[102.282266,56.251627],[102.249591,56.24986],[102.243998,56.252804],[102.241643,56.259574],[102.242527,56.267522],[102.246059,56.274293],[102.252535,56.280474],[102.255479,56.281063],[102.259894,56.279003],[102.288742,56.27547],[102.338195,56.25722],[102.359683,56.258103],[102.366159,56.25722],[102.374696,56.252215],[102.381761,56.245151],[102.389414,56.238969],[102.400011,56.236025],[102.418851,56.23838],[102.46065,56.2478],[102.482433,56.24986],[102.496857,56.253098],[102.484788,56.260458],[102.454174,56.271055],[102.455941,56.28018],[102.470364,56.281357],[102.488909,56.280769],[102.502744,56.284007],[102.495091,56.2896],[102.490676,56.296959],[102.490676,56.304907],[102.495974,56.311971],[102.485671,56.322568],[102.48155,56.325512],[102.480962,56.336109],[102.470953,56.341996],[102.447404,56.352888],[102.463594,56.352005],[102.474485,56.357009],[102.483905,56.362896],[102.495974,56.36584],[102.516285,56.339053],[102.538363,56.327278],[102.563383,56.32669],[102.580162,56.334049],[102.577807,56.345529],[102.577807,56.352888],[102.605478,56.352005],[102.609599,56.33552],[102.598118,56.314032],[102.577807,56.298136],[102.581928,56.284007],[102.579868,56.24986],[102.588699,56.24309],[102.629615,56.24309],[102.656991,56.237203],[102.749716,56.229255],[102.769733,56.235142],[102.787983,56.247506],[102.797109,56.264284],[102.790633,56.284007],[102.818008,56.298431],[102.826839,56.281652],[102.822718,56.250744],[102.811238,56.222485],[102.823307,56.210121],[102.83567,56.20129],[102.849505,56.196286],[102.86599,56.19452],[102.877176,56.198641],[102.88424,56.205706],[102.892483,56.209238],[102.906612,56.201879],[102.900136,56.192165],[102.906612,56.180979],[102.920447,56.171854],[102.934871,56.168027],[102.942524,56.171265],[102.975199,56.19452],[102.982852,56.206],[102.99551,56.234848],[103.002869,56.24309],[103.064391,56.236025],[103.053205,56.221013],[103.016999,56.193931],[102.961364,56.140063],[102.969606,56.126228],[102.977259,56.116219],[102.999337,56.095614],[103.005813,56.091198],[103.011111,56.088255],[103.015232,56.083839],[103.016704,56.075008],[103.02112,56.072653],[103.042903,56.063234],[103.05085,56.057935],[103.031717,56.043511],[103.029656,56.015547],[103.032011,55.988465],[103.026713,55.976102],[103.027596,55.969626],[103.016704,55.924588],[103.020825,55.911047],[103.039076,55.889264],[103.05085,55.854824],[103.06969,55.836868],[103.191851,55.77093],[103.222759,55.763865],[103.21069,55.758861],[103.211573,55.752385],[103.228941,55.736489],[103.241304,55.720005],[103.250724,55.712646],[103.263087,55.708525],[103.24778,55.695278],[103.238655,55.673496],[103.240421,55.652007],[103.256905,55.639644],[103.256905,55.632873],[103.225997,55.619921],[103.20863,55.580476],[103.210396,55.538382],[103.2363,55.516894],[103.201565,55.503059],[103.211573,55.483925],[103.332263,55.333505],[103.348747,55.295238],[103.358755,55.253144],[103.359344,55.2084],[103.352574,55.178375],[103.352279,55.167778],[103.357872,55.130982],[103.355812,55.125684],[103.347569,55.115675],[103.318133,55.05798],[103.267502,54.998224],[103.253079,54.989099],[103.242776,54.984978],[103.222465,54.96555],[103.211868,54.961134],[103.160648,54.948182],[103.115611,54.908149],[103.108251,54.880479],[103.091473,54.850748],[103.081759,54.819545],[103.07646,54.786576],[103.078815,54.762733],[103.098832,54.743011],[103.159176,54.730353],[103.184786,54.718284],[103.229824,54.683549],[103.248074,54.664121],[103.256905,54.639689],[103.268386,54.644693],[103.280749,54.647048],[103.293112,54.645576],[103.304592,54.639689],[103.294584,54.635273],[103.2781,54.623499],[103.270446,54.619378],[103.277511,54.597006],[103.260143,54.54667],[103.273684,54.508991],[103.275745,54.479555],[103.273978,54.450707],[103.270446,54.433634],[103.287519,54.433339],[103.316661,54.439815],[103.332557,54.440993],[103.327258,54.431279],[103.318722,54.424509],[103.297233,54.413911],[103.305181,54.404197],[103.326081,54.391834],[103.332557,54.385947],[103.336972,54.3727],[103.336384,54.360926],[103.332557,54.335022],[103.336678,54.314122],[103.346981,54.29646],[103.372885,54.262903],[103.3982,54.218159],[103.417334,54.196376],[103.459428,54.181364],[103.483271,54.166646],[103.50476,54.148689],[103.51624,54.132499],[103.495929,54.136915],[103.457662,54.155165],[103.415568,54.164879],[103.399672,54.17842],[103.326375,54.269379],[103.31048,54.303819],[103.304592,54.348268],[103.289874,54.380943],[103.255434,54.383592],[103.215694,54.368874],[103.099715,54.289101],[103.066746,54.259665],[103.05085,54.248773],[103.04879,54.241414],[103.041136,54.228462],[103.036427,54.213744],[103.043197,54.200203],[103.017882,54.184013],[103.005813,54.163113],[103.008462,54.139858],[103.03466,54.105418],[103.047024,54.082752],[103.057621,54.071272],[103.069984,54.061852],[103.084997,54.053021],[103.100892,54.046545],[103.115905,54.043896],[103.127091,54.040069],[103.138571,54.031238],[103.177721,53.992382],[103.181842,53.9862],[103.185669,53.972365],[103.188613,53.967655],[103.218344,53.958236],[103.235122,53.950288],[103.248074,53.929388],[103.26191,53.919674],[103.277805,53.910843],[103.291052,53.906133],[103.281043,53.900835],[103.277216,53.899363],[103.28487,53.885233],[103.296939,53.873753],[103.325198,53.857563],[103.325198,53.851382],[103.300766,53.854914],[103.291052,53.846966],[103.289874,53.831954],[103.291052,53.813997],[103.385542,53.714797],[103.412918,53.698901],[103.436762,53.655041],[103.447948,53.639145],[103.47238,53.62737],[103.499756,53.623838],[103.554507,53.625604],[103.560689,53.629725],[103.566282,53.648565],[103.574819,53.652686],[103.579823,53.647682],[103.592186,53.618245],[103.607199,53.604999],[103.63222,53.588514],[103.659007,53.577623],[103.677846,53.580861],[103.695508,53.591458],[103.704633,53.598523],[103.708754,53.607942],[103.729948,53.639145],[103.75232,53.648565],[103.76645,53.644149],[103.767627,53.629431],[103.753203,53.607942],[103.725239,53.579683],[103.713464,53.56261],[103.708754,53.543477],[103.716996,53.519928],[103.73613,53.507564],[103.755264,53.498439],[103.7638,53.484898],[103.754675,53.466059],[103.733481,53.469591],[103.710226,53.483426]],[[101.810694,55.632873],[101.8104,55.633168],[101.810106,55.633168],[101.810694,55.632873]]]}},{"type":"Feature","properties":{"name":"Shardara Bgeni","name_zh":"沙达拉布格尼水库"},"geometry":{"type":"Polygon","coordinates":[[[68.451291,41.11925],[68.455706,41.106887],[68.425681,41.094229],[68.417145,41.081571],[68.369163,41.050369],[68.358566,41.050074],[68.32442,41.057434],[68.299693,41.039772],[68.273495,41.016223],[68.231107,41.038889],[68.218155,41.04301],[68.211384,41.042421],[68.191662,41.036828],[68.169584,41.048014],[68.116893,41.066853],[68.095405,41.065381],[68.081864,41.04301],[68.070973,41.053607],[68.058609,41.055079],[68.045952,41.050369],[68.033883,41.04301],[68.020636,41.059494],[68.012688,41.098056],[68.00268,41.116012],[67.958525,41.159578],[67.951461,41.170764],[67.949106,41.172236],[67.930855,41.215213],[67.930266,41.215507],[67.927028,41.21639],[67.920552,41.21639],[67.913782,41.217273],[67.909955,41.221689],[67.912016,41.242],[67.928206,41.250242],[68.012394,41.24671],[68.029173,41.242],[68.043891,41.23258],[68.081275,41.182244],[68.091578,41.17459],[68.110123,41.179006],[68.138088,41.200494],[68.157516,41.208148],[68.180476,41.210208],[68.239938,41.207559],[68.249946,41.199317],[68.263487,41.184893],[68.275261,41.168703],[68.28056,41.156634],[68.335017,41.133085],[68.349735,41.133085],[68.383882,41.138089],[68.393007,41.136617],[68.408314,41.127198],[68.438339,41.125432],[68.451291,41.11925]]]}},{"type":"Feature","properties":{"name":"Krasnoyarsk Reservoir","name_zh":"克拉斯諾亞爾斯克水庫"},"geometry":{"type":"Polygon","coordinates":[[[91.891506,55.150705],[91.860304,55.133043],[91.869723,55.132454],[91.877377,55.128922],[91.882087,55.122446],[91.880909,55.112732],[91.874728,55.105373],[91.868252,55.105961],[91.860893,55.109788],[91.853533,55.112732],[91.830867,55.113909],[91.809673,55.112732],[91.722247,55.096247],[91.705763,55.089477],[91.658959,55.059452],[91.641591,55.053565],[91.620986,55.050621],[91.627462,55.061512],[91.650717,55.076231],[91.662491,55.085356],[91.360179,55.050621],[91.350171,55.042968],[91.338691,55.031487],[91.326622,55.02354],[91.315436,55.026778],[91.313375,55.033842],[91.31367,55.041496],[91.309549,55.047972],[91.29483,55.050621],[91.133224,55.037375],[91.110264,55.026778],[91.03108,54.968199],[91.006942,54.942001],[90.994285,54.923161],[90.993401,54.910504],[90.998406,54.892253],[90.989575,54.868704],[90.976328,54.844566],[90.969852,54.824844],[90.977506,54.730058],[90.982804,54.708864],[90.983982,54.697384],[90.980449,54.686787],[90.965142,54.670008],[90.962788,54.659705],[90.986631,54.637923],[91.248321,54.542549],[91.262745,54.533423],[91.278052,54.51635],[91.301601,54.482204],[91.309254,54.462187],[91.315141,54.413911],[91.323972,54.398604],[91.338985,54.388302],[91.374309,54.372112],[91.421113,54.389185],[91.442601,54.392128],[91.500296,54.392423],[91.529733,54.388302],[91.552399,54.379176],[91.54504,54.372112],[91.56123,54.3727],[91.603618,54.365341],[91.613921,54.367402],[91.636881,54.376233],[91.648067,54.379176],[91.673383,54.380943],[91.698404,54.379765],[91.722541,54.374761],[91.743736,54.365341],[91.701053,54.348268],[91.64895,54.33826],[91.594493,54.335022],[91.54504,54.337965],[91.522668,54.344441],[91.485873,54.364458],[91.463207,54.372112],[91.442601,54.374467],[91.424939,54.372112],[91.387555,54.358571],[91.409632,54.328251],[91.47086,54.287335],[91.497353,54.262903],[91.533854,54.20403],[91.5471,54.169884],[91.552399,54.136032],[91.578009,54.068622],[91.588017,54.027117],[91.576537,54.008572],[91.564762,54.001213],[91.552399,53.985023],[91.545334,53.968833],[91.548572,53.961474],[91.596554,53.961474],[91.605973,53.962946],[91.612155,53.967067],[91.61657,53.971776],[91.620986,53.975014],[91.664552,53.990616],[91.724013,54.001802],[91.781414,53.999447],[91.819387,53.975014],[91.812322,53.941457],[91.753155,53.93763],[91.634527,53.95382],[91.608622,53.950582],[91.553871,53.937042],[91.528261,53.934098],[91.517664,53.93086],[91.51001,53.922912],[91.497353,53.906133],[91.4688,53.890238],[91.463207,53.885528],[91.464384,53.844906],[91.514426,53.766016],[91.510894,53.735402],[91.481752,53.745999],[91.422584,53.774553],[91.397563,53.793097],[91.392265,53.805755],[91.397269,53.81959],[91.405217,53.832837],[91.408455,53.844611],[91.403451,53.852853],[91.394914,53.859035],[91.385789,53.866688],[91.38049,53.879346],[91.400213,53.886705],[91.411399,53.899363],[91.412282,53.916142],[91.401096,53.934098],[91.431415,53.955881],[91.498825,53.981785],[91.524729,54.00239],[91.539447,54.033004],[91.543568,54.066267],[91.531499,54.088345],[91.497353,54.084812],[91.492349,54.105712],[91.473509,54.106301],[91.449077,54.101002],[91.428177,54.104829],[91.452904,54.133382],[91.430532,54.157226],[91.393737,54.18313],[91.374309,54.218454],[91.372837,54.230228],[91.368421,54.242886],[91.361651,54.254366],[91.353409,54.262903],[91.311315,54.273205],[91.304839,54.279976],[91.295713,54.305585],[91.272753,54.315888],[91.215941,54.324425],[91.228304,54.335022],[91.236546,54.344441],[91.243317,54.356216],[91.250381,54.372112],[91.224183,54.403314],[91.213586,54.419799],[91.20917,54.437461],[91.215058,54.454239],[91.227127,54.471018],[91.235074,54.489269],[91.229776,54.509285],[91.213291,54.521943],[91.17002,54.531363],[91.151475,54.539899],[91.105554,54.575812],[91.085832,54.585231],[90.92923,54.639689],[90.888608,54.662943],[90.86447,54.692674],[90.868885,54.721816],[90.915101,54.742127],[90.921871,54.775685],[90.911274,54.867232],[90.915101,54.899907],[90.927758,54.911976],[90.968086,54.943767],[90.976328,54.957896],[90.979861,54.96761],[90.99399,54.983212],[91.004587,55.009704],[91.017539,55.03031],[91.052569,55.05327],[91.104671,55.071815],[91.160895,55.083295],[91.20917,55.085356],[91.274225,55.076819],[91.353114,55.081235],[91.378724,55.088594],[91.428177,55.112732],[91.515898,55.144523],[91.569766,55.155709],[91.603618,55.150116],[91.613627,55.145112],[91.624812,55.145995],[91.635998,55.150705],[91.644829,55.157181],[91.65366,55.160124],[91.860598,55.176314],[91.954206,55.202513],[92.048108,55.211638],[92.066947,55.21988],[92.080194,55.235482],[92.08196,55.251083],[92.071952,55.25962],[92.055762,55.266096],[92.038688,55.276693],[92.059,55.283463],[92.120816,55.279342],[92.148486,55.284052],[92.164382,55.294355],[92.192347,55.319375],[92.245626,55.354699],[92.262111,55.368534],[92.278006,55.38649],[92.311564,55.433883],[92.325988,55.447718],[92.331286,55.463025],[92.355424,55.478626],[92.40841,55.503059],[92.407821,55.484514],[92.410176,55.454489],[92.40841,55.440948],[92.398401,55.424169],[92.369554,55.400326],[92.360723,55.38649],[92.434608,55.338215],[92.459924,55.331739],[92.472287,55.335565],[92.483767,55.343808],[92.50084,55.362353],[92.509082,55.365591],[92.515264,55.361764],[92.517325,55.355582],[92.51497,55.352344],[92.510849,55.349989],[92.497308,55.331739],[92.520857,55.317315],[92.541462,55.311722],[92.6074,55.310545],[92.615642,55.307601],[92.620058,55.300242],[92.621235,55.286995],[92.615937,55.274632],[92.603573,55.27581],[92.589738,55.281697],[92.57973,55.284052],[92.572371,55.27787],[92.565012,55.260503],[92.559124,55.256087],[92.546761,55.259031],[92.532337,55.279342],[92.515853,55.286995],[92.498191,55.300831],[92.487299,55.303774],[92.473759,55.304069],[92.447855,55.307307],[92.435786,55.311428],[92.401639,55.331739],[92.365727,55.343808],[92.356896,55.348812],[92.333936,55.353227],[92.31127,55.335565],[92.249748,55.258736],[92.230908,55.242546],[92.213541,55.235482],[92.20942,55.231949],[92.20471,55.212816],[92.200294,55.204868],[92.189109,55.201041],[92.142305,55.2084],[92.110808,55.201335],[92.011018,55.167778],[91.891506,55.150705]]]}},{"type":"Feature","properties":{"name":"Tarbela Dam","name_zh":"德尔贝拉水库"},"geometry":{"type":"Polygon","coordinates":[[[73.019233,34.07806],[73.020411,34.062753],[72.999805,34.050979],[72.957711,34.036555],[72.930336,34.015066],[72.914145,34.011828],[72.891479,34.019776],[72.879705,34.031256],[72.874112,34.045386],[72.870874,34.060693],[72.864987,34.075116],[72.851446,34.088952],[72.834373,34.096899],[72.814356,34.100726],[72.792573,34.101904],[72.774911,34.096311],[72.746947,34.073056],[72.731345,34.067463],[72.716038,34.076588],[72.696905,34.095722],[72.689251,34.114561],[72.756955,34.138699],[72.779621,34.151357],[72.789041,34.166958],[72.793456,34.17991],[72.81259,34.190213],[72.817005,34.201104],[72.816417,34.224948],[72.814356,34.237017],[72.809646,34.246436],[72.826131,34.268514],[72.834373,34.292651],[72.837022,34.345048],[72.834078,34.352407],[72.821126,34.377428],[72.817005,34.389792],[72.816122,34.404804],[72.816711,34.418639],[72.815534,34.43218],[72.809646,34.445132],[72.829957,34.472508],[72.830546,34.486637],[72.826719,34.491053],[72.819655,34.490759],[72.775794,34.499589],[72.768435,34.505771],[72.767552,34.520195],[72.774911,34.530792],[72.784331,34.540212],[72.790218,34.553752],[72.792573,34.555813],[72.794928,34.558757],[72.795811,34.564938],[72.793751,34.570826],[72.784037,34.579362],[72.775206,34.602028],[72.774323,34.613508],[72.781682,34.622634],[72.796105,34.617629],[72.810824,34.597318],[72.820538,34.573475],[72.819949,34.557579],[72.810235,34.544627],[72.801404,34.527554],[72.799932,34.512247],[72.813179,34.505771],[72.839966,34.503416],[72.850563,34.495468],[72.849974,34.481045],[72.843792,34.458673],[72.837022,34.415401],[72.838494,34.392441],[72.847325,34.382433],[72.859099,34.373013],[72.879116,34.307958],[72.862926,34.277933],[72.858805,34.264098],[72.857333,34.24261],[72.858805,34.223476],[72.862926,34.209052],[72.879116,34.177555],[72.868813,34.15695],[72.877056,34.138699],[72.893834,34.128985],[72.909141,34.132812],[72.924448,34.143115],[72.945054,34.148707],[72.965365,34.14753],[72.980966,34.136639],[72.968308,34.120448],[72.95359,34.110146],[72.943876,34.10102],[72.94682,34.088068],[72.963893,34.077766],[73.003632,34.083064],[73.019233,34.07806]]]}},{"type":"Feature","properties":{"name":"Ust-Ilimsk Reservoir","name_zh":"乌斯特伊利姆斯克水库"},"geometry":{"type":"Polygon","coordinates":[[[103.622506,56.996662],[103.630159,56.986948],[103.640462,56.969286],[103.626627,56.968403],[103.56481,56.982827],[103.548031,56.990775],[103.53339393314309,57.0],[103.6216967566399,57.0],[103.622506,56.996662]]]}},{"type":"Feature","properties":{"name":"Obanbori Qayroqum","name_zh":"凯拉库姆"},"geometry":{"type":"Polygon","coordinates":[[[70.381731,40.40424],[70.384675,40.399824],[70.370839,40.365089],[70.361714,40.356847],[70.350234,40.349488],[70.340226,40.340951],[70.336104,40.327705],[70.325507,40.315047],[70.301369,40.304156],[70.183329,40.265594],[70.161252,40.262062],[70.151833,40.264417],[70.129755,40.274131],[70.120041,40.276485],[70.108267,40.274425],[70.081185,40.2653],[69.911926,40.232036],[69.869832,40.235569],[69.850109,40.241751],[69.830976,40.25117],[69.822145,40.2653],[69.832447,40.286199],[69.850992,40.296797],[69.925172,40.303567],[70.13682,40.365089],[70.182741,40.388933],[70.195693,40.392465],[70.198636,40.394525],[70.203641,40.403356],[70.205701,40.4063],[70.217181,40.409244],[70.224246,40.409244],[70.26634,40.401001],[70.279292,40.401885],[70.291655,40.409832],[70.302841,40.414837],[70.31756,40.414248],[70.332278,40.410716],[70.342875,40.4063],[70.288417,40.372154],[70.30814,40.377452],[70.329334,40.379513],[70.341992,40.382751],[70.346702,40.391287],[70.349645,40.413659],[70.349351,40.41572],[70.352,40.426611],[70.354944,40.435442],[70.35671,40.430732],[70.358182,40.428083],[70.371723,40.413365],[70.370839,40.413659],[70.373194,40.412187],[70.381731,40.40424]]]}},{"type":"Feature","properties":{"name":"Gobind Sagar Reservoir","name_zh":"戈宾德萨加尔水库"},"geometry":{"type":"Polygon","coordinates":[[[76.778852,31.239801],[76.784445,31.216841],[76.762368,31.234208],[76.726161,31.293375],[76.705261,31.306327],[76.703495,31.300146],[76.698196,31.273064],[76.695547,31.265411],[76.684656,31.259524],[76.670526,31.257463],[76.64786,31.257757],[76.639324,31.262173],[76.621367,31.267471],[76.613125,31.271298],[76.606355,31.276597],[76.598701,31.286016],[76.544538,31.338413],[76.538062,31.350482],[76.531586,31.354309],[76.493613,31.388161],[76.481839,31.394048],[76.470359,31.406411],[76.45564,31.41848],[76.435035,31.422307],[76.442688,31.429077],[76.40707,31.497958],[76.384993,31.522979],[76.373218,31.532399],[76.359089,31.538875],[76.370863,31.55065],[76.370275,31.567428],[76.362327,31.585385],[76.352613,31.600397],[76.372335,31.592449],[76.383815,31.572433],[76.392352,31.548295],[76.403832,31.528278],[76.428853,31.500313],[76.444454,31.488244],[76.462411,31.484418],[76.458878,31.467345],[76.466532,31.457925],[76.477423,31.450566],[76.482722,31.439969],[76.488903,31.437614],[76.516279,31.411121],[76.553369,31.366378],[76.561906,31.361374],[76.599584,31.321634],[76.606355,31.309565],[76.611065,31.298674],[76.62225,31.289254],[76.63638,31.28219],[76.64786,31.278363],[76.665816,31.278952],[76.678474,31.286311],[76.681418,31.294847],[76.671704,31.298674],[76.666994,31.304267],[76.611948,31.351365],[76.578979,31.388161],[76.586338,31.394931],[76.596935,31.379624],[76.616952,31.364612],[76.640207,31.356664],[76.660518,31.361374],[76.659929,31.348716],[76.66405,31.339885],[76.669643,31.331643],[76.674647,31.320457],[76.697902,31.320751],[76.720568,31.313098],[76.735875,31.315747],[76.736464,31.347244],[76.742351,31.358724],[76.742351,31.364906],[76.733226,31.367555],[76.725278,31.368733],[76.718213,31.371971],[76.714975,31.377564],[76.719096,31.384628],[76.72881,31.394342],[76.739113,31.401701],[76.750593,31.407],[76.764723,31.408766],[76.756775,31.401701],[76.750593,31.394931],[76.746178,31.388161],[76.743528,31.38139],[76.751771,31.386689],[76.760307,31.388749],[76.769138,31.386689],[76.777675,31.38139],[76.76119,31.361079],[76.751182,31.313687],[76.736464,31.298674],[76.7659,31.260995],[76.778852,31.239801]]]}},{"type":"Feature","properties":{"name":"Hinakud Dam","name_zh":"希纳库德水库"},"geometry":{"type":"Polygon","coordinates":[[[84.017855,21.627929],[84.034633,21.616155],[83.976644,21.565818],[83.940143,21.546685],[83.911295,21.554633],[83.889806,21.54639],[83.86979,21.534321],[83.855366,21.517543],[83.849773,21.496349],[83.842708,21.481925],[83.825635,21.481336],[83.805324,21.488989],[83.788251,21.499292],[83.74704,21.572],[83.720547,21.606146],[83.691405,21.602908],[83.685223,21.602908],[83.677864,21.621748],[83.686106,21.627635],[83.699058,21.630579],[83.705829,21.640293],[83.699353,21.656188],[83.671094,21.678854],[83.664912,21.695044],[83.590438,21.719182],[83.575425,21.725953],[83.540102,21.708879],[83.530976,21.696516],[83.527444,21.674733],[83.520085,21.660309],[83.484467,21.62528],[83.472987,21.60909],[83.456208,21.62999],[83.390565,21.681504],[83.377024,21.683858],[83.34641,21.681209],[83.314324,21.682975],[83.295485,21.698577],[83.396746,21.700932],[83.410876,21.698577],[83.427066,21.689157],[83.458563,21.662959],[83.476225,21.65766],[83.489471,21.663253],[83.499185,21.676499],[83.505072,21.691512],[83.507133,21.702109],[83.507427,21.722126],[83.505661,21.733606],[83.497713,21.741848],[83.479168,21.753917],[83.492415,21.75951],[83.506839,21.758921],[83.519496,21.753917],[83.527444,21.746558],[83.535686,21.76422],[83.547461,21.781293],[83.558352,21.768341],[83.611044,21.76893],[83.630472,21.760099],[83.636948,21.760099],[83.644012,21.780999],[83.653432,21.776289],[83.664323,21.762159],[83.675215,21.753917],[83.694643,21.751562],[83.702296,21.745969],[83.707595,21.737138],[83.719369,21.725953],[83.730261,21.73184],[83.737914,21.731251],[83.745568,21.728013],[83.757342,21.725953],[83.767645,21.72242],[83.76529,21.715061],[83.753516,21.702109],[83.75852,21.684153],[83.770589,21.660898],[83.784424,21.648829],[83.795315,21.66443],[83.819453,21.642353],[83.829462,21.636466],[83.836232,21.643825],[83.820925,21.654716],[83.812094,21.663547],[83.808856,21.671201],[83.815038,21.676794],[83.849773,21.691806],[83.852128,21.674439],[83.863019,21.672673],[83.872144,21.682387],[83.870967,21.698577],[83.88127,21.697105],[83.890689,21.693867],[83.898343,21.689451],[83.905113,21.685036],[83.900698,21.674439],[83.89746,21.636466],[83.893927,21.635877],[83.886274,21.628518],[83.881858,21.619981],[83.887451,21.616155],[83.897165,21.61586],[83.901287,21.614683],[83.905113,21.602908],[83.91571,21.609384],[83.926602,21.6138],[83.935138,21.611739],[83.938376,21.599376],[83.941614,21.598199],[83.946913,21.603497],[83.949857,21.614683],[83.944852,21.630284],[83.958393,21.645886],[83.951328,21.681504],[83.925424,21.746558],[83.922775,21.751268],[83.914827,21.757155],[83.908646,21.764809],[83.905113,21.774228],[83.91836,21.777172],[83.933961,21.775111],[83.946913,21.768341],[83.952212,21.756861],[83.957804,21.740082],[83.970462,21.732134],[83.984297,21.725658],[83.993128,21.712706],[84.012851,21.717122],[84.019327,21.705347],[84.015205,21.692984],[84.003431,21.695044],[83.987241,21.70623],[83.98312,21.697399],[83.983414,21.679737],[83.980176,21.66443],[83.991068,21.656777],[84.017855,21.627929]]]}},{"type":"Feature","properties":{"name":"Nagarjuna Sagar Dam","name_zh":"那加诸那萨加尔水库"},"geometry":{"type":"Polygon","coordinates":[[[79.320686,16.579879],[79.313033,16.579879],[79.31892,16.560156],[79.305379,16.548676],[79.268878,16.535136],[79.265052,16.526599],[79.267406,16.505699],[79.265346,16.497163],[79.256221,16.490981],[79.245623,16.490392],[79.234732,16.491275],[79.224429,16.490392],[79.224429,16.483622],[79.230022,16.482444],[79.239147,16.478618],[79.245035,16.47744],[79.240325,16.466254],[79.227373,16.450359],[79.224429,16.439467],[79.224724,16.415624],[79.222369,16.404732],[79.21707,16.394724],[79.225018,16.377945],[79.234732,16.36411],[79.258576,16.340266],[79.232377,16.315246],[79.226784,16.270797],[79.213538,16.228114],[79.165851,16.209274],[79.153193,16.210746],[79.121402,16.222815],[79.083429,16.222815],[79.072537,16.226053],[79.048105,16.240477],[79.03898,16.244009],[79.026322,16.243126],[79.017197,16.240183],[78.99718,16.230174],[79.005422,16.248131],[79.014253,16.253429],[79.042218,16.25078],[79.051343,16.248719],[79.065767,16.2393],[79.072832,16.23665],[79.082251,16.237239],[79.09697,16.242538],[79.10374,16.244009],[79.135826,16.238122],[79.163202,16.228408],[79.187634,16.226348],[79.210594,16.244009],[79.220897,16.26697],[79.225901,16.297289],[79.223841,16.327314],[79.213832,16.349686],[79.201763,16.358811],[79.155548,16.381183],[79.121402,16.41268],[79.106978,16.4221],[79.152016,16.404732],[79.170855,16.392075],[79.189694,16.373824],[79.194404,16.383832],[79.196465,16.415329],[79.208828,16.448298],[79.210594,16.456246],[79.208534,16.470081],[79.203235,16.472142],[79.196759,16.471553],[79.189694,16.47744],[79.183513,16.492453],[79.186162,16.497751],[79.192049,16.500989],[79.196465,16.510998],[79.198231,16.520123],[79.199114,16.521006],[79.194699,16.518651],[79.142007,16.518357],[79.123757,16.522184],[79.107861,16.53072],[79.102268,16.543083],[79.114631,16.559273],[79.104917,16.56781],[79.056053,16.594008],[79.047516,16.600779],[79.031915,16.620795],[79.056642,16.616674],[79.08078,16.603428],[79.104329,16.593714],[79.127583,16.60019],[79.134354,16.589299],[79.143774,16.580762],[79.155842,16.575169],[79.169089,16.572814],[79.16644,16.584],[79.164085,16.602251],[79.165262,16.616969],[79.172916,16.617263],[79.181452,16.603722],[79.184984,16.575758],[79.189694,16.565455],[79.200291,16.561334],[79.208239,16.569282],[79.220603,16.590182],[79.2312,16.595775],[79.254749,16.600484],[79.265346,16.606372],[79.25887,16.617263],[79.235615,16.625211],[79.224429,16.634336],[79.233849,16.634336],[79.240325,16.636102],[79.251216,16.641695],[79.237381,16.654942],[79.245035,16.662301],[79.259459,16.656708],[79.27506,16.657297],[79.287718,16.654059],[79.292722,16.638163],[79.296254,16.62315],[79.313622,16.595775],[79.320686,16.579879]]]}},{"type":"Feature","properties":{"name":"Danjiangkou Shuiku","name_zh":"丹江口水库"},"geometry":{"type":"Polygon","coordinates":[[[111.689849,32.658047],[111.692204,32.648922],[111.683962,32.642741],[111.669832,32.642152],[111.623617,32.649511],[111.604189,32.648922],[111.520884,32.636853],[111.505283,32.627139],[111.490859,32.607123],[111.482028,32.579452],[111.476435,32.566795],[111.465838,32.557669],[111.456124,32.557081],[111.445821,32.560319],[111.43493,32.562674],[111.423155,32.558258],[111.406965,32.549721],[111.386654,32.542657],[111.366637,32.53883],[111.351919,32.539419],[111.343088,32.5456],[111.337201,32.554726],[111.329842,32.562085],[111.316301,32.564145],[111.303937,32.559141],[111.292752,32.54825],[111.274501,32.524995],[111.254779,32.507922],[111.250363,32.51793],[111.25625,32.541185],[111.268614,32.56444],[111.284509,32.58534],[111.284509,32.590932],[111.271557,32.592699],[111.248008,32.602413],[111.213862,32.64068],[111.193257,32.650394],[111.174123,32.629494],[111.157344,32.560319],[111.139388,32.53412],[111.105536,32.533531],[111.091701,32.542068],[111.082281,32.553843],[111.080221,32.5665],[111.089052,32.576803],[111.09906,32.576214],[111.109952,32.569444],[111.121432,32.565323],[111.133206,32.571799],[111.137327,32.584456],[111.132323,32.596525],[111.124375,32.6083],[111.119371,32.620663],[111.120843,32.633615],[111.134972,32.670411],[111.116722,32.663052],[111.077571,32.686601],[111.053434,32.688661],[111.028118,32.701319],[111.006041,32.723985],[110.999859,32.740764],[111.023114,32.736054],[111.030768,32.728401],[111.034006,32.719864],[111.03901,32.712505],[111.052551,32.709267],[111.066386,32.713977],[111.078749,32.723985],[111.091701,32.731639],[111.108185,32.730167],[111.123787,32.724868],[111.153223,32.718687],[111.165881,32.711916],[111.167647,32.707795],[111.169413,32.693666],[111.172062,32.688367],[111.180893,32.681597],[111.39313,32.591816],[111.411086,32.589755],[111.421683,32.595054],[111.420211,32.60359],[111.416385,32.612715],[111.419623,32.618603],[111.43228,32.616248],[111.457007,32.597408],[111.469959,32.595937],[111.478201,32.604768],[111.481733,32.618897],[111.481439,32.634498],[111.479084,32.646567],[111.471725,32.660402],[111.451414,32.685423],[111.446115,32.699553],[111.445527,32.711033],[111.447882,32.723102],[111.454063,32.730167],[111.465249,32.72634],[111.489093,32.711622],[111.493214,32.717803],[111.484088,32.753421],[111.490859,32.778148],[111.516763,32.836727],[111.517351,32.864397],[111.50646,32.878821],[111.486149,32.894716],[111.445232,32.920032],[111.317773,32.968602],[111.25625,33.00422],[111.225048,33.0575],[111.241827,33.049552],[111.303643,33.003337],[111.324837,32.991268],[111.344854,32.984203],[111.38842,32.974195],[111.421389,32.961831],[111.439345,32.957121],[111.454063,32.960065],[111.459362,32.96919],[111.458773,32.991268],[111.463483,32.996566],[111.471136,32.992445],[111.511759,32.953295],[111.510581,32.947113],[111.504105,32.942992],[111.500278,32.938577],[111.505577,32.920032],[111.529126,32.894422],[111.541195,32.875583],[111.547965,32.851739],[111.549437,32.836432],[111.558268,32.826424],[111.610076,32.810234],[111.630387,32.79581],[111.644517,32.775499],[111.64746,32.750772],[111.639513,32.733699],[111.626855,32.713977],[111.623028,32.702496],[111.640984,32.709856],[111.648049,32.709856],[111.650993,32.701025],[111.652759,32.68925],[111.657469,32.679242],[111.679252,32.66629],[111.689849,32.658047]]]}},{"type":"Feature","properties":{"name":"Kapchagay Reservoir","name_zh":"卡普恰盖水库"},"geometry":{"type":"Polygon","coordinates":[[[78.004584,43.77883],[77.997225,43.770882],[78.001346,43.771176],[78.005762,43.766172],[78.008411,43.759696],[78.007822,43.754398],[77.990455,43.743506],[77.894198,43.740563],[77.885956,43.761462],[77.865939,43.768233],[77.819135,43.7647],[77.742012,43.776769],[77.726999,43.774709],[77.707277,43.766761],[77.680784,43.770588],[77.634863,43.784423],[77.507992,43.779419],[77.361104,43.804734],[77.342854,43.815625],[77.322543,43.82269],[77.293401,43.82063],[77.250129,43.811799],[77.233939,43.814154],[77.207152,43.823279],[77.192434,43.825634],[77.177716,43.822396],[77.155344,43.808855],[77.141509,43.805617],[77.150045,43.8274],[77.138859,43.84359],[77.122081,43.857425],[77.113544,43.870671],[77.116782,43.878325],[77.132089,43.902757],[77.137682,43.908056],[77.151517,43.906878],[77.175655,43.902168],[77.189196,43.901285],[77.235411,43.905112],[77.258371,43.910116],[77.274267,43.918653],[77.28928,43.92925],[77.311651,43.939847],[77.334906,43.947795],[77.353157,43.949561],[77.361987,43.946323],[77.377,43.934254],[77.387303,43.92925],[77.428219,43.92925],[77.449414,43.918653],[77.669892,43.874204],[77.896847,43.856542],[77.956309,43.867139],[78.011649,43.886273],[78.037847,43.890983],[78.066106,43.88745],[78.104668,43.875676],[78.120858,43.874498],[78.149706,43.878325],[78.162364,43.876559],[78.175904,43.867139],[78.158831,43.862724],[78.139992,43.853893],[78.107317,43.832404],[78.093482,43.840352],[78.082002,43.837703],[78.053743,43.813859],[78.049916,43.812387],[78.041674,43.811799],[78.037847,43.808855],[78.034315,43.795314],[78.03196,43.791193],[78.01106,43.782362],[78.004584,43.77883]]]}},{"type":"Feature","properties":{"name":"Wyangala Reservoir","name_zh":"怀安加拉水库"},"geometry":{"type":"Polygon","coordinates":[[[149.064673,-33.900331],[149.087928,-33.897093],[149.076742,-33.913872],[149.037297,-33.9333],[149.025817,-33.952433],[149.031116,-33.97039],[149.043185,-33.990701],[149.048483,-34.003653],[149.033176,-34.000709],[149.025229,-33.996882],[149.020813,-33.990701],[149.002268,-33.950667],[148.994909,-33.942719],[148.986961,-33.981281],[148.976658,-33.995116],[148.966944,-33.991584],[148.963706,-33.965974],[148.97813,-33.925058],[148.985195,-33.920642],[148.990199,-33.921231],[148.99697,-33.923586],[149.008744,-33.925058],[149.029938,-33.920348],[149.064673,-33.900331]]]}},{"type":"Feature","properties":{"name":"Zeya Reservoir","name_zh":"结雅水库"},"geometry":{"type":"Polygon","coordinates":[[[129.207752,54.659705],[129.241899,54.632918],[129.239838,54.623204],[129.231007,54.614373],[129.219233,54.608192],[129.207164,54.605542],[129.151529,54.604071],[129.125036,54.607603],[129.097955,54.619378],[129.088241,54.627031],[129.072639,54.645282],[129.064397,54.652641],[129.04909,54.661472],[129.040259,54.662943],[129.031134,54.661177],[129.002286,54.659411],[128.991395,54.657645],[128.981681,54.652641],[128.971378,54.643221],[128.960192,54.638511],[128.944002,54.637628],[128.919864,54.639689],[128.891017,54.638511],[128.865996,54.633801],[128.84333,54.624382],[128.820369,54.60878],[128.80359,54.604659],[128.77386,54.633507],[128.748544,54.639689],[128.731177,54.627325],[128.724701,54.58111],[128.710571,54.570807],[128.686139,54.568747],[128.672598,54.569336],[128.666711,54.57434],[128.664651,54.589647],[128.659941,54.598772],[128.65111,54.605248],[128.626383,54.617611],[128.614609,54.621144],[128.603129,54.621732],[128.590765,54.619378],[128.580168,54.615551],[128.56751,54.609075],[128.56074,54.599655],[128.566627,54.588175],[128.5837,54.575517],[128.787989,54.473667],[128.824196,54.440993],[128.830672,54.429807],[128.839797,54.408613],[128.843624,54.388302],[128.834204,54.379176],[128.807417,54.380354],[128.78534,54.383886],[128.741774,54.399488],[128.735298,54.400371],[128.72058,54.398604],[128.714398,54.399488],[128.709688,54.404492],[128.708511,54.410673],[128.708217,54.416561],[128.706745,54.420093],[128.69497,54.42598],[128.682901,54.430101],[128.669655,54.432751],[128.65582,54.433634],[128.633448,54.44217],[128.601951,54.482498],[128.583995,54.495745],[128.56751,54.497511],[128.550143,54.496333],[128.533364,54.497511],[128.513936,54.509285],[128.50069,54.513406],[128.495391,54.51635],[128.491859,54.522826],[128.493036,54.529597],[128.492153,54.536367],[128.481556,54.542843],[128.456241,54.543137],[128.420034,54.534895],[128.385299,54.522237],[128.364988,54.509285],[128.380001,54.499866],[128.421211,54.482204],[128.43328,54.468369],[128.432397,54.446291],[128.415619,54.440993],[128.393247,54.44688],[128.374996,54.457772],[128.335846,54.508108],[128.327015,54.51635],[128.307881,54.522532],[128.294635,54.536956],[128.284627,54.553146],[128.275501,54.564626],[128.253424,54.575223],[128.228403,54.579344],[128.21133,54.572574],[128.21339,54.550496],[128.225165,54.537839],[128.262844,54.517233],[128.375585,54.434223],[128.405905,54.406258],[128.309942,54.439815],[128.221338,54.494273],[128.205148,54.494567],[128.16953,54.488386],[128.138328,54.493095],[128.130968,54.505459],[128.126259,54.522237],[128.104181,54.539899],[128.089757,54.542254],[128.0353,54.536661],[127.960237,54.542843],[127.960237,54.536661],[128.064148,54.481321],[128.093879,54.457772],[128.133029,54.415383],[128.138916,54.406258],[128.121254,54.399193],[128.096822,54.40979],[128.059438,54.433634],[128.004686,54.478672],[127.985847,54.487797],[127.964358,54.485442],[127.945225,54.475434],[127.93345,54.46101],[127.934333,54.453651],[127.939926,54.447763],[127.944047,54.441876],[127.94022,54.433634],[127.929329,54.426275],[127.921676,54.42863],[127.909018,54.444231],[127.893417,54.44688],[127.88017,54.431573],[127.864863,54.392128],[127.937277,54.362692],[127.960826,54.358571],[127.994089,54.348857],[128.001448,54.330312],[127.990851,54.318243],[127.953467,54.336788],[127.864863,54.365341],[127.837193,54.360043],[127.840431,54.347385],[127.87811,54.317654],[127.864863,54.318832],[127.851911,54.317654],[127.840137,54.312945],[127.830423,54.303819],[127.898715,54.272911],[127.923147,54.269084],[127.944342,54.274677],[127.976427,54.298521],[127.998505,54.303819],[128.011457,54.279976],[128.019993,54.2735],[128.030296,54.26879],[128.055906,54.262903],[128.105064,54.257898],[128.126553,54.253189],[128.145098,54.242591],[128.117722,54.230523],[128.001743,54.248773],[127.985553,54.247301],[127.97054,54.241708],[127.960532,54.231406],[127.960237,54.214627],[127.969363,54.202558],[127.985553,54.196376],[128.004686,54.193727],[128.022348,54.194021],[127.99615,54.18784],[127.96377,54.189017],[127.934922,54.186074],[127.919909,54.16694],[127.931095,54.143391],[127.963181,54.128967],[128.029118,54.11837],[128.005864,54.112188],[127.950523,54.109833],[127.920498,54.096293],[127.907546,54.093349],[127.882231,54.090994],[127.865452,54.094821],[127.852206,54.112188],[127.837487,54.11837],[127.826302,54.116898],[127.796276,54.097764],[127.76007,54.085695],[127.740936,54.07657],[127.714149,54.078336],[127.703257,54.074215],[127.694721,54.067445],[127.666167,54.050077],[127.632021,54.022701],[127.625545,54.012399],[127.615537,53.989144],[127.607295,53.978252],[127.598464,53.975014],[127.559313,53.967655],[127.549305,53.964123],[127.5078,53.940868],[127.497202,53.931154],[127.494848,53.925561],[127.495436,53.920557],[127.494259,53.912904],[127.4869,53.888471],[127.480424,53.876991],[127.470121,53.871987],[127.464528,53.868455],[127.45658,53.859918],[127.449515,53.84991],[127.446277,53.841373],[127.450104,53.827832],[127.460113,53.819002],[127.473653,53.813703],[127.487783,53.810465],[127.624368,53.796335],[127.576681,53.784561],[127.468649,53.807816],[127.418313,53.803695],[127.406538,53.792509],[127.395647,53.760129],[127.38505,53.749237],[127.363561,53.747471],[127.274958,53.762189],[127.274958,53.769548],[127.294974,53.774553],[127.304983,53.779557],[127.309104,53.786621],[127.3041,53.794275],[127.292031,53.798102],[127.278784,53.800457],[127.268776,53.803695],[127.2623,53.810171],[127.251114,53.826949],[127.244638,53.834308],[127.218734,53.856386],[127.21373,53.865217],[127.279962,53.855208],[127.28791,53.849615],[127.294091,53.843139],[127.302922,53.837841],[127.325294,53.834897],[127.334125,53.844022],[127.339718,53.860507],[127.350609,53.879346],[127.366799,53.861096],[127.385344,53.856386],[127.403595,53.864922],[127.418313,53.885528],[127.422434,53.901423],[127.418313,53.957647],[127.411248,53.977369],[127.394764,53.989438],[127.375041,53.997975],[127.358263,54.008572],[127.353553,54.014165],[127.345899,54.026823],[127.340601,54.033299],[127.329121,54.039775],[127.3041,54.046251],[127.276135,54.064501],[127.239928,54.082457],[127.223738,54.094526],[127.199012,54.128084],[127.186354,54.142213],[127.16516,54.153105],[127.046825,54.171355],[126.987953,54.188428],[126.959694,54.221986],[127.018272,54.224341],[127.078028,54.214921],[127.216379,54.171061],[127.237868,54.158698],[127.256413,54.144568],[127.301745,54.098942],[127.321467,54.085401],[127.343839,54.077453],[127.371803,54.073921],[127.381223,54.070977],[127.392409,54.063912],[127.41272,54.03477],[127.42214,54.030355],[127.434209,54.026823],[127.460407,54.01181],[127.473653,54.008572],[127.500735,54.009161],[127.513098,54.011516],[127.551365,54.025351],[127.568733,54.036242],[127.600524,54.067445],[127.609944,54.072449],[127.622307,54.075687],[127.633199,54.080102],[127.638203,54.08805],[127.636437,54.101591],[127.634376,54.108656],[127.636142,54.114837],[127.645562,54.12514],[127.667345,54.138387],[127.692955,54.14398],[127.798043,54.15075],[127.825124,54.158992],[127.844258,54.17371],[127.780381,54.204324],[127.758009,54.207857],[127.747412,54.204913],[127.737109,54.19932],[127.726218,54.195493],[127.71356,54.197259],[127.698842,54.204619],[127.693249,54.210211],[127.689128,54.216982],[127.679708,54.228168],[127.615243,54.269967],[127.600524,54.276738],[127.598758,54.279976],[127.580213,54.300581],[127.565201,54.311178],[127.554898,54.313533],[127.547833,54.31736],[127.542535,54.331784],[127.544301,54.365047],[127.542535,54.372112],[127.533409,54.373878],[127.51928,54.370934],[127.505739,54.366224],[127.497791,54.362103],[127.486017,54.358571],[127.469827,54.361515],[127.453931,54.367991],[127.442745,54.375644],[127.441568,54.386536],[127.453342,54.395661],[127.480424,54.406258],[127.488666,54.407435],[127.497202,54.407435],[127.503678,54.411851],[127.5078,54.426863],[127.506917,54.440404],[127.501618,54.449529],[127.48425,54.464836],[127.460701,54.480438],[127.438624,54.48191],[127.392409,54.468369],[127.379162,54.467191],[127.371803,54.468957],[127.365916,54.47249],[127.358263,54.475139],[127.304983,54.485442],[127.267893,54.503398],[127.242872,54.497511],[127.199895,54.475139],[127.170458,54.473667],[127.13749,54.479555],[127.10717,54.491329],[127.086565,54.505753],[127.079794,54.513406],[127.076556,54.52106],[127.078028,54.529302],[127.086565,54.539899],[127.095395,54.540782],[127.104226,54.532835],[127.117473,54.51635],[127.140728,54.504281],[127.16722,54.497511],[127.194007,54.499277],[127.216968,54.512818],[127.242578,54.518705],[127.27378,54.512523],[127.296446,54.512229],[127.296152,54.536661],[127.281139,54.554029],[127.253175,54.574045],[127.223738,54.591119],[127.203427,54.598183],[127.190475,54.607014],[127.175462,54.627325],[127.163394,54.650286],[127.158978,54.667065],[127.168103,54.683549],[127.185471,54.685609],[127.204899,54.67825],[127.2205,54.667065],[127.224621,54.659705],[127.23198,54.638806],[127.237868,54.629386],[127.246993,54.623204],[127.27172,54.616434],[127.282611,54.611724],[127.29939,54.596123],[127.316463,54.560505],[127.330298,54.542843],[127.340306,54.536073],[127.350609,54.531951],[127.362089,54.530185],[127.374747,54.529891],[127.385344,54.534306],[127.39182,54.543432],[127.391231,54.552851],[127.381812,54.557267],[127.370037,54.56492],[127.355319,54.583465],[127.342661,54.604954],[127.337068,54.622616],[127.340306,54.639689],[127.348549,54.661177],[127.358557,54.679722],[127.367682,54.68767],[127.377985,54.67825],[127.385638,54.657056],[127.392409,54.622616],[127.400062,54.601421],[127.428321,54.57434],[127.425672,54.557267],[127.475714,54.536661],[127.504267,54.53048],[127.560785,54.529891],[127.571382,54.533129],[127.576681,54.542843],[127.573737,54.554029],[127.564612,54.562271],[127.553132,54.567864],[127.542535,54.570807],[127.542535,54.577578],[127.55843,54.58376],[127.571382,54.59259],[127.593754,54.615551],[127.60023,54.630269],[127.596403,54.644987],[127.576681,54.673835],[127.596698,54.68296],[127.618775,54.690025],[127.642324,54.694146],[127.666167,54.693852],[127.654099,54.657645],[127.645562,54.603482],[127.6488,54.554912],[127.672055,54.536661],[127.682063,54.541371],[127.687656,54.550202],[127.692366,54.560799],[127.700314,54.570807],[127.714738,54.580227],[127.723274,54.579344],[127.731811,54.574045],[127.758009,54.567275],[127.767723,54.560799],[127.778026,54.558739],[127.793038,54.567864],[127.798926,54.577578],[127.801575,54.588469],[127.805696,54.598478],[127.816293,54.605542],[127.82954,54.607897],[127.833955,54.603482],[127.83631,54.596712],[127.844258,54.591413],[127.858093,54.589058],[127.902542,54.591413],[127.926385,54.5973],[127.944342,54.612313],[127.973778,54.652641],[127.992323,54.685904],[128.002626,54.725937],[128.004098,54.768915],[127.995561,54.811009],[127.978193,54.8428],[127.977899,54.859284],[127.998505,54.866349],[128.021171,54.864583],[128.035889,54.858696],[128.039127,54.846921],[128.025586,54.828082],[128.018816,54.809537],[128.028824,54.793052],[128.055906,54.769503],[128.06297,54.751841],[128.069152,54.717695],[128.076805,54.701211],[128.052962,54.668242],[128.045603,54.64852],[128.050018,54.632918],[128.07239,54.62497],[128.106831,54.623499],[128.140977,54.62762],[128.162171,54.636451],[128.177478,54.652935],[128.187192,54.668242],[128.192196,54.686493],[128.195434,54.722994],[128.200733,54.733002],[128.209269,54.739772],[128.220455,54.742127],[128.232524,54.738889],[128.238706,54.730942],[128.248714,54.707981],[128.225165,54.666476],[128.221044,54.656173],[128.22752,54.640572],[128.243416,54.638806],[128.275796,54.646459],[128.311708,54.645576],[128.329664,54.647048],[128.344382,54.652641],[128.357629,54.665298],[128.376174,54.690614],[128.392953,54.701211],[128.409143,54.689142],[128.41032,54.673835],[128.402961,54.656762],[128.392953,54.639689],[128.406788,54.626442],[128.4218,54.620555],[128.457418,54.619378],[128.461539,54.62762],[128.466544,54.642927],[128.476258,54.651758],[128.495391,54.639689],[128.53778,54.675601],[128.558385,54.682371],[128.621968,54.675601],[128.636392,54.67619],[128.652287,54.680017],[128.690849,54.704449],[128.703801,54.707981],[128.716164,54.703566],[128.72529,54.684432],[128.738242,54.680017],[128.773271,54.674129],[128.790638,54.674424],[128.806828,54.683843],[128.819781,54.705921],[128.828317,54.711808],[128.853927,54.696207],[128.867762,54.693263],[128.899259,54.693852],[128.90338,54.699445],[128.91957,54.706509],[128.940175,54.712397],[129.003169,54.718578],[129.027307,54.715929],[129.04703,54.704743],[129.082648,54.691791],[129.180082,54.683255],[129.200393,54.659705],[129.207752,54.659705]]]}},{"type":"Feature","properties":{"name":"Chao Nen Dam","name_zh":"潮能水库"},"geometry":{"type":"Polygon","coordinates":[[[99.202334,14.583796],[99.203511,14.580852],[99.189087,14.56584],[99.181434,14.554654],[99.176135,14.549061],[99.162889,14.541113],[99.119323,14.525217],[99.119029,14.51933],[99.116674,14.508144],[99.116085,14.50314],[99.117557,14.497253],[99.119912,14.493426],[99.133453,14.476353],[99.158474,14.454864],[99.167305,14.44515],[99.169659,14.436908],[99.165833,14.429255],[99.156413,14.421307],[99.149937,14.413653],[99.140517,14.39452],[99.132864,14.390693],[99.124622,14.393342],[99.116968,14.399818],[99.075757,14.44515],[99.068398,14.458691],[99.065749,14.462518],[99.061039,14.466933],[99.04426,14.476942],[99.036607,14.484595],[99.029248,14.493426],[98.993335,14.55171],[98.99363,14.559069],[99.008937,14.5888],[99.010703,14.596453],[99.010703,14.603518],[99.008054,14.610288],[99.003049,14.615293],[98.997751,14.620003],[98.992747,14.625301],[98.990392,14.632366],[98.991864,14.637076],[98.99569,14.641785],[98.999223,14.648261],[99.0004,14.652383],[99.001283,14.660919],[99.002755,14.664451],[99.005699,14.666806],[99.012175,14.668867],[99.014824,14.670633],[99.017179,14.677404],[99.015118,14.700953],[99.017473,14.716554],[99.017473,14.724207],[99.015413,14.731861],[99.005993,14.742752],[98.992158,14.754233],[98.980678,14.766301],[98.977734,14.778665],[98.98892,14.780431],[99.024538,14.790145],[99.023949,14.796032],[99.020417,14.806041],[99.019534,14.811045],[99.020417,14.817226],[99.023066,14.821348],[99.02601,14.825174],[99.028953,14.830179],[99.030425,14.835183],[99.031014,14.845485],[99.03278,14.85049],[99.035724,14.854022],[99.043672,14.858732],[99.046615,14.861381],[99.047498,14.867563],[99.040139,14.87816],[99.043672,14.881987],[99.047793,14.88287],[99.054857,14.883458],[99.058684,14.885225],[99.062217,14.888168],[99.063688,14.890818],[99.064571,14.893761],[99.066043,14.897294],[99.072225,14.908185],[99.075757,14.912306],[99.088121,14.921137],[99.09077,14.924375],[99.089887,14.928496],[99.085766,14.935266],[99.080173,14.950279],[99.07458,14.981482],[99.068693,14.9962],[99.063688,15.001793],[99.051619,15.008269],[99.046321,15.01239],[99.041905,15.019455],[99.039845,15.027108],[99.039256,15.043592],[99.043083,15.038],[99.061628,15.024459],[99.086354,15.010918],[99.091064,15.007386],[99.094597,15.002382],[99.096657,14.997083],[99.099306,14.985014],[99.104016,14.973239],[99.110492,14.961465],[99.119029,14.951751],[99.130215,14.946158],[99.14876,14.947335],[99.156119,14.945275],[99.155824,14.936444],[99.145227,14.920843],[99.129332,14.907302],[99.111375,14.896705],[99.080173,14.884342],[99.076052,14.881692],[99.072225,14.876688],[99.071047,14.872273],[99.071047,14.867563],[99.070164,14.862559],[99.054269,14.835771],[99.049559,14.821642],[99.052208,14.805452],[99.056035,14.800153],[99.067515,14.789851],[99.070753,14.784552],[99.070753,14.780431],[99.068987,14.776899],[99.066632,14.773366],[99.064866,14.769245],[99.064866,14.765713],[99.065749,14.758648],[99.06516,14.754821],[99.061333,14.748345],[99.057507,14.743635],[99.055446,14.738043],[99.056624,14.728917],[99.058095,14.726268],[99.063394,14.717731],[99.069281,14.692416],[99.068987,14.688295],[99.067515,14.685646],[99.0631,14.68123],[99.061628,14.678581],[99.061628,14.665923],[99.070459,14.630894],[99.076052,14.619119],[99.079584,14.615587],[99.088415,14.6097],[99.091359,14.606756],[99.093125,14.602046],[99.093125,14.597336],[99.09077,14.586739],[99.092242,14.570549],[99.103133,14.566723],[99.118146,14.570844],[99.145816,14.58409],[99.162006,14.587622],[99.179079,14.5888],[99.194092,14.586739],[99.202334,14.583796]]]}},{"type":"Feature","properties":{"name":"Xinanjiang Shuiku","name_zh":"新安江水库"},"geometry":{"type":"Polygon","coordinates":[[[119.184065,29.536022],[119.18171,29.528074],[119.183182,29.519832],[119.186714,29.511589],[119.195545,29.49746],[119.169347,29.49952],[119.158455,29.50217],[119.153157,29.498343],[119.147858,29.490101],[119.139911,29.490689],[119.123426,29.496282],[119.11018,29.49746],[119.09399,29.484802],[119.083981,29.482153],[119.079566,29.493927],[119.073384,29.503347],[119.060138,29.504525],[119.046008,29.501287],[119.038355,29.49746],[119.027169,29.507468],[119.022459,29.516888],[119.017455,29.52513],[119.004503,29.531606],[118.989196,29.531312],[118.968296,29.514827],[118.942687,29.508057],[118.935916,29.501875],[118.930029,29.495105],[118.921787,29.490101],[118.912956,29.488335],[118.907069,29.488335],[118.900593,29.489512],[118.837304,29.49275],[118.826118,29.490101],[118.825235,29.476854],[118.830828,29.461547],[118.830828,29.450067],[118.811989,29.449184],[118.808457,29.453894],[118.803158,29.463314],[118.796093,29.472733],[118.788145,29.477149],[118.780492,29.475677],[118.761358,29.468907],[118.757237,29.466257],[118.743402,29.443886],[118.712788,29.417982],[118.682174,29.403558],[118.668045,29.415038],[118.668045,29.408268],[118.661863,29.417687],[118.651855,29.421808],[118.639492,29.422397],[118.626245,29.42122],[118.626245,29.428579],[118.646851,29.4327],[118.684235,29.42122],[118.701897,29.428579],[118.709845,29.446829],[118.699836,29.461547],[118.680408,29.471556],[118.661569,29.477149],[118.661569,29.483919],[118.67511,29.482742],[118.687179,29.480387],[118.698364,29.475971],[118.70955,29.469495],[118.71426,29.472145],[118.729861,29.483919],[118.726329,29.494516],[118.731628,29.500992],[118.757237,29.510706],[118.785202,29.528662],[118.788145,29.531606],[118.814638,29.537788],[118.861736,29.565752],[118.925025,29.582531],[118.927085,29.590773],[118.92738,29.60608],[118.925908,29.622859],[118.921787,29.634045],[118.904419,29.644348],[118.884402,29.644053],[118.840542,29.630218],[118.845252,29.641993],[118.833772,29.656711],[118.813755,29.669663],[118.771661,29.681437],[118.751056,29.697039],[118.716321,29.730302],[118.729273,29.727653],[118.746346,29.717939],[118.757237,29.715878],[118.763713,29.71941],[118.769012,29.725592],[118.77696,29.730891],[118.791383,29.730302],[118.779314,29.710285],[118.806102,29.687913],[118.847901,29.669369],[118.88087,29.661421],[118.891467,29.662304],[118.908835,29.667602],[118.918843,29.66878],[118.929735,29.66407],[118.933561,29.652884],[118.935033,29.640226],[118.93886,29.630807],[118.960643,29.621976],[118.98272,29.631396],[119.018044,29.661421],[119.000088,29.67084],[119.001854,29.680554],[119.011862,29.686736],[119.018044,29.685264],[119.023931,29.679083],[119.037766,29.674373],[119.053662,29.672607],[119.065142,29.674961],[119.05896,29.688502],[119.043653,29.71264],[119.038355,29.723532],[119.06367,29.704987],[119.074856,29.699394],[119.085748,29.702337],[119.093107,29.715878],[119.089574,29.731479],[119.071912,29.764448],[119.078683,29.779461],[119.089574,29.795062],[119.103409,29.807425],[119.11695,29.812135],[119.135789,29.810075],[119.130197,29.803304],[119.113418,29.792707],[119.099288,29.778578],[119.095756,29.746198],[119.123721,29.737367],[119.160222,29.737367],[119.18171,29.730302],[119.16817,29.72677],[119.123426,29.707047],[119.113418,29.698805],[119.065142,29.640815],[119.055428,29.635811],[119.046008,29.634339],[119.039532,29.630807],[119.038355,29.620504],[119.045125,29.609613],[119.067203,29.601959],[119.071912,29.589007],[119.078683,29.580765],[119.115478,29.60137],[119.134023,29.60608],[119.108119,29.556627],[119.108708,29.53926],[119.140794,29.538376],[119.171702,29.554272],[119.188186,29.558688],[119.195545,29.548385],[119.193485,29.544558],[119.188775,29.541026],[119.184065,29.536022]]]}},{"type":"Feature","properties":{"name":"Guanting Shuiku","name_zh":"官厅水库"},"geometry":{"type":"Polygon","coordinates":[[[115.796523,40.42043],[115.800644,40.411893],[115.800055,40.403651],[115.796523,40.395409],[115.796523,40.386283],[115.783571,40.375981],[115.772091,40.362145],[115.757961,40.350371],[115.722343,40.342717],[115.636094,40.311809],[115.619316,40.301506],[115.612251,40.286199],[115.60813,40.273836],[115.58723,40.237924],[115.578105,40.227915],[115.578693,40.246755],[115.570746,40.293559],[115.581343,40.303567],[115.646397,40.330943],[115.713806,40.345072],[115.731468,40.355081],[115.796523,40.42043]]]}},{"type":"Feature","properties":{"name":"Lake Mulwala","name_zh":"马尔瓦拉湖"},"geometry":{"type":"Polygon","coordinates":[[[146.199333,-36.033588],[146.215817,-36.055959],[146.198744,-36.050367],[146.18226,-36.042124],[146.158711,-36.037709],[146.0966,-36.033588],[146.075994,-36.025051],[146.062159,-36.017398],[146.030662,-36.013865],[146.017416,-36.007978],[146.009762,-35.997381],[146.007113,-35.983546],[146.012117,-35.971477],[146.027719,-35.966473],[146.058333,-35.966767],[146.073345,-35.973537],[146.079232,-35.990611],[146.08512,-36.00003],[146.098072,-36.00003],[146.127214,-35.993849],[146.15665,-35.999442],[146.179905,-36.013865],[146.199333,-36.033588]]]}},{"type":"Feature","properties":{"name":"Lake Hume","name_zh":"休姆湖"},"geometry":{"type":"Polygon","coordinates":[[[147.252568,-36.039181],[147.271701,-36.048895],[147.215478,-36.061552],[147.183981,-36.064202],[147.165142,-36.059197],[147.153661,-36.047717],[147.143947,-36.040652],[147.134233,-36.039475],[147.124225,-36.045657],[147.097438,-36.073327],[147.093611,-36.080097],[147.091551,-36.086279],[147.082425,-36.097759],[147.079482,-36.103646],[147.079187,-36.112183],[147.081248,-36.118953],[147.084192,-36.125135],[147.086252,-36.131611],[147.089784,-36.156338],[147.093611,-36.168112],[147.099793,-36.179298],[147.108624,-36.189601],[147.119515,-36.197549],[147.132467,-36.203436],[147.14748,-36.207263],[147.176622,-36.206968],[147.188396,-36.209618],[147.19605,-36.220509],[147.106563,-36.241114],[147.093611,-36.23405],[147.051223,-36.195194],[147.040626,-36.173705],[147.038271,-36.138381],[147.044747,-36.107473],[147.093611,-36.028584],[147.060642,-35.985312],[147.058287,-35.973832],[147.06653,-35.965001],[147.075655,-35.966178],[147.10362,-35.987961],[147.11245,-35.992671],[147.11981,-35.993849],[147.130701,-35.993849],[147.153661,-35.999147],[147.174561,-36.022991],[147.192518,-36.028584],[147.214889,-36.029467],[147.234023,-36.032999],[147.252568,-36.039181]]]}},{"type":"Feature","properties":{"name":"Kaptai Lake","name_zh":"戈布多伊湖"},"geometry":{"type":"Polygon","coordinates":[[[92.333936,22.705891],[92.387804,22.664974],[92.368671,22.6532],[92.356896,22.649667],[92.346888,22.651433],[92.346593,22.657321],[92.336585,22.686168],[92.333936,22.688523],[92.327754,22.692056],[92.298318,22.692644],[92.288309,22.695294],[92.275652,22.703241],[92.264466,22.703536],[92.254163,22.698826],[92.24386,22.69235],[92.24386,22.684697],[92.25799,22.676454],[92.274474,22.658792],[92.298612,22.623469],[92.290959,22.624057],[92.284483,22.625529],[92.278301,22.62759],[92.272119,22.630828],[92.278006,22.64378],[92.260933,22.6532],[92.251219,22.656143],[92.237679,22.657615],[92.240328,22.645252],[92.245332,22.634655],[92.258284,22.616698],[92.253574,22.618465],[92.242388,22.621703],[92.237679,22.623469],[92.237679,22.610222],[92.225904,22.614932],[92.218839,22.611694],[92.220017,22.606101],[92.234146,22.602863],[92.240034,22.595799],[92.234146,22.579903],[92.224432,22.563418],[92.217367,22.555176],[92.230908,22.548406],[92.242388,22.550761],[92.249748,22.560475],[92.252102,22.575487],[92.258284,22.575487],[92.260933,22.553704],[92.270942,22.539575],[92.274474,22.529567],[92.258284,22.52103],[92.275357,22.518381],[92.286837,22.525446],[92.297729,22.53722],[92.312741,22.548406],[92.310387,22.543107],[92.309503,22.540458],[92.30862,22.538398],[92.305382,22.534571],[92.305382,22.528389],[92.325105,22.528095],[92.343061,22.508961],[92.360723,22.506606],[92.352481,22.499541],[92.346005,22.486295],[92.339234,22.475698],[92.329815,22.476581],[92.318334,22.48394],[92.309503,22.487767],[92.303027,22.49336],[92.298612,22.506606],[92.284777,22.500425],[92.287426,22.498658],[92.289192,22.498953],[92.29037,22.498364],[92.291842,22.493654],[92.283599,22.496892],[92.266526,22.506312],[92.258284,22.506606],[92.250925,22.502191],[92.246215,22.494832],[92.245921,22.486589],[92.252102,22.480113],[92.252102,22.473343],[92.238562,22.470399],[92.224727,22.472166],[92.217662,22.478053],[92.224727,22.486884],[92.219134,22.494537],[92.213835,22.498953],[92.207065,22.500719],[92.196762,22.500425],[92.196762,22.506606],[92.205004,22.507784],[92.217662,22.513082],[92.230025,22.51632],[92.236501,22.521324],[92.238562,22.526034],[92.234146,22.528389],[92.223549,22.530744],[92.210008,22.536043],[92.197351,22.542519],[92.189992,22.548406],[92.184987,22.561652],[92.184693,22.574899],[92.180572,22.584613],[92.165854,22.588734],[92.158789,22.595504],[92.149075,22.629945],[92.142305,22.64378],[92.151724,22.635832],[92.159083,22.626412],[92.169386,22.602863],[92.175568,22.602863],[92.178217,22.619642],[92.17233,22.646724],[92.175568,22.657615],[92.1791,22.6532],[92.189992,22.64378],[92.187931,22.655849],[92.180866,22.663208],[92.16968,22.665857],[92.155257,22.664974],[92.155257,22.684697],[92.163793,22.683225],[92.169092,22.681753],[92.172624,22.678515],[92.175568,22.671744],[92.183221,22.684991],[92.181455,22.693233],[92.172624,22.697354],[92.158789,22.698532],[92.150252,22.701475],[92.136712,22.715605],[92.127881,22.720315],[92.134062,22.720609],[92.155257,22.726496],[92.148192,22.734444],[92.145837,22.73886],[92.146426,22.742098],[92.148486,22.746807],[92.135534,22.750045],[92.123171,22.748868],[92.113163,22.75034],[92.10757,22.761231],[92.11434,22.761231],[92.11434,22.767413],[92.093735,22.767413],[92.093735,22.774772],[92.11434,22.781542],[92.11434,22.788018],[92.110808,22.794494],[92.105215,22.801265],[92.096973,22.806269],[92.086375,22.808329],[92.088436,22.813334],[92.091674,22.825108],[92.093735,22.830112],[92.086081,22.830995],[92.073129,22.835117],[92.06577,22.836294],[92.06577,22.843064],[92.076661,22.848657],[92.078722,22.856605],[92.074307,22.864847],[92.06577,22.87044],[92.06577,22.877211],[92.073129,22.877211],[92.073129,22.883981],[92.069597,22.888691],[92.061354,22.90282],[92.059588,22.908119],[92.057528,22.911651],[92.046931,22.913123],[92.041926,22.915184],[92.038394,22.920777],[92.04016,22.925192],[92.043398,22.929607],[92.045459,22.9352],[92.043693,22.950213],[92.032801,22.991424],[92.025442,23.007614],[92.030446,23.010558],[92.031624,23.014973],[92.031329,23.020566],[92.031624,23.027925],[92.036922,22.992013],[92.050169,22.944031],[92.071069,22.902232],[92.099916,22.883981],[92.087847,22.868085],[92.094323,22.857194],[92.107275,22.847186],[92.11434,22.83335],[92.118461,22.820398],[92.129058,22.807446],[92.142599,22.795966],[92.155257,22.788018],[92.140538,22.782425],[92.134062,22.781542],[92.141716,22.771534],[92.161733,22.758582],[92.169386,22.746807],[92.166737,22.743275],[92.162027,22.733267],[92.182044,22.726791],[92.198823,22.709717],[92.210891,22.687051],[92.217367,22.664974],[92.22767,22.665563],[92.237679,22.664974],[92.237679,22.678809],[92.232086,22.687051],[92.224432,22.69235],[92.217367,22.698532],[92.212952,22.706185],[92.203532,22.733267],[92.209714,22.733267],[92.219428,22.714427],[92.227082,22.705891],[92.237679,22.698532],[92.246804,22.708246],[92.255929,22.712367],[92.262405,22.717371],[92.265054,22.729734],[92.262111,22.736505],[92.247687,22.750045],[92.24386,22.761231],[92.252102,22.761231],[92.255635,22.757699],[92.257401,22.756816],[92.259756,22.756227],[92.265054,22.753872],[92.255929,22.766824],[92.253869,22.772711],[92.252102,22.781542],[92.237679,22.774478],[92.234441,22.784486],[92.234441,22.801559],[92.23032,22.815689],[92.224727,22.815689],[92.221194,22.81039],[92.217956,22.807741],[92.214424,22.80568],[92.209714,22.802148],[92.219428,22.823636],[92.224727,22.830112],[92.213835,22.833645],[92.203238,22.832762],[92.19323,22.828935],[92.182338,22.822753],[92.188225,22.830407],[92.194996,22.836],[92.202061,22.840121],[92.209714,22.843064],[92.182338,22.843064],[92.182338,22.849246],[92.200294,22.852778],[92.199411,22.862198],[92.18852,22.873973],[92.175568,22.883981],[92.181455,22.890751],[92.187048,22.902526],[92.187637,22.913417],[92.1791,22.918127],[92.173213,22.922837],[92.165854,22.945209],[92.162027,22.953157],[92.173213,22.953451],[92.178217,22.946681],[92.181749,22.937555],[92.189992,22.931962],[92.201766,22.932551],[92.202944,22.939321],[92.197645,22.947858],[92.189992,22.953157],[92.189992,22.959044],[92.203827,22.970818],[92.197351,22.981416],[92.180278,22.989658],[92.162027,22.994073],[92.162027,23.000255],[92.175568,23.000255],[92.16968,23.006436],[92.165854,23.012913],[92.165265,23.019683],[92.169386,23.027925],[92.174685,23.027042],[92.196468,23.017622],[92.196762,23.014384],[92.197645,23.01409],[92.206182,23.01409],[92.209714,23.014384],[92.210008,23.018211],[92.217367,23.041171],[92.222077,23.04176],[92.223549,23.040288],[92.223549,23.037639],[92.224727,23.03499],[92.227082,23.024393],[92.233263,23.02086],[92.242094,23.022921],[92.252102,23.027925],[92.244155,23.002904],[92.240917,22.997017],[92.232674,22.99319],[92.225021,22.993779],[92.219428,22.992601],[92.217367,22.983476],[92.220605,22.966109],[92.228848,22.962871],[92.240034,22.963754],[92.252102,22.959044],[92.237679,22.953157],[92.237679,22.945503],[92.2418,22.942265],[92.252102,22.931962],[92.234146,22.93991],[92.229142,22.935495],[92.231791,22.924015],[92.237679,22.911946],[92.24386,22.911946],[92.247098,22.914301],[92.253574,22.916067],[92.258284,22.918127],[92.252986,22.89811],[92.257695,22.881626],[92.265938,22.864553],[92.272119,22.843064],[92.272119,22.812156],[92.270647,22.804797],[92.267704,22.796555],[92.267409,22.786841],[92.272119,22.774772],[92.278006,22.774772],[92.279184,22.780954],[92.284777,22.794789],[92.298612,22.761231],[92.302144,22.770356],[92.302439,22.78007],[92.298612,22.802148],[92.305382,22.802148],[92.306854,22.786546],[92.314213,22.776244],[92.333936,22.761231],[92.333936,22.753872],[92.319217,22.748574],[92.30656,22.740037],[92.298612,22.726202],[92.298612,22.705891],[92.306854,22.710895],[92.317451,22.712955],[92.328637,22.711484],[92.333936,22.705891]]]}},{"type":"Feature","properties":{"name":"Burrendong Reservoir","name_zh":"布伦东水库"},"geometry":{"type":"Polygon","coordinates":[[[149.30252,-32.602185],[149.314883,-32.613371],[149.312234,-32.632505],[149.282797,-32.642807],[149.268962,-32.643396],[149.259248,-32.646045],[149.2513,-32.651344],[149.241292,-32.660469],[149.226279,-32.664885],[149.214799,-32.653699],[149.205379,-32.638392],[149.196548,-32.629561],[149.169173,-32.635154],[149.17035,-32.659586],[149.185363,-32.688728],[149.200081,-32.708451],[149.238937,-32.735826],[149.244824,-32.742597],[149.240409,-32.752605],[149.230106,-32.752311],[149.21892,-32.746424],[149.210678,-32.739064],[149.195077,-32.749073],[149.190367,-32.75967],[149.19596,-32.770267],[149.210678,-32.78057],[149.220098,-32.78263],[149.242469,-32.782925],[149.2513,-32.786751],[149.258071,-32.797349],[149.257187,-32.805296],[149.253361,-32.812067],[149.2513,-32.818248],[149.2513,-32.886541],[149.245707,-32.906558],[149.234521,-32.915094],[149.224807,-32.910384],[149.224219,-32.890368],[149.228929,-32.875061],[149.233638,-32.849745],[149.23511,-32.82443],[149.231283,-32.807946],[149.21421,-32.798526],[149.167406,-32.792933],[149.148567,-32.78057],[149.16564,-32.76438],[149.167406,-32.745246],[149.156515,-32.735238],[149.135615,-32.746424],[149.123252,-32.716104],[149.12178,-32.704918],[149.11501,-32.704918],[149.105884,-32.715515],[149.095876,-32.709628],[149.090283,-32.69491],[149.09411,-32.678131],[149.102646,-32.669595],[149.130905,-32.647517],[149.151216,-32.624851],[149.163285,-32.614254],[149.178004,-32.606012],[149.196548,-32.602185],[149.215682,-32.60454],[149.224807,-32.610722],[149.232167,-32.618081],[149.244824,-32.622791],[149.241586,-32.598653],[149.254244,-32.565684],[149.274261,-32.535364],[149.292806,-32.519763],[149.277793,-32.59306],[149.27897,-32.61602],[149.286624,-32.61602],[149.30252,-32.602185]]]}},{"type":"Feature","properties":{"name":"Stanley Reservoir","name_zh":"斯坦利水库"},"geometry":{"type":"Polygon","coordinates":[[[77.901263,11.93393],[77.908622,11.926571],[77.905972,11.92451],[77.904501,11.923921],[77.903323,11.923038],[77.901263,11.920095],[77.90244,11.910969],[77.888605,11.901255],[77.853281,11.88536],[77.847983,11.875057],[77.836208,11.860633],[77.831204,11.844738],[77.846511,11.830314],[77.834736,11.826193],[77.825905,11.820894],[77.81678,11.817067],[77.805005,11.816479],[77.79117,11.821188],[77.779101,11.836495],[77.765266,11.844443],[77.775275,11.849153],[77.793525,11.862399],[77.801767,11.865049],[77.812365,11.872113],[77.817369,11.88536],[77.813836,11.893602],[77.798529,11.88536],[77.796763,11.890364],[77.793231,11.894485],[77.791759,11.899195],[77.777335,11.888303],[77.762617,11.888892],[77.730237,11.899195],[77.735536,11.909792],[77.736713,11.919506],[77.732886,11.927454],[77.723467,11.93393],[77.707277,11.927748],[77.690792,11.933047],[77.674013,11.942172],[77.655174,11.947471],[77.659884,11.963366],[77.668715,11.97102],[77.679312,11.970431],[77.689615,11.961306],[77.692264,11.956596],[77.702861,11.954241],[77.713753,11.955418],[77.723467,11.961306],[77.734652,11.956007],[77.739951,11.95483],[77.74731,11.954535],[77.754964,11.95218],[77.757024,11.947471],[77.75673,11.942466],[77.757613,11.940112],[77.765266,11.938934],[77.773508,11.938934],[77.779985,11.94335],[77.7844,11.954535],[77.791759,11.954535],[77.793231,11.943938],[77.798529,11.936579],[77.812365,11.926571],[77.819135,11.926571],[77.829438,11.938051],[77.842978,11.935402],[77.85858,11.930103],[77.873887,11.93393],[77.879774,11.928337],[77.885367,11.926571],[77.891843,11.928631],[77.901263,11.93393]]]}},{"type":"Feature","properties":{"name":"Gandhi Sagar Dam","name_zh":"甘地萨加尔水库"},"geometry":{"type":"Polygon","coordinates":[[[75.634953,24.637508],[75.646728,24.617786],[75.638485,24.621024],[75.628477,24.623084],[75.619057,24.622496],[75.611993,24.617786],[75.609049,24.607483],[75.614348,24.600713],[75.622001,24.595708],[75.626122,24.59041],[75.626122,24.525944],[75.622001,24.517408],[75.588444,24.477374],[75.588149,24.464716],[75.607283,24.422917],[75.611993,24.405844],[75.594036,24.416441],[75.580201,24.431159],[75.570782,24.44676],[75.564306,24.460595],[75.554003,24.455591],[75.546644,24.449704],[75.529571,24.431453],[75.526627,24.427038],[75.524861,24.422328],[75.524567,24.415852],[75.521917,24.408493],[75.515736,24.407021],[75.508671,24.40761],[75.503372,24.405844],[75.468049,24.346676],[75.451859,24.336962],[75.43714,24.33343],[75.432725,24.325188],[75.431547,24.315768],[75.427721,24.309292],[75.417418,24.306054],[75.383272,24.309292],[75.365904,24.299284],[75.373852,24.276618],[75.400345,24.241],[75.38651,24.241],[75.388276,24.237173],[75.391808,24.230697],[75.39328,24.227165],[75.3818,24.223632],[75.371792,24.225693],[75.3609,24.225398],[75.345593,24.213624],[75.338234,24.225398],[75.341472,24.233346],[75.348537,24.241],[75.352658,24.251302],[75.349714,24.261605],[75.343238,24.266904],[75.336468,24.270436],[75.332052,24.275146],[75.332936,24.284566],[75.336468,24.296046],[75.337057,24.305171],[75.328226,24.309292],[75.310269,24.310175],[75.303793,24.312236],[75.297906,24.316062],[75.303793,24.321067],[75.309975,24.324893],[75.31704,24.327543],[75.343533,24.334019],[75.37032,24.353152],[75.407998,24.363161],[75.422128,24.376702],[75.427721,24.394658],[75.42095,24.412908],[75.455685,24.42586],[75.463928,24.43528],[75.448032,24.447055],[75.463928,24.454119],[75.508082,24.482967],[75.516913,24.490915],[75.520445,24.502101],[75.528099,24.510932],[75.544289,24.522706],[75.548999,24.525355],[75.560773,24.534775],[75.568427,24.544783],[75.560773,24.549493],[75.550176,24.562151],[75.546938,24.590704],[75.549882,24.621024],[75.557241,24.638686],[75.581379,24.647811],[75.610227,24.647222],[75.634953,24.637508]]]}},{"type":"Feature","properties":{"name":"Bhumphol K. K. Nam","name_zh":"布姆波尔克纳姆水库"},"geometry":{"type":"Polygon","coordinates":[[[98.834967,17.357295],[98.834084,17.363182],[98.857339,17.360533],[98.862049,17.357],[98.867053,17.351113],[98.872352,17.35023],[98.877356,17.360533],[98.874412,17.362887],[98.869114,17.369952],[98.864698,17.379372],[98.864404,17.388497],[98.874412,17.402332],[98.886776,17.398506],[98.897667,17.386437],[98.90532,17.374956],[98.917389,17.329919],[98.967137,17.218943],[98.953007,17.189213],[98.948003,17.205403],[98.932696,17.210407],[98.913857,17.211879],[98.89855,17.217177],[98.908558,17.222476],[98.91268,17.223948],[98.902966,17.234545],[98.894135,17.240138],[98.887364,17.247202],[98.884715,17.261921],[98.888542,17.26928],[98.91268,17.29901],[98.91268,17.306075],[98.909736,17.308136],[98.906204,17.309902],[98.89855,17.312846],[98.897078,17.307253],[98.892957,17.297833],[98.891485,17.29224],[98.884126,17.296361],[98.874412,17.299305],[98.862932,17.300188],[98.850569,17.29901],[98.85675,17.305486],[98.856456,17.310785],[98.853218,17.316967],[98.850569,17.325798],[98.848214,17.326681],[98.843504,17.325503],[98.839089,17.325503],[98.837028,17.329624],[98.8385,17.338455],[98.84056,17.341988],[98.834967,17.357295]]]}},{"type":"Feature","properties":{"name":"Siri Kit Dam","name_zh":"诗丽吉水库"},"geometry":{"type":"Polygon","coordinates":[[[100.501363,17.923062],[100.500185,17.907461],[100.501363,17.89392],[100.505189,17.882146],[100.512843,17.872432],[100.524323,17.865073],[100.538158,17.862129],[100.548461,17.86625],[100.565828,17.883323],[100.568183,17.872432],[100.56259,17.836519],[100.577014,17.79001],[100.57672,17.781473],[100.483995,17.767932],[100.473398,17.76911],[100.467511,17.793248],[100.463684,17.799724],[100.478402,17.811498],[100.484584,17.817974],[100.489588,17.826217],[100.457502,17.842112],[100.425711,17.836814],[100.393037,17.824745],[100.358596,17.820918],[100.365072,17.825628],[100.396569,17.855359],[100.422768,17.871549],[100.427772,17.877436],[100.429244,17.885384],[100.42836,17.89392],[100.426006,17.902163],[100.422473,17.909522],[100.413348,17.922768],[100.41011,17.93101],[100.414525,17.933365],[100.438074,17.925417],[100.446022,17.924534],[100.463979,17.92895],[100.466333,17.935131],[100.464567,17.943079],[100.461624,17.951027],[100.461329,17.958092],[100.463684,17.963096],[100.4681,17.965156],[100.477814,17.967806],[100.483112,17.971632],[100.484878,17.97487],[100.485761,17.979286],[100.488705,17.985173],[100.499891,17.988117],[100.508133,17.991355],[100.51402,17.997831],[100.516964,18.009017],[100.516964,18.020497],[100.518142,18.025501],[100.522263,18.029033],[100.526972,18.029622],[100.53963,18.028445],[100.545223,18.028739],[100.549933,18.030505],[100.563768,18.040514],[100.57201,18.04905],[100.576426,18.051111],[100.584962,18.050816],[100.613221,18.039631],[100.619108,18.038747],[100.55582,18.001363],[100.537864,17.984584],[100.533743,17.978108],[100.532271,17.965745],[100.529916,17.958975],[100.524912,17.953382],[100.512254,17.944257],[100.506956,17.938075],[100.503423,17.930716],[100.501363,17.923062]]]}},{"type":"Feature","properties":{"name":"Senanayake Samudra","name_zh":"森那亚克萨穆德拉水库"},"geometry":{"type":"Polygon","coordinates":[[[81.537248,7.2191],[81.546668,7.214979],[81.545196,7.20497],[81.530183,7.175828],[81.527829,7.172296],[81.526945,7.169058],[81.526651,7.160816],[81.525179,7.155517],[81.518998,7.138149],[81.516348,7.132851],[81.50634,7.127847],[81.503691,7.137561],[81.506046,7.174062],[81.504279,7.181715],[81.498098,7.181421],[81.485735,7.170824],[81.480142,7.159932],[81.473666,7.129907],[81.468073,7.119605],[81.44835,7.115189],[81.433926,7.114012],[81.424212,7.116072],[81.435398,7.125197],[81.458947,7.15169],[81.468073,7.156989],[81.471605,7.164642],[81.468661,7.180538],[81.457476,7.194962],[81.437753,7.1982],[81.428333,7.193784],[81.408317,7.180244],[81.39978,7.177594],[81.388889,7.180832],[81.382707,7.187897],[81.38153,7.194962],[81.385945,7.1982],[81.405962,7.200849],[81.437459,7.211446],[81.458359,7.211741],[81.449822,7.225281],[81.446878,7.239116],[81.451294,7.25148],[81.464246,7.260605],[81.464246,7.246475],[81.471605,7.228814],[81.489856,7.220866],[81.537248,7.2191]]]}},{"type":"Feature","properties":{"name":"Baidagang Shuiku","name_zh":"北大港水库"},"geometry":{"type":"Polygon","coordinates":[[[117.413759,38.760216],[117.427594,38.754917],[117.393743,38.714001],[117.389916,38.70723],[117.32545,38.68633],[117.329277,38.739905],[117.33222,38.754917],[117.34635,38.749324],[117.356064,38.752562],[117.364601,38.759038],[117.376375,38.762571],[117.401985,38.762276],[117.413759,38.760216]]]}},{"type":"Feature","properties":{"name":"Supung Reservoir","name_zh":"苏邦水库"},"geometry":{"type":"Polygon","coordinates":[[[125.342457,40.6727],[125.363357,40.673583],[125.358647,40.668284],[125.353937,40.665046],[125.349522,40.660631],[125.342163,40.654155],[125.331566,40.636493],[125.325384,40.632666],[125.314492,40.635904],[125.306545,40.642086],[125.298597,40.645324],[125.287705,40.639436],[125.300069,40.636198],[125.305662,40.631783],[125.305662,40.625896],[125.301246,40.619125],[125.296536,40.618831],[125.268866,40.607056],[125.2671,40.60529],[125.2253,40.59852],[125.214114,40.594104],[125.19086,40.580858],[125.164367,40.574088],[125.119035,40.55466],[125.109909,40.547006],[125.098724,40.541708],[125.027487,40.522868],[125.027487,40.515215],[125.041323,40.516098],[125.047504,40.511682],[125.050448,40.504029],[125.055452,40.496081],[125.07017,40.485778],[125.071348,40.480774],[125.061634,40.474298],[125.064577,40.451632],[125.033669,40.446628],[124.959195,40.453987],[124.970381,40.465762],[124.987748,40.469588],[125.027487,40.468117],[125.01689,40.474593],[124.985982,40.486367],[124.9798,40.492254],[124.976268,40.499025],[124.957429,40.524046],[124.911508,40.550833],[124.915335,40.554365],[124.925049,40.559075],[124.934468,40.566434],[124.938295,40.578209],[124.949775,40.57291],[124.955957,40.564374],[124.965965,40.543179],[124.973619,40.537881],[124.981567,40.535232],[124.988926,40.529933],[124.993341,40.515215],[125.002172,40.526989],[125.010414,40.535232],[125.01689,40.544062],[125.021306,40.557014],[125.029548,40.551716],[125.038085,40.550244],[125.046621,40.55201],[125.055452,40.557014],[125.051037,40.564962],[125.050153,40.5682],[125.055452,40.578209],[125.07282,40.567023],[125.09578,40.567317],[125.115208,40.577326],[125.123745,40.595282],[125.13493,40.599403],[125.204989,40.612355],[125.236486,40.614121],[125.246494,40.619125],[125.253559,40.628251],[125.257091,40.639436],[125.262979,40.64915],[125.277403,40.653272],[125.299774,40.657098],[125.342457,40.6727]]]}},{"type":"Feature","properties":{"name":"Lake Eyre North","name_zh":"北艾尔湖"},"geometry":{"type":"Polygon","coordinates":[[[137.940653,-29.106022],[137.92564,-29.09101],[137.912394,-29.074231],[137.89326,-29.066283],[137.865001,-29.067166],[137.855876,-29.066283],[137.825851,-29.055097],[137.818198,-29.053331],[137.798769,-29.040968],[137.779636,-29.013886],[137.765801,-28.986511],[137.762563,-28.973559],[137.735776,-28.985333],[137.679846,-29.018302],[137.653354,-29.025367],[137.635986,-29.03302],[137.624506,-29.047738],[137.613909,-29.057452],[137.598602,-29.049504],[137.586239,-29.040968],[137.489098,-29.007116],[137.478501,-28.997991],[137.472614,-28.978857],[137.480562,-28.965316],[137.492631,-28.955602],[137.498812,-28.946477],[137.494986,-28.92911],[137.484683,-28.924694],[137.469965,-28.924694],[137.452597,-28.92175],[137.434935,-28.910565],[137.373708,-28.847865],[137.345449,-28.809303],[137.31454,-28.779573],[137.309831,-28.762205],[137.321311,-28.737184],[137.353102,-28.707159],[137.368998,-28.685376],[137.362522,-28.675368],[137.326904,-28.682138],[137.318073,-28.678606],[137.302766,-28.657706],[137.295996,-28.652407],[137.287165,-28.654762],[137.281277,-28.661827],[137.281277,-28.66948],[137.28216,-28.678606],[137.279806,-28.689497],[137.273624,-28.696562],[137.264793,-28.702155],[137.257139,-28.70922],[137.253607,-28.719817],[137.257728,-28.763677],[137.26391,-28.784282],[137.273035,-28.799295],[137.309242,-28.825199],[137.323077,-28.840506],[137.335735,-28.906149],[137.359578,-28.982978],[137.356635,-29.025661],[137.351925,-29.034198],[137.328081,-29.067166],[137.314246,-29.048621],[137.309831,-29.031843],[137.306593,-28.993575],[137.279806,-28.946477],[137.278922,-28.943239],[137.273035,-28.909387],[137.263027,-28.900262],[137.239478,-28.887015],[137.230058,-28.876713],[137.225348,-28.863466],[137.224171,-28.836679],[137.221227,-28.823138],[137.212396,-28.804594],[137.20386,-28.797234],[137.194146,-28.802239],[137.182665,-28.821372],[137.174423,-28.856402],[137.172363,-28.87789],[137.176484,-28.889076],[137.161471,-28.884072],[137.146164,-28.880539],[137.130563,-28.880245],[137.114962,-28.884955],[137.118494,-28.911153],[137.128797,-28.930876],[137.135273,-28.951187],[137.126442,-28.978857],[137.104659,-29.003878],[137.076694,-29.018891],[137.045197,-29.0236],[137.012817,-29.017713],[136.999865,-29.01212],[136.991623,-29.005939],[136.924214,-28.93588],[136.905669,-28.899967],[136.902136,-28.866999],[136.903903,-28.833441],[136.900665,-28.795763],[136.896838,-28.787815],[136.884769,-28.773097],[136.883297,-28.763971],[136.896543,-28.746309],[136.919504,-28.748664],[136.941581,-28.754846],[136.95159,-28.747487],[136.949235,-28.728942],[136.942759,-28.707453],[136.934222,-28.686259],[136.924214,-28.668303],[136.908612,-28.650347],[136.898015,-28.641516],[136.893011,-28.63033],[136.896838,-28.573223],[136.89566,-28.559094],[136.901253,-28.497572],[136.899193,-28.476966],[136.872111,-28.429279],[136.866224,-28.422509],[136.867401,-28.421037],[136.868284,-28.419271],[136.869168,-28.415739],[136.895072,-28.418388],[136.948057,-28.429868],[136.973078,-28.424864],[136.99074,-28.398665],[136.99545,-28.354805],[136.989268,-28.229406],[136.984264,-28.206446],[136.975139,-28.196143],[136.957771,-28.187901],[136.948057,-28.168178],[136.94423,-28.144924],[136.943642,-28.125495],[136.948057,-28.086345],[136.942464,-28.072216],[136.923331,-28.055142],[136.916266,-28.051316],[136.902431,-28.046017],[136.89566,-28.041013],[136.892422,-28.034831],[136.890067,-28.01923],[136.886829,-28.01246],[136.856216,-27.992443],[136.831489,-28.000979],[136.789689,-28.04484],[136.78027,-28.012754],[136.781153,-27.983318],[136.794105,-27.957414],[136.821775,-27.935925],[136.837671,-27.930332],[136.870051,-27.925622],[136.885652,-27.920618],[136.988679,-27.8641],[137.026947,-27.852326],[137.053145,-27.849676],[137.077872,-27.852914],[137.10201,-27.860568],[137.126147,-27.871754],[137.266265,-27.964773],[137.318073,-27.977136],[137.354868,-27.974781],[137.373708,-27.976547],[137.389603,-27.983906],[137.401967,-28.002157],[137.424044,-28.048961],[137.440823,-28.05838],[137.456424,-28.069861],[137.472908,-28.096059],[137.506172,-28.176715],[137.515591,-28.189667],[137.529426,-28.18378],[137.553859,-28.156698],[137.56946,-28.145807],[137.605078,-28.130794],[137.61126,-28.120491],[137.632748,-28.11166],[137.663362,-28.109305],[137.693387,-28.114015],[137.711932,-28.127262],[137.711343,-28.137564],[137.703396,-28.149045],[137.691621,-28.15817],[137.680729,-28.161997],[137.653942,-28.161408],[137.628333,-28.164352],[137.608905,-28.178187],[137.60184,-28.209684],[137.604489,-28.218809],[137.616852,-28.242358],[137.622445,-28.2506],[137.634514,-28.263847],[137.648644,-28.274738],[137.664539,-28.282097],[137.697803,-28.289162],[137.72194,-28.308001],[137.735776,-28.312122],[137.766978,-28.30859],[137.780225,-28.312122],[137.786995,-28.326546],[137.772865,-28.342442],[137.763446,-28.357749],[137.760208,-28.374233],[137.71517,-28.343031],[137.699274,-28.335671],[137.697214,-28.350095],[137.705162,-28.381004],[137.703984,-28.38483],[137.702512,-28.388363],[137.700746,-28.391012],[137.697803,-28.393661],[137.673076,-28.36658],[137.666306,-28.362753],[137.658947,-28.360987],[137.651882,-28.358338],[137.6457,-28.351567],[137.643345,-28.344208],[137.643345,-28.328018],[137.64099,-28.320659],[137.623917,-28.30388],[137.607433,-28.300642],[137.594481,-28.310356],[137.588299,-28.332728],[137.594186,-28.366285],[137.611554,-28.397488],[137.65041,-28.442526],[137.705162,-28.490801],[137.71311,-28.505814],[137.717525,-28.522887],[137.716348,-28.539371],[137.706928,-28.55144],[137.688972,-28.530246],[137.664539,-28.512879],[137.637752,-28.50758],[137.61332,-28.523181],[137.6039,-28.549085],[137.600957,-28.586175],[137.604784,-28.622971],[137.616264,-28.647992],[137.675725,-28.682432],[137.690443,-28.710986],[137.759325,-28.805182],[137.769922,-28.827554],[137.773749,-28.850514],[137.776987,-28.861406],[137.791116,-28.880245],[137.794354,-28.891725],[137.794354,-28.93588],[137.799947,-28.955014],[137.830266,-29.013298],[137.885313,-29.008588],[137.903269,-29.011237],[137.912394,-29.015358],[137.926818,-29.028016],[137.935354,-29.031843],[137.945068,-29.031548],[137.964202,-29.026838],[137.97421,-29.027722],[137.983336,-29.032431],[138.006591,-29.053331],[138.044269,-29.0654],[138.054278,-29.073937],[138.040148,-29.087477],[138.029551,-29.089244],[138.005707,-29.086594],[137.995699,-29.090421],[137.984219,-29.103079],[137.977154,-29.106905],[137.965674,-29.107789],[137.940653,-29.106022]]]}},{"type":"Feature","properties":{"name":"Lake Disappointment","name_zh":"失望湖"},"geometry":{"type":"Polygon","coordinates":[[[122.800328,-23.693255],[122.795619,-23.694138],[122.784138,-23.669117],[122.735863,-23.633793],[122.716435,-23.613777],[122.709664,-23.596703],[122.704954,-23.578747],[122.698184,-23.562263],[122.685232,-23.548722],[122.658445,-23.535476],[122.64461,-23.531355],[122.631952,-23.531355],[122.61694,-23.534004],[122.605459,-23.533709],[122.597806,-23.526939],[122.594274,-23.510455],[122.595157,-23.497503],[122.606637,-23.460707],[122.611347,-23.426267],[122.617234,-23.411254],[122.631069,-23.400951],[122.638428,-23.399479],[122.643727,-23.399479],[122.648731,-23.398008],[122.655501,-23.392709],[122.659622,-23.385939],[122.665804,-23.370337],[122.669631,-23.363861],[122.680817,-23.355619],[122.69318,-23.349143],[122.7026,-23.340901],[122.70466,-23.326771],[122.702011,-23.320295],[122.692886,-23.30911],[122.691119,-23.303222],[122.693769,-23.296452],[122.69995,-23.291153],[122.713491,-23.282322],[122.705838,-23.264661],[122.704366,-23.254947],[122.707309,-23.247293],[122.714963,-23.244644],[122.723499,-23.247882],[122.786493,-23.279379],[122.801506,-23.282617],[122.812397,-23.280851],[122.821817,-23.275552],[122.830942,-23.268782],[122.840951,-23.263483],[122.853608,-23.259362],[122.878924,-23.256124],[122.89217,-23.256124],[122.917191,-23.261128],[122.935442,-23.27408],[122.946627,-23.293803],[122.949571,-23.347966],[122.948688,-23.360623],[122.94545,-23.374164],[122.940446,-23.38535],[122.941329,-23.389471],[122.946039,-23.397125],[122.950749,-23.403306],[122.95487,-23.407133],[122.957813,-23.411843],[122.958108,-23.419791],[122.955753,-23.425678],[122.943978,-23.445695],[122.941623,-23.453642],[122.941035,-23.459824],[122.948688,-23.507217],[122.949277,-23.559614],[122.946922,-23.573743],[122.939563,-23.584929],[122.911304,-23.603179],[122.906005,-23.608184],[122.902473,-23.61466],[122.902473,-23.622313],[122.907477,-23.635854],[122.907477,-23.642035],[122.900707,-23.649689],[122.887755,-23.657931],[122.850665,-23.675299],[122.800328,-23.693255]]]}},{"type":"Feature","properties":{"name":"Lake Mackay","name_zh":"麦凯湖"},"geometry":{"type":"Polygon","coordinates":[[[128.672598,-22.658859],[128.624911,-22.641786],[128.453886,-22.622652],[128.376468,-22.604108],[128.315535,-22.573494],[128.327604,-22.550533],[128.331725,-22.529633],[128.32937,-22.508145],[128.31318,-22.457809],[128.309942,-22.43161],[128.318478,-22.409238],[128.346149,-22.395109],[128.363222,-22.399819],[128.369403,-22.443385],[128.390303,-22.461635],[128.416796,-22.462813],[128.439168,-22.450155],[128.455063,-22.42955],[128.462128,-22.406884],[128.461834,-22.395992],[128.458007,-22.376564],[128.459184,-22.364201],[128.471842,-22.345067],[128.496274,-22.325639],[128.52365,-22.314159],[128.564272,-22.326228],[128.589293,-22.323579],[128.702035,-22.293259],[128.886601,-22.147549],[128.930167,-22.092503],[128.936937,-22.035102],[129.037021,-22.00125],[129.063808,-21.982705],[129.09295,-22.000367],[129.105902,-22.006254],[129.125036,-22.009492],[129.167425,-22.010964],[129.188324,-22.013907],[129.207164,-22.02215],[129.223942,-22.048348],[129.198038,-22.066304],[129.120621,-22.084555],[129.11856,-22.12135],[129.112378,-22.135185],[129.097955,-22.15167],[129.048207,-22.184933],[129.036433,-22.196708],[129.03084,-22.212015],[129.035549,-22.222317],[129.045263,-22.232914],[129.055566,-22.248516],[129.062337,-22.272654],[129.064986,-22.294142],[129.071756,-22.313276],[129.090007,-22.32976],[129.115028,-22.336825],[129.169191,-22.335942],[129.194506,-22.340357],[129.218644,-22.353309],[129.231596,-22.36214],[129.239249,-22.370088],[129.246608,-22.386867],[129.243076,-22.39246],[129.233656,-22.394226],[129.222176,-22.399524],[129.197155,-22.419247],[129.1948,-22.42484],[129.195389,-22.431316],[129.194506,-22.437497],[129.187441,-22.441913],[129.175961,-22.438969],[129.150057,-22.418069],[129.137694,-22.411888],[129.114733,-22.41542],[129.100604,-22.432493],[129.094422,-22.456631],[129.095305,-22.481358],[129.107374,-22.521097],[129.102959,-22.538759],[129.078527,-22.554066],[129.052034,-22.559953],[128.997871,-22.564368],[128.971084,-22.573199],[128.949006,-22.587034],[128.930461,-22.603224],[128.916038,-22.622358],[128.906029,-22.64473],[128.898376,-22.669456],[128.891017,-22.682703],[128.878359,-22.687118],[128.748544,-22.672694],[128.672598,-22.658859]]]}},{"type":"Feature","properties":{"name":"Lake Gairdner","name_zh":"盖尔德纳湖"},"geometry":{"type":"Polygon","coordinates":[[[135.924259,-32.354331],[135.895705,-32.342556],[135.867741,-32.322245],[135.855083,-32.297224],[135.860087,-32.280445],[135.925731,-32.185366],[135.930146,-32.165349],[135.911012,-32.148864],[135.911895,-32.12767],[135.915428,-32.115012],[135.92367,-32.104415],[135.97695,-32.05349],[135.992551,-32.042893],[136.019927,-32.032885],[136.026697,-32.026998],[136.030819,-32.017284],[136.029641,-32.011102],[136.026992,-32.005509],[136.026109,-31.986964],[136.024048,-31.98196],[136.023754,-31.976661],[136.029641,-31.968125],[136.036411,-31.964004],[136.066437,-31.955173],[136.05113,-31.883348],[136.036706,-31.848024],[136.013157,-31.825064],[135.996378,-31.821826],[135.963998,-31.826241],[135.946336,-31.82212],[135.934267,-31.812406],[135.909246,-31.773256],[135.903653,-31.766191],[135.898943,-31.761776],[135.837716,-31.732045],[135.80563,-31.724097],[135.800331,-31.703197],[135.819171,-31.647562],[135.818876,-31.612827],[135.803275,-31.578681],[135.777371,-31.550128],[135.745874,-31.533349],[135.717321,-31.533055],[135.712611,-31.551305],[135.714083,-31.577798],[135.70378,-31.601641],[135.677582,-31.610767],[135.644613,-31.604879],[135.614588,-31.589573],[135.596926,-31.56985],[135.593688,-31.543357],[135.599869,-31.512743],[135.611644,-31.482718],[135.624302,-31.458875],[135.644907,-31.437386],[135.668162,-31.429733],[135.693772,-31.427084],[135.722325,-31.420019],[135.743814,-31.402651],[135.743519,-31.383223],[135.727329,-31.364384],[135.702603,-31.349077],[135.681997,-31.341424],[135.662863,-31.33848],[135.64373,-31.339657],[135.62283,-31.34525],[135.598692,-31.358497],[135.58574,-31.363501],[135.572788,-31.362618],[135.551594,-31.345839],[135.559836,-31.32906],[135.577498,-31.313459],[135.583385,-31.299624],[135.575143,-31.294031],[135.53246,-31.283434],[135.52569,-31.279901],[135.513621,-31.270776],[135.505673,-31.267833],[135.498608,-31.268421],[135.484773,-31.273131],[135.47918,-31.273425],[135.465934,-31.269599],[135.459163,-31.264595],[135.429727,-31.22044],[135.419424,-31.19954],[135.416481,-31.177757],[135.422074,-31.151853],[135.428255,-31.141256],[135.434142,-31.136252],[135.436792,-31.129187],[135.433259,-31.114174],[135.419424,-31.093275],[135.403234,-31.075907],[135.399407,-31.062955],[135.422074,-31.05589],[135.438852,-31.057657],[135.45828,-31.063544],[135.476825,-31.07208],[135.52775,-31.10446],[135.535698,-31.114174],[135.53717,-31.122711],[135.533343,-31.14155],[135.534521,-31.15097],[135.556009,-31.184233],[135.583679,-31.200423],[135.649323,-31.22515],[135.665513,-31.208371],[135.684646,-31.215141],[135.704074,-31.230154],[135.721147,-31.23869],[135.831828,-31.236924],[135.854789,-31.23192],[135.888935,-31.21367],[135.899238,-31.210726],[135.940154,-31.210726],[135.948397,-31.214847],[135.970768,-31.23869],[136.007564,-31.244872],[136.051718,-31.238985],[136.087925,-31.241634],[136.101172,-31.272837],[136.096462,-31.28991],[136.078506,-31.328472],[136.074384,-31.344956],[136.058489,-31.382635],[136.056723,-31.402651],[136.074384,-31.409422],[136.083804,-31.404123],[136.09499,-31.385284],[136.101172,-31.382046],[136.107648,-31.38705],[136.109708,-31.396764],[136.108531,-31.420019],[136.112063,-31.443568],[136.1206,-31.465056],[136.178295,-31.565435],[136.18742,-31.573971],[136.21303,-31.577798],[136.228631,-31.589278],[136.236579,-31.60694],[136.245116,-31.800337],[136.250414,-31.816822],[136.268959,-31.848319],[136.27308,-31.85921],[136.276024,-31.864214],[136.296924,-31.879521],[136.303988,-31.88953],[136.320473,-31.963121],[136.310759,-31.985787],[136.26631,-32.026409],[136.256301,-32.052902],[136.268076,-32.113835],[136.26631,-32.149747],[136.261894,-32.15799],[136.248354,-32.17624],[136.245116,-32.184777],[136.246587,-32.195374],[136.251003,-32.200672],[136.256301,-32.203322],[136.258656,-32.205088],[136.260717,-32.220984],[136.258656,-32.233641],[136.249825,-32.243944],[136.232164,-32.252775],[136.207731,-32.259251],[136.144443,-32.265138],[136.119422,-32.263078],[136.12266,-32.255719],[136.148564,-32.214508],[136.138261,-32.200967],[136.136201,-32.186249],[136.139145,-32.170647],[136.144443,-32.154752],[136.151508,-32.141505],[136.156806,-32.134146],[136.15504,-32.129436],[136.141499,-32.124432],[136.129136,-32.123255],[136.059077,-32.123549],[136.041416,-32.128553],[136.025814,-32.141505],[135.953106,-32.230992],[135.906008,-32.268965],[135.895705,-32.281034],[135.892467,-32.296046],[135.901298,-32.31047],[135.917194,-32.321067],[135.932207,-32.334019],[135.937211,-32.354919],[135.924259,-32.354331]]]}},{"type":"Feature","properties":{"name":"Lake Torrens","name_zh":"托伦斯湖"},"geometry":{"type":"Polygon","coordinates":[[[137.865885,-31.654627],[137.842041,-31.67641],[137.829383,-31.692011],[137.783168,-31.798277],[137.780813,-31.809463],[137.782579,-31.833895],[137.78464,-31.839782],[137.787878,-31.843903],[137.790527,-31.848613],[137.790527,-31.856855],[137.787584,-31.863626],[137.776692,-31.872456],[137.77316,-31.876872],[137.770511,-31.888941],[137.767273,-31.930446],[137.727533,-31.911901],[137.700746,-31.885997],[137.652765,-31.824475],[137.630688,-31.811817],[137.578585,-31.796216],[137.565044,-31.783558],[137.585944,-31.776494],[137.608022,-31.774728],[137.630393,-31.77826],[137.680729,-31.796805],[137.693387,-31.788857],[137.698097,-31.738815],[137.70369,-31.721153],[137.712226,-31.707907],[137.718702,-31.694661],[137.717819,-31.67641],[137.711049,-31.665224],[137.700452,-31.656393],[137.691032,-31.646679],[137.688089,-31.632844],[137.69221,-31.619009],[137.707811,-31.597226],[137.712521,-31.58133],[137.711638,-31.573088],[137.706928,-31.555132],[137.708105,-31.546007],[137.712226,-31.539531],[137.724001,-31.531877],[137.729594,-31.525401],[137.736364,-31.512449],[137.741957,-31.497142],[137.745195,-31.481541],[137.744606,-31.466823],[137.739308,-31.455637],[137.723412,-31.435914],[137.719586,-31.424729],[137.722824,-31.41266],[137.73136,-31.402651],[137.741663,-31.393232],[137.750788,-31.382929],[137.775809,-31.33171],[137.783757,-31.301684],[137.780225,-31.279607],[137.761974,-31.266949],[137.735776,-31.260179],[137.709283,-31.259002],[137.689855,-31.262534],[137.681613,-31.270776],[137.676314,-31.281668],[137.670132,-31.286083],[137.661007,-31.275486],[137.658358,-31.264006],[137.661007,-31.235452],[137.660713,-31.223384],[137.633337,-31.195713],[137.515591,-31.124772],[137.479973,-31.115941],[137.507938,-31.094746],[137.546794,-31.088565],[137.586239,-31.094158],[137.616264,-31.108287],[137.621562,-31.114763],[137.624506,-31.12065],[137.630099,-31.12536],[137.642756,-31.128893],[137.685734,-31.122711],[137.697508,-31.095041],[137.690738,-31.057068],[137.677491,-31.020272],[137.633042,-30.941088],[137.63422,-30.916067],[137.644523,-30.906648],[137.656592,-30.904293],[137.665128,-30.898406],[137.665128,-30.878683],[137.651587,-30.84542],[137.632454,-30.815689],[137.619502,-30.784192],[137.623328,-30.745925],[137.645111,-30.715605],[137.675137,-30.687052],[137.698097,-30.656144],[137.698391,-30.61876],[137.67131,-30.590501],[137.633631,-30.591678],[137.555625,-30.619937],[137.467904,-30.636716],[137.419923,-30.63701],[137.385188,-30.621998],[137.376357,-30.604336],[137.379889,-30.587263],[137.39814,-30.553411],[137.404027,-30.535749],[137.404027,-30.523974],[137.362816,-30.418592],[137.356635,-30.409467],[137.331614,-30.384446],[137.32396,-30.371199],[137.313069,-30.335876],[137.293641,-30.311738],[137.24301,-30.284656],[137.218578,-30.264934],[137.229764,-30.243151],[137.197678,-30.203706],[137.204743,-30.18104],[137.226526,-30.171621],[137.248897,-30.176625],[137.290697,-30.201646],[137.334852,-30.215775],[137.341916,-30.221074],[137.350747,-30.224017],[137.397257,-30.258164],[137.42581,-30.291132],[137.434052,-30.3085],[137.436702,-30.330283],[137.445533,-30.355892],[137.466727,-30.378559],[137.493808,-30.397103],[137.518829,-30.410939],[137.549149,-30.419475],[137.611554,-30.418592],[137.643051,-30.423302],[137.684262,-30.442436],[137.77993,-30.525446],[137.802891,-30.540164],[137.808189,-30.545463],[137.811427,-30.557532],[137.811133,-30.579315],[137.817609,-30.590206],[137.827323,-30.594916],[137.851166,-30.59786],[137.861469,-30.603158],[137.868239,-30.613167],[137.872361,-30.637599],[137.876482,-30.649374],[137.882075,-30.656144],[137.906507,-30.677927],[137.994816,-30.830407],[138.000409,-30.852779],[138.008357,-30.918128],[138.017188,-30.937556],[138.028079,-30.948447],[138.040737,-30.956984],[138.049862,-30.967875],[138.051334,-30.984654],[138.041326,-30.999372],[138.023664,-31.00732],[138.004236,-31.012913],[137.988929,-31.020861],[137.966557,-31.079734],[138.017188,-31.120945],[138.084891,-31.161567],[138.1158,-31.218379],[138.114328,-31.24134],[138.114917,-31.261062],[138.120509,-31.279607],[138.132578,-31.297269],[138.137877,-31.313753],[138.137583,-31.337597],[138.13405,-31.361146],[138.129635,-31.375275],[138.122864,-31.383518],[138.109324,-31.394998],[138.102259,-31.402651],[138.097255,-31.412954],[138.091073,-31.437092],[138.084891,-31.447395],[138.026607,-31.505679],[137.92564,-31.572794],[137.896793,-31.601641],[137.885018,-31.617537],[137.876187,-31.636082],[137.865885,-31.654627]]]}},{"type":"Feature","properties":{"name":"Lake Frome","name_zh":"弗罗姆湖"},"geometry":{"type":"Polygon","coordinates":[[[139.912598,-31.013208],[139.911126,-31.020567],[139.911126,-31.027043],[139.909949,-31.03293],[139.904356,-31.037934],[139.889049,-31.039995],[139.880218,-31.029398],[139.872859,-31.016446],[139.861379,-31.011147],[139.852254,-31.0188],[139.844306,-31.034696],[139.838713,-31.052358],[139.836358,-31.064721],[139.83989,-31.077968],[139.853431,-31.109465],[139.852842,-31.121828],[139.839007,-31.129776],[139.817224,-31.130953],[139.79603,-31.126243],[139.783961,-31.116824],[139.783372,-31.101222],[139.796619,-31.04441],[139.791615,-31.027926],[139.779251,-31.017623],[139.761589,-31.012619],[139.742161,-31.011441],[139.728326,-31.012324],[139.7245,-31.015268],[139.723322,-31.020567],[139.717729,-31.027926],[139.690942,-31.038817],[139.658856,-31.037345],[139.627948,-31.026454],[139.605282,-31.007909],[139.598512,-30.99584],[139.600867,-30.990247],[139.607637,-30.985243],[139.614407,-30.976118],[139.616762,-30.959339],[139.610286,-30.950802],[139.58291,-30.943149],[139.568192,-30.936379],[139.542583,-30.918128],[139.528747,-30.911946],[139.517856,-30.911946],[139.505493,-30.913712],[139.494307,-30.912829],[139.48577,-30.903704],[139.486065,-30.889575],[139.541994,-30.772123],[139.553474,-30.757111],[139.582322,-30.730912],[139.592036,-30.716194],[139.613524,-30.643486],[139.630892,-30.621409],[139.724794,-30.554883],[139.737746,-30.540459],[139.747166,-30.5331],[139.781901,-30.515438],[139.823995,-30.488062],[139.828999,-30.481586],[139.849604,-30.436254],[139.875508,-30.404168],[139.8864,-30.385623],[139.895525,-30.348533],[139.955281,-30.265817],[139.967939,-30.259341],[139.978241,-30.303496],[139.989427,-30.318803],[140.01386,-30.340586],[140.041235,-30.380913],[140.054187,-30.42183],[140.053893,-30.463335],[140.026812,-30.574311],[140.017686,-30.591089],[140.003262,-30.609046],[139.997964,-30.627002],[139.99767,-30.811274],[139.966173,-30.896051],[139.912598,-31.013208]]]}},{"type":"Feature","properties":{"name":"Lake Barlee","name_zh":"巴利湖"},"geometry":{"type":"Polygon","coordinates":[[[119.807823,-29.452783],[119.803702,-29.471623],[119.800758,-29.53079],[119.791927,-29.561404],[119.784274,-29.577299],[119.774854,-29.587308],[119.766317,-29.589663],[119.753954,-29.590251],[119.743946,-29.586719],[119.73276,-29.547274],[119.698025,-29.542859],[119.625317,-29.553161],[119.63768,-29.538443],[119.654165,-29.523725],[119.67271,-29.511067],[119.690666,-29.502531],[119.725106,-29.494583],[119.740708,-29.487813],[119.752188,-29.473683],[119.753365,-29.46338],[119.748656,-29.431295],[119.745123,-29.420992],[119.727461,-29.406274],[119.702735,-29.400387],[119.653282,-29.397149],[119.633265,-29.392144],[119.615014,-29.38243],[119.605006,-29.367712],[119.608833,-29.347401],[119.616192,-29.340042],[119.624728,-29.33857],[119.633854,-29.337687],[119.642684,-29.333271],[119.648277,-29.324735],[119.649455,-29.315904],[119.64916,-29.306779],[119.650927,-29.29677],[119.678597,-29.247023],[119.680952,-29.229067],[119.654459,-29.191388],[119.604123,-29.180202],[119.55673,-29.195803],[119.538774,-29.237014],[119.544367,-29.277342],[119.549371,-29.297359],[119.555847,-29.305896],[119.554375,-29.315904],[119.531709,-29.380958],[119.532298,-29.428645],[119.528471,-29.453078],[119.514636,-29.46338],[119.498446,-29.470445],[119.500507,-29.486341],[119.509043,-29.504591],[119.511398,-29.518721],[119.49874,-29.530495],[119.455763,-29.546391],[119.438985,-29.556694],[119.419556,-29.564642],[119.396007,-29.559049],[119.375991,-29.544331],[119.36716,-29.525491],[119.372164,-29.508418],[119.396007,-29.477804],[119.4016,-29.460142],[119.39954,-29.426291],[119.401306,-29.410984],[119.407488,-29.391556],[119.434569,-29.330917],[119.453114,-29.221413],[119.449287,-29.175198],[119.428682,-29.141346],[119.402483,-29.131632],[119.377462,-29.138402],[119.359212,-29.156653],[119.35303,-29.182263],[119.354208,-29.210227],[119.350675,-29.23201],[119.338018,-29.251438],[119.205554,-29.345635],[119.180827,-29.352111],[119.17494,-29.329445],[119.17965,-29.291177],[119.196428,-29.227889],[119.200844,-29.22053],[119.211441,-29.209344],[119.21674,-29.202574],[119.219095,-29.16254],[119.172291,-29.15783],[119.113712,-29.159302],[119.081038,-29.137225],[119.144915,-29.099841],[119.177589,-29.091599],[119.251475,-29.096603],[119.275318,-29.090127],[119.294157,-29.073642],[119.347732,-29.001817],[119.370692,-28.983567],[119.391298,-28.987394],[119.396302,-28.996813],[119.405133,-29.020657],[119.411609,-29.025367],[119.423089,-29.02625],[119.484022,-29.053626],[119.526411,-29.065989],[119.571448,-29.07011],[119.613248,-29.059513],[119.631204,-29.04715],[119.687428,-28.994458],[119.695964,-28.982095],[119.721574,-28.907327],[119.730994,-28.88937],[119.743063,-28.87789],[119.761019,-28.872886],[119.768378,-28.880834],[119.772793,-28.894669],[119.781624,-28.909093],[119.811649,-28.91969],[119.841969,-28.908504],[119.872289,-28.889959],[119.901725,-28.878185],[119.944702,-28.876713],[119.975022,-28.885838],[119.990917,-28.909387],[119.986796,-29.027133],[119.97561,-29.043912],[119.952944,-28.992398],[119.93646,-28.938824],[119.917032,-28.926755],[119.889656,-28.932348],[119.836376,-28.959723],[119.788395,-29.001523],[119.776326,-29.017713],[119.767201,-29.033903],[119.75572,-29.048621],[119.736587,-29.059513],[119.694198,-29.072465],[119.680363,-29.085417],[119.675359,-29.111027],[119.678303,-29.13487],[119.68625,-29.155476],[119.697436,-29.173432],[119.723929,-29.206695],[119.736881,-29.227595],[119.746595,-29.252616],[119.750422,-29.282052],[119.750716,-29.31296],[119.755132,-29.341808],[119.766612,-29.366535],[119.789278,-29.383902],[119.814004,-29.395677],[119.82519,-29.40333],[119.826368,-29.411572],[119.82048,-29.423347],[119.807823,-29.452783]]]}},{"type":"Feature","properties":{"name":"Lake Eyre South","name_zh":"南艾尔湖"},"geometry":{"type":"Polygon","coordinates":[[[137.658652,-29.290589],[137.650704,-29.312077],[137.646583,-29.334449],[137.645994,-29.357409],[137.653354,-29.416871],[137.65041,-29.425407],[137.629216,-29.411867],[137.614498,-29.395971],[137.572109,-29.325912],[137.559157,-29.31767],[137.513825,-29.338276],[137.499401,-29.340925],[137.486155,-29.340042],[137.47438,-29.342397],[137.464666,-29.353583],[137.462606,-29.365063],[137.469082,-29.402741],[137.429637,-29.404213],[137.415507,-29.425996],[137.406971,-29.456316],[137.385188,-29.483103],[137.377534,-29.470445],[137.36782,-29.433061],[137.363405,-29.424524],[137.356046,-29.41746],[137.34486,-29.412455],[137.328376,-29.409806],[137.313952,-29.413633],[137.294229,-29.423347],[137.275096,-29.435121],[137.263615,-29.445424],[137.263027,-29.451017],[137.265676,-29.479865],[137.232707,-29.48899],[137.215045,-29.491345],[137.199444,-29.48899],[137.189436,-29.482808],[137.177661,-29.466913],[137.170008,-29.459259],[137.156761,-29.451017],[137.14587,-29.446602],[137.134095,-29.444541],[137.119377,-29.444835],[137.108486,-29.447779],[137.097594,-29.453078],[137.086408,-29.456021],[137.075222,-29.452489],[137.072279,-29.440126],[137.081404,-29.423053],[137.104659,-29.393322],[137.130563,-29.349167],[137.14116,-29.324146],[137.146753,-29.299125],[137.147636,-29.268806],[137.15058,-29.249378],[137.163532,-29.240547],[137.194146,-29.242019],[137.220638,-29.247023],[137.233002,-29.247023],[137.246837,-29.242607],[137.255668,-29.236131],[137.263027,-29.227889],[137.272152,-29.219941],[137.285987,-29.214054],[137.339267,-29.208461],[137.447887,-29.21376],[137.498812,-29.202868],[137.647466,-29.12339],[137.680141,-29.114853],[137.702218,-29.122212],[137.714581,-29.14429],[137.718702,-29.179025],[137.714581,-29.206989],[137.704279,-29.229067],[137.670721,-29.271161],[137.658652,-29.290589]]]}},{"type":"Feature","properties":{"name":null,"name_zh":null},"geometry":{"type":"Polygon","coordinates":[[[139.788082,-25.085303],[139.807805,-25.067641],[139.831354,-25.056455],[139.88169,-25.040854],[139.906417,-25.026136],[139.922312,-25.006413],[139.935559,-24.983747],[139.952632,-24.960198],[139.967939,-24.950778],[139.983246,-24.953133],[140.016214,-24.970206],[140.095693,-24.993461],[140.11571,-25.010829],[140.125129,-25.037027],[140.119242,-25.059987],[140.102169,-25.078238],[140.078031,-25.090013],[140.040941,-25.097077],[140.028578,-25.101787],[140.000908,-25.120332],[139.990899,-25.125336],[139.984129,-25.119449],[139.96264,-25.086775],[139.953809,-25.077355],[139.932615,-25.075883],[139.931438,-25.093251],[139.935853,-25.116211],[139.930554,-25.131812],[139.911126,-25.130929],[139.891698,-25.120038],[139.874625,-25.115034],[139.861379,-25.132107],[139.861085,-25.149474],[139.863145,-25.169491],[139.859613,-25.185681],[139.843423,-25.190096],[139.834297,-25.185975],[139.826938,-25.179205],[139.81899,-25.173318],[139.807216,-25.17214],[139.797796,-25.17685],[139.790437,-25.184798],[139.784256,-25.193629],[139.777485,-25.200694],[139.764533,-25.208641],[139.74746,-25.216589],[139.729798,-25.221593],[139.71508,-25.22071],[139.699479,-25.201871],[139.712431,-25.180382],[139.753936,-25.146531],[139.788082,-25.085303]]]}},{"type":"Feature","properties":{"name":null,"name_zh":null},"geometry":{"type":"Polygon","coordinates":[[[143.079956,-33.580063],[143.107921,-33.603906],[143.140301,-33.647178],[143.144422,-33.662485],[143.134414,-33.67632],[143.120579,-33.682207],[143.108215,-33.68103],[143.096146,-33.675731],[143.072597,-33.66013],[143.052286,-33.642762],[143.040806,-33.635109],[143.019906,-33.614209],[142.999301,-33.579474],[142.989292,-33.543267],[142.999889,-33.518541],[143.031386,-33.504117],[143.039923,-33.494992],[143.033152,-33.484689],[143.031975,-33.47468],[143.035213,-33.464672],[143.047871,-33.443478],[143.059645,-33.412864],[143.076718,-33.386666],[143.104977,-33.369592],[143.137357,-33.362233],[143.168854,-33.363705],[143.197702,-33.374302],[143.223017,-33.391081],[143.298963,-33.461728],[143.315448,-33.493225],[143.315742,-33.52796],[143.296903,-33.568877],[143.277769,-33.595075],[143.2657,-33.606556],[143.251276,-33.613032],[143.233614,-33.61156],[143.221545,-33.600963],[143.202412,-33.571821],[143.193581,-33.56505],[143.172681,-33.553864],[143.165028,-33.545917],[143.162967,-33.537086],[143.166205,-33.520896],[143.163556,-33.510004],[143.150015,-33.492931],[143.128232,-33.477918],[143.105566,-33.472914],[143.089376,-33.486161],[143.086727,-33.50029],[143.086727,-33.532964],[143.082017,-33.545917],[143.071125,-33.539735],[143.063766,-33.540912],[143.060528,-33.547683],[143.063178,-33.558574],[143.065238,-33.56299],[143.068182,-33.567405],[143.079956,-33.580063]]]}},{"type":"Feature","properties":{"name":"Lake Amadeus","name_zh":"阿马迪厄斯湖"},"geometry":{"type":"Polygon","coordinates":[[[131.394878,-24.932233],[131.427552,-24.950778],[131.431379,-24.975505],[131.402237,-24.979626],[131.183524,-24.961964],[131.164391,-24.957549],[131.147023,-24.946952],[131.12318,-24.927524],[131.094921,-24.911922],[131.077553,-24.917221],[131.061952,-24.934],[131.03752,-24.951367],[131.01191,-24.924874],[130.968933,-24.867473],[130.938908,-24.842452],[130.786722,-24.762385],[130.662206,-24.67437],[130.637479,-24.663773],[130.526798,-24.629921],[130.416117,-24.575758],[130.385503,-24.554859],[130.372846,-24.533076],[130.385209,-24.512176],[130.41229,-24.513353],[130.501483,-24.556036],[130.536806,-24.568399],[130.574485,-24.574875],[130.619817,-24.576936],[130.667798,-24.586061],[130.75758,-24.630805],[130.804089,-24.646995],[130.836469,-24.649349],[130.900346,-24.643462],[130.932137,-24.644345],[130.932726,-24.659358],[130.918008,-24.68173],[130.915653,-24.696153],[130.927133,-24.715287],[130.950388,-24.734421],[131.096393,-24.818315],[131.086384,-24.838331],[131.096981,-24.850695],[131.138781,-24.863352],[131.249756,-24.913394],[131.394878,-24.932233]]]}},{"type":"Feature","properties":{"name":"Lake Carnegie","name_zh":"卡内基湖"},"geometry":{"type":"Polygon","coordinates":[[[123.183885,-26.541522],[123.199486,-26.552414],[123.207728,-26.566249],[123.200075,-26.580673],[123.17682,-26.582439],[123.150033,-26.576846],[123.131488,-26.569781],[123.120891,-26.563011],[123.112354,-26.559184],[123.10264,-26.557123],[123.089394,-26.556829],[123.079386,-26.558301],[123.075265,-26.557712],[123.069966,-26.554474],[123.064667,-26.547409],[123.062607,-26.539167],[123.060546,-26.521505],[123.049655,-26.495013],[123.042885,-26.469403],[123.037586,-26.45704],[123.029344,-26.447326],[123.004323,-26.429958],[122.995198,-26.421716],[122.989899,-26.411413],[122.989016,-26.396989],[122.999319,-26.365198],[123.000496,-26.349891],[122.990193,-26.337233],[122.974298,-26.333407],[122.944567,-26.341943],[122.930732,-26.342238],[122.92249,-26.333995],[122.925139,-26.321043],[122.938091,-26.293668],[122.940446,-26.285131],[122.94074,-26.28101],[122.938091,-26.277183],[122.908066,-26.248041],[122.883339,-26.233029],[122.853314,-26.222137],[122.822111,-26.215367],[122.792969,-26.213012],[122.725854,-26.221843],[122.682877,-26.235678],[122.668748,-26.233912],[122.657268,-26.226847],[122.64932,-26.219782],[122.639606,-26.216544],[122.62371,-26.221254],[122.616057,-26.225669],[122.613407,-26.22979],[122.611641,-26.24392],[122.595451,-26.269824],[122.566603,-26.282482],[122.534223,-26.28101],[122.507142,-26.265114],[122.51244,-26.247747],[122.505964,-26.2345],[122.492129,-26.225964],[122.474467,-26.22302],[122.45033,-26.225964],[122.432962,-26.233912],[122.402348,-26.257166],[122.386453,-26.266292],[122.36673,-26.272473],[122.350834,-26.269235],[122.347008,-26.250396],[122.353484,-26.23715],[122.37615,-26.214778],[122.382626,-26.201826],[122.378505,-26.175922],[122.360843,-26.155905],[122.335528,-26.143542],[122.309329,-26.141187],[122.294022,-26.146485],[122.285486,-26.155022],[122.27901,-26.165325],[122.269884,-26.176216],[122.251045,-26.185047],[122.227496,-26.18593],[122.203947,-26.181809],[122.184224,-26.174744],[122.165679,-26.163853],[122.150078,-26.15149],[122.133005,-26.141776],[122.110928,-26.138243],[122.095326,-26.137949],[122.089145,-26.134711],[122.089733,-26.127057],[122.095621,-26.114105],[122.105335,-26.097915],[122.118287,-26.08408],[122.148312,-26.060531],[122.184224,-26.041692],[122.190995,-26.031978],[122.190995,-26.022264],[122.186579,-26.014905],[122.173039,-26.00107],[122.165974,-25.989884],[122.163913,-25.980464],[122.167446,-25.972516],[122.17716,-25.96604],[122.199237,-25.957798],[122.202769,-25.950733],[122.199826,-25.935132],[122.218665,-25.932777],[122.242803,-25.940431],[122.263703,-25.955149],[122.271356,-25.972222],[122.266352,-25.980464],[122.247513,-25.994594],[122.242508,-26.002836],[122.25811,-26.024913],[122.295788,-26.045813],[122.336705,-26.053761],[122.361432,-26.037276],[122.360843,-26.025796],[122.347302,-26.006662],[122.347891,-25.995771],[122.353778,-25.991356],[122.36467,-25.988412],[122.376444,-25.988412],[122.385864,-25.992827],[122.411768,-26.009312],[122.425897,-26.001658],[122.437966,-25.988412],[122.4571,-25.989589],[122.462987,-26.001658],[122.440321,-26.037276],[122.436789,-26.057882],[122.458866,-26.087318],[122.46652,-26.108218],[122.4571,-26.133533],[122.467991,-26.154139],[122.483593,-26.16297],[122.502432,-26.159732],[122.522449,-26.143542],[122.537756,-26.134417],[122.577789,-26.122936],[122.594862,-26.112928],[122.599867,-26.106452],[122.608697,-26.090851],[122.614879,-26.085846],[122.626359,-26.08408],[122.634896,-26.08879],[122.640489,-26.097915],[122.642255,-26.109101],[122.6399,-26.116755],[122.632835,-26.133828],[122.633718,-26.141187],[122.641666,-26.146191],[122.654618,-26.148252],[122.678756,-26.147369],[122.703188,-26.141776],[122.710842,-26.140893],[122.726443,-26.144131],[122.753819,-26.157966],[122.769126,-26.160909],[122.810337,-26.152078],[122.824172,-26.152667],[122.827704,-26.154728],[122.833003,-26.160321],[122.836535,-26.162675],[122.878041,-26.172684],[122.890698,-26.177688],[122.902767,-26.184458],[122.91307,-26.193878],[122.943978,-26.238916],[122.958108,-26.249513],[122.97783,-26.253928],[122.988722,-26.246569],[122.98931,-26.230379],[122.97783,-26.208596],[123.00079,-26.21154],[123.017864,-26.219488],[123.090866,-26.273651],[123.098225,-26.286308],[123.097636,-26.293668],[123.093221,-26.307503],[123.092926,-26.314862],[123.095281,-26.320749],[123.102935,-26.330169],[123.10529,-26.335762],[123.10529,-26.350774],[123.10058,-26.367847],[123.093221,-26.384332],[123.084684,-26.396695],[123.077325,-26.41524],[123.077325,-26.439378],[123.081741,-26.463516],[123.087922,-26.482944],[123.094398,-26.494424],[123.102935,-26.503549],[123.113238,-26.511497],[123.125012,-26.517679],[123.183885,-26.541522]]]}},{"type":"Feature","properties":{"name":"Lake Moore","name_zh":"摩尔湖"},"geometry":{"type":"Polygon","coordinates":[[[117.444079,-30.324101],[117.445845,-30.304084],[117.452615,-30.283479],[117.456148,-30.264345],[117.45026,-30.246095],[117.425828,-30.215481],[117.420235,-30.195464],[117.424651,-30.169266],[117.458797,-30.0839],[117.461741,-30.070359],[117.45497,-29.985877],[117.451732,-29.972336],[117.424651,-29.909342],[117.420235,-29.884321],[117.419941,-29.838106],[117.427594,-29.79248],[117.46439,-29.717711],[117.468511,-29.68592],[117.479403,-29.648535],[117.499419,-29.615861],[117.512371,-29.582892],[117.500597,-29.544919],[117.49,-29.533733],[117.454382,-29.514305],[117.445256,-29.503414],[117.431716,-29.482514],[117.422885,-29.462203],[117.427006,-29.452783],[117.495004,-29.46338],[117.555054,-29.483692],[117.615104,-29.491345],[117.681631,-29.46338],[117.699293,-29.434533],[117.706652,-29.397443],[117.718721,-29.36624],[117.749923,-29.354171],[117.791134,-29.372422],[117.782009,-29.408923],[117.722547,-29.484575],[117.702531,-29.52608],[117.683691,-29.552573],[117.67957,-29.561109],[117.680748,-29.58142],[117.701942,-29.615861],[117.709007,-29.634995],[117.705474,-29.661782],[117.690756,-29.674734],[117.669562,-29.676794],[117.647484,-29.66973],[117.60804,-29.647652],[117.57566,-29.634406],[117.551816,-29.644414],[117.537981,-29.691513],[117.538864,-29.70682],[117.546223,-29.736256],[117.544751,-29.751563],[117.528561,-29.773051],[117.505012,-29.798072],[117.491766,-29.824271],[117.505895,-29.850175],[117.540336,-29.855179],[117.578898,-29.841638],[117.616282,-29.835162],[117.647484,-29.860772],[117.652489,-29.878728],[117.652194,-29.899334],[117.647779,-29.917584],[117.640125,-29.929653],[117.611866,-29.941133],[117.542396,-29.956735],[117.525323,-29.976751],[117.526795,-29.98676],[117.532388,-29.99618],[117.539453,-30.005305],[117.544457,-30.01443],[117.547106,-30.02591],[117.547989,-30.03739],[117.542985,-30.102151],[117.546812,-30.171326],[117.537687,-30.254631],[117.529444,-30.283773],[117.508839,-30.312621],[117.482052,-30.333521],[117.45497,-30.340586],[117.444079,-30.324101]]]}},{"type":"Feature","properties":{"name":"Lake Carey","name_zh":"凯里湖"},"geometry":{"type":"Polygon","coordinates":[[[122.674341,-29.355938],[122.755291,-29.374777],[122.793264,-29.398032],[122.764122,-29.410689],[122.728504,-29.411278],[122.693474,-29.401564],[122.666687,-29.384491],[122.6399,-29.374188],[122.612524,-29.38037],[122.584854,-29.381547],[122.557772,-29.357409],[122.534223,-29.320614],[122.519505,-29.307073],[122.479472,-29.282935],[122.448563,-29.254971],[122.42943,-29.24143],[122.33229,-29.206989],[122.314628,-29.19757],[122.299321,-29.187267],[122.271945,-29.161068],[122.196293,-29.04921],[122.162736,-29.014475],[122.149784,-28.995047],[122.147429,-28.968849],[122.19335,-28.956191],[122.218665,-28.954719],[122.223669,-28.947949],[122.218076,-28.928521],[122.184813,-28.904677],[122.14478,-28.9244],[122.107101,-28.950009],[122.080903,-28.943533],[122.076781,-28.928226],[122.077959,-28.912331],[122.084729,-28.899967],[122.097976,-28.894963],[122.117109,-28.892314],[122.120642,-28.884366],[122.118876,-28.871414],[122.122114,-28.854047],[122.134771,-28.841095],[122.152433,-28.83874],[122.171567,-28.839623],[122.18864,-28.837268],[122.199826,-28.830203],[122.207185,-28.82255],[122.215721,-28.816957],[122.230734,-28.815779],[122.258404,-28.825199],[122.310507,-28.860228],[122.338177,-28.867587],[122.362315,-28.881423],[122.375855,-28.913508],[122.385864,-29.019774],[122.404409,-29.092187],[122.42678,-29.150471],[122.441204,-29.173432],[122.458572,-29.194037],[122.477411,-29.211993],[122.535106,-29.247317],[122.551591,-29.262624],[122.582205,-29.297948],[122.599867,-29.307956],[122.626654,-29.316198],[122.632835,-29.325618],[122.639311,-29.333566],[122.674341,-29.355938]]]}},{"type":"Feature","properties":{"name":"Lake Everard","name_zh":"埃弗拉德湖"},"geometry":{"type":"Polygon","coordinates":[[[135.340535,-31.480952],[135.34495,-31.503029],[135.358785,-31.522163],[135.398819,-31.552483],[135.415303,-31.56985],[135.420602,-31.591339],[135.417364,-31.617831],[135.405295,-31.634316],[135.383512,-31.625779],[135.371443,-31.607529],[135.343773,-31.541002],[135.32876,-31.521574],[135.309626,-31.503029],[135.287843,-31.490961],[135.264883,-31.491549],[135.248693,-31.507151],[135.243983,-31.531288],[135.242217,-31.558959],[135.235447,-31.585451],[135.226616,-31.574266],[135.22014,-31.56043],[135.191292,-31.465056],[135.16686,-31.46123],[135.133891,-31.474476],[135.093563,-31.485956],[135.088853,-31.483601],[135.084143,-31.478303],[135.077667,-31.473299],[135.068837,-31.471533],[135.026742,-31.489194],[135.007609,-31.523046],[135.000544,-31.607234],[134.992302,-31.633138],[134.972579,-31.657571],[134.945498,-31.6717],[134.915178,-31.66699],[134.902226,-31.652566],[134.8775,-31.588395],[134.867786,-31.581036],[134.859249,-31.57927],[134.855128,-31.573971],[134.860427,-31.556015],[134.893984,-31.50038],[134.898105,-31.469766],[134.869258,-31.446806],[134.846886,-31.4471],[134.802731,-31.466528],[134.778594,-31.466528],[134.785364,-31.449161],[134.816272,-31.39647],[134.816567,-31.386756],[134.813623,-31.379985],[134.814212,-31.37557],[134.825397,-31.372037],[134.832168,-31.373804],[134.931663,-31.422668],[134.95845,-31.428555],[134.978467,-31.423257],[134.995246,-31.409716],[135.02115,-31.378219],[135.027626,-31.375864],[135.039695,-31.375275],[135.054413,-31.378808],[135.061772,-31.384401],[135.067365,-31.383223],[135.077373,-31.367033],[135.085615,-31.340246],[135.09062,-31.243695],[135.088853,-31.237219],[135.081789,-31.226033],[135.0812,-31.218085],[135.084143,-31.212492],[135.095329,-31.200129],[135.09945,-31.194242],[135.117112,-31.143317],[135.128887,-31.11859],[135.164211,-31.077673],[135.173041,-31.057362],[135.16892,-31.037934],[135.148021,-31.019684],[135.159206,-31.003788],[135.174808,-30.994368],[135.185405,-30.983771],[135.180401,-30.964932],[135.207188,-30.960516],[135.344067,-31.005554],[135.34966,-31.012324],[135.343773,-31.025571],[135.336119,-31.051181],[135.337297,-31.060895],[135.346128,-31.074435],[135.347305,-31.082383],[135.342006,-31.096218],[135.323756,-31.127715],[135.321695,-31.140667],[135.304622,-31.137724],[135.277246,-31.11388],[135.260173,-31.106521],[135.233975,-31.110936],[135.207482,-31.127126],[135.183933,-31.148615],[135.166565,-31.169515],[135.149787,-31.202778],[135.140367,-31.243106],[135.140661,-31.284023],[135.15273,-31.318169],[135.158323,-31.324939],[135.170392,-31.336419],[135.175691,-31.344956],[135.176868,-31.353198],[135.174513,-31.369388],[135.177457,-31.37763],[135.213075,-31.391465],[135.32405,-31.39853],[135.347599,-31.405889],[135.340535,-31.480952]]]}},{"type":"Feature","properties":{"name":null,"name_zh":null},"geometry":{"type":"Polygon","coordinates":[[[135.182167,-18.139487],[135.203361,-18.145374],[135.211309,-18.163036],[135.202772,-18.19365],[135.169509,-18.241042],[135.163033,-18.258116],[135.166271,-18.283431],[135.189231,-18.33259],[135.190409,-18.347602],[135.172453,-18.357022],[135.081789,-18.38322],[135.05353,-18.38793],[135.03469,-18.381454],[134.997306,-18.349957],[134.97935,-18.342598],[134.938728,-18.337005],[134.922538,-18.327586],[134.914884,-18.310512],[134.91459,-18.289024],[134.921655,-18.269007],[134.934312,-18.255761],[134.954918,-18.250462],[134.976406,-18.250756],[134.998484,-18.248402],[135.02115,-18.235744],[135.071486,-18.188646],[135.109164,-18.163036],[135.129476,-18.152144],[135.15067,-18.144491],[135.182167,-18.139487]]]}},{"type":"Feature","properties":{"name":null,"name_zh":null},"geometry":{"type":"Polygon","coordinates":[[[129.05851,-23.406544],[129.053506,-23.434214],[129.033783,-23.463945],[129.025247,-23.498974],[129.033195,-23.515459],[129.058804,-23.541363],[129.062631,-23.558436],[129.004052,-23.564618],[128.828906,-23.500741],[128.782396,-23.492204],[128.767089,-23.485728],[128.735298,-23.46159],[128.719108,-23.452465],[128.697619,-23.449227],[128.689083,-23.450699],[128.671715,-23.45688],[128.663179,-23.457175],[128.654937,-23.454526],[128.650521,-23.45011],[128.6464,-23.445695],[128.641101,-23.442162],[128.599302,-23.428327],[128.586938,-23.421851],[128.603717,-23.40625],[128.632859,-23.400363],[129.000226,-23.371515],[129.023186,-23.377696],[129.05851,-23.406544]]]}},{"type":"Feature","properties":{"name":"Lake Neale","name_zh":"尼尔湖"},"geometry":{"type":"Polygon","coordinates":[[[130.076715,-24.351159],[130.093494,-24.353514],[130.110862,-24.353808],[130.128818,-24.356457],[130.150012,-24.366171],[130.237733,-24.427105],[130.248918,-24.447416],[130.241559,-24.460662],[130.210651,-24.459485],[130.141181,-24.433286],[130.115866,-24.427988],[130.060231,-24.42475],[130.039037,-24.415919],[129.992527,-24.361461],[129.965446,-24.338795],[129.934832,-24.321428],[129.897742,-24.306415],[129.792065,-24.27639],[129.762923,-24.259023],[129.771165,-24.238417],[129.769694,-24.196912],[129.775581,-24.184549],[129.867422,-24.184549],[129.884201,-24.194851],[129.905984,-24.227526],[129.922174,-24.241655],[130.037271,-24.261672],[130.057582,-24.26962],[130.054344,-24.279628],[130.044924,-24.289637],[130.03521,-24.298173],[130.030206,-24.303766],[130.032266,-24.317895],[130.03992,-24.327021],[130.06082,-24.341445],[130.076715,-24.351159]]]}},{"type":"Feature","properties":{"name":"Lake Wells","name_zh":"威尔斯湖"},"geometry":{"type":"Polygon","coordinates":[[[123.40142,-27.173228],[123.39465,-27.182647],[123.388174,-27.209729],[123.379048,-27.222386],[123.368746,-27.222681],[123.358737,-27.21385],[123.351084,-27.198543],[123.349906,-27.192361],[123.350201,-27.173816],[123.344019,-27.142908],[123.344902,-27.13496],[123.351672,-27.128779],[123.369923,-27.121714],[123.376105,-27.11406],[123.376399,-27.102874],[123.371101,-27.093455],[123.356971,-27.07697],[123.351672,-27.067256],[123.341664,-27.037231],[123.331656,-27.023396],[123.318409,-27.011916],[123.268073,-26.978653],[123.264541,-26.967173],[123.27396,-26.955692],[123.301925,-26.931555],[123.310756,-26.922135],[123.317821,-26.911538],[123.32253,-26.899469],[123.328123,-26.870621],[123.328418,-26.85502],[123.325768,-26.842362],[123.322236,-26.837652],[123.307812,-26.823817],[123.303985,-26.817341],[123.300747,-26.800268],[123.28809,-26.782018],[123.269545,-26.777013],[123.226862,-26.77878],[123.215676,-26.775836],[123.208317,-26.771126],[123.193305,-26.757585],[123.180058,-26.748754],[123.164163,-26.74169],[123.147678,-26.73698],[123.131782,-26.735508],[123.067905,-26.738746],[123.05407,-26.741395],[123.041118,-26.746694],[123.028755,-26.755819],[123.019041,-26.764944],[123.00815,-26.772892],[122.999907,-26.773481],[122.997847,-26.759352],[123.009916,-26.718729],[123.010504,-26.703422],[123.006972,-26.689882],[123.000202,-26.680168],[122.990782,-26.672809],[122.978124,-26.665744],[122.978124,-26.661328],[123.000496,-26.653086],[123.026989,-26.651909],[123.107939,-26.658385],[123.122657,-26.656618],[123.132666,-26.648671],[123.135315,-26.640428],[123.136492,-26.631892],[123.138847,-26.623944],[123.144735,-26.617174],[123.155037,-26.614524],[123.164751,-26.618057],[123.194776,-26.645138],[123.207728,-26.654264],[123.252766,-26.675752],[123.289562,-26.708427],[123.309578,-26.719024],[123.324297,-26.729621],[123.331361,-26.736391],[123.335482,-26.743162],[123.337543,-26.755819],[123.337249,-26.780546],[123.339898,-26.793498],[123.347846,-26.814398],[123.359032,-26.83412],[123.36433,-26.839713],[123.369334,-26.843834],[123.373455,-26.849427],[123.374633,-26.858258],[123.371395,-26.87121],[123.367274,-26.881807],[123.366979,-26.892404],[123.375222,-26.904179],[123.387585,-26.91036],[123.402303,-26.912421],[123.432034,-26.91301],[123.446752,-26.91507],[123.459998,-26.919191],[123.465886,-26.926256],[123.457055,-26.936559],[123.443808,-26.942152],[123.413783,-26.946273],[123.400243,-26.951571],[123.38523,-26.970999],[123.385524,-26.99396],[123.396121,-27.041058],[123.399359,-27.049595],[123.43174,-27.094338],[123.449401,-27.110234],[123.455877,-27.11877],[123.459704,-27.131133],[123.458232,-27.171756],[123.453522,-27.183236],[123.441748,-27.180292],[123.428207,-27.172344],[123.417316,-27.168223],[123.40142,-27.173228]]]}},{"type":"Feature","properties":{"name":"Lake Ballard","name_zh":"巴拉德湖"},"geometry":{"type":"Polygon","coordinates":[[[121.112739,-29.563759],[121.067112,-29.537855],[121.042092,-29.532556],[121.01972,-29.535205],[120.999997,-29.540504],[120.944068,-29.566997],[120.934943,-29.569057],[120.926406,-29.565525],[120.919047,-29.554928],[120.92258,-29.54698],[120.930822,-29.540209],[120.937004,-29.532556],[120.93406,-29.499293],[120.905212,-29.48428],[120.866356,-29.481337],[120.794531,-29.48693],[120.653825,-29.45661],[120.608493,-29.439537],[120.587005,-29.436299],[120.561984,-29.429234],[120.562572,-29.413044],[120.57523,-29.394499],[120.587005,-29.380958],[120.607316,-29.34799],[120.616147,-29.340042],[120.628216,-29.334155],[120.635869,-29.335038],[120.643228,-29.33857],[120.655591,-29.340336],[120.668838,-29.33857],[120.695331,-29.331211],[120.709754,-29.330328],[120.743018,-29.339453],[120.80454,-29.372716],[120.840452,-29.380958],[120.876953,-29.379781],[120.888728,-29.380958],[120.899325,-29.38508],[120.918164,-29.397443],[120.927878,-29.402741],[120.936709,-29.404508],[120.95702,-29.405685],[120.964674,-29.408334],[120.971444,-29.415105],[120.974093,-29.421581],[120.975565,-29.428351],[120.979098,-29.43571],[121.001469,-29.456316],[121.034438,-29.472211],[121.143942,-29.499882],[121.186624,-29.50518],[121.202226,-29.510773],[121.19575,-29.524019],[121.169257,-29.546097],[121.135111,-29.566702],[121.112739,-29.563759]]]}},{"type":"Feature","properties":{"name":"Lake Goongarrie","name_zh":"贡加里湖"},"geometry":{"type":"Polygon","coordinates":[[[121.430947,-29.748914],[121.416817,-29.728897],[121.397683,-29.707997],[121.388264,-29.68592],[121.38326,-29.663548],[121.360594,-29.623515],[121.356178,-29.602026],[121.360888,-29.583775],[121.371779,-29.582892],[121.402099,-29.59761],[121.417406,-29.58407],[121.428592,-29.590546],[121.436539,-29.606736],[121.441838,-29.622926],[121.454496,-29.647947],[121.472158,-29.665609],[121.495118,-29.676206],[121.523671,-29.680916],[121.533385,-29.661487],[121.555168,-29.660899],[121.57754,-29.673556],[121.587548,-29.692984],[121.594024,-29.715356],[121.622578,-29.736256],[121.629348,-29.761571],[121.624344,-29.77835],[121.612569,-29.784826],[121.557229,-29.78777],[121.538095,-29.793068],[121.520139,-29.802488],[121.501005,-29.817206],[121.486876,-29.83163],[121.482755,-29.842227],[121.481577,-29.872841],[121.467448,-29.898745],[121.440366,-29.919645],[121.408575,-29.931125],[121.379727,-29.929653],[121.393562,-29.910814],[121.401216,-29.893741],[121.404159,-29.875785],[121.405926,-29.80867],[121.412107,-29.78777],[121.426237,-29.768342],[121.430947,-29.748914]]]}},{"type":"Feature","properties":{"name":null,"name_zh":null},"geometry":{"type":"Polygon","coordinates":[[[130.947739,-29.330622],[130.97747,-29.323852],[131.008378,-29.326207],[131.037814,-29.336215],[131.051944,-29.34328],[131.065484,-29.352405],[131.077553,-29.363002],[131.087856,-29.375071],[131.092566,-29.384196],[131.093743,-29.392144],[131.094332,-29.409217],[131.098159,-29.427174],[131.104046,-29.443952],[131.109933,-29.46809],[131.106107,-29.483692],[131.079025,-29.514011],[131.071372,-29.525786],[131.06048,-29.55169],[131.053416,-29.564347],[131.045468,-29.559932],[131.022802,-29.543742],[131.01191,-29.538738],[130.983357,-29.533439],[130.965695,-29.521665],[130.939791,-29.487518],[130.923012,-29.474861],[130.917419,-29.473683],[130.905056,-29.473978],[130.899169,-29.4728],[130.895931,-29.470151],[130.892987,-29.461909],[130.888866,-29.459259],[130.879152,-29.458671],[130.855603,-29.461909],[130.847361,-29.459554],[130.8453,-29.447779],[130.857663,-29.436005],[130.888572,-29.416871],[130.900346,-29.40127],[130.911826,-29.366829],[130.922718,-29.348873],[130.947739,-29.330622]]]}},{"type":"Feature","properties":{"name":"Lake Cowan","name_zh":"考恩湖"},"geometry":{"type":"Polygon","coordinates":[[[121.778296,-31.950757],[121.785067,-31.972835],[121.801845,-31.987258],[121.822745,-31.998739],[121.841585,-32.012279],[121.853065,-32.026115],[121.860129,-32.040833],[121.862779,-32.056728],[121.861601,-32.07439],[121.857186,-32.089108],[121.850121,-32.101472],[121.83923,-32.106476],[121.824806,-32.098234],[121.81833,-32.084987],[121.814797,-32.071152],[121.808616,-32.063793],[121.793309,-32.070564],[121.783006,-32.080866],[121.757396,-32.117956],[121.725899,-32.070858],[121.720012,-32.055257],[121.719423,-32.041421],[121.720601,-32.027292],[121.714714,-31.969597],[121.710298,-31.957528],[121.695874,-31.927797],[121.691753,-31.910135],[121.689987,-31.886292],[121.692931,-31.878049],[121.699995,-31.870396],[121.708238,-31.864803],[121.728254,-31.858916],[121.733259,-31.849496],[121.735319,-31.83831],[121.739146,-31.827713],[121.750037,-31.814761],[121.762401,-31.806519],[121.779179,-31.801809],[121.825394,-31.797099],[121.845706,-31.788563],[121.857775,-31.775316],[121.853948,-31.758832],[121.843056,-31.75059],[121.830399,-31.744702],[121.819802,-31.737932],[121.814797,-31.726452],[121.817447,-31.716738],[121.823923,-31.707907],[121.840407,-31.694661],[121.858363,-31.684652],[121.878674,-31.676999],[121.899574,-31.671994],[121.919591,-31.670228],[121.934898,-31.672289],[121.959919,-31.681708],[121.974637,-31.683769],[121.979347,-31.679942],[121.986412,-31.655804],[121.992005,-31.649623],[122.129178,-31.564552],[122.14213,-31.560136],[122.16303,-31.561902],[122.179809,-31.573088],[122.18864,-31.59075],[122.184813,-31.611061],[122.173039,-31.624307],[122.156848,-31.63461],[122.12123,-31.6508],[122.106807,-31.660514],[122.071777,-31.697899],[122.04499,-31.718504],[121.985234,-31.752945],[121.959625,-31.775316],[121.951971,-31.786796],[121.945789,-31.800926],[121.941963,-31.815939],[121.941668,-31.829774],[121.945495,-31.842137],[121.95256,-31.850379],[121.97081,-31.864803],[121.979053,-31.874811],[121.979936,-31.882465],[121.963451,-31.918083],[121.958447,-31.924853],[121.950499,-31.931624],[121.910466,-31.954878],[121.891921,-31.97519],[121.884562,-31.980488],[121.868666,-31.983432],[121.853065,-31.979311],[121.844528,-31.969302],[121.85071,-31.953995],[121.854831,-31.937511],[121.850415,-31.913373],[121.841585,-31.889824],[121.83187,-31.8754],[121.811265,-31.872751],[121.795369,-31.890707],[121.784184,-31.918083],[121.778885,-31.943693],[121.778296,-31.950757]]]}},{"type":"Feature","properties":{"name":null,"name_zh":null},"geometry":{"type":"Polygon","coordinates":[[[133.395965,-17.774475],[133.398909,-17.751515],[133.411567,-17.731204],[133.431289,-17.712364],[133.454544,-17.696174],[133.463963,-17.687932],[133.471911,-17.67498],[133.479859,-17.615519],[133.51165,-17.638479],[133.533139,-17.681162],[133.565225,-17.767116],[133.59054,-17.806267],[133.59996,-17.828344],[133.600254,-17.849833],[133.59525,-17.856309],[133.578177,-17.868083],[133.571995,-17.876031],[133.568757,-17.887217],[133.568757,-17.92254],[133.518126,-17.935787],[133.501642,-17.942263],[133.470734,-17.961397],[133.455721,-17.967873],[133.435704,-17.969933],[133.432761,-17.953154],[133.43541,-17.940202],[133.439825,-17.928133],[133.443358,-17.913121],[133.445124,-17.897225],[133.444535,-17.891632],[133.442769,-17.882801],[133.426579,-17.841885],[133.405091,-17.800674],[133.395965,-17.774475]]]}},{"type":"Feature","properties":{"name":"Issyk-Kul","name_zh":"伊塞克湖"},"geometry":{"type":"Polygon","coordinates":[[[78.306308,42.602551],[78.327502,42.595192],[78.320143,42.571643],[78.30042,42.5634],[78.172961,42.575175],[78.150883,42.573997],[78.128217,42.565461],[78.107612,42.551037],[78.055804,42.493342],[78.028722,42.475091],[77.995753,42.465671],[77.9254,42.461845],[77.900674,42.458018],[77.829438,42.434763],[77.812365,42.420928],[77.822667,42.402678],[77.892726,42.391786],[77.914803,42.37383],[77.87948,42.372652],[77.851809,42.361467],[77.830026,42.342627],[77.792053,42.293763],[77.68726,42.214579],[77.65694,42.203099],[77.622205,42.196623],[77.583055,42.194856],[77.55303,42.185731],[77.515351,42.168952],[77.481205,42.161888],[77.462954,42.181316],[77.427042,42.17013],[77.389952,42.169836],[77.318716,42.181316],[77.28928,42.181021],[77.174772,42.166009],[77.151223,42.160122],[77.136799,42.153351],[77.129145,42.155117],[77.121492,42.159238],[77.113544,42.16071],[77.048195,42.16071],[77.018465,42.168658],[76.987851,42.182199],[76.960769,42.186614],[76.942224,42.167186],[76.935454,42.167186],[76.926623,42.184259],[76.907489,42.197506],[76.883646,42.205748],[76.840669,42.21193],[76.819769,42.220466],[76.765311,42.256673],[76.755009,42.261972],[76.743528,42.263738],[76.729399,42.259911],[76.717919,42.253435],[76.706439,42.25108],[76.692015,42.260205],[76.675825,42.266681],[76.606355,42.270802],[76.561906,42.280222],[76.396767,42.345571],[76.371747,42.347337],[76.349375,42.335857],[76.33289,42.322905],[76.314051,42.315546],[76.293151,42.31378],[76.270485,42.318489],[76.258711,42.322905],[76.247819,42.328792],[76.239577,42.337329],[76.233101,42.36441],[76.225742,42.373241],[76.216617,42.381189],[76.208374,42.392964],[76.212496,42.39473],[76.222798,42.400323],[76.21956,42.404149],[76.216322,42.405621],[76.208374,42.407093],[76.215439,42.407093],[76.201898,42.418573],[76.196011,42.439767],[76.202487,42.460079],[76.225742,42.469204],[76.304632,42.482156],[76.332596,42.482745],[76.443277,42.467732],[76.456229,42.468321],[76.465649,42.472736],[76.48802,42.502761],[76.497146,42.51012],[76.5204,42.51483],[76.575152,42.509237],[76.599584,42.513653],[76.619895,42.527194],[76.653159,42.555747],[76.674647,42.565461],[76.97637,42.609616],[76.981669,42.614031],[76.994032,42.612265],[77.014049,42.606378],[77.027001,42.60991],[77.047312,42.627866],[77.058204,42.634342],[77.083813,42.639641],[77.135916,42.643467],[77.173889,42.653476],[77.18478,42.652004],[77.195377,42.64906],[77.206269,42.647294],[77.219515,42.648766],[77.229818,42.652593],[77.238943,42.657008],[77.325486,42.679674],[77.349624,42.681735],[77.373468,42.677908],[77.435578,42.653476],[77.528009,42.647294],[77.537723,42.650238],[77.549497,42.657008],[77.56922,42.671432],[77.579228,42.676142],[77.620439,42.681735],[77.704333,42.705578],[77.745544,42.710877],[77.771448,42.720002],[77.7844,42.722651],[77.797646,42.722651],[77.832676,42.716175],[77.917158,42.726772],[77.956014,42.714115],[77.983096,42.713232],[78.011649,42.715881],[78.033138,42.720296],[78.082885,42.722357],[78.103785,42.725595],[78.11762,42.732954],[78.137343,42.740313],[78.204752,42.7462],[78.223886,42.742962],[78.235955,42.746495],[78.306308,42.742962],[78.306308,42.736192],[78.282758,42.732954],[78.24979,42.719413],[78.2336,42.716175],[78.211817,42.721474],[78.201514,42.72118],[78.193272,42.703518],[78.175021,42.680263],[78.169134,42.67467],[78.157948,42.671726],[78.132338,42.671138],[78.120858,42.6679],[78.111144,42.659069],[78.08995,42.632576],[78.083474,42.626983],[78.081708,42.622862],[78.088772,42.613148],[78.099664,42.604023],[78.11085,42.599607],[78.254794,42.599607],[78.306308,42.602551]]]}},{"type":"Feature","properties":{"name":"Uvs Nuur","name_zh":"烏布蘇湖"},"geometry":{"type":"Polygon","coordinates":[[[92.329815,50.23659],[92.353364,50.267498],[92.348654,50.301939],[92.317157,50.330198],[92.24386,50.377002],[92.226787,50.41468],[92.244743,50.445589],[92.283011,50.467666],[92.325988,50.47944],[92.381623,50.485328],[92.409882,50.491804],[92.432253,50.504167],[92.44079,50.507405],[92.465222,50.513587],[92.470521,50.517119],[92.47523,50.528894],[92.486711,50.537725],[92.511437,50.548027],[92.543817,50.553915],[92.609461,50.547439],[92.641841,50.548027],[92.68629,50.560685],[92.713371,50.563923],[92.750755,50.573343],[92.761941,50.57923],[92.773421,50.588944],[92.795793,50.601896],[92.80639,50.610138],[92.812277,50.618086],[92.82258,50.637808],[92.830234,50.648111],[92.848779,50.666362],[92.872916,50.684024],[92.900587,50.692854],[92.92914,50.685201],[92.962109,50.671955],[92.994783,50.65341],[93.006558,50.625445],[92.990662,50.583057],[92.955044,50.535958],[92.952983,50.527716],[92.961814,50.524184],[92.974472,50.515353],[92.985952,50.505345],[92.990662,50.497397],[92.992428,50.484445],[92.998316,50.47738],[93.074556,50.439996],[93.090451,50.42881],[93.137844,50.371114],[93.1558,50.356396],[93.177289,50.34786],[93.196423,50.349332],[93.214673,50.358457],[93.234396,50.373764],[93.255295,50.383478],[93.278845,50.38701],[93.291502,50.381123],[93.27855,50.363755],[93.269131,50.361106],[93.230863,50.356396],[93.231158,50.34521],[93.238517,50.334025],[93.248231,50.325488],[93.255001,50.32225],[93.265009,50.319012],[93.279728,50.304883],[93.289442,50.301645],[93.301805,50.304588],[93.32241,50.318129],[93.333891,50.32225],[93.347431,50.322544],[93.360089,50.320189],[93.371569,50.31548],[93.382461,50.309298],[93.396885,50.295463],[93.403655,50.285749],[93.399239,50.281333],[93.393647,50.278095],[93.388054,50.271031],[93.380989,50.263966],[93.280316,50.234824],[93.260005,50.238356],[93.252057,50.25749],[93.238517,50.266321],[93.105758,50.236884],[93.082798,50.226582],[93.073378,50.20892],[93.067491,50.188903],[93.05395,50.170358],[92.990662,50.117373],[92.973,50.087642],[92.967113,50.082638],[92.965935,50.079105],[92.930906,50.053201],[92.743396,49.997272],[92.689822,49.993151],[92.576492,50.000216],[92.573254,50.004337],[92.571782,50.013756],[92.569133,50.023176],[92.562951,50.027297],[92.518208,50.03083],[92.504667,50.034362],[92.492598,50.040249],[92.485533,50.04702],[92.47994,50.054084],[92.470521,50.062327],[92.460512,50.06527],[92.446677,50.067625],[92.434314,50.071452],[92.429015,50.078811],[92.426955,50.100299],[92.419596,50.113546],[92.405172,50.124143],[92.34836,50.156229],[92.337762,50.171241],[92.333936,50.195968],[92.331286,50.204799],[92.326577,50.215101],[92.324516,50.226287],[92.329815,50.23659]]]}},{"type":"Feature","properties":{"name":"Qinghai Hu","name_zh":"青海湖"},"geometry":{"type":"Polygon","coordinates":[[[100.751867,36.82536],[100.765996,36.804461],[100.761581,36.781206],[100.743036,36.773258],[100.72037,36.776496],[100.70153,36.776202],[100.693288,36.757362],[100.698881,36.74441],[100.734499,36.706143],[100.741858,36.684066],[100.73862,36.669642],[100.731555,36.655807],[100.72037,36.590164],[100.712716,36.566026],[100.703591,36.555429],[100.694466,36.553074],[100.6718,36.543654],[100.659142,36.541005],[100.649428,36.541593],[100.628234,36.54542],[100.559941,36.566614],[100.539924,36.568969],[100.498419,36.578389],[100.459269,36.599583],[100.445434,36.622838],[100.481052,36.63785],[100.481052,36.644032],[100.450143,36.64521],[100.440135,36.644032],[100.435425,36.641677],[100.423651,36.632552],[100.418941,36.630491],[100.410404,36.631669],[100.403045,36.636673],[100.395392,36.63785],[100.392742,36.644327],[100.390387,36.65669],[100.385383,36.665815],[100.366838,36.658162],[100.330337,36.650803],[100.300018,36.657573],[100.288832,36.657867],[100.276763,36.654629],[100.259101,36.646093],[100.220834,36.641677],[100.159017,36.62431],[100.133996,36.623721],[100.089253,36.634907],[100.022138,36.643738],[99.980927,36.657867],[99.943248,36.676412],[99.92647,36.68907],[99.907925,36.719978],[99.882315,36.722039],[99.836689,36.712325],[99.810785,36.713208],[99.797832,36.72351],[99.781642,36.760895],[99.791356,36.774435],[99.790473,36.79298],[99.780171,36.811231],[99.761626,36.822122],[99.723358,36.83272],[99.70187,36.84155],[99.682736,36.865983],[99.63711,36.889237],[99.623863,36.898068],[99.619153,36.908371],[99.617682,36.91838],[99.619153,36.928388],[99.623863,36.938985],[99.662131,36.96695],[99.682442,36.965772],[99.697454,36.961945],[99.733661,36.945755],[99.781642,36.937513],[99.820793,36.951348],[99.842281,36.981373],[99.836689,37.021407],[99.832567,37.037891],[99.830507,37.042012],[99.827269,37.044367],[99.81991,37.046722],[99.816966,37.048783],[99.780759,37.082046],[99.770162,37.105595],[99.760448,37.122079],[99.754561,37.142096],[99.761626,37.164762],[99.776933,37.178009],[99.796949,37.185073],[99.836689,37.192727],[99.893206,37.211566],[99.935006,37.215687],[99.967681,37.225401],[99.984165,37.227756],[99.999766,37.223929],[100.043038,37.199497],[100.079245,37.191255],[100.182861,37.192727],[100.192575,37.190078],[100.215535,37.180364],[100.223777,37.181835],[100.230548,37.187723],[100.239379,37.193316],[100.249387,37.198025],[100.258218,37.199497],[100.274702,37.196259],[100.286183,37.188606],[100.29678,37.17948],[100.296191,37.178597],[100.34741,37.117664],[100.441607,37.046134],[100.469571,37.017286],[100.559941,36.887471],[100.577897,36.870104],[100.593499,36.863628],[100.638831,36.863333],[100.649722,36.860684],[100.672094,36.851559],[100.679747,36.849498],[100.688578,36.853619],[100.695937,36.86039],[100.704474,36.862745],[100.717426,36.853325],[100.751867,36.82536]]]}},{"type":"Feature","properties":{"name":"Alakol","name_zh":"阿拉湖"},"geometry":{"type":"Polygon","coordinates":[[[82.136574,45.780506],[82.143933,45.771675],[82.143344,45.759017],[82.116557,45.750481],[82.074168,45.776679],[82.005582,45.83408],[81.957895,45.846149],[81.908441,45.846443],[81.772445,45.819362],[81.74919,45.820245],[81.738888,45.830253],[81.729762,45.844089],[81.709157,45.854391],[81.670595,45.868226],[81.659115,45.882356],[81.651167,45.900606],[81.641747,45.916797],[81.626146,45.923273],[81.616727,45.92916],[81.554321,45.989799],[81.537837,46.00069],[81.519586,46.0054],[81.480436,46.009227],[81.407728,46.029538],[81.393599,46.037486],[81.379175,46.049849],[81.376525,46.056914],[81.378292,46.078697],[81.37682,46.090471],[81.386828,46.111077],[81.389772,46.121968],[81.381824,46.145812],[81.393599,46.155231],[81.41126,46.162591],[81.424212,46.16995],[81.411555,46.187317],[81.423624,46.229117],[81.416559,46.251783],[81.408317,46.254727],[81.396542,46.254727],[81.386534,46.256787],[81.382707,46.265912],[81.386828,46.270622],[81.396542,46.274155],[81.416559,46.279159],[81.388889,46.295643],[81.387417,46.315954],[81.397131,46.339209],[81.405667,46.376593],[81.41126,46.38513],[81.432749,46.40338],[81.439814,46.406618],[81.447467,46.408679],[81.454826,46.409268],[81.461302,46.412211],[81.465718,46.418687],[81.468661,46.425458],[81.471899,46.429873],[81.513405,46.444591],[81.526651,46.451067],[81.549906,46.474322],[81.562564,46.482564],[81.568156,46.474617],[81.572278,46.459015],[81.58258,46.456955],[81.639393,46.47079],[81.643219,46.467552],[81.642336,46.460487],[81.639687,46.456072],[81.635271,46.453128],[81.629679,46.451067],[81.629679,46.443414],[81.694144,46.443414],[81.710923,46.450479],[81.720931,46.452539],[81.725053,46.447241],[81.725936,46.439293],[81.728879,46.4337],[81.734178,46.430756],[81.742126,46.429873],[81.765675,46.431051],[81.773034,46.429873],[81.780393,46.426635],[81.793345,46.415449],[81.82337,46.403086],[81.838971,46.402497],[81.855456,46.409268],[81.862226,46.402497],[81.854867,46.387779],[81.914623,46.361286],[81.917567,46.333616],[81.94141,46.332439],[81.958483,46.326257],[81.968786,46.313305],[81.97379,46.265618],[81.979972,46.249428],[81.99263,46.237359],[82.012941,46.223818],[82.023832,46.219403],[82.032957,46.217342],[82.040905,46.21381],[82.047381,46.204685],[82.049147,46.19291],[82.046793,46.180841],[82.042966,46.169361],[82.03178,46.093121],[82.026776,46.080463],[82.041494,46.040429],[82.050031,45.953592],[82.060922,45.909732],[82.092419,45.84821],[82.10596,45.830253],[82.122738,45.796107],[82.127448,45.787865],[82.136574,45.780506]]]}},{"type":"Feature","properties":{"name":"Khyargas Nuur","name_zh":"吉爾吉斯湖"},"geometry":{"type":"MultiPolygon","coordinates":[[[[92.915599,49.329065],[92.916482,49.329065],[92.916528,49.329043],[92.915599,49.329065]]],[[[93.806639,49.157157],[93.811938,49.121539],[93.786328,49.102111],[93.699197,49.082683],[93.656514,49.061783],[93.580273,49.033818],[93.553486,49.042944],[93.515808,49.043238],[93.478718,49.036173],[93.453697,49.024104],[93.435446,49.01233],[93.429559,49.006442],[93.428087,49.000555],[93.430736,48.984659],[93.429559,48.979067],[93.416313,48.969058],[93.383049,48.958461],[93.368037,48.951691],[93.334774,48.983482],[93.322705,49.022632],[93.315934,49.062666],[93.299744,49.095635],[93.281199,49.10947],[93.264421,49.110353],[93.244698,49.105643],[93.217028,49.102699],[93.163159,49.102994],[93.136667,49.106821],[93.114001,49.115651],[93.10252,49.128898],[93.092806,49.147443],[93.080737,49.163633],[93.063076,49.170698],[92.869973,49.210437],[92.826701,49.233103],[92.80639,49.266955],[92.815221,49.294625],[92.842597,49.314936],[92.879098,49.327005],[92.917071,49.328771],[92.916528,49.329043],[92.927668,49.328771],[92.951806,49.325239],[92.976827,49.318174],[92.990662,49.308166],[93.015389,49.322001],[93.086625,49.320235],[93.135784,49.339663],[93.151974,49.332009],[93.176406,49.308166],[93.192301,49.301101],[93.207903,49.299923],[93.238222,49.30169],[93.29945,49.293742],[93.36892,49.272842],[93.423966,49.237224],[93.4431,49.184533],[93.44987,49.184533],[93.458701,49.211025],[93.485783,49.219562],[93.521106,49.217796],[93.588516,49.206021],[93.604411,49.199545],[93.618246,49.188359],[93.645034,49.150681],[93.656514,49.143616],[93.651215,49.15804],[93.642384,49.173936],[93.635319,49.189831],[93.635614,49.205727],[93.645034,49.21809],[93.658574,49.218679],[93.690071,49.205727],[93.787506,49.170992],[93.806639,49.157157]]]]}},{"type":"Feature","properties":{"name":"Tengiz Köli","name_zh":"田吉茲湖"},"geometry":{"type":"Polygon","coordinates":[[[69.64376,50.631038],[69.646998,50.624562],[69.633457,50.614554],[69.539849,50.578347],[69.516889,50.575403],[69.49805,50.578936],[69.453012,50.592182],[69.441532,50.592771],[69.420926,50.577758],[69.403559,50.57452],[69.370296,50.583057],[69.34498,50.582762],[69.320548,50.577464],[69.296705,50.574814],[69.274333,50.583057],[69.289346,50.591888],[69.362054,50.609549],[69.372356,50.614259],[69.376477,50.620441],[69.380893,50.624268],[69.411212,50.623973],[69.46302,50.644873],[69.472146,50.651938],[69.467436,50.661946],[69.452129,50.668422],[69.43329,50.671366],[69.346452,50.672249],[69.337916,50.669011],[69.336444,50.661358],[69.337327,50.652232],[69.33615,50.644284],[69.328496,50.631921],[69.318488,50.620441],[69.303769,50.613376],[69.213694,50.591593],[69.205157,50.57923],[69.203391,50.563334],[69.198387,50.548027],[69.205746,50.541846],[69.192794,50.52595],[69.158354,50.506816],[69.14393,50.49357],[69.135982,50.466194],[69.130683,50.459424],[69.118614,50.455891],[69.088295,50.455597],[69.075343,50.452653],[69.077698,50.439407],[69.070633,50.427632],[69.057387,50.419979],[69.040902,50.419096],[69.049733,50.444706],[69.030011,50.444117],[69.011172,50.423217],[69.023829,50.387305],[69.032071,50.379945],[69.033543,50.375824],[69.033838,50.367288],[69.038253,50.363461],[69.060036,50.364638],[69.068278,50.363755],[69.078875,50.355808],[69.091239,50.342267],[69.100658,50.326077],[69.102719,50.309298],[69.112433,50.31754],[69.123913,50.331081],[69.133038,50.346682],[69.136865,50.360223],[69.144813,50.367876],[69.162475,50.368465],[69.198387,50.363755],[69.231356,50.364638],[69.248429,50.361989],[69.26403,50.353158],[69.270801,50.338734],[69.261675,50.319895],[69.274333,50.31548],[69.271684,50.301056],[69.280809,50.286926],[69.286402,50.271619],[69.274333,50.253958],[69.254905,50.247482],[69.178076,50.246598],[69.180431,50.250425],[69.185435,50.260728],[69.171306,50.267498],[69.158942,50.265438],[69.126268,50.270442],[69.116554,50.267498],[69.115965,50.256312],[69.124796,50.244832],[69.14393,50.225993],[69.079464,50.202444],[69.033249,50.196262],[68.991449,50.182133],[68.968783,50.178895],[68.949355,50.180955],[68.896958,50.199206],[68.877236,50.201561],[68.830432,50.201266],[68.814831,50.205682],[68.817774,50.209509],[68.821601,50.219811],[68.806294,50.221872],[68.75949,50.219811],[68.764789,50.229231],[68.766849,50.232763],[68.749187,50.246304],[68.746538,50.250131],[68.742711,50.2622],[68.734175,50.264849],[68.71563,50.260728],[68.706505,50.255429],[68.684133,50.24601],[68.661467,50.2413],[68.65087,50.250131],[68.659112,50.258667],[68.711803,50.281333],[68.72505,50.298701],[68.72711,50.31283],[68.726816,50.32696],[68.732997,50.342856],[68.732997,50.351686],[68.738002,50.38495],[68.747421,50.417918],[68.75949,50.445883],[68.774797,50.47267],[68.773914,50.483562],[68.763317,50.497397],[68.762139,50.507994],[68.769204,50.523595],[68.779213,50.538608],[68.787455,50.548027],[68.816891,50.564806],[68.854275,50.573637],[68.894015,50.576581],[68.93081,50.575403],[69.001163,50.557741],[69.037076,50.555975],[69.048261,50.575403],[69.095948,50.562451],[69.126857,50.562451],[69.135393,50.560391],[69.140986,50.555386],[69.141575,50.550382],[69.133921,50.548027],[69.120675,50.538019],[69.106251,50.515059],[69.088589,50.473553],[69.101541,50.476497],[69.109195,50.482973],[69.122736,50.500929],[69.153349,50.523301],[69.161592,50.531249],[69.172777,50.553915],[69.166301,50.580407],[69.178076,50.596597],[69.19927,50.610727],[69.223702,50.621324],[69.250195,50.6278],[69.277571,50.630155],[69.293172,50.637808],[69.287874,50.656942],[69.276099,50.679608],[69.274333,50.699036],[69.308479,50.716109],[69.369707,50.718464],[69.571641,50.692854],[69.613146,50.675487],[69.617856,50.663712],[69.607553,50.660474],[69.593718,50.661946],[69.589597,50.66489],[69.528075,50.6069],[69.500405,50.602779],[69.49334,50.596597],[69.497755,50.589533],[69.510119,50.590416],[69.552507,50.601307],[69.593424,50.62309],[69.61609,50.630155],[69.64376,50.631038]]]}},{"type":"Feature","properties":{"name":"Qusmuryn Köli","name_zh":"库斯马林湖"},"geometry":{"type":"Polygon","coordinates":[[[64.977206,52.933554],[64.997811,52.915304],[64.981032,52.886456],[64.936289,52.837297],[64.937172,52.825523],[64.950418,52.775186],[64.954245,52.76665],[64.959249,52.759879],[64.963076,52.75252],[64.96337,52.74104],[64.959249,52.73162],[64.936289,52.706894],[64.918921,52.683639],[64.908619,52.674514],[64.895078,52.665977],[64.837971,52.647727],[64.820015,52.63919],[64.810595,52.628593],[64.802353,52.614463],[64.792345,52.6021],[64.77851,52.597685],[64.762908,52.606221],[64.749073,52.621234],[64.732589,52.631242],[64.710217,52.625061],[64.715221,52.616818],[64.721109,52.610931],[64.728468,52.606516],[64.737299,52.603866],[64.726702,52.601806],[64.716988,52.597979],[64.70904,52.592386],[64.702858,52.584144],[64.714338,52.581495],[64.724052,52.577962],[64.732,52.572075],[64.737299,52.56295],[64.71581,52.560595],[64.666651,52.570015],[64.651639,52.566777],[64.611605,52.52792],[64.600419,52.522033],[64.588056,52.524977],[64.580403,52.531453],[64.574221,52.538518],[64.566273,52.542344],[64.554499,52.543522],[64.550083,52.540872],[64.548023,52.53528],[64.541841,52.525566],[64.524179,52.51644],[64.498864,52.512614],[64.475315,52.51644],[64.463246,52.529392],[64.480908,52.534102],[64.502102,52.552647],[64.517703,52.556768],[64.537426,52.558534],[64.555087,52.56501],[64.568039,52.576785],[64.573044,52.594447],[64.575104,52.607399],[64.580697,52.623589],[64.589234,52.639779],[64.600419,52.652436],[64.617787,52.660384],[64.658409,52.666272],[64.676071,52.672748],[64.679898,52.677163],[64.693144,52.696885],[64.701386,52.703361],[64.719343,52.711604],[64.740831,52.727205],[64.774389,52.741334],[64.789107,52.751637],[64.797349,52.764884],[64.806769,52.796675],[64.812656,52.809333],[64.824431,52.822579],[64.839737,52.832587],[64.858871,52.837886],[64.882126,52.837297],[64.877416,52.847011],[64.874767,52.850838],[64.890957,52.862612],[64.905381,52.869383],[64.918038,52.877331],[64.929813,52.892638],[64.945414,52.929433],[64.957483,52.939736],[64.977206,52.933554]]]}},{"type":"Feature","properties":{"name":"Har Nuur","name_zh":"哈尔湖"},"geometry":{"type":"Polygon","coordinates":[[[93.597641,47.68357],[93.613537,47.675033],[93.607061,47.655605],[93.580273,47.622342],[93.541123,47.594378],[93.490787,47.576127],[93.437212,47.576127],[93.388054,47.601737],[93.397768,47.622637],[93.380106,47.645891],[93.35273,47.669735],[93.333891,47.691223],[93.329475,47.702115],[93.327709,47.713595],[93.32977,47.724487],[93.346254,47.749802],[93.343899,47.760988],[93.337717,47.771585],[93.333891,47.783654],[93.322999,47.804848],[93.297978,47.828397],[93.269425,47.847236],[93.248231,47.855184],[93.243521,47.857834],[93.230863,47.872257],[93.234396,47.880205],[93.242343,47.88256],[93.251763,47.884326],[93.258239,47.889625],[93.256767,47.89669],[93.249702,47.901105],[93.244698,47.906109],[93.248231,47.913763],[93.259416,47.923182],[93.262949,47.92907],[93.265598,47.938195],[93.189947,47.938195],[93.200249,47.948792],[93.216734,47.954385],[93.235573,47.9588],[93.252057,47.964982],[93.232335,47.978228],[93.207608,47.981761],[93.102815,47.981172],[93.082209,47.987059],[93.038643,48.01208],[93.023631,48.024149],[93.0148,48.040045],[93.011856,48.064183],[93.012739,48.087143],[93.017449,48.113342],[93.027752,48.136302],[93.046003,48.149843],[93.057483,48.139834],[93.076616,48.128649],[93.096927,48.122467],[93.111057,48.126294],[93.118416,48.131592],[93.137255,48.139246],[93.141965,48.143661],[93.141965,48.15367],[93.136961,48.162206],[93.131074,48.168682],[93.128424,48.173981],[93.144614,48.214897],[93.183471,48.222551],[93.272369,48.211954],[93.399239,48.211954],[93.4222,48.199002],[93.419551,48.16986],[93.406304,48.139246],[93.396001,48.122467],[93.374807,48.102156],[93.324471,48.068598],[93.303277,48.050348],[93.279139,48.034158],[93.254707,48.022972],[93.250586,48.015907],[93.286204,48.012669],[93.260594,47.992064],[93.258239,47.985293],[93.265304,47.979112],[93.277373,47.979995],[93.303277,47.985293],[93.317995,47.98235],[93.317406,47.975285],[93.306515,47.96145],[93.304749,47.957917],[93.282671,47.881971],[93.282966,47.858422],[93.296506,47.84812],[93.301805,47.845176],[93.314757,47.831341],[93.374807,47.813973],[93.390997,47.800138],[93.4222,47.766286],[93.45664,47.754512],[93.49373,47.729785],[93.577918,47.687691],[93.597641,47.68357]]]}},{"type":"Feature","properties":{"name":"Aydar Ko‘l","name_zh":"艾达尔湖"},"geometry":{"type":"Polygon","coordinates":[[[68.045952,41.050369],[68.058609,41.055079],[68.040359,41.015928],[68.013866,40.934389],[67.975304,40.861387],[67.904657,40.814583],[67.889055,40.813111],[67.859619,40.818704],[67.846078,40.818999],[67.830477,40.812523],[67.816936,40.791623],[67.80369,40.78338],[67.789266,40.783675],[67.775137,40.790445],[67.76189,40.799571],[67.748938,40.806341],[67.734809,40.809579],[67.721562,40.810756],[67.708316,40.809579],[67.694481,40.806341],[67.666516,40.793389],[67.617946,40.75836],[67.587921,40.748646],[67.53052,40.752178],[67.501967,40.747762],[67.485188,40.728923],[67.490781,40.719503],[67.574675,40.651211],[67.591748,40.632077],[67.602345,40.610294],[67.603817,40.595871],[67.602345,40.565551],[67.6047,40.550538],[67.612648,40.53847],[67.623539,40.525223],[67.630604,40.512566],[67.627366,40.501085],[67.60676,40.497259],[67.577029,40.506384],[67.528165,40.531699],[67.51639,40.539941],[67.490192,40.565551],[67.477534,40.57291],[67.438678,40.585568],[67.421605,40.595576],[67.364499,40.644735],[67.326231,40.668578],[67.309453,40.688595],[67.312396,40.706257],[67.322993,40.724802],[67.329469,40.746585],[67.32211,40.766013],[67.302093,40.771312],[67.251757,40.769251],[67.227914,40.776021],[67.179049,40.798099],[67.156089,40.801042],[67.133128,40.793389],[67.117233,40.782792],[67.100748,40.775138],[67.074844,40.776021],[67.047468,40.78603],[66.884979,40.883464],[66.852599,40.893473],[66.492886,40.943367],[66.133173,40.993262],[66.114629,41.003565],[66.121693,41.016223],[66.128464,41.017694],[66.155545,41.016223],[66.148775,41.016223],[66.229136,41.013868],[66.275646,41.026525],[66.300667,41.023287],[66.348059,41.009452],[66.443728,41.002682],[66.457268,41.005037],[66.481112,41.015928],[66.49377,41.019461],[66.508193,41.018872],[66.544989,41.00592],[66.769294,40.993851],[66.835821,41.002387],[66.984769,41.001504],[67.036283,40.993262],[67.084853,40.977072],[67.11635,40.953229],[67.137838,40.952934],[67.177577,40.960882],[67.197888,40.961471],[67.211135,40.958527],[67.232035,40.950285],[67.267358,40.946753],[67.273834,40.940865],[67.272363,40.917316],[67.289141,40.891118],[67.328586,40.880226],[67.408359,40.87375],[67.398939,40.859621],[67.384515,40.849907],[67.368914,40.84137],[67.353901,40.831362],[67.372741,40.82047],[67.396584,40.818115],[67.476357,40.824297],[67.53994,40.820765],[67.764834,40.881698],[67.905245,40.952051],[67.956759,40.990613],[67.996793,41.040655],[68.020342,41.060966],[68.020636,41.059494],[68.033883,41.04301],[68.045952,41.050369]]]}},{"type":"Feature","properties":{"name":"Airag Lake","name_zh":"艾拉格湖"},"geometry":{"type":"Polygon","coordinates":[[[93.539357,48.923726],[93.540829,48.91519],[93.537002,48.875156],[93.53082,48.863676],[93.519929,48.856022],[93.505211,48.849252],[93.464588,48.837477],[93.431325,48.840421],[93.401594,48.855434],[93.371569,48.879866],[93.357734,48.887519],[93.345665,48.891935],[93.34125,48.898999],[93.351258,48.914306],[93.362738,48.924904],[93.375396,48.932263],[93.38982,48.936678],[93.406599,48.937856],[93.425732,48.939033],[93.442217,48.941977],[93.470476,48.951691],[93.48019,48.957284],[93.499029,48.965231],[93.517574,48.965526],[93.525522,48.948158],[93.536413,48.931085],[93.539357,48.923726]]]}},{"type":"Feature","properties":{"name":"Qypshaq Kli","name_zh":"奇普沙克湖"},"geometry":{"type":"Polygon","coordinates":[[[68.451291,50.140627],[68.453057,50.096767],[68.451291,50.089408],[68.434512,50.080871],[68.416556,50.082049],[68.402132,50.091174],[68.396539,50.106481],[68.386531,50.116195],[68.321182,50.130325],[68.33119,50.150341],[68.33384,50.165943],[68.340021,50.179483],[68.361804,50.192435],[68.380938,50.185959],[68.418911,50.195673],[68.431274,50.185076],[68.417733,50.169769],[68.426564,50.159172],[68.44246,50.150341],[68.451291,50.140627]]]}},{"type":"Feature","properties":{"name":"Ozero Shalkar","name_zh":"沙尔卡湖"},"geometry":{"type":"Polygon","coordinates":[[[70.016131,50.495042],[70.024962,50.472964],[70.02084,50.445883],[70.003767,50.4241],[69.97963,50.410265],[69.953725,50.407321],[69.932237,50.419096],[69.920757,50.434992],[69.891026,50.49357],[69.872481,50.515647],[69.852464,50.526833],[69.805955,50.538019],[69.779756,50.56775],[69.777107,50.57923],[69.795063,50.583057],[69.816257,50.578052],[69.835685,50.56775],[69.852759,50.55362],[69.866888,50.538313],[69.882195,50.529777],[69.903684,50.523006],[69.923406,50.513881],[69.932237,50.497397],[69.937535,50.472081],[69.951665,50.450887],[69.971387,50.441468],[69.992876,50.452653],[69.981101,50.459424],[69.97698,50.469138],[69.975803,50.480618],[69.972859,50.49357],[69.963439,50.514175],[69.956375,50.523301],[69.945778,50.534487],[69.961085,50.541551],[69.977569,50.54214],[69.993465,50.537136],[70.007005,50.527716],[70.006417,50.512998],[70.016131,50.495042]]]}},{"type":"Feature","properties":{"name":"South Aral Sea","name_zh":"南咸海"},"geometry":{"type":"Polygon","coordinates":[[[59.006192,45.906316],[59.017236,45.907788],[59.025702,45.906684],[59.041531,45.895641],[59.049997,45.893432],[59.059936,45.894536],[59.065458,45.899322],[59.066562,45.907052],[59.06509,45.915887],[59.069139,45.931716],[59.079078,45.943495],[59.095275,45.949017],[59.116257,45.951225],[59.149019,45.946808],[59.164848,45.942391],[59.172578,45.937237],[59.176627,45.929875],[59.179204,45.925826],[59.185462,45.930979],[59.189879,45.9446],[59.196873,45.956011],[59.209757,45.967422],[59.224482,45.975153],[59.240311,45.993926],[59.25982,46.001289],[59.280066,46.006074],[59.294055,46.006074],[59.302889,46.002393],[59.309147,45.994663],[59.309793,45.993752],[59.309515,45.977361],[59.301417,45.95822],[59.283379,45.929139],[59.243992,45.892328],[59.224744,45.882957],[59.172578,45.874843],[59.150328,45.877714],[59.104846,45.896745],[59.104478,45.890487],[59.098588,45.88607],[59.084232,45.882389],[59.077883,45.878081],[59.072452,45.877787],[59.067707,45.87563],[59.059568,45.877603],[59.052574,45.87834],[59.045212,45.875027],[59.031592,45.863615],[59.02607,45.853676],[59.019215,45.843657],[59.013644,45.838471],[59.0,45.82893213116941],[59.0,45.89950496821516],[59.006192,45.906316]]]}},{"type":"Feature","properties":{"name":"Barsakelmes Lake","name_zh":"巴尔萨克梅斯湖"},"geometry":{"type":"Polygon","coordinates":[[[59.591672,46.209087],[59.530566,46.289335],[59.504062,46.318784],[59.517038,46.323836],[59.547499,46.326882],[59.570322,46.323937],[59.583574,46.315839],[59.589463,46.304059],[59.614495,46.309949],[59.660141,46.31952],[59.694743,46.320256],[59.730822,46.321671],[59.75953,46.309213],[59.784562,46.284181],[59.800759,46.256941],[59.80545,46.243873],[59.802231,46.218658],[59.802231,46.195835],[59.807385,46.181111],[59.814747,46.161233],[59.817692,46.139882],[59.813275,46.123685],[59.797814,46.109697],[59.728654,46.082839],[59.591672,46.209087]]]}},{"type":"Feature","properties":{"name":"North Aral Sea","name_zh":"北咸海"},"geometry":{"type":"Polygon","coordinates":[[[60.752342,46.117724],[60.796057,46.148461],[60.807538,46.158764],[60.816663,46.170538],[60.82255,46.184668],[60.824905,46.198503],[60.824808,46.201046],[60.810026,46.233566],[60.747447,46.318232],[60.737876,46.339582],[60.728305,46.349889],[60.722416,46.363877],[60.722416,46.374185],[60.705814,46.375191],[60.684868,46.339582],[60.672353,46.335901],[60.66499,46.327066],[60.655419,46.324121],[60.637014,46.329275],[60.634805,46.318232],[60.629652,46.319704],[60.625234,46.325594],[60.615664,46.327803],[60.605356,46.321177],[60.595049,46.303507],[60.587687,46.296145],[60.579589,46.2932],[60.560447,46.295409],[60.507439,46.317495],[60.471364,46.330747],[60.440443,46.352834],[60.41762,46.368295],[60.380809,46.388909],[60.348415,46.402897],[60.331482,46.405106],[60.318966,46.397007],[60.30277,46.388909],[60.287309,46.382283],[60.265222,46.379338],[60.221785,46.378602],[60.196754,46.374921],[60.183612,46.367752],[60.176876,46.359092],[60.169882,46.354675],[60.153317,46.353938],[60.133439,46.356515],[60.102149,46.369031],[60.077118,46.381915],[60.065706,46.392222],[60.049878,46.403633],[60.054663,46.408419],[60.023006,46.41799],[60.013435,46.423879],[60.003864,46.425352],[59.995029,46.428297],[59.988403,46.437868],[59.98325,46.454801],[59.97736,46.481305],[59.981777,46.507809],[59.989876,46.550509],[60.001655,46.57186],[60.003771,46.573447],[60.004807,46.575878],[60.011045,46.584255],[60.03635,46.601125],[60.055859,46.607014],[60.076105,46.610696],[60.102978,46.614377],[60.115861,46.619162],[60.132426,46.634255],[60.161507,46.650083],[60.185066,46.661863],[60.199054,46.665544],[60.214515,46.67806],[60.237338,46.695729],[60.253535,46.700146],[60.270468,46.703091],[60.286665,46.700146],[60.306543,46.688367],[60.332942,46.669227],[60.349244,46.648611],[60.367649,46.616953],[60.38311,46.579406],[60.394889,46.544068],[60.405933,46.498422],[60.405447,46.489148],[60.410868,46.482523],[60.416218,46.500016],[60.417505,46.502875],[60.418082,46.504104],[60.421025,46.519312],[60.428993,46.52728],[60.453921,46.573614],[60.453419,46.603241],[60.450474,46.612076],[60.450658,46.618426],[60.453419,46.622383],[60.459309,46.627537],[60.468879,46.623855],[60.470907,46.622452],[60.474401,46.622015],[60.475953,46.619084],[60.476978,46.618426],[60.472561,46.610143],[60.472929,46.606094],[60.518206,46.586216],[60.535507,46.575541],[60.558698,46.565602],[60.580049,46.563025],[60.606185,46.56597],[60.629744,46.5737],[60.647781,46.581063],[60.670604,46.589161],[60.68224,46.599108],[60.688615,46.602959],[60.691715,46.605824],[60.693059,46.609407],[60.696595,46.612944],[60.758214,46.634439],[60.765577,46.642537],[60.763529,46.646632],[60.764435,46.64729],[60.739809,46.656525],[60.69858,46.677139],[60.635265,46.715423],[60.57195,46.736037],[60.541765,46.743399],[60.525568,46.750762],[60.521151,46.760332],[60.519679,46.769903],[60.524832,46.777266],[60.542502,46.777266],[60.566612,46.780357],[60.570794,46.782697],[60.580049,46.783892],[60.594037,46.781683],[60.605817,46.775793],[60.632321,46.775793],[60.652935,46.769167],[60.674285,46.761805],[60.691954,46.761069],[60.717722,46.755179],[60.76484,46.755179],[60.788399,46.755179],[60.810767,46.747149],[60.817848,46.738982],[60.822266,46.727203],[60.819321,46.712478],[60.794289,46.663887],[60.787663,46.619714],[60.77583,46.59282],[60.776041,46.591185],[60.777875,46.588056],[60.776068,46.581431],[60.784166,46.566706],[60.812879,46.547565],[60.839383,46.508545],[60.892391,46.473206],[60.946871,46.459954],[61.011658,46.461427],[61.083808,46.459954],[61.133871,46.449647],[61.144555,46.453493],[61.157831,46.4546],[61.197805,46.467541],[61.197709,46.468053],[61.226635,46.468053],[61.244304,46.476151],[61.267127,46.49971],[61.267863,46.513698],[61.256084,46.527687],[61.239151,46.535049],[61.230316,46.547565],[61.233997,46.557135],[61.236206,46.569651],[61.220009,46.566706],[61.206021,46.570387],[61.206757,46.579958],[61.216328,46.588057],[61.233261,46.580695],[61.296576,46.61088],[61.30173,46.632966],[61.314981,46.647691],[61.366517,46.649163],[61.384186,46.663887],[61.409218,46.672722],[61.426887,46.657998],[61.456336,46.672722],[61.528486,46.677139],[61.506399,46.638856],[61.479895,46.627076],[61.453391,46.602045],[61.450446,46.584376],[61.326761,46.498974],[61.310564,46.475415],[61.279643,46.479832],[61.276985,46.429339],[61.287552,46.418452],[61.289016,46.416945],[61.296576,46.409155],[61.300257,46.38486],[61.290256,46.386439],[61.291178,46.381597],[61.288823,46.372767],[61.288155,46.371784],[61.28995,46.364246],[61.280379,46.329643],[61.265655,46.30682],[61.25724,46.306454],[61.255266,46.300059],[61.247318,46.289756],[61.247055,46.289556],[61.244304,46.274427],[61.231789,46.250867],[61.217064,46.236879],[61.206065,46.234577],[61.200808,46.230883],[61.188445,46.225879],[61.179061,46.223959],[61.165713,46.215529],[61.120067,46.217001],[61.095035,46.19197],[61.040555,46.18019],[61.003233,46.18019],[60.976685,46.16988],[60.946319,46.140434],[60.896256,46.118348],[60.868279,46.112458],[60.862482,46.090003],[60.782878,46.085954],[60.752342,46.117724]]]}},{"type":"Feature","properties":{"name":null,"name_zh":null},"geometry":{"type":"Polygon","coordinates":[[[59.840745,46.027654],[59.865776,46.04017],[59.93719,46.055631],[59.978418,46.060048],[59.981748,46.060336],[60.006395,46.050477],[60.014493,46.039679],[60.023466,46.031105],[60.026411,46.017117],[60.022729,45.994294],[60.011318,45.970551],[59.998802,45.960244],[59.982237,45.953986],[59.97009,45.944415],[59.960151,45.943311],[59.954629,45.945888],[59.953157,45.95141],[59.956101,45.958772],[59.962165,45.961878],[59.958991,45.966666],[59.952282,45.969309],[59.945656,45.977775],[59.942921,45.990904],[59.942552,45.991462],[59.943448,46.007592],[59.938294,46.009065],[59.934613,46.016427],[59.927987,46.020844],[59.921729,46.022869],[59.892786,46.000184],[59.86746,45.988743],[59.860761,45.987208],[59.854674,45.988114],[59.809262,46.012442],[59.808581,46.013804],[59.809244,46.01734],[59.840745,46.027654]]]}},{"type":"Feature","properties":{"name":"Lake Pedder","name_zh":"佩德湖"},"geometry":{"type":"Polygon","coordinates":[[[146.00774,-42.837737],[146.020527,-42.833946],[146.022451,-42.82663],[146.016955,-42.820566],[146.010434,-42.813857],[146.012538,-42.807964],[146.024381,-42.804241],[146.034256,-42.799939],[146.036803,-42.797601],[146.04096,-42.792996],[146.049452,-42.785207],[146.057764,-42.791066],[146.061741,-42.800109],[146.065897,-42.810576],[146.074792,-42.828596],[146.086909,-42.842074],[146.099073,-42.848372],[146.107254,-42.845626],[146.11065,-42.842508],[146.114044,-42.839392],[146.122493,-42.83878],[146.127546,-42.841284],[146.136624,-42.84565],[146.156569,-42.853532],[146.170706,-42.860399],[146.17219,-42.864595],[146.170404,-42.865442],[146.16598,-42.867919],[146.152527,-42.873925],[146.137863,-42.877864],[146.130077,-42.876275],[146.119206,-42.872753],[146.103152,-42.873199],[146.099086,-42.87852],[146.107586,-42.885799],[146.11672,-42.898057],[146.120618,-42.90639],[146.123309,-42.912655],[146.131904,-42.920644],[146.143804,-42.924806],[146.15025,-42.930799],[146.150211,-42.937979],[146.154872,-42.944817],[146.16712,-42.948907],[146.181398,-42.949304],[146.197486,-42.946184],[146.214615,-42.939191],[146.229475,-42.929606],[146.236116,-42.924373],[146.242297,-42.918618],[146.260144,-42.907699],[146.283353,-42.90384],[146.301929,-42.908217],[146.30866,-42.916338],[146.305425,-42.928064],[146.308285,-42.942928],[146.32478,-42.953198],[146.342059,-42.954795],[146.349189,-42.958577],[146.344741,-42.96824],[146.333532,-42.976965],[146.327321,-42.980295],[146.324684,-42.981924],[146.323535,-42.987749],[146.328299,-42.995294],[146.336369,-42.999008],[146.346527,-42.996824],[146.356503,-42.993216],[146.36439,-42.995504],[146.365399,-43.003328],[146.36123,-43.015122],[146.35933,-43.02244],[146.358274,-43.028979],[146.349966,-43.038209],[146.33313,-43.040169],[146.323545,-43.039438],[146.316441,-43.038569],[146.302152,-43.038183],[146.283102,-43.042409],[146.271237,-43.046153],[146.263895,-43.048128],[146.251761,-43.049736],[146.246969,-43.049369],[146.240201,-43.048427],[146.22554,-43.04519],[146.218046,-43.038561],[146.218442,-43.034226],[146.219508,-43.027688],[146.218271,-43.010549],[146.208206,-42.991183],[146.187102,-42.981953],[146.166219,-42.982122],[146.151089,-42.982504],[146.135709,-42.980665],[146.128589,-42.976874],[146.126659,-42.969118],[146.116578,-42.95693],[146.100951,-42.945859],[146.083361,-42.934208],[146.073917,-42.926995],[146.064476,-42.919782],[146.046132,-42.909621],[146.030878,-42.901388],[146.018938,-42.889328],[146.007093,-42.877977],[145.997396,-42.868625],[145.991009,-42.855448],[145.993162,-42.842374],[146.00774,-42.837737]]]}},{"type":"Feature","properties":{"name":"Lake Gordon","name_zh":"戈登湖"},"geometry":{"type":"Polygon","coordinates":[[[146.16908,-42.660953],[146.169784,-42.651571],[146.171909,-42.638494],[146.181561,-42.617687],[146.195464,-42.608056],[146.205314,-42.603748],[146.213167,-42.606044],[146.218811,-42.620705],[146.221736,-42.636284],[146.228834,-42.640069],[146.241316,-42.634126],[146.252375,-42.631877],[146.257027,-42.638715],[146.263074,-42.649041],[146.271345,-42.658481],[146.273853,-42.663321],[146.266096,-42.665329],[146.258691,-42.66659],[146.249412,-42.66799],[146.232243,-42.674278],[146.220574,-42.68662],[146.222385,-42.700846],[146.238558,-42.708992],[146.25655,-42.709106],[146.272457,-42.715116],[146.284375,-42.734341],[146.285985,-42.754322],[146.285478,-42.765127],[146.286781,-42.767903],[146.288175,-42.771389],[146.293111,-42.78036],[146.304794,-42.790271],[146.32154,-42.802677],[146.328245,-42.817974],[146.315174,-42.826835],[146.295191,-42.826154],[146.284897,-42.819733],[146.283415,-42.815534],[146.281929,-42.811337],[146.275297,-42.803929],[146.265639,-42.802484],[146.259616,-42.807232],[146.258102,-42.810214],[146.25223,-42.823566],[146.243535,-42.839066],[146.238435,-42.846368],[146.222796,-42.860183],[146.206567,-42.859216],[146.197516,-42.844265],[146.189985,-42.829741],[146.185814,-42.822684],[146.174078,-42.804878],[146.169334,-42.797328],[146.156945,-42.781722],[146.149298,-42.773666],[146.145946,-42.769602],[146.142808,-42.75978],[146.142482,-42.749753],[146.13524,-42.737356],[146.121254,-42.724016],[146.11067,-42.722633],[146.098439,-42.730698],[146.080131,-42.735614],[146.065975,-42.735921],[146.057625,-42.737243],[146.053652,-42.743274],[146.053251,-42.74761],[146.052938,-42.752657],[146.048025,-42.758753],[146.033954,-42.759767],[146.012379,-42.761319],[145.992061,-42.757755],[145.982406,-42.747192],[145.980966,-42.74178],[145.980491,-42.739436],[145.984083,-42.731776],[145.996234,-42.723008],[146.009141,-42.712749],[146.017672,-42.697778],[146.021654,-42.676675],[146.021927,-42.663735],[146.023224,-42.651439],[146.031926,-42.63789],[146.04183,-42.641481],[146.04446,-42.654927],[146.046109,-42.675625],[146.047625,-42.687719],[146.048785,-42.696967],[146.053874,-42.707365],[146.0624,-42.707468],[146.070165,-42.693987],[146.074536,-42.668547],[146.078504,-42.647442],[146.081267,-42.639345],[146.084432,-42.626912],[146.088573,-42.60723],[146.093871,-42.596798],[146.104837,-42.593846],[146.113047,-42.598992],[146.111273,-42.614916],[146.107935,-42.625927],[146.104469,-42.643405],[146.103489,-42.650655],[146.105546,-42.667016],[146.115324,-42.677072],[146.129076,-42.681096],[146.136087,-42.684175],[146.143185,-42.687966],[146.155545,-42.688502],[146.164591,-42.677792],[146.16908,-42.660953]]]}}]}