{"type":"FeatureCollection","features":[{"type":"Feature","properties":{"scalerank":0,"featurecla":"Land","min_zoom":4},"bbox":[127.286426,0.758447,127.372656,0.862012],"geometry":{"type":"Polygon","coordinates":[[[127.372656,0.791309],[127.338379,0.758447],[127.306055,0.769434],[127.286426,0.811914],[127.292773,0.84248],[127.319824,0.862012],[127.353809,0.847461],[127.372656,0.791309]]]}},{"type":"Feature","properties":{"scalerank":0,"featurecla":"Land","min_zoom":0},"bbox":[113.184766,-39.145508,153.616895,-10.707324],"geometry":{"type":"Polygon","coordinates":[[[143.178906,-11.954492],[143.15293,-12.075879],[143.104688,-12.169629],[143.099023,-12.225977],[143.110254,-12.303516],[143.190625,-12.36123],[143.254102,-12.397656],[143.289648,-12.498828],[143.401563,-12.639941],[143.397559,-12.736133],[143.457715,-12.855762],[143.512012,-13.094531],[143.529492,-13.303809],[143.586621,-13.443652],[143.548438,-13.741016],[143.589258,-13.862793],[143.643359,-13.963672],[143.707227,-14.164551],[143.756348,-14.348828],[143.822363,-14.401074],[143.961816,-14.462891],[144.105859,-14.394531],[144.209863,-14.301953],[144.32168,-14.279395],[144.473047,-14.231836],[144.586426,-14.354688],[144.648047,-14.49248],[144.915723,-14.674316],[145.064453,-14.791016],[145.17998,-14.856934],[145.287695,-14.943164],[145.276953,-15.029395],[145.25166,-15.097461],[145.276172,-15.203906],[145.293066,-15.327246],[145.271582,-15.47666],[145.349512,-15.701563],[145.375391,-15.881055],[145.458008,-16.056445],[145.451855,-16.236914],[145.436426,-16.30498],[145.426074,-16.406152],[145.49043,-16.532129],[145.549902,-16.625098],[145.638281,-16.726074],[145.754785,-16.879492],[145.837891,-16.910352],[145.912109,-16.9125],[145.901953,-17.070215],[146.049805,-17.381055],[146.125879,-17.635254],[146.074023,-17.977344],[146.022852,-18.175781],[146.032227,-18.272852],[146.223047,-18.509863],[146.333203,-18.553711],[146.311719,-18.666699],[146.296875,-18.841211],[146.383398,-18.977051],[146.481152,-19.078711],[146.587305,-19.139453],[146.691992,-19.187402],[146.829004,-19.235742],[147.002637,-19.256055],[147.092773,-19.332617],[147.13877,-19.393164],[147.278125,-19.41416],[147.341504,-19.40293],[147.418555,-19.378125],[147.470898,-19.419336],[147.509766,-19.474121],[147.586035,-19.622754],[147.742383,-19.770117],[147.853223,-19.794727],[147.915625,-19.869238],[148.004492,-19.889551],[148.081055,-19.898633],[148.189648,-19.955859],[148.366895,-20.0875],[148.526758,-20.108887],[148.600488,-20.145215],[148.759375,-20.289551],[148.820996,-20.366406],[148.884766,-20.480859],[148.805078,-20.491699],[148.72998,-20.467773],[148.683691,-20.580176],[148.789453,-20.735645],[148.912402,-20.845215],[149.060547,-20.961133],[149.204883,-21.125098],[149.241406,-21.250195],[149.280273,-21.299512],[149.329297,-21.476074],[149.454102,-21.578711],[149.460059,-21.76543],[149.524023,-22.023633],[149.595703,-22.257617],[149.645313,-22.32832],[149.703906,-22.440527],[149.771582,-22.42627],[149.822461,-22.389844],[149.920313,-22.501367],[149.974414,-22.550684],[150.005566,-22.521582],[149.941895,-22.308105],[149.98125,-22.184277],[150.020605,-22.168359],[150.076172,-22.164453],[150.142969,-22.26543],[150.234863,-22.372949],[150.405078,-22.468945],[150.541309,-22.559082],[150.57959,-22.555762],[150.564355,-22.486133],[150.568555,-22.383984],[150.622852,-22.367285],[150.672461,-22.418164],[150.763867,-22.576172],[150.782813,-22.90293],[150.783008,-23.176563],[150.843164,-23.458008],[150.931055,-23.531934],[150.98877,-23.601758],[151.087695,-23.696094],[151.153809,-23.784082],[151.236328,-23.825],[151.500781,-24.012402],[151.575391,-24.033594],[151.690918,-24.038379],[151.831641,-24.122949],[151.902734,-24.200977],[152.055371,-24.494434],[152.129883,-24.597559],[152.282031,-24.699316],[152.353125,-24.73252],[152.456348,-24.802441],[152.493164,-24.904004],[152.502051,-24.963965],[152.563281,-25.07207],[152.654297,-25.201953],[152.78916,-25.274121],[152.913477,-25.432129],[152.920508,-25.688574],[152.984961,-25.816211],[153.028223,-25.870313],[153.125488,-25.922656],[153.164941,-25.96416],[153.08418,-26.303809],[153.162109,-26.982715],[153.116797,-27.194434],[153.197949,-27.404688],[153.385742,-27.768555],[153.428418,-27.897656],[153.454883,-28.04834],[153.575684,-28.240527],[153.569141,-28.533398],[153.616895,-28.673047],[153.60459,-28.854492],[153.462207,-29.050195],[153.348047,-29.29043],[153.346973,-29.496582],[153.272363,-29.89248],[153.223828,-29.998633],[153.188184,-30.163867],[153.030566,-30.563379],[153.02373,-30.720117],[153.047852,-30.907129],[153.021582,-31.086621],[152.982227,-31.208789],[152.943945,-31.434863],[152.78584,-31.786328],[152.559277,-32.045703],[152.545313,-32.243066],[152.516602,-32.330176],[152.47041,-32.439063],[152.33125,-32.55752],[152.247461,-32.608691],[152.215723,-32.678125],[152.136523,-32.678125],[152.13457,-32.699902],[152.188086,-32.72168],[152.164258,-32.757422],[151.954297,-32.820312],[151.812891,-32.901074],[151.668359,-33.098633],[151.607715,-33.201855],[151.530078,-33.300977],[151.483789,-33.347461],[151.463379,-33.397363],[151.432031,-33.521582],[151.35752,-33.543945],[151.29209,-33.580957],[151.322754,-33.699316],[151.288379,-33.834863],[151.280273,-33.92666],[151.244629,-33.985059],[151.20166,-33.964063],[151.167871,-33.973438],[151.124805,-34.005273],[151.191211,-34.015234],[151.231543,-34.029688],[151.089941,-34.1625],[150.960352,-34.29707],[150.927441,-34.386621],[150.871289,-34.499121],[150.821875,-34.749219],[150.781055,-34.892188],[150.80918,-34.993848],[150.80459,-35.012891],[150.774609,-35.02041],[150.756055,-35.007129],[150.697363,-35.041895],[150.680957,-35.07666],[150.705664,-35.119727],[150.722168,-35.13457],[150.714648,-35.155176],[150.690332,-35.177734],[150.634473,-35.177637],[150.56748,-35.214258],[150.374121,-35.58418],[150.292188,-35.682324],[150.195312,-35.833594],[150.158496,-35.970605],[150.128906,-36.12041],[150.095313,-36.372656],[150.062793,-36.550391],[149.988184,-36.722754],[149.960254,-36.845508],[149.950586,-37.080273],[149.986328,-37.258398],[149.962891,-37.353027],[149.962305,-37.443848],[149.932715,-37.528516],[149.809375,-37.547852],[149.708984,-37.616992],[149.56543,-37.72998],[149.480859,-37.771191],[149.298438,-37.802148],[148.943945,-37.788477],[148.2625,-37.830664],[148.130664,-37.856055],[147.876758,-37.93418],[147.631445,-38.055664],[147.395605,-38.219141],[146.856836,-38.663477],[146.435742,-38.711816],[146.35625,-38.711816],[146.292578,-38.699805],[146.21748,-38.727441],[146.216211,-38.782715],[146.285547,-38.840234],[146.336621,-38.894238],[146.426953,-38.819629],[146.466602,-38.840332],[146.481641,-38.97793],[146.483789,-39.065039],[146.456641,-39.112305],[146.4,-39.145508],[146.340039,-39.123828],[146.332031,-39.07666],[146.254297,-38.964453],[146.158398,-38.865723],[146.069922,-38.834082],[146.018164,-38.86709],[145.935352,-38.901758],[145.865527,-38.775977],[145.79082,-38.666992],[145.691895,-38.655664],[145.606348,-38.656836],[145.535352,-38.609668],[145.397266,-38.535352],[145.424219,-38.477344],[145.462793,-38.416309],[145.542188,-38.393848],[145.518359,-38.311426],[145.475781,-38.24375],[145.366406,-38.225684],[145.292773,-38.237598],[145.248926,-38.291211],[145.191211,-38.383594],[144.95957,-38.500781],[144.847266,-38.436328],[144.717773,-38.340332],[144.780273,-38.347363],[144.911426,-38.344043],[145.020117,-38.258398],[145.066992,-38.204883],[145.119922,-38.091309],[145.049609,-38.010938],[144.984863,-37.952246],[144.891309,-37.899805],[144.538477,-38.077148],[144.465332,-38.102539],[144.395508,-38.136914],[144.517773,-38.166406],[144.589453,-38.157617],[144.665234,-38.209961],[144.543652,-38.284082],[144.447852,-38.303711],[144.328711,-38.348242],[144.101562,-38.462305],[143.811719,-38.698828],[143.686719,-38.766895],[143.538965,-38.820898],[143.338477,-38.757812],[143.226465,-38.743164],[143.082617,-38.645898],[142.840234,-38.580859],[142.612109,-38.45166],[142.455859,-38.386328],[142.344531,-38.372168],[142.187695,-38.399414],[141.924707,-38.283789],[141.725,-38.271387],[141.593945,-38.387793],[141.491797,-38.379785],[141.424219,-38.363477],[141.213867,-38.171973],[141.010938,-38.076953],[140.627246,-38.028418],[140.39043,-37.89668],[140.212109,-37.642188],[139.874805,-37.352051],[139.784277,-37.245801],[139.742285,-37.141699],[139.738477,-37.05957],[139.783887,-36.902637],[139.846582,-36.748047],[139.857324,-36.662109],[139.729004,-36.371387],[139.54873,-36.09668],[139.465918,-36.010352],[139.244922,-35.827344],[139.037695,-35.689258],[138.985059,-35.617578],[138.968945,-35.580762],[139.066895,-35.598438],[139.1125,-35.542285],[139.178027,-35.523047],[139.230566,-35.597656],[139.289453,-35.611328],[139.29209,-35.485938],[139.325098,-35.42666],[139.302539,-35.399414],[139.28252,-35.375391],[139.192773,-35.347266],[139.09375,-35.389551],[139.017676,-35.443262],[138.915234,-35.488867],[138.875293,-35.536816],[138.770996,-35.538379],[138.729688,-35.550781],[138.521875,-35.642383],[138.389258,-35.644727],[138.184375,-35.612695],[138.252148,-35.486523],[138.33291,-35.411719],[138.399805,-35.325781],[138.511133,-35.024414],[138.489941,-34.763574],[138.43623,-34.65625],[138.264355,-34.440332],[138.18623,-34.307227],[138.089258,-34.169824],[138.041309,-34.249805],[138.012305,-34.334082],[137.919238,-34.456055],[137.874121,-34.727441],[137.691699,-35.142969],[137.566406,-35.148047],[137.45957,-35.131348],[137.272363,-35.178711],[137.144434,-35.236426],[137.029883,-35.236523],[136.966602,-35.254883],[136.883594,-35.239746],[137.014258,-34.91582],[137.128418,-34.924707],[137.252051,-34.911523],[137.308398,-34.916992],[137.391016,-34.913281],[137.454297,-34.764453],[137.492969,-34.597754],[137.468555,-34.490234],[137.458984,-34.378906],[137.483594,-34.252148],[137.493848,-34.161133],[137.650391,-33.859082],[137.780859,-33.703125],[137.931836,-33.579102],[137.913965,-33.461328],[137.866016,-33.314063],[137.852344,-33.200781],[137.924316,-33.165137],[137.992578,-33.094238],[137.913184,-32.770703],[137.863086,-32.67373],[137.783203,-32.578125],[137.781836,-32.701953],[137.790918,-32.823242],[137.680176,-32.978027],[137.53623,-33.08916],[137.442285,-33.193555],[137.354199,-33.430176],[137.237305,-33.629492],[137.130273,-33.703027],[137.034473,-33.719531],[136.936523,-33.750195],[136.783496,-33.829688],[136.635547,-33.896582],[136.525879,-33.98418],[136.430664,-34.02998],[136.121094,-34.428711],[135.979688,-34.561914],[135.950586,-34.615723],[135.891016,-34.660938],[135.902637,-34.723828],[135.950586,-34.766797],[135.998535,-34.94375],[135.969727,-34.981836],[135.919141,-34.961914],[135.792383,-34.863281],[135.7125,-34.899219],[135.647559,-34.939648],[135.480859,-34.758203],[135.411719,-34.715527],[135.324219,-34.642676],[135.230664,-34.579785],[135.19082,-34.572656],[135.123047,-34.585742],[135.12959,-34.536523],[135.175977,-34.496582],[135.216797,-34.487305],[135.29248,-34.545605],[135.378711,-34.597656],[135.427344,-34.601953],[135.45,-34.581055],[135.367969,-34.375586],[135.312012,-34.195508],[135.286328,-34.142285],[135.218945,-33.959766],[135.185449,-33.906738],[135.04209,-33.777734],[134.88877,-33.626367],[134.84668,-33.444629],[134.791016,-33.32832],[134.719043,-33.255176],[134.607715,-33.190137],[134.30127,-33.165039],[134.173535,-32.979102],[134.100391,-32.748633],[134.158398,-32.733398],[134.227148,-32.730566],[134.249219,-32.658691],[134.23418,-32.548535],[133.930176,-32.411719],[133.786719,-32.268848],[133.665332,-32.207227],[133.551367,-32.18291],[133.400586,-32.188477],[133.212109,-32.183789],[132.757422,-31.95625],[132.648633,-31.949316],[132.323633,-32.02002],[132.214648,-32.007129],[131.721191,-31.696289],[131.393164,-31.548535],[131.284961,-31.520996],[131.143652,-31.495703],[131.029297,-31.531836],[130.948145,-31.56582],[130.783008,-31.604004],[130.129785,-31.579102],[129.568848,-31.627246],[129.187695,-31.659961],[128.946191,-31.702637],[128.546094,-31.887695],[128.067676,-32.066504],[127.678027,-32.15127],[127.319824,-32.264063],[127.084082,-32.296875],[126.779297,-32.310938],[126.136523,-32.256836],[125.917188,-32.296973],[125.56748,-32.505859],[125.463672,-32.556543],[125.266602,-32.614453],[124.758789,-32.882715],[124.524609,-32.940137],[124.373242,-32.958398],[124.24375,-33.015234],[124.126074,-33.129395],[123.967188,-33.446289],[123.868359,-33.596387],[123.650391,-33.836328],[123.506836,-33.916211],[123.36543,-33.905371],[123.207617,-33.988281],[123.067578,-33.900586],[122.955664,-33.883789],[122.777539,-33.89082],[122.150977,-33.991797],[122.061133,-33.874414],[121.946387,-33.856738],[121.729688,-33.8625],[121.405078,-33.826758],[120.814551,-33.871289],[120.530566,-33.919727],[120.418359,-33.963086],[120.209375,-33.935449],[119.854102,-33.974707],[119.729102,-34.041504],[119.635156,-34.101172],[119.450586,-34.368262],[119.247656,-34.456445],[119.081348,-34.459375],[118.895312,-34.479883],[118.520117,-34.737109],[118.135547,-34.986621],[118.006445,-35.013281],[117.863086,-35.05498],[117.675391,-35.074902],[117.581934,-35.097754],[117.143945,-35.033691],[116.86543,-35.026563],[116.517188,-34.987891],[116.21709,-34.86582],[115.986719,-34.79502],[115.72627,-34.526074],[115.565039,-34.425781],[115.277637,-34.303906],[115.194824,-34.308496],[115.12793,-34.341797],[115.008789,-34.255859],[115.005664,-34.145117],[114.973437,-34.051172],[114.975684,-33.804199],[114.993848,-33.515332],[115.098926,-33.580273],[115.181641,-33.643457],[115.358789,-33.639941],[115.515332,-33.531348],[115.604492,-33.372266],[115.683008,-33.192871],[115.670898,-33.002148],[115.618555,-32.666992],[115.654297,-32.596582],[115.70791,-32.567969],[115.725391,-32.401074],[115.738086,-31.887891],[115.698438,-31.694531],[115.45459,-31.302539],[115.294336,-30.961816],[115.176855,-30.808008],[115.07793,-30.560449],[114.994531,-30.216211],[114.968848,-30.042285],[114.94209,-29.721582],[114.971387,-29.539746],[114.958984,-29.433594],[114.856836,-29.142969],[114.628418,-28.871777],[114.590625,-28.77168],[114.591797,-28.666211],[114.537402,-28.542871],[114.353516,-28.294922],[114.165137,-28.080664],[114.133496,-27.976465],[114.098437,-27.544238],[114.028125,-27.347266],[113.709375,-26.847754],[113.333008,-26.417383],[113.231055,-26.241406],[113.184766,-26.182227],[113.210742,-26.174219],[113.253125,-26.197266],[113.300098,-26.240234],[113.323242,-26.243848],[113.345313,-26.208301],[113.342871,-26.126074],[113.356055,-26.080469],[113.388965,-26.105566],[113.427441,-26.198047],[113.546582,-26.436719],[113.581641,-26.558105],[113.733691,-26.595117],[113.780371,-26.563281],[113.836426,-26.500586],[113.852832,-26.332129],[113.775781,-26.255957],[113.706445,-26.223633],[113.589063,-26.098633],[113.513379,-25.89834],[113.395312,-25.713281],[113.397363,-25.647168],[113.451367,-25.599121],[113.539453,-25.625195],[113.621191,-25.731641],[113.713086,-25.830762],[113.697852,-26.004199],[113.683594,-26.05166],[113.691699,-26.091699],[113.72373,-26.129785],[113.76582,-26.159766],[113.811816,-26.11582],[113.853906,-26.014453],[113.879883,-26.027637],[113.942383,-26.258691],[113.991992,-26.321484],[114.090332,-26.393652],[114.175977,-26.3375],[114.215723,-26.289453],[114.20332,-26.126367],[114.228516,-25.96875],[114.214258,-25.851562],[113.992773,-25.544824],[113.792383,-25.165723],[113.670801,-24.977051],[113.569238,-24.692969],[113.503516,-24.594629],[113.417676,-24.435645],[113.412988,-24.254004],[113.421289,-24.132324],[113.489844,-23.869629],[113.55293,-23.732813],[113.757031,-23.418164],[113.766992,-23.28252],[113.764844,-23.180469],[113.794922,-23.023633],[113.795117,-22.914551],[113.767871,-22.812891],[113.682813,-22.637793],[113.79502,-22.332129],[113.958398,-21.93916],[114.022852,-21.881445],[114.123926,-21.828613],[114.142578,-21.909766],[114.092773,-22.181348],[114.163867,-22.32334],[114.141602,-22.483105],[114.205176,-22.455859],[114.303516,-22.425391],[114.377734,-22.341504],[114.416992,-22.261035],[114.602832,-21.942188],[114.709277,-21.823438],[114.859082,-21.735938],[115.161719,-21.630566],[115.456152,-21.491699],[115.596094,-21.358105],[115.771484,-21.242285],[115.893555,-21.116699],[116.010938,-21.030371],[116.605859,-20.713379],[116.706738,-20.653809],[116.836328,-20.64707],[116.995313,-20.657617],[117.139063,-20.640918],[117.292773,-20.713086],[117.40625,-20.721191],[117.683887,-20.642773],[117.832324,-20.572559],[118.087305,-20.419043],[118.199219,-20.375195],[118.458301,-20.32666],[118.751465,-20.261914],[119.104492,-19.995313],[119.358789,-20.012305],[119.585938,-20.038281],[119.767773,-19.958398],[120.196289,-19.909473],[120.433691,-19.841992],[120.878418,-19.665039],[120.997949,-19.604395],[121.179785,-19.47793],[121.337695,-19.319922],[121.493555,-19.106445],[121.589453,-18.915137],[121.630664,-18.816602],[121.721973,-18.659961],[121.784863,-18.535938],[121.833789,-18.477051],[122.00625,-18.393652],[122.262109,-18.159082],[122.34541,-18.111914],[122.360938,-18.036914],[122.305762,-17.994922],[122.237402,-17.968555],[122.191309,-17.720313],[122.147461,-17.549023],[122.143164,-17.428418],[122.160254,-17.313672],[122.260938,-17.135742],[122.332715,-17.059375],[122.432031,-16.97041],[122.522559,-16.942871],[122.597949,-16.864941],[122.72041,-16.787695],[122.77207,-16.710156],[122.848047,-16.552441],[122.916797,-16.432617],[122.970703,-16.436816],[123.074414,-16.715332],[123.14209,-16.863086],[123.265918,-17.036816],[123.383203,-17.292773],[123.478809,-17.409961],[123.525195,-17.485742],[123.563086,-17.520898],[123.571484,-17.472266],[123.561816,-17.41543],[123.60791,-17.219922],[123.586328,-17.082715],[123.593555,-17.030371],[123.617676,-17.008301],[123.664062,-17.023242],[123.753809,-17.099805],[123.799023,-17.127148],[123.831055,-17.120801],[123.829492,-16.996875],[123.874414,-16.918652],[123.856348,-16.864746],[123.778125,-16.867773],[123.74502,-16.800977],[123.680469,-16.723633],[123.607129,-16.668066],[123.517969,-16.540723],[123.49043,-16.490723],[123.525098,-16.467578],[123.581348,-16.470898],[123.625977,-16.416309],[123.646484,-16.343066],[123.607031,-16.224023],[123.647461,-16.179883],[123.728906,-16.19248],[123.85918,-16.382324],[123.915234,-16.363574],[123.961328,-16.286914],[124.044434,-16.264941],[124.129785,-16.278809],[124.186035,-16.333594],[124.300391,-16.388281],[124.452734,-16.382031],[124.52998,-16.395215],[124.692383,-16.386133],[124.771973,-16.402637],[124.757031,-16.37334],[124.669238,-16.33877],[124.570312,-16.331836],[124.454492,-16.335254],[124.404883,-16.298926],[124.388281,-16.203027],[124.416406,-16.133496],[124.43457,-16.103809],[124.509961,-16.116309],[124.576855,-16.113672],[124.585059,-16.020117],[124.608594,-15.9375],[124.648535,-15.870215],[124.64834,-15.805469],[124.606641,-15.822656],[124.504297,-15.972461],[124.455273,-15.850586],[124.381641,-15.758203],[124.396582,-15.625879],[124.439551,-15.493555],[124.505664,-15.475391],[124.561621,-15.496289],[124.644336,-15.418848],[124.690918,-15.359668],[124.680176,-15.311035],[124.692578,-15.273633],[124.750488,-15.285254],[124.97207,-15.404297],[125.016406,-15.466504],[125.062988,-15.442285],[125.07793,-15.374512],[125.072949,-15.306738],[125.024023,-15.316992],[124.90918,-15.310059],[124.882715,-15.271973],[124.892676,-15.240527],[124.839063,-15.160742],[124.91416,-15.109961],[124.978711,-15.106641],[125.02334,-15.071875],[125.024023,-15.024414],[125.038184,-15.004102],[125.072949,-15.032324],[125.188672,-15.04541],[125.302344,-15.106836],[125.355664,-15.119824],[125.375586,-15.086816],[125.383789,-15.015625],[125.243262,-14.944531],[125.239453,-14.874609],[125.180371,-14.794043],[125.178711,-14.714746],[125.266504,-14.648438],[125.28457,-14.584082],[125.335449,-14.55791],[125.435938,-14.556836],[125.503711,-14.502246],[125.579785,-14.483203],[125.59834,-14.361621],[125.59707,-14.278125],[125.627734,-14.256641],[125.70459,-14.291406],[125.68125,-14.387988],[125.680957,-14.480176],[125.661621,-14.529492],[125.690527,-14.525391],[125.708398,-14.504883],[125.738477,-14.444336],[125.819531,-14.469141],[125.839551,-14.533887],[125.850098,-14.597266],[125.890625,-14.617969],[125.946094,-14.52041],[126.020703,-14.494531],[126.016602,-14.371289],[126.044824,-14.283008],[126.053613,-14.216699],[126.100879,-14.184375],[126.111328,-14.114063],[126.073438,-14.065527],[126.053906,-13.977246],[126.119043,-13.957715],[126.184277,-14.002051],[126.228223,-14.113379],[126.258496,-14.163574],[126.298828,-14.13623],[126.323047,-14.062109],[126.403125,-14.018945],[126.482422,-14.078906],[126.569727,-14.160938],[126.679102,-14.089355],[126.780664,-13.955176],[126.764453,-13.873047],[126.775586,-13.788477],[126.903223,-13.744141],[127.006055,-13.776758],[127.099219,-13.867383],[127.293066,-13.934766],[127.457617,-14.031445],[127.531055,-14.094629],[127.672852,-14.195117],[127.763477,-14.299414],[127.887598,-14.485156],[128.180469,-14.711621],[128.199414,-14.751758],[128.159863,-14.827344],[128.124414,-14.924121],[128.080469,-15.087988],[128.069434,-15.329297],[128.111719,-15.312012],[128.155469,-15.225586],[128.201758,-15.243359],[128.254688,-15.298535],[128.258984,-15.245605],[128.227246,-15.213574],[128.172949,-15.102246],[128.175,-15.043164],[128.218359,-14.995703],[128.285156,-14.938867],[128.358203,-14.90166],[128.403223,-14.869141],[128.409863,-14.828906],[128.477441,-14.787988],[128.575781,-14.774512],[128.635547,-14.780957],[129.058203,-14.884375],[129.165137,-14.987598],[129.175195,-15.115039],[129.21582,-15.160254],[129.237891,-15.080176],[129.233594,-14.906055],[129.267578,-14.871484],[129.38125,-14.898438],[129.458984,-14.933203],[129.56709,-15.047363],[129.587695,-15.10332],[129.634766,-15.139746],[129.650293,-15.086816],[129.628223,-15.011816],[129.612695,-14.925879],[129.637109,-14.850977],[129.763477,-14.84502],[129.84873,-14.828906],[129.808398,-14.799707],[129.753516,-14.789551],[129.662988,-14.720898],[129.604688,-14.64707],[129.698633,-14.575293],[129.697949,-14.557422],[129.60791,-14.559668],[129.483887,-14.489746],[129.378711,-14.39248],[129.45918,-14.213477],[129.619629,-14.038379],[129.709863,-13.97998],[129.718359,-13.920898],[129.761719,-13.811914],[129.789258,-13.719922],[129.797168,-13.648438],[129.838867,-13.572949],[129.937891,-13.50166],[130.072656,-13.476172],[130.135938,-13.44834],[130.199316,-13.382617],[130.259766,-13.302246],[130.134961,-13.145508],[130.145313,-13.05918],[130.168164,-12.957422],[130.317969,-12.88291],[130.399902,-12.687891],[130.454199,-12.658594],[130.571875,-12.664355],[130.61748,-12.646875],[130.60957,-12.491309],[130.622656,-12.431055],[130.672363,-12.406934],[130.736133,-12.427734],[130.776563,-12.495313],[130.867383,-12.557813],[130.898242,-12.523633],[130.88291,-12.455078],[130.873828,-12.367188],[130.956641,-12.348242],[131.023438,-12.342871],[131.030078,-12.271094],[131.019531,-12.213867],[131.045703,-12.189648],[131.219922,-12.17793],[131.26543,-12.119043],[131.291602,-12.067871],[131.31377,-12.095898],[131.34209,-12.210059],[131.438281,-12.276953],[131.72627,-12.278125],[131.887988,-12.231934],[131.956738,-12.259277],[132.064063,-12.280762],[132.182324,-12.226953],[132.253223,-12.186035],[132.37207,-12.23916],[132.411035,-12.295117],[132.441602,-12.176367],[132.510547,-12.134863],[132.583789,-12.110254],[132.676367,-12.130078],[132.712793,-12.123438],[132.630469,-12.035156],[132.635254,-11.954688],[132.629883,-11.83584],[132.644727,-11.727148],[132.674219,-11.649023],[132.475195,-11.491504],[132.27793,-11.467676],[132.133594,-11.500684],[132.072852,-11.474707],[131.944629,-11.348535],[131.822461,-11.302441],[131.811816,-11.271387],[131.961523,-11.180859],[132.018555,-11.196387],[132.105762,-11.281152],[132.155469,-11.311133],[132.197754,-11.30498],[132.225,-11.23877],[132.262695,-11.204004],[132.333984,-11.223535],[132.557324,-11.366895],[132.682813,-11.505566],[132.74707,-11.468945],[132.857129,-11.391113],[132.961035,-11.407324],[133.024902,-11.452832],[133.114355,-11.621777],[133.185254,-11.705664],[133.356152,-11.728223],[133.443164,-11.760352],[133.533203,-11.816211],[133.654492,-11.811328],[133.904199,-11.832031],[134.139453,-11.940137],[134.237109,-12.007715],[134.351074,-12.025781],[134.417383,-12.052734],[134.538086,-12.06084],[134.730273,-11.984375],[134.816406,-12.054688],[134.854688,-12.102539],[135.029688,-12.19375],[135.217969,-12.22168],[135.352344,-12.129199],[135.54873,-12.060645],[135.685547,-11.956152],[135.788477,-11.907031],[135.885254,-11.82168],[135.922461,-11.825781],[135.843555,-11.905469],[135.833984,-11.950684],[135.895801,-11.969531],[135.889453,-11.992773],[135.804297,-12.054785],[135.702539,-12.151563],[135.704395,-12.209863],[135.743945,-12.241699],[135.79082,-12.227539],[135.857422,-12.178516],[135.937793,-12.152148],[136.008496,-12.191406],[136.031445,-12.330859],[136.081836,-12.422461],[136.192676,-12.435156],[136.260645,-12.433789],[136.328516,-12.305566],[136.291895,-12.196387],[136.249902,-12.173047],[136.270117,-12.131641],[136.443359,-11.951465],[136.540234,-11.957617],[136.609766,-12.133594],[136.719434,-12.226465],[136.836426,-12.219141],[136.897461,-12.243555],[136.947461,-12.349902],[136.537012,-12.784277],[136.517773,-12.832813],[136.573047,-12.911621],[136.594336,-13.003809],[136.461035,-13.225195],[136.411914,-13.236133],[136.364551,-13.176367],[136.294141,-13.137988],[136.232324,-13.164941],[136.166113,-13.181055],[135.927344,-13.304297],[135.929199,-13.621582],[135.989551,-13.810156],[135.954492,-13.934863],[135.883398,-14.153125],[135.806348,-14.23418],[135.744531,-14.286621],[135.538867,-14.584961],[135.473242,-14.656641],[135.405176,-14.758203],[135.428027,-14.855664],[135.45332,-14.923145],[135.530762,-15.000391],[135.832617,-15.160156],[135.969531,-15.270215],[136.205371,-15.403418],[136.259277,-15.495215],[136.291406,-15.570117],[136.461914,-15.655273],[136.583594,-15.706543],[136.61875,-15.693359],[136.644141,-15.675586],[136.674609,-15.675391],[136.704883,-15.685254],[136.700098,-15.751953],[136.686719,-15.788477],[136.698145,-15.834961],[136.784668,-15.894238],[136.922656,-15.892383],[137.002148,-15.87832],[137.089844,-15.941309],[137.168945,-15.982129],[137.299316,-16.066309],[137.526367,-16.16709],[137.703711,-16.233008],[137.912891,-16.476562],[138.071582,-16.616992],[138.24502,-16.718359],[138.505664,-16.789551],[138.625684,-16.777832],[138.820312,-16.860645],[139.009863,-16.899316],[139.110352,-17.014063],[139.144531,-17.101074],[139.154102,-17.167773],[139.248438,-17.328613],[139.440527,-17.380566],[139.689648,-17.540723],[139.894531,-17.611328],[139.945996,-17.653613],[140.03584,-17.702637],[140.209668,-17.704395],[140.511133,-17.624512],[140.648438,-17.54375],[140.830469,-17.414453],[140.91582,-17.192578],[140.966016,-17.014551],[141.219141,-16.646191],[141.291406,-16.463477],[141.355664,-16.221094],[141.411914,-16.069531],[141.393164,-15.904688],[141.451563,-15.605273],[141.581445,-15.19541],[141.625488,-15.056641],[141.603516,-14.852734],[141.522949,-14.470117],[141.558984,-14.337891],[141.594336,-14.152832],[141.535449,-14.018652],[141.480664,-13.926758],[141.472559,-13.797559],[141.53418,-13.553809],[141.58877,-13.425098],[141.64541,-13.259082],[141.613574,-12.943457],[141.73457,-12.833496],[141.782227,-12.778711],[141.875781,-12.778223],[141.920313,-12.80293],[141.929785,-12.739844],[141.892871,-12.681348],[141.87832,-12.613281],[141.852148,-12.578711],[141.794531,-12.566602],[141.74668,-12.529395],[141.677734,-12.491406],[141.688574,-12.351074],[141.805762,-12.080078],[141.870508,-11.975586],[141.912988,-12.019238],[141.961133,-12.054297],[141.967773,-11.97627],[141.951563,-11.896191],[142.040527,-11.631738],[142.138965,-11.273242],[142.168359,-10.946582],[142.326465,-10.88418],[142.406836,-10.802246],[142.456445,-10.707324],[142.544824,-10.707324],[142.605078,-10.748242],[142.56543,-10.819434],[142.552734,-10.874414],[142.723047,-11.010449],[142.779688,-11.115332],[142.80332,-11.213965],[142.836816,-11.306934],[142.85293,-11.432227],[142.850586,-11.632324],[142.872559,-11.821387],[142.933984,-11.880762],[142.988477,-11.919043],[143.066406,-11.924121],[143.178906,-11.954492]]]}},{"type":"Feature","properties":{"scalerank":0,"featurecla":"Land","min_zoom":1},"bbox":[127.420313,-0.892676,128.899609,2.199023],"geometry":{"type":"Polygon","coordinates":[[[127.732715,0.848145],[127.805371,0.825928],[127.881055,0.832129],[127.918652,0.876807],[127.929102,0.934717],[127.967285,1.042578],[128.055273,1.115625],[128.116992,1.127051],[128.160742,1.157812],[128.153125,1.237891],[128.157422,1.316602],[128.222461,1.400635],[128.424121,1.517529],[128.539258,1.559229],[128.688379,1.572559],[128.705176,1.527734],[128.688086,1.463721],[128.716895,1.367285],[128.702637,1.106396],[128.66875,1.069434],[128.514551,0.979248],[128.345996,0.907129],[128.298828,0.876807],[128.257227,0.80498],[128.260645,0.733789],[128.397949,0.638818],[128.61123,0.549951],[128.655273,0.508252],[128.683789,0.438477],[128.691602,0.360352],[128.743262,0.323242],[128.81543,0.305371],[128.863281,0.268359],[128.899609,0.21626],[128.54043,0.337891],[128.446484,0.391553],[128.332813,0.397949],[128.220605,0.414258],[128.106055,0.460889],[127.983105,0.471875],[127.924414,0.438086],[127.901367,0.372266],[127.887402,0.29834],[127.914648,0.206299],[127.912207,0.150537],[127.888965,0.049512],[127.977832,-0.24834],[128.089453,-0.485254],[128.253516,-0.731641],[128.33457,-0.816309],[128.425488,-0.892676],[128.278125,-0.87002],[128.233398,-0.787695],[128.046387,-0.706055],[128.01084,-0.657324],[127.888965,-0.423535],[127.85332,-0.379883],[127.74082,-0.300391],[127.691602,-0.241895],[127.674805,-0.162891],[127.687402,-0.079932],[127.681348,0.034863],[127.685449,0.149023],[127.708691,0.288086],[127.668652,0.336768],[127.616211,0.38291],[127.555371,0.489648],[127.537109,0.610889],[127.541797,0.680664],[127.566992,0.742529],[127.600684,0.796045],[127.608008,0.848242],[127.52041,0.924023],[127.428516,1.13999],[127.420313,1.251953],[127.537109,1.46748],[127.534668,1.57207],[127.55791,1.634229],[127.570703,1.700146],[127.631738,1.843701],[127.731445,1.966113],[127.899902,2.137354],[127.964258,2.174707],[128.036426,2.199023],[128.042773,2.15708],[128.03125,2.119873],[127.906738,1.945654],[127.890137,1.906299],[127.886816,1.832959],[127.946484,1.789648],[128.010938,1.701221],[128.02373,1.583496],[128.025879,1.458105],[128.011719,1.331738],[127.987695,1.2896],[127.885352,1.162793],[127.652832,1.013867],[127.633008,0.977197],[127.634375,0.936133],[127.677441,0.886572],[127.732715,0.848145]]]}},{"type":"Feature","properties":{"scalerank":0,"featurecla":"Land","min_zoom":1},"bbox":[117.218555,8.367285,119.686914,11.346436],"geometry":{"type":"Polygon","coordinates":[[[117.311133,8.4396],[117.218555,8.367285],[117.228516,8.456689],[117.255859,8.540967],[117.349902,8.713574],[117.417773,8.76665],[117.52998,8.902588],[117.593262,8.968311],[117.744922,9.098242],[117.884766,9.240674],[117.931543,9.25127],[117.983008,9.253418],[118.023828,9.269775],[118.114844,9.34668],[118.343945,9.602783],[118.533398,9.793652],[118.727539,10.03501],[118.820117,10.105322],[118.845117,10.131299],[119.023828,10.353564],[119.079883,10.38584],[119.143066,10.409277],[119.186035,10.439453],[119.223828,10.477295],[119.287012,10.574023],[119.312695,10.687109],[119.29668,10.750977],[119.261133,10.845166],[119.305664,10.973633],[119.340723,11.03291],[119.465332,11.293799],[119.50127,11.346436],[119.55332,11.313525],[119.560254,11.266797],[119.53457,11.156836],[119.532617,11.101611],[119.561914,11.045508],[119.52666,10.953174],[119.616113,10.707373],[119.684375,10.551709],[119.686914,10.500342],[119.595215,10.407422],[119.540527,10.379346],[119.422461,10.354395],[119.369336,10.327295],[119.284766,10.251709],[119.231934,10.152148],[119.218555,10.100684],[119.191504,10.061084],[118.948633,9.993457],[118.834668,9.949316],[118.782129,9.916113],[118.75498,9.862109],[118.773828,9.766797],[118.569629,9.422754],[118.504492,9.332666],[118.434961,9.256006],[118.349609,9.201465],[118.229297,9.167969],[118.134082,9.101367],[118.069434,8.983545],[117.989551,8.8771],[117.888574,8.798242],[117.779785,8.728613],[117.679883,8.677832],[117.572168,8.641992],[117.539648,8.595605],[117.516602,8.53833],[117.469141,8.511377],[117.4125,8.49585],[117.311133,8.4396]]]}},{"type":"Feature","properties":{"scalerank":0,"featurecla":"Land","min_zoom":1},"bbox":[121.891211,10.444385,123.158301,11.897363],"geometry":{"type":"Polygon","coordinates":[[[122.496191,11.615088],[122.612695,11.56416],[122.72627,11.60791],[122.838086,11.595654],[122.93125,11.529297],[122.900781,11.487354],[122.894531,11.441309],[123.102734,11.541455],[123.158301,11.535547],[123.156445,11.442529],[123.144141,11.363574],[123.119531,11.286816],[123.075488,11.196875],[123.016504,11.116504],[122.93877,11.058154],[122.84668,11.022461],[122.80293,10.990039],[122.789453,10.941211],[122.791113,10.879736],[122.769922,10.823828],[122.673145,10.800928],[122.52207,10.691895],[122.197656,10.6229],[122.108594,10.575537],[122.051758,10.514062],[121.988379,10.458301],[121.954004,10.444385],[121.938281,10.470898],[121.933789,10.493652],[121.980078,10.638574],[121.972363,10.698877],[121.950293,10.757373],[121.964355,10.87168],[122.020703,10.979102],[122.050879,11.097363],[122.059668,11.325684],[122.103516,11.64292],[122.101367,11.680859],[122.066992,11.72373],[121.94082,11.758301],[121.891211,11.790869],[121.916016,11.854346],[121.963672,11.897363],[122.029199,11.89541],[122.086816,11.855078],[122.290723,11.772021],[122.399219,11.702197],[122.496191,11.615088]]]}},{"type":"Feature","properties":{"scalerank":0,"featurecla":"Land","min_zoom":1},"bbox":[122.399512,9.053369,123.567578,10.993945],"geometry":{"type":"Polygon","coordinates":[[[123.130859,9.064111],[123.064648,9.053369],[122.994727,9.058838],[122.947852,9.107959],[122.866602,9.319824],[122.772461,9.371338],[122.664551,9.410352],[122.610352,9.443213],[122.5625,9.482812],[122.410937,9.693896],[122.399512,9.823047],[122.425586,9.896094],[122.471484,9.961523],[122.523242,9.979199],[122.648242,9.981543],[122.712988,9.990137],[122.855566,10.086914],[122.86582,10.125],[122.866504,10.284033],[122.852344,10.395264],[122.816992,10.503809],[122.855566,10.553418],[122.905859,10.602539],[122.958398,10.69834],[122.96875,10.765723],[122.969727,10.836182],[122.983301,10.886621],[123.024414,10.911816],[123.221777,10.988672],[123.256641,10.993945],[123.510645,10.923047],[123.5625,10.816064],[123.567578,10.780762],[123.527734,10.662012],[123.492871,10.582324],[123.406934,10.458984],[123.343555,10.325391],[123.296094,10.124512],[123.266211,10.059033],[123.186621,9.933301],[123.162012,9.864258],[123.162695,9.714648],[123.149414,9.659326],[123.149805,9.606152],[123.308398,9.356982],[123.321875,9.31748],[123.320508,9.272949],[123.293359,9.217285],[123.228711,9.121387],[123.19248,9.087891],[123.130859,9.064111]]]}},{"type":"Feature","properties":{"scalerank":0,"featurecla":"Land","min_zoom":0},"bbox":[124.308203,10.033105,125.268457,11.535205],"geometry":{"type":"Polygon","coordinates":[[[124.574609,11.343066],[124.644336,11.308105],[124.724316,11.32207],[124.821094,11.401416],[124.92998,11.372852],[124.993945,11.255908],[125.026563,11.211719],[125.044336,11.135254],[125.039746,10.951904],[125.013184,10.785693],[125.033789,10.751465],[125.083887,10.721582],[125.127539,10.684717],[125.16416,10.637451],[125.187695,10.584863],[125.197168,10.457227],[125.260059,10.349609],[125.268457,10.307715],[125.25332,10.263818],[125.148438,10.272412],[125.140039,10.235352],[125.142578,10.189453],[125.105371,10.218311],[125.043945,10.323437],[124.9875,10.367578],[125.004883,10.19707],[125.023535,10.115283],[125.026563,10.033105],[124.929102,10.095898],[124.812793,10.134619],[124.780762,10.168066],[124.791699,10.274561],[124.789551,10.327539],[124.737695,10.439746],[124.798633,10.682227],[124.797168,10.731787],[124.786719,10.781396],[124.738672,10.879736],[124.662695,10.961963],[124.616113,10.962207],[124.502832,10.904443],[124.445508,10.923584],[124.411719,11.150342],[124.366016,11.370703],[124.330957,11.4271],[124.308203,11.486182],[124.330664,11.535205],[124.374121,11.51499],[124.435938,11.457227],[124.510938,11.423877],[124.548242,11.39502],[124.574609,11.343066]]]}},{"type":"Feature","properties":{"scalerank":0,"featurecla":"Land","min_zoom":0},"bbox":[124.294727,11.049609,125.749121,12.572559],"geometry":{"type":"Polygon","coordinates":[[[125.239551,12.527881],[125.310352,12.446289],[125.327539,12.387207],[125.320215,12.321826],[125.352246,12.292773],[125.408789,12.284863],[125.48125,12.251953],[125.535645,12.191406],[125.50332,12.135791],[125.513379,12.05459],[125.456543,11.952539],[125.464258,11.771582],[125.496875,11.71377],[125.5,11.65542],[125.491797,11.594336],[125.505762,11.544238],[125.592969,11.378223],[125.608984,11.323047],[125.582324,11.279492],[125.573535,11.238232],[125.627344,11.233887],[125.704004,11.164795],[125.749121,11.073584],[125.735645,11.049609],[125.674414,11.120801],[125.628125,11.132031],[125.431836,11.112598],[125.311523,11.142285],[125.233398,11.145068],[125.155859,11.267041],[125.087891,11.287354],[125.034277,11.34126],[124.945312,11.47915],[124.916992,11.558398],[124.978906,11.638477],[124.998242,11.702344],[124.99502,11.764941],[124.935645,11.754639],[124.884277,11.775488],[124.821094,11.8521],[124.795801,11.896338],[124.749805,11.93335],[124.676758,12.020898],[124.571875,12.055127],[124.529102,12.079199],[124.445703,12.152783],[124.384863,12.243994],[124.325781,12.403809],[124.294727,12.569336],[124.56582,12.526221],[124.840137,12.53457],[125.150195,12.572559],[125.239551,12.527881]]]}},{"type":"Feature","properties":{"scalerank":0,"featurecla":"Land","min_zoom":1.5},"bbox":[120.338477,12.218799,121.540625,13.522412],"geometry":{"type":"Polygon","coordinates":[[[120.704395,13.479492],[120.755371,13.470996],[120.915332,13.501074],[120.980762,13.485986],[121.024707,13.428711],[121.079297,13.410742],[121.122461,13.38125],[121.202734,13.432324],[121.284375,13.374121],[121.356836,13.265479],[121.442187,13.188428],[121.522754,13.131201],[121.538672,13.088867],[121.489746,13.01958],[121.474805,12.931592],[121.479688,12.837109],[121.540625,12.638184],[121.519238,12.584229],[121.458008,12.507959],[121.412305,12.423047],[121.418164,12.38877],[121.400098,12.360742],[121.394336,12.300586],[121.356836,12.313086],[121.322363,12.303613],[121.288867,12.276709],[121.236719,12.218799],[121.155469,12.236328],[121.116992,12.253418],[121.107617,12.303613],[121.083398,12.338965],[121.048535,12.359961],[120.9625,12.446533],[120.922168,12.511621],[120.921484,12.581104],[120.899414,12.64585],[120.854785,12.703662],[120.795996,12.747998],[120.776367,12.790576],[120.76875,12.840918],[120.763672,12.969824],[120.680273,13.130615],[120.651367,13.169141],[120.573145,13.208887],[120.508301,13.260059],[120.480664,13.311035],[120.455469,13.393506],[120.438086,13.40542],[120.3875,13.40166],[120.338477,13.412354],[120.352734,13.472949],[120.40127,13.517041],[120.468359,13.522412],[120.65332,13.497607],[120.704395,13.479492]]]}},{"type":"Feature","properties":{"scalerank":0,"featurecla":"Land","min_zoom":1.5},"bbox":[150.746094,-4.832422,153.13252,-2.572949],"geometry":{"type":"Polygon","coordinates":[[[152.96582,-4.756348],[152.891699,-4.832422],[152.845605,-4.761523],[152.786523,-4.699414],[152.739941,-4.63584],[152.680664,-4.498438],[152.677734,-4.429199],[152.693359,-4.355957],[152.696777,-4.282031],[152.668164,-4.131836],[152.598438,-3.994824],[152.355762,-3.668164],[152.279395,-3.582422],[152.192188,-3.505859],[152.136328,-3.487109],[152.023242,-3.46875],[151.972949,-3.453418],[151.879785,-3.400098],[151.793164,-3.337891],[151.578516,-3.153516],[151.465039,-3.101367],[151.405078,-3.036914],[151.066797,-2.829004],[150.968066,-2.779883],[150.847852,-2.779785],[150.746094,-2.738867],[150.826465,-2.712891],[150.842969,-2.643555],[150.825391,-2.572949],[150.995313,-2.688281],[151.174609,-2.789062],[151.226465,-2.870313],[151.314746,-2.875293],[151.475391,-2.94248],[151.585742,-3.003027],[151.689844,-3.072852],[151.807129,-3.172852],[152.03291,-3.251367],[152.065039,-3.279883],[152.179395,-3.410352],[152.329492,-3.520996],[152.380469,-3.581934],[153.016797,-4.105664],[153.124219,-4.252344],[153.13252,-4.352441],[153.111523,-4.391699],[153.044336,-4.476367],[153.045605,-4.576367],[153.023242,-4.666309],[152.96582,-4.756348]]]}},{"type":"Feature","properties":{"scalerank":0,"featurecla":"Land","min_zoom":0.5},"bbox":[137.650391,-8.411719,138.989063,-7.37959],"geometry":{"type":"Polygon","coordinates":[[[138.535352,-8.273633],[138.296289,-8.405176],[137.982813,-8.381934],[137.871875,-8.379688],[137.687695,-8.411719],[137.650391,-8.386133],[137.685156,-8.262207],[137.83252,-7.932227],[138.00752,-7.641602],[138.081836,-7.566211],[138.185352,-7.495313],[138.295508,-7.438477],[138.543848,-7.37959],[138.769824,-7.39043],[138.801953,-7.414648],[138.899414,-7.511621],[138.962598,-7.587988],[138.989063,-7.696094],[138.892969,-7.882129],[138.785938,-8.059082],[138.611719,-8.19834],[138.535352,-8.273633]]]}},{"type":"Feature","properties":{"scalerank":0,"featurecla":"Land","min_zoom":1},"bbox":[127.87793,-3.857715,130.859961,-2.785742],"geometry":{"type":"Polygon","coordinates":[[[129.754688,-2.86582],[129.984375,-2.97666],[130.103418,-2.992969],[130.303613,-2.978516],[130.379102,-2.989355],[130.569922,-3.130859],[130.625586,-3.228027],[130.641699,-3.311914],[130.671094,-3.391504],[130.718066,-3.411328],[130.773438,-3.41875],[130.845605,-3.533301],[130.859961,-3.570312],[130.805078,-3.857715],[130.580371,-3.748828],[130.363086,-3.625195],[130.269727,-3.579297],[130.019531,-3.474707],[129.981152,-3.438867],[129.953125,-3.391602],[129.844141,-3.327148],[129.62666,-3.317188],[129.54502,-3.318848],[129.511719,-3.328516],[129.52041,-3.363184],[129.52168,-3.433691],[129.467676,-3.453223],[129.332813,-3.408691],[129.212109,-3.392676],[129.107617,-3.349219],[128.96748,-3.326074],[128.952051,-3.304199],[128.964063,-3.27168],[128.957813,-3.241113],[128.925391,-3.229297],[128.8625,-3.234961],[128.801758,-3.265625],[128.75127,-3.300488],[128.676953,-3.396582],[128.638965,-3.433398],[128.516602,-3.449121],[128.465918,-3.439844],[128.419238,-3.416016],[128.27998,-3.240527],[128.233008,-3.202637],[128.180664,-3.17168],[128.132031,-3.157422],[128.082129,-3.184082],[128.055762,-3.238574],[128.043945,-3.30332],[128.030078,-3.340527],[127.97002,-3.444336],[127.92041,-3.506055],[127.902344,-3.496289],[127.927832,-3.397266],[127.92793,-3.341406],[127.897168,-3.282324],[127.87793,-3.22207],[128.113379,-2.93457],[128.198535,-2.865918],[128.569824,-2.842188],[128.790527,-2.856641],[128.910742,-2.849609],[128.991113,-2.828516],[129.057715,-2.838477],[129.074316,-2.895117],[129.116309,-2.937012],[129.174414,-2.933496],[129.27959,-2.889063],[129.371094,-2.820508],[129.427344,-2.790723],[129.48418,-2.785742],[129.542969,-2.790332],[129.600488,-2.806152],[129.754688,-2.86582]]]}},{"type":"Feature","properties":{"scalerank":0,"featurecla":"Land","min_zoom":1.5},"bbox":[126.026465,-3.823633,127.244238,-3.065234],"geometry":{"type":"Polygon","coordinates":[[[126.861133,-3.087891],[127.025488,-3.166016],[127.062891,-3.216992],[127.092383,-3.277539],[127.124707,-3.31084],[127.163477,-3.338086],[127.227344,-3.391016],[127.244238,-3.471094],[127.22959,-3.633008],[127.155176,-3.647266],[127.085059,-3.670898],[126.940918,-3.764551],[126.869922,-3.78291],[126.794141,-3.78916],[126.740332,-3.813672],[126.686328,-3.823633],[126.54668,-3.77168],[126.411133,-3.710645],[126.214551,-3.605176],[126.17832,-3.579395],[126.14668,-3.522754],[126.056543,-3.420996],[126.033984,-3.355859],[126.026465,-3.170508],[126.050098,-3.128125],[126.088281,-3.105469],[126.219629,-3.148145],[126.30625,-3.103223],[126.555078,-3.065234],[126.808301,-3.069141],[126.861133,-3.087891]]]}},{"type":"Feature","properties":{"scalerank":0,"featurecla":"Land","min_zoom":1},"bbox":[119.807031,-8.935449,123.005957,-8.093262],"geometry":{"type":"Polygon","coordinates":[[[122.78291,-8.611719],[122.641504,-8.647266],[122.553809,-8.680957],[122.470215,-8.725488],[122.417285,-8.734668],[122.321484,-8.738281],[122.185742,-8.730273],[122.094141,-8.744727],[121.838672,-8.860352],[121.738281,-8.87041],[121.651367,-8.89873],[121.621289,-8.853809],[121.58457,-8.820605],[121.499609,-8.812207],[121.414648,-8.814844],[121.32832,-8.916895],[121.19082,-8.895508],[121.1375,-8.904492],[121.086133,-8.925977],[121.035254,-8.935449],[120.981836,-8.92832],[120.780957,-8.848828],[120.550488,-8.801855],[120.319531,-8.820312],[120.120898,-8.776953],[120.012109,-8.810156],[119.909375,-8.857617],[119.879102,-8.807617],[119.841406,-8.763574],[119.80791,-8.697656],[119.807031,-8.622949],[119.818164,-8.570508],[119.847656,-8.522852],[119.866113,-8.473145],[119.874805,-8.419824],[119.918262,-8.445117],[119.96377,-8.435547],[120.099219,-8.377539],[120.231152,-8.289844],[120.354102,-8.257812],[120.424902,-8.248926],[120.485547,-8.266113],[120.547168,-8.259863],[120.610254,-8.24043],[120.70957,-8.307813],[120.751367,-8.321484],[120.886133,-8.32666],[121.008691,-8.365527],[121.118164,-8.423535],[121.27666,-8.47793],[121.371973,-8.550879],[121.444531,-8.577832],[121.498438,-8.585156],[121.547949,-8.575293],[121.610352,-8.526172],[121.683398,-8.505859],[121.74707,-8.506641],[121.862891,-8.493945],[121.911719,-8.482129],[121.966504,-8.455176],[122.020117,-8.471875],[122.06709,-8.49668],[122.263086,-8.624902],[122.323242,-8.62832],[122.433496,-8.600781],[122.466602,-8.566406],[122.483594,-8.513574],[122.51377,-8.469629],[122.555859,-8.431543],[122.603516,-8.402441],[122.75,-8.353125],[122.850488,-8.304395],[122.919141,-8.221875],[122.758594,-8.185938],[122.792383,-8.126563],[122.845703,-8.093262],[122.916992,-8.105566],[122.97832,-8.151953],[123.005957,-8.329102],[122.955469,-8.354102],[122.923633,-8.380957],[122.902148,-8.416309],[122.811133,-8.481152],[122.846777,-8.562207],[122.82002,-8.595703],[122.78291,-8.611719]]]}},{"type":"Feature","properties":{"scalerank":0,"featurecla":"Land","min_zoom":1.5},"bbox":[118.958789,-10.294043,120.832617,-9.301465],"geometry":{"type":"Polygon","coordinates":[[[120.0125,-9.374707],[120.057617,-9.419727],[120.221094,-9.506348],[120.248047,-9.542871],[120.258301,-9.603125],[120.291113,-9.647852],[120.364746,-9.654688],[120.443652,-9.645605],[120.503711,-9.674023],[120.555566,-9.719043],[120.632617,-9.806445],[120.700391,-9.903125],[120.784473,-9.957031],[120.832617,-10.0375],[120.804199,-10.108496],[120.698047,-10.206641],[120.64043,-10.22793],[120.561719,-10.235645],[120.43916,-10.294043],[120.394531,-10.263477],[120.255469,-10.242285],[120.144824,-10.200098],[120.051953,-10.122852],[119.998438,-10.039746],[119.930664,-9.966504],[119.812793,-9.91748],[119.601074,-9.773535],[119.470313,-9.760547],[119.416504,-9.771094],[119.362598,-9.771777],[119.085449,-9.706934],[119.042383,-9.669043],[119.008398,-9.620508],[118.977344,-9.572852],[118.958789,-9.519336],[118.994141,-9.47207],[119.031445,-9.440234],[119.185645,-9.384473],[119.295898,-9.367188],[119.423926,-9.369824],[119.614746,-9.352441],[119.795117,-9.380469],[119.850781,-9.35957],[119.94209,-9.301465],[119.973828,-9.321582],[120.0125,-9.374707]]]}},{"type":"Feature","properties":{"scalerank":0,"featurecla":"Land","min_zoom":1},"bbox":[116.767969,-9.099023,119.129687,-8.089063],"geometry":{"type":"Polygon","coordinates":[[[118.242383,-8.317773],[118.292383,-8.357227],[118.337891,-8.353516],[118.433203,-8.293262],[118.490625,-8.271484],[118.552148,-8.27041],[118.611914,-8.280664],[118.670605,-8.323438],[118.691797,-8.393457],[118.713867,-8.414941],[118.74834,-8.331152],[118.794238,-8.305859],[118.845703,-8.293066],[118.926172,-8.297656],[118.987793,-8.337695],[119.043848,-8.456738],[119.04209,-8.560938],[119.0625,-8.599805],[119.101074,-8.628223],[119.129687,-8.668164],[119.104199,-8.709961],[119.078906,-8.730469],[119.00625,-8.749609],[118.971484,-8.741211],[118.939355,-8.713086],[118.90332,-8.702734],[118.821191,-8.712109],[118.745898,-8.735449],[118.75625,-8.773633],[118.818066,-8.79082],[118.836719,-8.808887],[118.832617,-8.833398],[118.808301,-8.838281],[118.72793,-8.805273],[118.673633,-8.811914],[118.478613,-8.856445],[118.426953,-8.855469],[118.397852,-8.813379],[118.399902,-8.703711],[118.378906,-8.674609],[118.233984,-8.807813],[118.189941,-8.840527],[118.131543,-8.855957],[118.070703,-8.850586],[117.86123,-8.931445],[117.79541,-8.920117],[117.731641,-8.919922],[117.50791,-9.00752],[117.387891,-9.031934],[117.326367,-9.033691],[117.265039,-9.026172],[117.210254,-9.034082],[117.16123,-9.069238],[117.061328,-9.099023],[116.958203,-9.076367],[116.871094,-9.046191],[116.788477,-9.006348],[116.767969,-8.955469],[116.77207,-8.894336],[116.806934,-8.810938],[116.783105,-8.664648],[116.80127,-8.597949],[116.835059,-8.532422],[116.88623,-8.508301],[116.953125,-8.503418],[117.063672,-8.444434],[117.164844,-8.367188],[117.223633,-8.374512],[117.356641,-8.428516],[117.43457,-8.434961],[117.56709,-8.426367],[117.621777,-8.45957],[117.643359,-8.535547],[117.672852,-8.563281],[117.712109,-8.582617],[117.806055,-8.711133],[117.893164,-8.704395],[117.969531,-8.728027],[118.104102,-8.650293],[118.205957,-8.652148],[118.234863,-8.591895],[118.174023,-8.527539],[118.100488,-8.475195],[118.061035,-8.464258],[118.017871,-8.467383],[117.979102,-8.458887],[117.814844,-8.34209],[117.766406,-8.279004],[117.738379,-8.20459],[117.755273,-8.149512],[117.868262,-8.100879],[117.920996,-8.089063],[118.11748,-8.122266],[118.150684,-8.15],[118.202832,-8.267285],[118.242383,-8.317773]]]}},{"type":"Feature","properties":{"scalerank":0,"featurecla":"Land","min_zoom":2},"bbox":[115.857324,-8.929004,116.734082,-8.204199],"geometry":{"type":"Polygon","coordinates":[[[116.64082,-8.613867],[116.514258,-8.820996],[116.559375,-8.854395],[116.586523,-8.886133],[116.377246,-8.929004],[116.289844,-8.906152],[116.239355,-8.912109],[116.026758,-8.873145],[115.874609,-8.825586],[115.857324,-8.787891],[115.869336,-8.742773],[115.914453,-8.758008],[116.031641,-8.765234],[116.076465,-8.744922],[116.077734,-8.611328],[116.061133,-8.437402],[116.219824,-8.295215],[116.304297,-8.237988],[116.401563,-8.204199],[116.646973,-8.282715],[116.6875,-8.304102],[116.718945,-8.336035],[116.734082,-8.386914],[116.64082,-8.613867]]]}},{"type":"Feature","properties":{"scalerank":0,"featurecla":"Land","min_zoom":0.5},"bbox":[114.467578,-8.849023,115.704297,-8.065723],"geometry":{"type":"Polygon","coordinates":[[[115.447852,-8.155176],[115.549414,-8.208301],[115.690918,-8.363574],[115.704297,-8.407129],[115.661426,-8.448242],[115.559961,-8.51416],[115.333789,-8.615723],[115.29502,-8.663672],[115.247168,-8.75752],[115.236133,-8.797559],[115.220215,-8.819531],[115.194238,-8.835449],[115.144922,-8.849023],[115.091504,-8.829395],[115.139746,-8.768945],[115.141602,-8.696875],[115.105664,-8.629492],[115.055078,-8.573047],[114.952051,-8.496387],[114.84209,-8.428516],[114.731348,-8.393945],[114.613184,-8.37832],[114.570898,-8.34541],[114.501758,-8.26084],[114.478906,-8.214746],[114.467578,-8.166309],[114.475293,-8.119434],[114.504297,-8.116602],[114.62002,-8.127734],[114.833008,-8.182617],[114.938477,-8.187109],[114.998145,-8.174414],[115.154004,-8.065723],[115.191016,-8.06748],[115.340234,-8.11543],[115.447852,-8.155176]]]}},{"type":"Feature","properties":{"scalerank":0,"featurecla":"Land","min_zoom":2},"bbox":[105.133398,-3.071777,106.818457,-1.50498],"geometry":{"type":"Polygon","coordinates":[[[106.045703,-1.669434],[106.080078,-1.738281],[106.127148,-1.800195],[106.161719,-1.866992],[106.208789,-2.188672],[106.365918,-2.464844],[106.818457,-2.57334],[106.744336,-2.617969],[106.706641,-2.658008],[106.678809,-2.704004],[106.612012,-2.895508],[106.618555,-2.936133],[106.657617,-3.001172],[106.667188,-3.071777],[106.610547,-3.071387],[106.546777,-3.055566],[106.496094,-3.029004],[106.44873,-2.994238],[106.397363,-2.966602],[106.341602,-2.94873],[106.250098,-2.894043],[106.125879,-2.855371],[105.99873,-2.824902],[105.937207,-2.743555],[105.908008,-2.643262],[105.939063,-2.493457],[105.907617,-2.451953],[105.862402,-2.41543],[105.806836,-2.307422],[105.78584,-2.181348],[105.705273,-2.132617],[105.599023,-2.103125],[105.552734,-2.079004],[105.342871,-2.125098],[105.292578,-2.114258],[105.247656,-2.079395],[105.133398,-2.042578],[105.137695,-1.972656],[105.191016,-1.916895],[105.316211,-1.860547],[105.374805,-1.813184],[105.386523,-1.750781],[105.364258,-1.705078],[105.373145,-1.657324],[105.412695,-1.611035],[105.45957,-1.574707],[105.585449,-1.526758],[105.64043,-1.610449],[105.667578,-1.680371],[105.700879,-1.731055],[105.754492,-1.658691],[105.72041,-1.533887],[105.816113,-1.506055],[105.910059,-1.50498],[105.980957,-1.53916],[106.027344,-1.593164],[106.045703,-1.669434]]]}},{"type":"Feature","properties":{"scalerank":0,"featurecla":"Land","min_zoom":1},"bbox":[148.337207,-6.300879,152.405664,-4.2],"geometry":{"type":"Polygon","coordinates":[[[151.915625,-4.296777],[151.967578,-4.316992],[152.117188,-4.212207],[152.197266,-4.285156],[152.299414,-4.320703],[152.405664,-4.340723],[152.363574,-4.49082],[152.376074,-4.560254],[152.403516,-4.629297],[152.4,-4.73125],[152.351172,-4.822168],[152.257617,-4.954688],[152.215723,-4.979199],[152.166602,-4.993164],[152.013281,-5.003809],[151.983691,-5.074414],[151.993945,-5.149023],[152.076855,-5.24707],[152.142969,-5.357031],[152.077051,-5.458301],[151.968457,-5.528809],[151.86543,-5.564844],[151.694922,-5.543555],[151.515137,-5.552344],[151.481445,-5.590918],[151.480469,-5.65459],[151.455176,-5.703125],[151.422461,-5.747363],[151.33125,-5.839063],[151.229297,-5.919922],[151.090039,-5.99668],[151.043164,-6.015039],[150.919922,-6.027246],[150.808984,-6.071387],[150.75957,-6.114453],[150.705762,-6.149414],[150.588086,-6.187793],[150.473535,-6.263379],[150.42832,-6.276172],[150.19082,-6.289355],[149.850977,-6.292969],[149.750293,-6.300879],[149.652539,-6.29043],[149.598438,-6.260938],[149.483008,-6.124805],[149.382324,-6.078125],[149.272656,-6.079492],[149.126563,-6.127637],[149.099023,-6.116992],[148.80752,-5.916406],[148.719141,-5.867383],[148.624805,-5.830762],[148.509766,-5.805371],[148.401172,-5.765039],[148.337207,-5.669434],[148.344727,-5.544922],[148.432031,-5.471777],[148.564941,-5.50791],[148.61582,-5.507422],[148.66582,-5.486621],[148.724316,-5.493262],[148.783496,-5.511621],[148.999219,-5.48457],[149.124023,-5.522656],[149.245313,-5.573047],[149.358887,-5.583984],[149.475391,-5.573242],[149.631738,-5.516016],[149.681055,-5.523535],[149.831445,-5.524121],[149.962793,-5.447754],[150.011914,-5.139551],[150.045313,-5.034668],[150.090039,-5.011816],[150.122266,-5.018164],[150.170313,-5.070605],[150.108691,-5.136035],[150.081543,-5.186426],[150.072461,-5.30957],[150.10625,-5.429004],[150.183105,-5.523633],[150.29873,-5.535645],[150.404395,-5.473145],[150.519434,-5.460254],[150.625781,-5.520898],[150.734473,-5.510449],[150.784375,-5.470898],[150.842578,-5.453711],[150.900293,-5.447168],[150.95293,-5.42373],[151.022266,-5.320703],[151.068848,-5.204492],[151.137793,-5.112891],[151.326563,-4.960352],[151.380957,-4.941309],[151.439844,-4.930957],[151.572559,-4.9375],[151.671191,-4.883301],[151.678906,-4.761035],[151.664648,-4.637012],[151.551953,-4.345508],[151.544238,-4.299219],[151.560547,-4.247363],[151.593066,-4.200781],[151.703711,-4.2],[151.819336,-4.216992],[151.864746,-4.26084],[151.915625,-4.296777]]]}},{"type":"Feature","properties":{"scalerank":0,"featurecla":"Land","min_zoom":1},"bbox":[123.589258,-10.347168,127.296094,-8.315723],"geometry":{"type":"Polygon","coordinates":[[[127.296094,-8.424512],[127.114551,-8.583594],[126.915234,-8.715234],[126.79248,-8.755078],[126.66543,-8.782031],[126.568555,-8.83291],[126.486914,-8.912695],[126.38252,-8.957617],[126.264746,-8.972754],[126.164258,-8.99668],[126.073047,-9.043555],[125.946094,-9.123926],[125.894727,-9.132129],[125.840332,-9.130176],[125.735156,-9.160938],[125.408008,-9.275781],[125.210254,-9.403516],[124.997949,-9.565332],[124.963086,-9.665625],[124.841797,-9.759766],[124.708398,-9.91416],[124.601855,-9.992969],[124.508203,-10.086133],[124.427539,-10.148633],[124.326758,-10.169824],[124.175977,-10.183301],[123.971094,-10.294824],[123.857617,-10.343555],[123.747266,-10.347168],[123.644141,-10.310938],[123.604785,-10.270117],[123.614062,-10.215039],[123.648242,-10.167773],[123.690137,-10.128809],[123.716406,-10.078613],[123.599414,-10.015137],[123.589258,-9.966797],[123.635742,-9.838086],[123.66582,-9.705273],[123.709375,-9.614844],[123.876758,-9.453125],[123.977148,-9.372949],[124.198145,-9.256152],[124.575488,-9.155371],[124.645898,-9.116699],[124.708203,-9.061816],[124.889746,-8.968457],[125.026953,-8.859082],[125.115723,-8.708008],[125.178027,-8.647852],[125.323145,-8.591309],[125.381836,-8.575391],[125.804297,-8.492188],[125.905078,-8.486523],[126.172852,-8.488965],[126.531055,-8.470801],[126.619727,-8.459473],[126.73457,-8.422754],[126.845703,-8.377344],[126.904688,-8.341602],[126.966406,-8.315723],[127.058496,-8.348242],[127.214844,-8.372949],[127.257031,-8.394531],[127.296094,-8.424512]]]}},{"type":"Feature","properties":{"scalerank":0,"featurecla":"Land","min_zoom":0},"bbox":[144.646094,-43.619336,148.342578,-40.672266],"geometry":{"type":"Polygon","coordinates":[[[145.042969,-40.786719],[145.158691,-40.790625],[145.224316,-40.765137],[145.283008,-40.769922],[145.349414,-40.826367],[145.429395,-40.858203],[145.485156,-40.852344],[145.533496,-40.863965],[145.576465,-40.904102],[145.686035,-40.939063],[145.733789,-40.962012],[145.775391,-40.997168],[145.821484,-41.024609],[146.111133,-41.118066],[146.31748,-41.163477],[146.574414,-41.142383],[146.650586,-41.116211],[146.723438,-41.078027],[146.786035,-41.113672],[146.848145,-41.168066],[146.836035,-41.109375],[146.856641,-41.058301],[146.919434,-41.017773],[146.989844,-40.992383],[147.105762,-40.994238],[147.218848,-40.983398],[147.268945,-40.959766],[147.320508,-40.956445],[147.387695,-40.985547],[147.454785,-41.00166],[147.500781,-40.96416],[147.579297,-40.875586],[147.62168,-40.844727],[147.817676,-40.87168],[147.872949,-40.872559],[147.96875,-40.77959],[148.032813,-40.780957],[148.215234,-40.854883],[148.292871,-40.94707],[148.285449,-41.115332],[148.291602,-41.174609],[148.30625,-41.233105],[148.312207,-41.349707],[148.289844,-41.465039],[148.286914,-41.55498],[148.296582,-41.646191],[148.287598,-41.815723],[148.315723,-41.927734],[148.30166,-42.004199],[148.301465,-42.039941],[148.328027,-42.07373],[148.34082,-42.111133],[148.331055,-42.15918],[148.342578,-42.215332],[148.33125,-42.261621],[148.290332,-42.25498],[148.276953,-42.219434],[148.28457,-42.173438],[148.277148,-42.136426],[148.255762,-42.102637],[148.183105,-42.064746],[148.204395,-42.041992],[148.241602,-42.021875],[148.213672,-41.97002],[148.167188,-42.012305],[148.141211,-42.069824],[148.15625,-42.088281],[148.127539,-42.103711],[148.066602,-42.170312],[148.022754,-42.259473],[148.004883,-42.345117],[148.009375,-42.435937],[147.973535,-42.505859],[147.924414,-42.572461],[147.912109,-42.658496],[147.915039,-42.816406],[147.957715,-42.960449],[147.980859,-43.157031],[147.94541,-43.181836],[147.838574,-43.195117],[147.78584,-43.22002],[147.698926,-43.122559],[147.647949,-43.020605],[147.687305,-42.979883],[147.773926,-43.003418],[147.800391,-42.980273],[147.807422,-42.954102],[147.8,-42.928125],[147.693457,-42.871973],[147.573828,-42.845703],[147.53584,-42.878027],[147.549023,-42.974512],[147.536719,-42.996484],[147.452344,-43.033398],[147.408008,-42.893848],[147.297949,-42.790918],[147.301953,-42.840527],[147.347656,-42.926563],[147.342676,-42.964453],[147.325,-43.013477],[147.280762,-43.031738],[147.259766,-43.071094],[147.259766,-43.126465],[147.24502,-43.215918],[147.172852,-43.255859],[146.996973,-43.156348],[146.984863,-43.189844],[146.9875,-43.21875],[147.077344,-43.275879],[147.035938,-43.319043],[147.004688,-43.369629],[146.954688,-43.502441],[146.873926,-43.6125],[146.834277,-43.619336],[146.699219,-43.601953],[146.548535,-43.508887],[146.413184,-43.519531],[146.186719,-43.512793],[146.043164,-43.547168],[146.013086,-43.444824],[145.981738,-43.408398],[145.994434,-43.376074],[146.108789,-43.354395],[146.226367,-43.355273],[146.208008,-43.316211],[146.176465,-43.301758],[146.125098,-43.31123],[145.975293,-43.277148],[145.873242,-43.292383],[145.802734,-43.244043],[145.681543,-43.075977],[145.609961,-42.998242],[145.567383,-42.967969],[145.517578,-42.951367],[145.487598,-42.92666],[145.268164,-42.544336],[145.237109,-42.455566],[145.198828,-42.230859],[145.372949,-42.338477],[145.434863,-42.406543],[145.468262,-42.492871],[145.527246,-42.388184],[145.516602,-42.354492],[145.360352,-42.227539],[145.339648,-42.190723],[145.331055,-42.14707],[145.294434,-42.191016],[145.234863,-42.196973],[145.258984,-42.107324],[145.238184,-42.019629],[145.055371,-41.826758],[144.915527,-41.644043],[144.77793,-41.418848],[144.766113,-41.390039],[144.764355,-41.341504],[144.697754,-41.190723],[144.662402,-41.078906],[144.646094,-40.980859],[144.709668,-40.78291],[144.718555,-40.672266],[144.818555,-40.72168],[145.042969,-40.786719]]]}},{"type":"Feature","properties":{"scalerank":0,"featurecla":"Land","min_zoom":0},"bbox":[121.904199,5.598975,126.593359,9.759131],"geometry":{"type":"Polygon","coordinates":[[[126.005957,9.320947],[126.087598,9.260742],[126.193359,9.276709],[126.191992,9.124902],[126.209082,9.080566],[126.30459,8.952051],[126.319531,8.844727],[126.262988,8.743945],[126.220215,8.696289],[126.141602,8.627295],[126.139551,8.595654],[126.173047,8.560059],[126.282324,8.539307],[126.365332,8.483887],[126.379785,8.326758],[126.458691,8.202832],[126.456641,8.148779],[126.425293,7.927441],[126.435352,7.832812],[126.494434,7.756982],[126.544434,7.724805],[126.570117,7.677246],[126.593359,7.546777],[126.589258,7.325146],[126.581543,7.247754],[126.54668,7.17583],[126.439063,7.012354],[126.294043,6.882324],[126.216895,6.891016],[126.19209,6.852539],[126.240234,6.733887],[126.221191,6.483398],[126.189355,6.309668],[126.14248,6.397559],[126.109766,6.489648],[126.080078,6.73335],[126.043066,6.843164],[125.984961,6.943555],[125.961621,7.033203],[125.901172,7.116992],[125.824414,7.333301],[125.773633,7.322168],[125.689258,7.263037],[125.670215,7.222314],[125.660254,7.160596],[125.640723,7.105078],[125.542188,7.016602],[125.464746,6.911133],[125.400977,6.795752],[125.380664,6.689941],[125.43291,6.607129],[125.486621,6.57373],[125.564551,6.499609],[125.588477,6.465771],[125.670703,6.225],[125.667969,5.978662],[125.607813,5.870166],[125.455859,5.664258],[125.346484,5.598975],[125.287891,5.632275],[125.241016,5.756934],[125.233203,5.808301],[125.264941,5.925586],[125.268457,6.033154],[125.231543,6.069531],[125.191016,6.0625],[125.174023,6.046973],[125.076172,5.90625],[125.035352,5.870654],[124.975195,5.865723],[124.927344,5.875342],[124.636328,5.998193],[124.398828,6.119727],[124.212793,6.233252],[124.078125,6.404443],[124.049707,6.532568],[124.048145,6.666553],[123.987891,6.862988],[123.980859,6.929688],[123.985254,6.993701],[124.045117,7.114111],[124.117578,7.175098],[124.158203,7.218799],[124.190723,7.267334],[124.212891,7.332129],[124.206641,7.396436],[124.182422,7.436719],[124.067969,7.577881],[123.968457,7.664648],[123.764746,7.742627],[123.717383,7.7854],[123.66582,7.817773],[123.608887,7.831641],[123.553223,7.832129],[123.493066,7.80791],[123.477441,7.756348],[123.481641,7.710254],[123.476367,7.665381],[123.390918,7.40752],[123.282031,7.464111],[123.178223,7.529443],[123.150684,7.575195],[123.13877,7.629932],[123.121191,7.666895],[123.09668,7.700439],[123.048926,7.614355],[122.989551,7.546289],[122.916895,7.530518],[122.842969,7.529297],[122.81875,7.558496],[122.791797,7.722461],[122.713965,7.774121],[122.616211,7.763135],[122.497949,7.672754],[122.474414,7.638965],[122.448633,7.561133],[122.319727,7.340234],[122.251465,7.17002],[122.176172,7.004199],[122.14248,6.949658],[122.098145,6.913721],[122.027637,6.928613],[121.964258,6.968213],[121.904199,7.075195],[121.924609,7.199512],[121.991113,7.27876],[122.047168,7.363574],[122.114844,7.659912],[122.119922,7.765381],[122.131836,7.810498],[122.243359,7.945117],[122.337109,8.028418],[122.386719,8.045898],[122.589453,8.093311],[122.672949,8.133105],[122.804395,8.133691],[122.911133,8.156445],[122.996289,8.220508],[123.002734,8.286914],[122.998828,8.356055],[123.017578,8.39834],[123.050586,8.433936],[123.095898,8.480811],[123.147168,8.516016],[123.292871,8.541455],[123.341211,8.57041],[123.380176,8.615625],[123.43457,8.70332],[123.498926,8.681543],[123.563672,8.647461],[123.680078,8.620605],[123.783398,8.547705],[123.849219,8.432715],[123.860547,8.376074],[123.877441,8.188818],[123.853418,8.145117],[123.753125,8.058252],[123.799414,8.049121],[123.931152,8.128418],[123.996875,8.158984],[124.159375,8.201465],[124.197656,8.229541],[124.225781,8.271387],[124.283203,8.385986],[124.325195,8.508447],[124.35791,8.559424],[124.404883,8.599854],[124.45127,8.606348],[124.621777,8.522656],[124.731152,8.562988],[124.761719,8.689795],[124.786816,8.874121],[124.806152,8.924023],[124.868945,8.972266],[124.943848,8.956689],[125.046387,8.890527],[125.141016,8.86875],[125.176172,8.92207],[125.209668,9.027148],[125.247852,9.026562],[125.375586,8.991797],[125.49873,9.014746],[125.533398,9.140918],[125.510156,9.275879],[125.413965,9.669189],[125.471289,9.756787],[125.520898,9.759131],[125.64248,9.654492],[125.87666,9.513135],[125.954688,9.42666],[126.005957,9.320947]]]}},{"type":"Feature","properties":{"scalerank":0,"featurecla":"Land","min_zoom":0},"bbox":[119.761816,12.56709,124.142773,18.615283],"geometry":{"type":"Polygon","coordinates":[[[121.101562,18.615283],[121.254492,18.563428],[121.592969,18.376465],[121.716797,18.330078],[121.845605,18.29541],[121.947559,18.285156],[122.038477,18.32793],[122.076953,18.37168],[122.14668,18.486572],[122.221191,18.500635],[122.265527,18.458838],[122.299805,18.402783],[122.315039,18.320312],[122.293848,18.234277],[122.222852,18.157129],[122.179492,18.064258],[122.150977,17.756494],[122.152344,17.664404],[122.175195,17.575684],[122.236816,17.434863],[122.269043,17.395264],[122.362305,17.344873],[122.3875,17.306787],[122.392871,17.238379],[122.40752,17.178125],[122.467871,17.155127],[122.519141,17.124854],[122.5,17.058008],[122.467969,16.990039],[122.425781,16.822656],[122.225879,16.435205],[122.21416,16.351514],[122.135156,16.184814],[121.974707,16.15791],[121.788672,16.077441],[121.685156,16.014746],[121.595313,15.933252],[121.560938,15.826758],[121.59043,15.778027],[121.60918,15.726025],[121.607031,15.669824],[121.579199,15.623193],[121.489844,15.509521],[121.452051,15.41665],[121.411914,15.375049],[121.392285,15.324414],[121.398926,15.266602],[121.434961,15.216309],[121.543945,14.99917],[121.660547,14.789502],[121.685645,14.76543],[121.69541,14.737305],[121.626563,14.681738],[121.62793,14.581152],[121.648535,14.481494],[121.751855,14.23418],[121.766602,14.168066],[121.800488,14.113867],[121.85332,14.063086],[121.911719,14.02041],[122.07959,13.947119],[122.144336,13.932715],[122.211719,13.930176],[122.228418,13.979492],[122.2875,13.996191],[122.274414,14.044727],[122.202539,14.11167],[122.199707,14.148047],[122.2375,14.175049],[122.282617,14.19082],[122.383691,14.263867],[122.49082,14.322363],[122.627148,14.317529],[122.761035,14.284863],[122.856055,14.250781],[122.93418,14.188086],[123.014551,14.079834],[123.070996,13.959961],[123.070703,13.902734],[123.056934,13.845459],[123.059961,13.78877],[123.101953,13.750244],[123.231445,13.747363],[123.296973,13.836426],[123.305371,13.936572],[123.259277,13.975439],[123.280469,14.024805],[123.320312,14.06167],[123.377441,14.028662],[123.432324,13.96626],[123.632812,13.898486],[123.684082,13.897021],[123.725977,13.884326],[123.815723,13.837109],[123.857617,13.799609],[123.80625,13.721729],[123.607129,13.704443],[123.549609,13.645752],[123.608105,13.528076],[123.703613,13.431592],[123.764844,13.353516],[123.819238,13.269482],[123.816602,13.191602],[123.785156,13.110547],[123.872754,13.116992],[123.955176,13.099707],[124.069141,13.031934],[124.10459,13.025],[124.142773,13.035791],[124.137305,12.791162],[124.059766,12.56709],[123.961719,12.594971],[123.877832,12.689697],[123.894922,12.80498],[123.948535,12.916406],[123.917969,12.939941],[123.863867,12.930664],[123.802344,12.905566],[123.736035,12.896924],[123.626758,12.911768],[123.402344,13.033105],[123.310938,13.044092],[123.29043,13.099023],[123.295508,13.215576],[123.205957,13.353516],[123.191602,13.402881],[123.163281,13.441748],[122.896191,13.591943],[122.863477,13.617236],[122.781348,13.737061],[122.595215,13.907617],[122.543066,13.925049],[122.486328,13.92998],[122.467969,13.886719],[122.49375,13.820215],[122.504199,13.763086],[122.500195,13.703174],[122.508008,13.656836],[122.596191,13.562012],[122.609375,13.517139],[122.667871,13.395361],[122.675098,13.253174],[122.599902,13.194141],[122.515234,13.26001],[122.5125,13.313623],[122.497949,13.363525],[122.406934,13.492773],[122.376563,13.520605],[122.205273,13.648242],[122.072754,13.788379],[121.77793,13.937646],[121.742871,13.94585],[121.691699,13.93457],[121.643457,13.915967],[121.501074,13.842187],[121.450781,13.790771],[121.446289,13.711865],[121.344141,13.649121],[121.203516,13.640283],[121.095508,13.679492],[121.006152,13.758105],[120.932324,13.761865],[120.840723,13.884717],[120.729102,13.900537],[120.637109,13.804492],[120.617383,13.995312],[120.616797,14.188037],[120.642676,14.244336],[120.688281,14.291211],[120.92207,14.493115],[120.951563,14.557959],[120.941309,14.645068],[120.888086,14.715771],[120.804492,14.758789],[120.70791,14.776611],[120.638281,14.816162],[120.583691,14.88125],[120.546777,14.766113],[120.582715,14.594629],[120.588672,14.483105],[120.555664,14.441357],[120.495703,14.440186],[120.43877,14.453369],[120.396094,14.493311],[120.365234,14.608301],[120.283887,14.684375],[120.250781,14.793311],[120.213867,14.808789],[120.137988,14.800391],[120.082129,14.851074],[120.044531,14.978125],[120.036621,15.114551],[120.00498,15.229248],[119.959375,15.340234],[119.932813,15.430908],[119.891602,15.837695],[119.881445,15.875],[119.859668,15.905762],[119.808203,15.951953],[119.768945,16.008447],[119.761816,16.05498],[119.772559,16.255127],[119.790234,16.30332],[119.830762,16.326562],[119.886133,16.287402],[119.930371,16.23877],[119.985156,16.21543],[120.033398,16.18457],[120.124023,16.066211],[120.159766,16.047656],[120.271289,16.051416],[120.337012,16.066455],[120.36875,16.10957],[120.38877,16.160938],[120.389258,16.221631],[120.325,16.400342],[120.305273,16.529248],[120.304395,16.645459],[120.321191,16.761865],[120.408887,16.955615],[120.420117,17.090088],[120.411719,17.269922],[120.427148,17.376904],[120.424512,17.43833],[120.37207,17.535107],[120.358398,17.638184],[120.505078,18.162646],[120.550977,18.264062],[120.584473,18.36875],[120.599707,18.507861],[120.709375,18.545947],[120.81377,18.603418],[120.867773,18.598926],[120.925,18.585107],[121.051367,18.613672],[121.101562,18.615283]]]}},{"type":"Feature","properties":{"scalerank":0,"featurecla":"Land","min_zoom":0},"bbox":[130.995898,-10.654883,150.849512,-0.347461],"geometry":{"type":"Polygon","coordinates":[[[133.472656,-0.726172],[133.723633,-0.741406],[133.850293,-0.731445],[133.974512,-0.744336],[134.024902,-0.769727],[134.111523,-0.846777],[134.086719,-0.897363],[134.071973,-1.001855],[134.116211,-1.102441],[134.188281,-1.203125],[134.247168,-1.310547],[134.25957,-1.362988],[134.237207,-1.474121],[134.216992,-1.529102],[134.14541,-1.620801],[134.105859,-1.720996],[134.13125,-1.844531],[134.14541,-1.96875],[134.142773,-2.08291],[134.155664,-2.195215],[134.194824,-2.309082],[134.362109,-2.620996],[134.459961,-2.832324],[134.491211,-2.714258],[134.483301,-2.583008],[134.517969,-2.535645],[134.566895,-2.510449],[134.627441,-2.536719],[134.644727,-2.589844],[134.649023,-2.705859],[134.702148,-2.933594],[134.769824,-2.944043],[134.843359,-2.90918],[134.855371,-2.978809],[134.852734,-3.107617],[134.886816,-3.209863],[134.917188,-3.249902],[135.037402,-3.333105],[135.092188,-3.348535],[135.251563,-3.368555],[135.371582,-3.374902],[135.486621,-3.345117],[135.560742,-3.26875],[135.627734,-3.186035],[135.85918,-2.995313],[135.926172,-2.904102],[135.990723,-2.764258],[136.012988,-2.734277],[136.243262,-2.583105],[136.269531,-2.529492],[136.302539,-2.425684],[136.352441,-2.325195],[136.389941,-2.27334],[136.612305,-2.224316],[136.843262,-2.197656],[137.07207,-2.105078],[137.171094,-2.025488],[137.175781,-1.973145],[137.125488,-1.88125],[137.123438,-1.840918],[137.176465,-1.802148],[137.380566,-1.685645],[137.616602,-1.56582],[137.80625,-1.483203],[137.911133,-1.483789],[138.007812,-1.556543],[138.110938,-1.615918],[138.649805,-1.791113],[138.736133,-1.845508],[138.811426,-1.917773],[138.919141,-1.967871],[139.039453,-1.99209],[139.148828,-2.038867],[139.252637,-2.099219],[139.481836,-2.211816],[139.789551,-2.348242],[139.868359,-2.356445],[140.15459,-2.35],[140.204004,-2.375684],[140.250977,-2.412012],[140.294629,-2.42041],[140.622559,-2.445801],[140.673047,-2.47207],[140.720508,-2.508105],[140.747461,-2.607129],[141.104785,-2.611328],[141.185645,-2.627832],[141.686816,-2.84502],[141.836523,-2.932129],[141.8875,-2.952539],[141.937793,-2.95332],[141.985742,-2.963574],[142.211523,-3.083496],[142.549023,-3.20459],[142.905176,-3.320703],[143.015625,-3.344922],[143.12998,-3.355078],[143.37832,-3.395313],[143.508984,-3.431152],[143.700586,-3.57334],[143.797168,-3.617285],[143.887695,-3.697461],[144.01582,-3.783594],[144.066406,-3.805176],[144.121973,-3.815234],[144.247949,-3.818262],[144.374414,-3.802734],[144.426563,-3.809668],[144.477734,-3.825293],[144.524512,-3.855273],[144.548242,-3.913086],[144.62666,-3.993066],[144.737891,-4.029102],[144.843457,-4.101465],[144.938477,-4.188184],[145.008398,-4.275488],[145.087793,-4.349121],[145.208008,-4.380273],[145.33457,-4.385254],[145.766992,-4.823047],[145.788086,-4.890625],[145.792871,-5.17793],[145.745215,-5.402441],[145.852832,-5.471289],[145.999414,-5.49707],[146.205371,-5.545117],[146.403418,-5.616602],[147.034277,-5.919238],[147.120898,-5.94502],[147.248242,-5.954785],[147.37666,-5.950781],[147.422754,-5.966211],[147.518555,-6.021094],[147.566699,-6.056934],[147.653027,-6.154785],[147.730078,-6.261133],[147.762891,-6.291504],[147.802051,-6.315234],[147.824512,-6.373047],[147.854492,-6.551172],[147.845508,-6.662402],[147.810449,-6.703613],[147.70957,-6.723633],[147.355762,-6.742383],[147.119141,-6.72168],[146.953613,-6.834082],[146.949219,-6.883105],[146.960742,-6.928809],[147.104883,-7.166992],[147.190039,-7.378125],[147.260156,-7.464063],[147.365332,-7.533789],[147.458984,-7.616211],[147.545117,-7.710938],[147.724316,-7.87627],[147.821875,-7.9375],[147.936133,-7.975391],[148.126758,-8.103613],[148.151953,-8.160254],[148.206445,-8.338672],[148.22998,-8.459668],[148.233594,-8.50957],[148.246875,-8.554297],[148.414453,-8.663965],[148.451172,-8.694531],[148.525879,-8.938574],[148.583105,-9.051758],[148.679492,-9.091992],[148.791797,-9.089453],[149.097461,-9.016895],[149.141699,-9.014551],[149.19834,-9.03125],[149.247656,-9.070996],[149.264063,-9.180762],[149.216211,-9.295898],[149.203027,-9.406836],[149.263184,-9.497852],[149.41875,-9.568848],[149.475781,-9.588281],[149.755762,-9.610938],[149.865625,-9.630078],[149.973535,-9.660742],[150.011035,-9.688184],[149.984668,-9.737012],[149.928223,-9.76084],[149.864355,-9.770605],[149.76123,-9.805859],[149.763086,-9.868652],[149.821289,-9.93418],[149.874414,-10.012988],[149.919141,-10.041602],[149.967578,-10.060742],[150.088574,-10.088086],[150.20625,-10.125586],[150.283887,-10.162891],[150.364063,-10.189648],[150.538867,-10.206738],[150.666992,-10.257129],[150.849512,-10.236035],[150.691309,-10.317871],[150.636816,-10.337988],[150.446094,-10.307324],[150.410254,-10.339258],[150.488867,-10.425781],[150.605469,-10.484082],[150.647168,-10.517969],[150.617969,-10.557617],[150.482422,-10.636914],[150.425781,-10.648535],[150.319922,-10.654883],[150.142383,-10.620703],[150.016797,-10.577148],[149.981543,-10.517676],[149.948047,-10.482617],[149.834766,-10.398828],[149.754102,-10.353027],[149.651367,-10.3375],[149.544336,-10.338477],[149.352637,-10.289746],[148.936816,-10.255176],[148.837695,-10.233984],[148.712891,-10.166895],[148.654199,-10.157324],[148.591211,-10.178418],[148.430566,-10.191406],[148.383398,-10.185449],[148.26875,-10.128223],[148.150488,-10.107324],[148.10127,-10.124512],[148.051367,-10.12832],[147.890137,-10.087402],[147.768652,-10.070117],[147.668848,-10.013086],[147.614355,-9.959766],[147.553125,-9.912402],[147.496484,-9.79043],[147.408301,-9.674707],[147.298926,-9.57959],[147.064453,-9.426074],[147.017188,-9.387891],[146.925391,-9.247168],[146.930371,-9.153906],[146.96377,-9.05957],[146.913281,-9.091699],[146.85625,-9.087695],[146.696582,-9.025391],[146.630859,-8.951172],[146.524121,-8.749707],[146.455859,-8.643555],[146.296484,-8.455566],[146.250586,-8.343945],[146.184082,-8.246387],[146.142969,-8.210254],[146.108789,-8.168457],[146.078516,-8.11416],[146.033203,-8.076367],[145.810938,-7.992773],[145.771777,-7.966406],[145.728711,-7.952441],[145.563379,-7.943848],[145.467773,-7.930078],[145.2875,-7.861621],[145.194336,-7.841113],[145.082324,-7.828125],[144.973828,-7.802148],[144.920898,-7.77666],[144.885352,-7.733594],[144.864258,-7.631543],[144.773438,-7.64248],[144.684375,-7.624805],[144.597949,-7.588965],[144.509863,-7.567383],[144.449707,-7.598145],[144.43125,-7.679395],[144.403418,-7.683594],[144.351855,-7.666992],[144.326172,-7.676758],[144.270215,-7.714258],[144.225391,-7.764941],[144.142871,-7.757227],[143.973633,-7.705957],[143.898242,-7.673828],[143.83418,-7.615918],[143.779102,-7.550098],[143.72334,-7.498242],[143.654883,-7.460352],[143.74209,-7.549805],[143.942285,-7.944238],[143.892188,-7.951855],[143.840625,-7.941895],[143.887988,-8.017676],[143.833398,-8.029102],[143.779297,-8.028223],[143.665039,-7.995508],[143.551563,-7.984668],[143.518164,-8.000684],[143.542188,-8.029102],[143.582031,-8.112695],[143.61377,-8.200391],[143.45,-8.239844],[143.282031,-8.263867],[143.094922,-8.31123],[142.905469,-8.314453],[142.808301,-8.2875],[142.708594,-8.272266],[142.615039,-8.2875],[142.524121,-8.32168],[142.447559,-8.316211],[142.399219,-8.254688],[142.376465,-8.208008],[142.347461,-8.16748],[142.275879,-8.173926],[142.206836,-8.195801],[142.325098,-8.19834],[142.360547,-8.25],[142.391016,-8.312695],[142.474805,-8.369434],[142.575977,-8.335645],[142.797949,-8.34502],[143.013672,-8.443848],[143.064844,-8.455176],[143.111816,-8.474512],[143.222949,-8.572168],[143.306738,-8.660938],[143.377246,-8.762207],[143.392188,-8.801855],[143.3875,-8.908203],[143.366211,-8.961035],[143.226855,-9.035938],[143.078223,-9.09248],[142.85918,-9.202637],[142.647168,-9.327832],[142.535742,-9.30332],[142.435254,-9.237012],[142.396289,-9.219043],[142.292773,-9.18291],[142.22959,-9.169922],[141.978906,-9.198145],[141.727344,-9.212598],[141.621582,-9.211328],[141.51875,-9.190137],[141.405664,-9.150684],[141.293652,-9.168164],[141.216992,-9.214453],[141.133203,-9.221289],[140.924609,-9.085059],[140.786523,-8.97373],[140.661523,-8.846777],[140.581055,-8.72832],[140.489746,-8.62041],[140.10166,-8.300586],[140.00293,-8.195508],[139.983301,-8.166504],[139.992578,-8.139355],[140.037402,-8.083984],[140.116992,-7.92373],[140.033789,-8.022754],[139.934766,-8.101172],[139.79082,-8.106348],[139.649414,-8.125391],[139.518555,-8.172754],[139.385645,-8.189063],[139.319141,-8.16582],[139.279102,-8.106934],[139.258301,-8.046582],[139.248828,-7.982422],[139.192969,-8.086133],[139.083203,-8.142871],[138.933496,-8.262402],[138.890625,-8.237793],[138.864746,-8.192285],[138.856152,-8.145117],[138.885059,-8.094727],[138.905469,-8.041211],[138.935938,-7.913086],[139.003027,-7.837598],[139.045703,-7.691406],[139.073633,-7.639258],[139.087988,-7.587207],[139.048926,-7.52832],[138.983008,-7.508203],[138.937891,-7.472461],[138.885547,-7.373242],[138.853125,-7.339648],[138.793652,-7.298926],[138.747949,-7.251465],[138.798438,-7.215723],[138.864844,-7.201367],[138.919336,-7.203613],[139.017969,-7.225879],[139.0625,-7.227148],[139.176855,-7.19043],[139.112598,-7.201758],[139.049023,-7.200586],[138.845703,-7.136328],[138.72002,-7.069824],[138.601367,-6.936523],[138.600195,-6.910742],[138.683789,-6.886523],[138.864551,-6.858398],[138.808496,-6.79043],[138.72666,-6.731152],[138.698145,-6.625684],[138.642188,-6.560449],[138.521582,-6.453809],[138.438672,-6.343359],[138.368359,-6.118555],[138.296289,-5.949023],[138.313867,-5.8875],[138.374609,-5.843652],[138.282813,-5.838574],[138.199609,-5.807031],[138.243555,-5.724414],[138.339648,-5.675684],[138.252148,-5.688184],[138.166504,-5.712012],[138.127441,-5.716504],[138.087109,-5.70918],[138.065918,-5.675977],[138.063086,-5.628906],[138.075586,-5.545801],[138.06084,-5.465234],[137.984961,-5.427637],[137.922266,-5.370117],[137.886816,-5.348828],[137.840332,-5.350488],[137.795215,-5.312012],[137.759082,-5.256152],[137.306641,-5.014355],[137.279785,-4.94541],[137.237891,-4.975684],[137.195898,-4.99043],[137.14375,-4.950781],[137.089258,-4.924414],[137.029688,-4.928711],[136.974609,-4.907324],[136.916992,-4.895117],[136.856836,-4.893164],[136.618848,-4.81875],[136.39375,-4.70127],[136.210645,-4.650684],[136.097461,-4.584766],[135.979688,-4.530859],[135.716602,-4.478418],[135.450195,-4.443066],[135.353906,-4.441797],[135.273145,-4.453125],[135.195605,-4.450684],[134.754199,-4.19541],[134.679688,-4.079102],[134.686914,-4.011133],[134.706543,-3.954785],[134.886523,-3.938477],[134.759766,-3.922168],[134.707617,-3.929883],[134.603418,-3.976074],[134.546875,-3.979297],[134.467188,-3.948633],[134.391016,-3.909961],[134.266211,-3.945801],[134.202344,-3.887012],[134.180469,-3.825098],[134.14707,-3.796777],[134.1,-3.799707],[134.036914,-3.821973],[133.973828,-3.817969],[133.933203,-3.775586],[133.904004,-3.720117],[133.860742,-3.680371],[133.808496,-3.65],[133.723047,-3.57793],[133.67832,-3.479492],[133.683398,-3.30918],[133.697168,-3.248145],[133.781641,-3.148926],[133.841504,-3.054785],[133.767383,-3.044336],[133.700391,-3.0875],[133.671973,-3.131836],[133.660742,-3.185547],[133.653125,-3.364355],[133.599414,-3.416113],[133.518164,-3.411914],[133.542285,-3.516406],[133.50918,-3.615527],[133.415137,-3.732129],[133.407227,-3.785156],[133.422266,-3.842578],[133.400879,-3.899023],[133.24873,-4.062305],[133.198047,-4.070117],[133.085156,-4.069043],[132.968555,-4.094922],[132.914453,-4.056934],[132.870117,-4.007422],[132.837109,-3.948926],[132.790918,-3.828125],[132.753906,-3.703613],[132.869727,-3.550977],[132.829785,-3.412988],[132.751367,-3.294629],[132.553516,-3.130664],[132.348242,-2.975098],[132.25498,-2.943457],[132.102051,-2.92959],[132.053906,-2.914551],[132.006348,-2.856055],[131.971191,-2.788574],[132.066895,-2.75957],[132.230664,-2.680371],[132.32334,-2.68418],[132.575488,-2.727148],[132.65293,-2.766211],[132.725,-2.789062],[132.897266,-2.658203],[133.033789,-2.487402],[133.118848,-2.450293],[133.191016,-2.437793],[133.264941,-2.454297],[133.411426,-2.513965],[133.526563,-2.541699],[133.608691,-2.547168],[133.651563,-2.600586],[133.700098,-2.624609],[133.710938,-2.544043],[133.75332,-2.450684],[133.834668,-2.42168],[133.877637,-2.415039],[133.904883,-2.390918],[133.898926,-2.304492],[133.791016,-2.293652],[133.849707,-2.219629],[133.902441,-2.183594],[133.920508,-2.147461],[133.921582,-2.102051],[133.710352,-2.18916],[133.487793,-2.225586],[133.35625,-2.215723],[133.224902,-2.214453],[132.962793,-2.272559],[132.863281,-2.270215],[132.631055,-2.24668],[132.502637,-2.218457],[132.40332,-2.24043],[132.307617,-2.242285],[132.207422,-2.175781],[132.122168,-2.092383],[132.079883,-2.033203],[132.023438,-1.990332],[131.998438,-1.93252],[131.936133,-1.714941],[131.930371,-1.559668],[131.829785,-1.556543],[131.731445,-1.541211],[131.29375,-1.393457],[131.24082,-1.429688],[131.179199,-1.44834],[131.117773,-1.455273],[131.056738,-1.447656],[130.995898,-1.424707],[131.000977,-1.383984],[131.046191,-1.284082],[131.090527,-1.247266],[131.151855,-1.218848],[131.19082,-1.16582],[131.254102,-1.006934],[131.258984,-0.952637],[131.252051,-0.897168],[131.257227,-0.855469],[131.296387,-0.833594],[131.461523,-0.781836],[131.804297,-0.703809],[131.890918,-0.657129],[131.962402,-0.582422],[132.045996,-0.537012],[132.084473,-0.491113],[132.128418,-0.454102],[132.39375,-0.355469],[132.508008,-0.347461],[132.625098,-0.358887],[132.856445,-0.417383],[133.077148,-0.511816],[133.268457,-0.635742],[133.472656,-0.726172]]]}},{"type":"Feature","properties":{"scalerank":0,"featurecla":"Land","min_zoom":0},"bbox":[118.783301,-5.693359,125.233789,1.701025],"geometry":{"type":"Polygon","coordinates":[[[124.888867,0.995312],[124.698145,0.825586],[124.639844,0.743555],[124.589063,0.655273],[124.514063,0.557129],[124.427539,0.470605],[124.384375,0.444971],[124.278027,0.398438],[124.216797,0.380371],[124.101367,0.374561],[123.753809,0.305518],[123.639648,0.297461],[123.525977,0.300342],[123.310449,0.317578],[123.26543,0.326611],[123.179492,0.415527],[123.08252,0.48584],[122.996875,0.493506],[122.90957,0.485986],[122.280762,0.481055],[122.060938,0.468018],[121.841992,0.436572],[121.722754,0.450879],[121.60459,0.486133],[121.515723,0.498437],[121.425781,0.494824],[121.012988,0.441699],[120.90918,0.446777],[120.700391,0.514697],[120.579004,0.52832],[120.459961,0.510303],[120.349023,0.449219],[120.307031,0.408252],[120.192285,0.268506],[120.127344,0.166553],[120.07832,0.039746],[120.036035,-0.089941],[120.013281,-0.196191],[120.012109,-0.307129],[120.031738,-0.432031],[120.062891,-0.555566],[120.097461,-0.649902],[120.240625,-0.868262],[120.269824,-0.899219],[120.425391,-0.960645],[120.517578,-1.039453],[120.605078,-1.258496],[120.667383,-1.370117],[120.728613,-1.371484],[120.796973,-1.363672],[120.91582,-1.377832],[121.033691,-1.406543],[121.148535,-1.339453],[121.212598,-1.2125],[121.276855,-1.118164],[121.431348,-0.938574],[121.519336,-0.855566],[121.575586,-0.828516],[121.632715,-0.840332],[121.681152,-0.887891],[121.737695,-0.925684],[121.853125,-0.945996],[121.969629,-0.933301],[122.093652,-0.875],[122.138086,-0.839258],[122.174902,-0.79375],[122.27998,-0.757031],[122.529688,-0.756641],[122.658789,-0.769824],[122.88877,-0.755176],[122.885547,-0.72207],[122.841113,-0.687012],[122.829492,-0.658887],[122.872266,-0.640723],[123.02041,-0.599805],[123.171484,-0.570703],[123.281445,-0.591504],[123.379687,-0.648535],[123.417383,-0.707422],[123.43418,-0.778223],[123.396289,-0.961621],[123.37793,-1.004102],[123.299609,-1.026074],[123.225781,-1.001758],[123.152734,-0.907031],[123.049414,-0.872363],[122.902832,-0.900977],[122.852539,-0.928125],[122.807422,-0.966016],[122.724609,-1.064258],[122.655664,-1.175195],[122.506641,-1.347852],[122.33418,-1.497852],[122.250684,-1.555273],[122.157617,-1.593945],[121.858594,-1.693262],[121.779883,-1.766992],[121.71875,-1.862793],[121.650977,-1.89541],[121.572656,-1.905762],[121.513867,-1.887793],[121.394727,-1.833789],[121.355469,-1.878223],[121.348828,-1.945996],[121.40752,-1.970117],[121.501953,-2.04502],[121.575,-2.150879],[121.621875,-2.173633],[121.725977,-2.208008],[121.769727,-2.240918],[121.848242,-2.331543],[121.971875,-2.542383],[122.013965,-2.656445],[122.082617,-2.749512],[122.291699,-2.907617],[122.30332,-2.952246],[122.29043,-3.004199],[122.306543,-3.051563],[122.38125,-3.142383],[122.399023,-3.200879],[122.317285,-3.275098],[122.312793,-3.382715],[122.262695,-3.527441],[122.251367,-3.57627],[122.25293,-3.62041],[122.288086,-3.661621],[122.329102,-3.694238],[122.385352,-3.711426],[122.43457,-3.739844],[122.529199,-3.852637],[122.578613,-3.882324],[122.609961,-3.923438],[122.606738,-3.984668],[122.649902,-4.020508],[122.689648,-4.084473],[122.750391,-4.1],[122.778809,-4.081641],[122.798242,-4.054199],[122.847949,-4.064551],[122.877344,-4.109082],[122.894336,-4.166309],[122.899805,-4.229395],[122.897363,-4.349121],[122.872266,-4.391992],[122.817578,-4.389941],[122.719727,-4.340723],[122.715039,-4.37627],[122.72168,-4.410742],[122.671875,-4.422168],[122.614746,-4.417383],[122.471387,-4.42207],[122.207129,-4.496387],[122.114258,-4.540234],[122.054199,-4.620117],[122.05,-4.675293],[122.073242,-4.791699],[122.038086,-4.832422],[121.916992,-4.847949],[121.748047,-4.816699],[121.645703,-4.785645],[121.588672,-4.75957],[121.514355,-4.68125],[121.486523,-4.581055],[121.541211,-4.28291],[121.556738,-4.244629],[121.583398,-4.210547],[121.611523,-4.156348],[121.618066,-4.092676],[121.537402,-4.014844],[121.41582,-3.984277],[121.312695,-3.919434],[120.914258,-3.555762],[120.891797,-3.520605],[120.890918,-3.460352],[120.906934,-3.404004],[121.037891,-3.205176],[121.054297,-3.16709],[121.070312,-3.010156],[121.066797,-2.880957],[121.052148,-2.75166],[120.990137,-2.670313],[120.879395,-2.645605],[120.765039,-2.641602],[120.653613,-2.667578],[120.543945,-2.732617],[120.341406,-2.869629],[120.261035,-2.949316],[120.254102,-3.052832],[120.300488,-3.154297],[120.360449,-3.246875],[120.392383,-3.348145],[120.436621,-3.707324],[120.435156,-3.747852],[120.383008,-3.852344],[120.3625,-4.085742],[120.38457,-4.415137],[120.420117,-4.617383],[120.40498,-4.727246],[120.310156,-4.963184],[120.281445,-5.092676],[120.279297,-5.146094],[120.390918,-5.392578],[120.416602,-5.490039],[120.430371,-5.591016],[120.311621,-5.541602],[120.256445,-5.544141],[120.200781,-5.559375],[120.077051,-5.575488],[119.951563,-5.577637],[119.907617,-5.596289],[119.818457,-5.661816],[119.764453,-5.688281],[119.717285,-5.693359],[119.557422,-5.611035],[119.463086,-5.52168],[119.376172,-5.424805],[119.360352,-5.31416],[119.390625,-5.200586],[119.433594,-5.079199],[119.519531,-4.877344],[119.515527,-4.741895],[119.544922,-4.630859],[119.594043,-4.523145],[119.611719,-4.423535],[119.623633,-4.034375],[119.611426,-3.999805],[119.493652,-3.768555],[119.480078,-3.729785],[119.479297,-3.667383],[119.491992,-3.607813],[119.494531,-3.554102],[119.46748,-3.512988],[119.419824,-3.475391],[119.362109,-3.458984],[119.240039,-3.475293],[118.994629,-3.537598],[118.922168,-3.482715],[118.867676,-3.398047],[118.832812,-3.280176],[118.8125,-3.156641],[118.821875,-3.040625],[118.858105,-2.928516],[118.828906,-2.850098],[118.783691,-2.764746],[118.783301,-2.720801],[118.808984,-2.682324],[118.85332,-2.650195],[118.90752,-2.631445],[118.958203,-2.597461],[119.092188,-2.48291],[119.135352,-2.382324],[119.138184,-2.258496],[119.172266,-2.140039],[119.24082,-2.030957],[119.321875,-1.929688],[119.348242,-1.825293],[119.308301,-1.659668],[119.324121,-1.584277],[119.310352,-1.495703],[119.308984,-1.408203],[119.35918,-1.243457],[119.508203,-0.906738],[119.653516,-0.72793],[119.711328,-0.680762],[119.786719,-0.763965],[119.844336,-0.861914],[119.845215,-0.773242],[119.829883,-0.686328],[119.77168,-0.483594],[119.721875,-0.088477],[119.73584,-0.051025],[119.786523,-0.056982],[119.838281,-0.022119],[119.865625,0.040088],[119.811719,0.186914],[119.809277,0.238672],[119.913281,0.445068],[119.998047,0.520215],[120.035156,0.566602],[120.056445,0.692529],[120.100586,0.740137],[120.156543,0.77417],[120.229785,0.86123],[120.269531,0.970801],[120.293848,0.97915],[120.322461,0.983154],[120.366504,0.887549],[120.416016,0.848682],[120.516602,0.817529],[120.602539,0.854395],[120.626465,0.902393],[120.658887,0.943652],[120.711035,0.98667],[120.754883,1.035645],[120.803613,1.149268],[120.867969,1.252832],[120.912109,1.288965],[120.96543,1.311816],[121.024609,1.325781],[121.081738,1.327637],[121.208398,1.2625],[121.281738,1.249805],[121.356738,1.254541],[121.404102,1.243604],[121.440039,1.214404],[121.472754,1.155518],[121.513281,1.104736],[121.550684,1.079687],[121.591797,1.067969],[121.867383,1.088525],[122.108203,1.031152],[122.436621,1.018066],[122.549316,0.984473],[122.657422,0.940576],[122.789844,0.862891],[122.838281,0.845703],[122.89248,0.85],[122.960059,0.922998],[123.012793,0.938965],[123.066504,0.941797],[123.278125,0.928076],[123.84668,0.838184],[123.930762,0.850439],[124.273633,1.022266],[124.41084,1.185107],[124.533691,1.230469],[124.575391,1.304053],[124.600195,1.392432],[124.64375,1.416162],[124.74668,1.441406],[124.787695,1.467578],[124.860645,1.576025],[124.94707,1.672168],[124.989258,1.701025],[125.110938,1.685693],[125.164844,1.643652],[125.233789,1.502295],[125.22168,1.478711],[125.140918,1.408398],[125.11748,1.378906],[125.028027,1.180225],[124.966797,1.082617],[124.888867,0.995312]]]}},{"type":"Feature","properties":{"scalerank":0,"featurecla":"Land","min_zoom":0},"bbox":[105.243164,-8.769629,114.599219,-5.904199],"geometry":{"type":"Polygon","coordinates":[[[107.373926,-6.007617],[107.474707,-6.121777],[107.562988,-6.182715],[107.666797,-6.21582],[107.776074,-6.218945],[107.883789,-6.233301],[108.008789,-6.276953],[108.137598,-6.29668],[108.197461,-6.289062],[108.254492,-6.266602],[108.29502,-6.265039],[108.330176,-6.286035],[108.419141,-6.382812],[108.515918,-6.471191],[108.537988,-6.516211],[108.603613,-6.729199],[108.677832,-6.790527],[108.779688,-6.808301],[108.899414,-6.808398],[109.018359,-6.817285],[109.294238,-6.866992],[109.403711,-6.860156],[109.500586,-6.810156],[109.586914,-6.842578],[109.820996,-6.902441],[109.93623,-6.91582],[110.06709,-6.89873],[110.198438,-6.895117],[110.260938,-6.912402],[110.321094,-6.938379],[110.372754,-6.947754],[110.42627,-6.947266],[110.520898,-6.897266],[110.583594,-6.805664],[110.634277,-6.690137],[110.674023,-6.569824],[110.700781,-6.518066],[110.736914,-6.472363],[110.78418,-6.442676],[110.834766,-6.424219],[110.972266,-6.435645],[111.000684,-6.464746],[111.154395,-6.669043],[111.181543,-6.686719],[111.34209,-6.699512],[111.386523,-6.692871],[111.484473,-6.651855],[111.540332,-6.648242],[111.643555,-6.69873],[111.688086,-6.741699],[111.737598,-6.773438],[111.989844,-6.805957],[112.087305,-6.893359],[112.136719,-6.905078],[112.312305,-6.894434],[112.433594,-6.903027],[112.539258,-6.926465],[112.586914,-7.050586],[112.625977,-7.178027],[112.64873,-7.221289],[112.751953,-7.265039],[112.794336,-7.304492],[112.78291,-7.431641],[112.794531,-7.552441],[113.013574,-7.657715],[113.248438,-7.718164],[113.497656,-7.723828],[113.747461,-7.703027],[113.87627,-7.677246],[114.037305,-7.632129],[114.070703,-7.633008],[114.382715,-7.771094],[114.409277,-7.79248],[114.444238,-7.895605],[114.443262,-8.00459],[114.384961,-8.263281],[114.381348,-8.334277],[114.386914,-8.405176],[114.448828,-8.559277],[114.481738,-8.603809],[114.59502,-8.684766],[114.599219,-8.727246],[114.583789,-8.769629],[114.45918,-8.740527],[114.383203,-8.705371],[114.339258,-8.647363],[114.276953,-8.614648],[114.159668,-8.626465],[113.940332,-8.568359],[113.692578,-8.478027],[113.25332,-8.286719],[113.133691,-8.288281],[113.018945,-8.312695],[112.897754,-8.361426],[112.77168,-8.396094],[112.678809,-8.40918],[112.586035,-8.399609],[112.351562,-8.353613],[112.115137,-8.323926],[111.509961,-8.305078],[111.338574,-8.261719],[111.055371,-8.239551],[110.830176,-8.201953],[110.607227,-8.149414],[110.038672,-7.890527],[109.852637,-7.828418],[109.281641,-7.704883],[109.193555,-7.694922],[108.986719,-7.704102],[108.85625,-7.667871],[108.741211,-7.66709],[108.570508,-7.707227],[108.517969,-7.736035],[108.451758,-7.796973],[108.335547,-7.794043],[108.220508,-7.782324],[107.91748,-7.724121],[107.804395,-7.688379],[107.695801,-7.635547],[107.597852,-7.566699],[107.546875,-7.541895],[107.284961,-7.47168],[107.071191,-7.447461],[106.631445,-7.415527],[106.535352,-7.394238],[106.455273,-7.368652],[106.411328,-7.311719],[106.416895,-7.239355],[106.448438,-7.176758],[106.491504,-7.113867],[106.519727,-7.053711],[106.198242,-6.927832],[105.944336,-6.858984],[105.834766,-6.845801],[105.724805,-6.846094],[105.600977,-6.860352],[105.478418,-6.853711],[105.420801,-6.833203],[105.361914,-6.826172],[105.30293,-6.841016],[105.255469,-6.835254],[105.243164,-6.778027],[105.273438,-6.729395],[105.335645,-6.674121],[105.370898,-6.664355],[105.387012,-6.750781],[105.404688,-6.767969],[105.459766,-6.786914],[105.483691,-6.781543],[105.580859,-6.670996],[105.608008,-6.616699],[105.655078,-6.469531],[105.706055,-6.497949],[105.757422,-6.480371],[105.786914,-6.456934],[105.868262,-6.116406],[105.936133,-6.016992],[106.028809,-5.934277],[106.075,-5.91416],[106.16582,-5.964746],[106.349707,-5.984082],[106.459082,-6.017578],[106.56875,-6.021875],[106.675879,-6.038379],[106.825195,-6.098242],[106.87793,-6.091992],[106.931641,-6.073438],[107.011621,-6.008496],[107.046289,-5.904199],[107.162109,-5.957129],[107.331836,-5.978125],[107.373926,-6.007617]]]}},{"type":"Feature","properties":{"scalerank":0,"featurecla":"Land","min_zoom":0},"bbox":[95.206641,-5.90791,106.058398,5.628809],"geometry":{"type":"Polygon","coordinates":[[[96.492578,5.229346],[96.615234,5.220215],[96.842676,5.274463],[96.967773,5.269141],[97.085742,5.229932],[97.19043,5.207324],[97.451172,5.236035],[97.500195,5.22832],[97.547168,5.205859],[97.5875,5.170361],[97.706738,5.040137],[97.908398,4.87998],[97.966602,4.77749],[97.999805,4.662256],[98.020703,4.635205],[98.248438,4.414551],[98.27334,4.322314],[98.241211,4.194531],[98.307324,4.092871],[98.52832,3.997559],[98.658691,3.928125],[98.686523,3.885547],[98.705762,3.834766],[98.77793,3.759424],[98.868652,3.710352],[99.151172,3.58125],[99.521484,3.311182],[99.732324,3.183057],[99.906641,2.988184],[99.969434,2.894922],[100.021289,2.794238],[100.127246,2.647607],[100.307227,2.466602],[100.352734,2.411475],[100.401172,2.331641],[100.457031,2.257422],[100.523828,2.18916],[100.603613,2.136963],[100.685254,2.120068],[100.816797,1.989258],[100.887891,1.948242],[100.87666,2.050586],[100.816895,2.140186],[100.817773,2.194238],[100.828223,2.242578],[100.877051,2.283301],[100.935938,2.294727],[101.046191,2.257471],[101.225195,2.102246],[101.300781,2.011816],[101.357617,1.887012],[101.405078,1.757422],[101.47666,1.693066],[101.575,1.670557],[101.684277,1.66123],[101.784766,1.621387],[102.019922,1.442139],[102.098047,1.35791],[102.157227,1.258887],[102.197949,1.141699],[102.22334,1.018701],[102.239062,0.990332],[102.389941,0.841992],[102.469238,0.779297],[102.566406,0.748828],[102.849414,0.715479],[102.949316,0.664209],[103.031836,0.578906],[103.066504,0.491992],[103.00752,0.415332],[102.786328,0.297754],[102.55,0.216455],[102.77959,0.244482],[102.895898,0.278613],[103.002832,0.331982],[103.108691,0.399805],[103.276563,0.494531],[103.338965,0.513721],[103.412305,0.506934],[103.478906,0.480176],[103.578711,0.387061],[103.672656,0.288916],[103.742773,0.174414],[103.786719,0.046973],[103.706445,-0.01958],[103.589453,-0.06875],[103.428516,-0.191797],[103.411621,-0.24043],[103.444434,-0.27168],[103.405176,-0.362207],[103.49541,-0.418066],[103.50918,-0.465527],[103.431152,-0.533594],[103.438574,-0.575586],[103.532715,-0.754688],[103.577539,-0.795703],[103.721094,-0.886719],[103.940039,-0.979102],[104.061133,-1.021387],[104.198535,-1.054297],[104.25752,-1.053418],[104.360547,-1.038379],[104.38125,-1.074219],[104.425684,-1.250684],[104.446875,-1.362402],[104.47832,-1.600098],[104.518555,-1.69873],[104.515918,-1.819434],[104.56875,-1.921777],[104.676367,-1.987207],[104.791016,-2.04082],[104.845215,-2.092969],[104.844531,-2.171777],[104.826074,-2.23418],[104.787305,-2.282715],[104.668457,-2.385547],[104.647266,-2.429883],[104.630566,-2.543359],[104.650781,-2.595215],[104.69834,-2.598145],[104.735742,-2.570898],[104.878418,-2.418848],[104.916992,-2.392188],[104.970801,-2.370898],[105.025879,-2.35752],[105.286523,-2.35625],[105.396973,-2.380176],[105.495313,-2.429688],[105.582031,-2.491992],[105.899121,-2.887793],[106.044336,-3.10625],[106.055762,-3.160645],[106.058398,-3.217188],[106.033691,-3.260938],[105.901465,-3.410059],[105.885059,-3.45127],[105.84375,-3.613672],[105.851562,-3.730566],[105.895508,-3.779688],[105.930469,-3.833008],[105.927734,-3.881348],[105.840625,-4.121777],[105.831445,-4.162891],[105.886523,-4.553906],[105.890527,-4.659766],[105.879297,-4.793652],[105.887207,-5.00957],[105.816113,-5.676563],[105.802734,-5.716406],[105.74834,-5.818262],[105.676562,-5.817578],[105.618555,-5.799609],[105.57793,-5.760645],[105.555566,-5.712305],[105.522656,-5.672754],[105.349414,-5.549512],[105.304004,-5.57002],[105.128125,-5.722852],[105.081348,-5.745508],[105.022656,-5.726855],[104.930273,-5.681152],[104.639551,-5.52041],[104.62168,-5.571777],[104.618164,-5.641504],[104.675977,-5.816211],[104.683984,-5.892676],[104.631055,-5.90791],[104.601562,-5.90459],[104.480859,-5.803125],[104.369531,-5.690723],[104.242969,-5.538867],[104.150488,-5.466602],[104.066797,-5.385938],[103.831445,-5.07959],[103.770312,-5.032813],[103.405664,-4.816406],[103.332129,-4.765234],[103.238867,-4.675684],[103.138672,-4.596191],[102.918945,-4.470703],[102.537695,-4.152148],[102.371973,-3.969238],[102.187695,-3.674512],[102.127539,-3.599219],[101.817871,-3.378027],[101.649023,-3.244043],[101.578613,-3.166992],[101.414258,-2.898828],[101.366211,-2.808496],[101.305664,-2.728711],[101.20625,-2.663965],[101.118555,-2.587793],[100.944434,-2.345215],[100.889551,-2.248535],[100.848047,-2.143945],[100.855273,-1.93418],[100.486523,-1.299121],[100.393945,-1.10127],[100.308203,-0.82666],[100.289062,-0.798828],[100.087891,-0.55293],[100.016699,-0.474219],[99.930664,-0.400195],[99.860059,-0.31377],[99.721289,-0.032959],[99.669824,0.045068],[99.597656,0.102441],[99.33457,0.208594],[99.236426,0.267773],[99.15918,0.351758],[99.111719,0.458936],[99.05957,0.686377],[98.935547,1.031934],[98.796387,1.494629],[98.702539,1.701953],[98.595313,1.8646],[98.564258,1.902148],[98.086523,2.195068],[98.005078,2.238184],[97.918555,2.264209],[97.79502,2.282861],[97.700781,2.358545],[97.662012,2.494287],[97.640625,2.676416],[97.616797,2.785107],[97.59082,2.846582],[97.391309,2.975293],[97.313184,3.077051],[97.247949,3.189014],[97.188379,3.275732],[96.968945,3.575146],[96.893945,3.653711],[96.800977,3.708545],[96.525391,3.766602],[96.444727,3.816309],[96.31084,3.986328],[96.230078,4.072754],[95.987988,4.263281],[95.578613,4.661963],[95.494727,4.761377],[95.431934,4.865039],[95.38125,4.976172],[95.206641,5.284033],[95.220703,5.34624],[95.24707,5.410791],[95.242969,5.464307],[95.223828,5.51709],[95.227832,5.564795],[95.27959,5.592871],[95.396094,5.628809],[95.516992,5.624609],[95.628906,5.609082],[95.737305,5.579297],[95.841309,5.514502],[96.027344,5.351172],[96.133301,5.294287],[96.250879,5.266992],[96.492578,5.229346]]]}},{"type":"Feature","properties":{"scalerank":0,"featurecla":"Land","min_zoom":0},"bbox":[108.905859,-4.169727,119.266309,6.990234],"geometry":{"type":"Polygon","coordinates":[[[116.807715,6.691064],[116.788086,6.606104],[116.812402,6.60791],[116.913281,6.659668],[117.018555,6.797363],[117.07793,6.916846],[117.128516,6.968896],[117.229883,6.93999],[117.252441,6.919238],[117.245313,6.833398],[117.25498,6.783447],[117.294043,6.676904],[117.380371,6.612256],[117.499219,6.571484],[117.609668,6.512646],[117.645703,6.473682],[117.669629,6.426758],[117.69375,6.35],[117.695605,6.272314],[117.615918,6.196533],[117.649805,6.073584],[117.644531,6.001855],[117.617188,5.940723],[117.501172,5.884668],[117.817676,5.94043],[117.895801,5.972266],[118.003809,6.05332],[118.061719,5.983447],[118.11582,5.8625],[118.072266,5.83208],[117.934766,5.7875],[117.928027,5.769189],[117.973633,5.70625],[118.031152,5.712109],[118.144629,5.754199],[118.249121,5.820557],[118.299805,5.819727],[118.353125,5.806055],[118.456348,5.763428],[118.51416,5.728906],[118.563086,5.684521],[118.594824,5.59209],[118.713672,5.558545],[118.957324,5.429004],[119.002539,5.417822],[119.05,5.415234],[119.178418,5.430908],[119.223437,5.412646],[119.255566,5.365918],[119.266309,5.308105],[119.262793,5.245898],[119.249707,5.19873],[119.219629,5.159814],[119.132227,5.100488],[118.9125,5.0229],[118.67207,4.964062],[118.551367,4.968115],[118.381836,5.018506],[118.32002,5.012012],[118.260547,4.988867],[118.185352,4.828516],[118.324219,4.668701],[118.5625,4.502148],[118.595117,4.460645],[118.586328,4.409668],[118.54834,4.379248],[118.498047,4.362354],[118.364062,4.335742],[118.228711,4.316016],[118.117285,4.287598],[118.008203,4.250244],[117.895605,4.262939],[117.741016,4.337549],[117.696484,4.342822],[117.649805,4.304492],[117.603809,4.2],[117.566211,4.162305],[117.497461,4.133398],[117.465332,4.076074],[117.559375,3.98833],[117.566016,3.929932],[117.639063,3.877979],[117.728223,3.796729],[117.731738,3.770264],[117.762012,3.733887],[117.777246,3.689258],[117.714453,3.644824],[117.629883,3.636328],[117.567383,3.678271],[117.509668,3.730371],[117.494922,3.665576],[117.450391,3.628516],[117.287891,3.639307],[117.171582,3.638965],[117.055957,3.622656],[117.113867,3.612646],[117.166406,3.591992],[117.346289,3.426611],[117.384668,3.365381],[117.321875,3.243555],[117.352441,3.19375],[117.42207,3.165186],[117.506836,3.10459],[117.567187,3.098486],[117.610645,3.064355],[117.612402,3.004883],[117.637891,2.95083],[117.569141,2.929297],[117.637207,2.914941],[117.697656,2.887305],[117.664551,2.859277],[117.638867,2.825293],[117.666797,2.806934],[117.749707,2.775586],[117.785937,2.746777],[117.804883,2.668945],[117.885742,2.541748],[118.03418,2.377637],[118.066602,2.317822],[118.066309,2.262744],[118.041602,2.21543],[117.957031,2.159961],[117.889258,2.087012],[117.881055,2.060645],[117.789258,2.026855],[117.83125,2.002002],[117.864648,1.968408],[117.928418,1.866797],[118.080371,1.701855],[118.156836,1.640332],[118.47168,1.416455],[118.638965,1.318994],[118.852539,1.09585],[118.963477,1.044287],[118.984961,0.982129],[118.892383,0.886865],[118.757422,0.839209],[118.534766,0.813525],[118.311523,0.84707],[118.196094,0.874365],[118.095508,0.92915],[118.016309,1.03916],[117.911621,1.098682],[117.951953,1.031982],[117.977344,0.963818],[117.964258,0.889551],[117.923047,0.831348],[117.852539,0.788672],[117.776953,0.754004],[117.745117,0.729639],[117.55332,0.341016],[117.522168,0.235889],[117.46377,-0.200488],[117.462891,-0.32373],[117.548926,-0.554395],[117.556836,-0.675293],[117.573828,-0.727539],[117.5625,-0.770898],[117.521777,-0.79668],[117.357129,-0.867188],[117.240723,-0.925684],[117.146484,-1.008984],[117.070215,-1.112695],[117.003223,-1.187695],[116.913965,-1.223633],[116.849414,-1.218262],[116.79707,-1.183789],[116.760547,-1.117188],[116.739844,-1.044238],[116.726172,-1.098145],[116.728711,-1.150781],[116.759277,-1.207129],[116.770996,-1.266602],[116.753418,-1.327344],[116.715234,-1.375781],[116.611621,-1.428613],[116.554492,-1.473926],[116.545117,-1.553125],[116.517578,-1.598047],[116.47793,-1.632812],[116.332129,-1.7125],[116.299609,-1.744336],[116.275488,-1.784863],[116.353223,-1.778613],[116.424316,-1.784863],[116.42959,-1.86416],[116.451953,-1.923145],[116.423535,-2.052539],[116.313965,-2.139844],[116.368652,-2.158203],[116.418164,-2.186719],[116.528125,-2.20791],[116.56543,-2.299707],[116.549219,-2.41084],[116.529297,-2.510547],[116.450391,-2.538281],[116.40127,-2.519824],[116.352539,-2.521582],[116.316797,-2.551855],[116.307227,-2.60332],[116.375488,-2.578027],[116.37168,-2.706836],[116.353223,-2.832715],[116.330664,-2.902148],[116.288867,-2.958789],[116.225781,-2.976953],[116.166309,-2.93457],[116.154102,-2.983789],[116.172266,-3.025293],[116.257227,-3.126367],[116.205078,-3.148535],[116.16709,-3.183008],[116.15,-3.233203],[116.05752,-3.348242],[116.016699,-3.432813],[115.999414,-3.52334],[115.956152,-3.59502],[115.258203,-3.906836],[114.693555,-4.169727],[114.652539,-4.151855],[114.625293,-4.111719],[114.605957,-3.70332],[114.536133,-3.494434],[114.525586,-3.37666],[114.445996,-3.481836],[114.397168,-3.471191],[114.344336,-3.444434],[114.30459,-3.410059],[114.30166,-3.364746],[114.344336,-3.235156],[114.292676,-3.30625],[114.236328,-3.361133],[114.17793,-3.354395],[114.127637,-3.327246],[114.108984,-3.285156],[114.082227,-3.278906],[113.958789,-3.394336],[113.795801,-3.45625],[113.705078,-3.455273],[113.633594,-3.419922],[113.637305,-3.332031],[113.630078,-3.246094],[113.610059,-3.195703],[113.566309,-3.177734],[113.525977,-3.184082],[113.408984,-3.228906],[113.367188,-3.223633],[113.343164,-3.246484],[113.033984,-2.933496],[112.971484,-3.187109],[112.758008,-3.322168],[112.600293,-3.400488],[112.443945,-3.371094],[112.284961,-3.320996],[112.12666,-3.381445],[111.954883,-3.529688],[111.907422,-3.552539],[111.858105,-3.551855],[111.82207,-3.53252],[111.834375,-3.420117],[111.835938,-3.307715],[111.823047,-3.057227],[111.809375,-3.008008],[111.760156,-2.93916],[111.694727,-2.889453],[111.658301,-2.925781],[111.625488,-2.975488],[111.494922,-2.97334],[111.367578,-2.933691],[111.25918,-2.956445],[111.044336,-3.055762],[110.930078,-3.071094],[110.86875,-3.04873],[110.829688,-2.995117],[110.852051,-2.946191],[110.899316,-2.908594],[110.811133,-2.938477],[110.73584,-2.988672],[110.703125,-3.020898],[110.668164,-3.004785],[110.574023,-2.891406],[110.377539,-2.933789],[110.350977,-2.946777],[110.302539,-2.985352],[110.256055,-2.966113],[110.232617,-2.925098],[110.224316,-2.688672],[110.124414,-2.233887],[110.096582,-2.001367],[110.075,-1.946387],[109.959863,-1.862793],[109.96377,-1.742871],[110.023438,-1.642578],[110.036133,-1.525684],[110.019238,-1.398828],[109.983301,-1.274805],[109.938086,-1.181152],[109.873438,-1.101074],[109.787402,-1.011328],[109.681738,-0.944238],[109.453809,-0.86875],[109.333496,-0.875391],[109.288867,-0.845801],[109.258789,-0.807422],[109.270996,-0.732031],[109.311719,-0.680176],[109.366309,-0.667383],[109.372754,-0.638184],[109.257031,-0.577441],[109.160547,-0.494922],[109.130273,-0.44541],[109.121094,-0.390918],[109.121777,-0.265039],[109.149609,-0.185547],[109.164746,-0.14248],[109.194629,-0.009424],[109.25752,0.031152],[109.247266,0.055762],[109.220215,0.073828],[109.180762,0.11748],[109.148535,0.167676],[109.074805,0.252832],[108.944531,0.355664],[108.922754,0.532812],[108.905859,0.793945],[108.916797,0.912646],[108.958594,1.134619],[109.030859,1.204492],[109.088477,1.223926],[109.131543,1.253857],[109.096094,1.258154],[109.06543,1.247168],[109.010254,1.239648],[109.055469,1.438477],[109.075879,1.495898],[109.166699,1.60708],[109.273145,1.705469],[109.318164,1.821094],[109.378516,1.922705],[109.628906,2.027539],[109.694336,1.88877],[109.719629,1.857812],[109.864844,1.764453],[109.98457,1.717627],[110.114062,1.698584],[110.245898,1.694727],[110.29834,1.701172],[110.349219,1.719727],[110.399512,1.699854],[110.675195,1.548047],[110.782031,1.52085],[110.894922,1.532471],[110.939941,1.517334],[111.098437,1.400879],[111.145215,1.386963],[111.223242,1.39585],[111.123438,1.449023],[111.058008,1.48667],[111.028711,1.557812],[111.046582,1.633643],[111.110156,1.684082],[111.154199,1.73877],[111.17002,1.902295],[111.198047,1.985107],[111.250879,2.063867],[111.268164,2.139746],[111.208887,2.197656],[111.195508,2.297168],[111.208594,2.379639],[111.242188,2.435742],[111.295898,2.398779],[111.351367,2.364453],[111.406152,2.367871],[111.443848,2.381543],[111.450781,2.424072],[111.44043,2.498096],[111.443262,2.634326],[111.5125,2.743018],[111.623242,2.817969],[111.727734,2.853809],[112.118848,2.914697],[112.737305,3.070459],[112.920508,3.130713],[112.987891,3.161914],[113.044727,3.205225],[113.140234,3.343506],[113.320117,3.561475],[113.446094,3.740576],[113.712109,4.001416],[113.923926,4.243213],[113.952539,4.288721],[113.987793,4.420703],[113.99043,4.482812],[113.984277,4.545801],[114.0125,4.575244],[114.053613,4.592871],[114.17793,4.590967],[114.299414,4.607178],[114.424414,4.6604],[114.544727,4.724561],[114.645898,4.798145],[114.74082,4.881006],[114.840625,4.946387],[114.99541,5.022363],[115.047656,5.016357],[115.04707,4.962451],[115.026758,4.899707],[115.140039,4.899756],[115.374902,4.932764],[115.427637,4.969189],[115.519824,5.048926],[115.554492,5.093555],[115.582031,5.194141],[115.466895,5.254102],[115.42168,5.330518],[115.419043,5.413184],[115.556445,5.566699],[115.603906,5.603418],[115.624512,5.548877],[115.685059,5.535107],[115.74082,5.533008],[115.796875,5.536133],[115.877148,5.613525],[115.918457,5.724951],[116.059766,5.882373],[116.110059,6.003271],[116.138379,6.129541],[116.494727,6.52168],[116.538281,6.582715],[116.749805,6.9771],[116.776172,6.990234],[116.833008,6.952051],[116.849805,6.826709],[116.841992,6.77207],[116.807715,6.691064]]]}},{"type":"Feature","properties":{"scalerank":0,"featurecla":"Land","min_zoom":0},"bbox":[141.66084,45.917041,144.71377,54.416113],"geometry":{"type":"Polygon","coordinates":[[[142.761035,54.393945],[142.976172,54.140967],[142.985938,54.085693],[142.96709,54.028809],[142.926563,53.955615],[142.911426,53.878369],[142.936426,53.810938],[142.917969,53.794238],[143.095508,53.488672],[143.223633,53.296045],[143.259961,53.217285],[143.287891,53.134375],[143.324707,52.963086],[143.332617,52.700049],[143.323633,52.613574],[143.295117,52.52915],[143.264258,52.478662],[143.200977,52.44292],[143.172266,52.349365],[143.155566,52.08374],[143.190625,51.944482],[143.250586,51.8479],[143.294727,51.744336],[143.299512,51.632373],[143.320508,51.583252],[143.417773,51.520605],[143.455469,51.471484],[143.467383,51.401904],[143.472949,51.299219],[143.48877,51.277051],[143.53418,51.246289],[143.736035,50.506738],[143.816016,50.282617],[144.047949,49.895752],[144.141309,49.661475],[144.199609,49.549756],[144.239941,49.432031],[144.27207,49.311328],[144.341211,49.180518],[144.431738,49.051074],[144.606836,48.93584],[144.685547,48.87124],[144.706641,48.819531],[144.71377,48.640283],[144.672656,48.678564],[144.620996,48.814844],[144.536328,48.893555],[144.411816,48.986377],[144.283789,49.069775],[144.125488,49.208545],[144.04873,49.24917],[143.967773,49.276318],[143.819141,49.308594],[143.732324,49.312012],[143.382227,49.290674],[143.236328,49.262842],[143.10498,49.198828],[143.026855,49.10542],[142.97168,48.917773],[142.650977,48.246875],[142.574219,48.072168],[142.545898,47.884912],[142.556934,47.737891],[142.579004,47.683984],[142.670117,47.536914],[142.74541,47.452393],[142.800781,47.416162],[142.863965,47.391797],[142.905469,47.361865],[142.940332,47.322754],[143.005566,47.222705],[143.089258,47.000781],[143.17793,46.844043],[143.217676,46.794873],[143.318652,46.807373],[143.384375,46.805664],[143.447266,46.791992],[143.485645,46.752051],[143.540332,46.575098],[143.578711,46.406055],[143.580664,46.360693],[143.508594,46.230176],[143.490625,46.174609],[143.482324,46.11582],[143.463477,46.069482],[143.431641,46.028662],[143.418652,46.222021],[143.370313,46.358496],[143.352148,46.476221],[143.282324,46.558984],[143.047852,46.592627],[142.829297,46.605273],[142.795508,46.620215],[142.747363,46.670654],[142.691895,46.71084],[142.635742,46.716211],[142.578027,46.700781],[142.478809,46.644238],[142.406445,46.554688],[142.35,46.458691],[142.304004,46.357568],[142.208594,46.088867],[142.149707,45.999268],[142.077148,45.917041],[142.015625,45.961621],[141.961621,46.013477],[141.92998,46.088281],[141.916309,46.170752],[141.830371,46.451074],[141.866504,46.694189],[142.011035,47.030322],[142.038672,47.140283],[142.016895,47.244678],[141.98418,47.347705],[141.9625,47.543799],[141.964063,47.587451],[142.015625,47.700635],[142.075977,47.80835],[142.149219,47.902148],[142.181738,48.013379],[142.135352,48.290088],[142.028711,48.4771],[141.897266,48.654687],[141.873047,48.701953],[141.866309,48.750098],[141.97959,48.972168],[142.020117,49.078467],[142.066504,49.312061],[142.108691,49.439648],[142.142285,49.569141],[142.153125,50.216748],[142.143066,50.312109],[142.071094,50.51499],[142.066016,50.630469],[142.100488,50.776465],[142.147266,50.890186],[142.20791,50.998486],[142.206738,51.222559],[142.090723,51.429395],[142.005957,51.520508],[141.872949,51.630029],[141.771875,51.690186],[141.722363,51.736328],[141.771875,51.751807],[141.808105,51.789209],[141.720996,51.846777],[141.668457,51.93335],[141.66084,52.272949],[141.682422,52.359131],[141.747559,52.454834],[141.80332,52.555615],[141.855566,52.793506],[141.873633,53.038916],[141.838867,53.138477],[141.823535,53.339502],[141.852441,53.389453],[141.964453,53.456396],[142.141992,53.495605],[142.179883,53.484033],[142.318945,53.405469],[142.370508,53.402539],[142.424023,53.410742],[142.526172,53.447461],[142.583496,53.536768],[142.50918,53.587598],[142.552539,53.652637],[142.67959,53.674365],[142.688867,53.730176],[142.642871,53.736768],[142.683008,53.816016],[142.705957,53.895703],[142.670215,53.968408],[142.466602,54.148535],[142.334961,54.280713],[142.55166,54.278955],[142.615625,54.303613],[142.666211,54.358203],[142.692773,54.416113],[142.761035,54.393945]]]}},{"type":"Feature","properties":{"scalerank":0,"featurecla":"Land","min_zoom":0},"bbox":[139.820898,41.423242,145.833008,45.509521],"geometry":{"type":"Polygon","coordinates":[[[143.824316,44.116992],[143.949512,44.111914],[144.005469,44.11665],[144.101367,44.101562],[144.481836,43.949561],[144.59668,43.930225],[144.715234,43.927979],[144.798535,43.940234],[144.871875,43.981934],[145.101562,44.166162],[145.342773,44.333887],[145.369531,44.327393],[145.369629,44.281299],[145.351953,44.229785],[145.245215,44.076172],[145.126367,43.869385],[145.101074,43.764551],[145.139648,43.6625],[145.214063,43.578223],[145.272949,43.462891],[145.34082,43.302539],[145.436133,43.282227],[145.487891,43.279736],[145.583301,43.327783],[145.673633,43.388867],[145.75127,43.396289],[145.833008,43.385937],[145.725586,43.343457],[145.624219,43.291309],[145.537402,43.192676],[145.505078,43.174219],[145.404785,43.180273],[145.347461,43.176709],[145.230078,43.135498],[145.127148,43.088867],[145.028809,43.031641],[144.921387,43.000928],[144.807129,42.993701],[144.630762,42.946924],[144.516211,42.943604],[144.301563,42.984424],[144.197266,42.973633],[143.969336,42.881396],[143.762109,42.748145],[143.580957,42.59873],[143.429492,42.418896],[143.368652,42.325146],[143.332129,42.220361],[143.327148,42.151025],[143.313672,42.084326],[143.278711,42.037842],[143.236523,42.000195],[143.111719,42.022217],[142.906348,42.118359],[142.508203,42.257959],[142.087891,42.471729],[141.851367,42.579053],[141.406641,42.546924],[140.986133,42.342139],[140.948438,42.35957],[140.787598,42.5],[140.709766,42.555615],[140.616797,42.571338],[140.547656,42.569531],[140.480469,42.559375],[140.385449,42.487158],[140.350586,42.435107],[140.323535,42.376074],[140.315234,42.334277],[140.32666,42.293359],[140.416602,42.200732],[140.527539,42.131787],[140.577734,42.118652],[140.684277,42.123486],[140.733789,42.116357],[140.912305,41.977783],[141.107715,41.848047],[141.150977,41.805078],[141.078711,41.759814],[140.999512,41.737402],[140.90752,41.743262],[140.816406,41.7604],[140.659863,41.815576],[140.592969,41.768555],[140.48916,41.672168],[140.431641,41.567383],[140.384961,41.519287],[140.270117,41.456006],[140.148633,41.423242],[140.085156,41.434082],[140.036621,41.473779],[140.00918,41.521338],[139.995313,41.576416],[140.021289,41.695752],[140.08418,41.803223],[140.108398,41.912939],[140.056836,42.067334],[140.024121,42.099561],[139.895117,42.190039],[139.835449,42.278076],[139.820898,42.387598],[139.828516,42.448145],[139.860156,42.581738],[139.891113,42.649219],[139.950586,42.671436],[140.015039,42.684766],[140.114648,42.732959],[140.224121,42.795508],[140.328613,42.866846],[140.432227,42.954102],[140.486426,43.049902],[140.397461,43.167334],[140.379297,43.237109],[140.392383,43.303125],[140.486914,43.338184],[140.58457,43.311719],[140.780664,43.21499],[140.819141,43.205469],[140.953809,43.200977],[141.138184,43.179932],[141.24502,43.185059],[141.296289,43.199658],[141.374121,43.279639],[141.412305,43.381494],[141.39834,43.5125],[141.397656,43.642627],[141.446777,43.748633],[141.600684,43.918994],[141.644727,44.019434],[141.66084,44.263623],[141.716309,44.371191],[141.760938,44.48252],[141.782227,44.716357],[141.719043,44.941064],[141.655762,45.051221],[141.583008,45.155957],[141.59375,45.255957],[141.652539,45.348633],[141.654004,45.376562],[141.667969,45.40127],[141.778125,45.418896],[141.829492,45.43877],[141.878711,45.483301],[141.937695,45.509521],[141.980859,45.483496],[142.016406,45.437939],[142.171582,45.325635],[142.416016,45.125],[142.704102,44.819189],[142.884766,44.670117],[143.075098,44.534912],[143.288574,44.396631],[143.511914,44.277539],[143.65459,44.221338],[143.759082,44.131641],[143.824316,44.116992]]]}},{"type":"Feature","properties":{"scalerank":0,"featurecla":"Land","min_zoom":0},"bbox":[130.889258,33.486963,141.993164,41.505566],"geometry":{"type":"Polygon","coordinates":[[[141.229297,41.372656],[141.26875,41.353809],[141.455469,41.404736],[141.419922,41.251172],[141.4,41.096338],[141.413672,40.839355],[141.430469,40.72334],[141.462793,40.611133],[141.542285,40.530713],[141.646289,40.473633],[141.79707,40.291162],[141.87793,40.067236],[141.935059,39.958496],[141.977832,39.844434],[141.99082,39.792236],[141.991895,39.739893],[141.979102,39.668359],[141.993164,39.610547],[141.976953,39.428809],[141.909473,39.218701],[141.900781,39.111328],[141.84209,39.090039],[141.806543,39.04043],[141.776172,39.017432],[141.74248,38.999609],[141.693555,38.995166],[141.658594,38.974854],[141.644727,38.91792],[141.622266,38.865137],[141.579688,38.816504],[141.546289,38.762842],[141.51875,38.632031],[141.508789,38.497852],[141.46748,38.40415],[141.368164,38.379736],[141.254297,38.381396],[141.108398,38.337939],[141.077344,38.312549],[140.962109,38.148877],[140.929004,38.052881],[140.92793,37.949609],[140.959961,37.822607],[141.003418,37.698437],[141.036328,37.467236],[141.00166,37.114648],[140.968359,37.002051],[140.895117,36.925732],[140.839648,36.890332],[140.791797,36.846875],[140.729883,36.731885],[140.627344,36.502783],[140.618848,36.445312],[140.619238,36.385596],[140.591602,36.307812],[140.573535,36.231348],[140.59043,36.142432],[140.621973,36.059229],[140.75957,35.845703],[140.813477,35.78252],[140.874023,35.724951],[140.639258,35.661279],[140.596875,35.632031],[140.457422,35.510254],[140.412891,35.394775],[140.416504,35.266992],[140.392969,35.221143],[140.354688,35.181445],[140.314746,35.155029],[140.158887,35.096484],[140.05918,35.038281],[139.959766,34.947314],[139.92041,34.899609],[139.843945,34.914893],[139.799219,34.956934],[139.843262,35.009863],[139.829688,35.072168],[139.851465,35.232324],[139.826465,35.29668],[139.906152,35.345264],[139.944141,35.422998],[140.027148,35.485205],[140.086328,35.54043],[140.096875,35.585156],[140.043652,35.63335],[139.9875,35.668213],[139.909766,35.668359],[139.834766,35.658057],[139.786328,35.612109],[139.770117,35.549561],[139.773926,35.520361],[139.767773,35.494824],[139.65,35.409131],[139.665527,35.319482],[139.7,35.273975],[139.744043,35.252393],[139.730859,35.221533],[139.675,35.149268],[139.635938,35.142139],[139.564063,35.243262],[139.474414,35.298535],[139.363477,35.298096],[139.249414,35.278027],[139.162695,35.210742],[139.134082,35.154883],[139.11582,35.097119],[139.121973,34.956494],[139.086035,34.83916],[139.015625,34.736035],[138.982617,34.698389],[138.89668,34.628418],[138.8375,34.619238],[138.795117,34.651025],[138.761035,34.699219],[138.804492,34.875732],[138.802734,34.974805],[138.903613,35.025244],[138.820898,35.095703],[138.719629,35.124072],[138.577148,35.086475],[138.537012,35.044141],[138.50957,34.987158],[138.433105,34.915186],[138.348633,34.847705],[138.253223,34.732666],[138.189063,34.596338],[137.979004,34.640918],[137.864258,34.650879],[137.748535,34.647412],[137.543359,34.664209],[137.318066,34.636377],[137.061719,34.582812],[137.077051,34.621436],[137.287793,34.703516],[137.29541,34.727588],[137.275195,34.77251],[137.222656,34.774707],[137.096582,34.759033],[137.032227,34.765918],[137.005957,34.814111],[136.963281,34.834912],[136.934766,34.815186],[136.944141,34.721533],[136.912891,34.709033],[136.871289,34.733105],[136.88457,34.805859],[136.856152,34.9125],[136.85293,34.978711],[136.89707,35.035547],[136.851855,35.059521],[136.804199,35.050293],[136.743555,35.022998],[136.690039,34.984131],[136.576953,34.789551],[136.533008,34.678369],[136.61582,34.589062],[136.841602,34.464209],[136.880273,34.433594],[136.881152,34.380469],[136.853711,34.324072],[136.792188,34.299268],[136.544434,34.257715],[136.329883,34.176855],[136.267871,34.094873],[136.072559,33.778223],[135.916211,33.561719],[135.695312,33.486963],[135.452832,33.553369],[135.394238,33.62876],[135.346777,33.721973],[135.256641,33.80625],[135.175391,33.898047],[135.12793,34.006982],[135.135352,34.182617],[135.100098,34.288379],[135.131934,34.316553],[135.265625,34.380811],[135.309277,34.416797],[135.384766,34.500439],[135.411816,34.546973],[135.415918,34.61748],[135.355176,34.654297],[135.198242,34.65293],[135.041699,34.631006],[134.929883,34.661816],[134.784961,34.74707],[134.740039,34.765234],[134.583789,34.770605],[134.472266,34.754785],[134.362695,34.723682],[134.246875,34.713867],[134.208301,34.697656],[134.074512,34.593115],[133.968262,34.527295],[133.876367,34.494629],[133.67793,34.485889],[133.578613,34.464697],[133.474414,34.430127],[133.445312,34.433154],[133.335645,34.385352],[133.209766,34.343994],[133.142383,34.302441],[133.018945,34.32959],[132.774609,34.255225],[132.656543,34.246094],[132.534473,34.287061],[132.421289,34.353369],[132.312598,34.324951],[132.238086,34.227002],[132.201953,34.032031],[132.159375,33.944238],[132.146484,33.83877],[132.090234,33.855469],[131.763184,34.045264],[131.740527,34.052051],[131.476172,34.019385],[131.40791,34.003613],[131.322754,33.965186],[131.232617,33.947998],[131.150391,33.975635],[131.071875,34.020654],[130.996387,34.007275],[130.918848,33.975732],[130.889258,34.261816],[130.904297,34.299561],[130.951855,34.349707],[131.004199,34.392578],[131.132227,34.407373],[131.261816,34.393457],[131.354395,34.413184],[131.43252,34.469824],[131.515039,34.550146],[131.608008,34.615479],[131.734082,34.66709],[131.856055,34.726318],[131.963086,34.809375],[132.064746,34.9],[132.158203,34.966504],[132.25957,35.022314],[132.414062,35.156299],[132.619043,35.306836],[132.697656,35.418311],[132.746582,35.449023],[132.922949,35.511279],[133.156934,35.558838],[133.267188,35.556543],[133.376465,35.458838],[133.435352,35.472217],[133.494922,35.497461],[133.61543,35.511426],[133.739355,35.495264],[133.860254,35.494873],[133.98125,35.507227],[134.214063,35.539258],[134.336523,35.57793],[134.456055,35.62793],[134.882227,35.663232],[135.174316,35.74707],[135.220508,35.741113],[135.26543,35.721777],[135.26875,35.659668],[135.232031,35.591895],[135.267773,35.550879],[135.326953,35.525537],[135.601855,35.517725],[135.680273,35.503125],[135.79502,35.549512],[135.903125,35.606885],[136.016211,35.68252],[136.095313,35.767627],[136.022266,35.874121],[136.00625,35.990576],[136.06748,36.116846],[136.15625,36.22334],[136.261816,36.287695],[136.358984,36.361768],[136.555859,36.571973],[136.698145,36.742041],[136.749316,36.951025],[136.719238,37.198389],[136.843457,37.382129],[136.962305,37.413672],[137.198633,37.497461],[137.322656,37.52207],[137.341211,37.485449],[137.3375,37.437451],[137.152051,37.283154],[137.045801,37.219727],[136.982227,37.200049],[136.924023,37.171973],[136.899902,37.117676],[136.994434,37.026758],[137.018555,36.959619],[137.012695,36.895117],[137.016699,36.837207],[137.12373,36.774072],[137.246289,36.753174],[137.297656,36.75376],[137.342578,36.770361],[137.482617,36.924756],[137.514063,36.951562],[137.913184,37.0646],[138.10957,37.151074],[138.218066,37.173389],[138.319922,37.218408],[138.54834,37.392139],[138.632812,37.472168],[138.709375,37.560645],[138.770605,37.663428],[138.818848,37.774707],[138.885059,37.843945],[139.247168,38.009082],[139.363867,38.099023],[139.400977,38.142578],[139.445801,38.26875],[139.476758,38.399805],[139.520801,38.502539],[139.580176,38.598877],[139.659766,38.697021],[139.749121,38.788135],[139.801953,38.881592],[139.878613,39.104932],[139.912305,39.228564],[139.938574,39.273145],[139.977148,39.310645],[140.01084,39.358057],[140.036523,39.411133],[140.048145,39.463721],[140.064746,39.624414],[140.054688,39.749268],[139.994727,39.855078],[139.945215,39.885107],[139.891211,39.886865],[139.810352,39.877734],[139.741504,39.92085],[139.755469,39.958936],[139.825684,39.966016],[139.873633,39.985693],[139.908008,40.021729],[139.972461,40.136963],[140.011133,40.260352],[140.014453,40.314893],[139.964063,40.414307],[139.923926,40.533887],[139.922852,40.598437],[139.966699,40.672754],[140.029297,40.733154],[140.085352,40.747363],[140.146094,40.751562],[140.20127,40.774902],[140.252344,40.808789],[140.28125,40.846094],[140.32627,40.947656],[140.343555,41.005664],[140.315234,41.160889],[140.344434,41.20332],[140.385938,41.229785],[140.441309,41.209668],[140.498047,41.205664],[140.56416,41.211816],[140.627637,41.19541],[140.639648,41.155615],[140.679395,40.893262],[140.702441,40.857812],[140.748633,40.830322],[140.800781,40.834326],[140.845801,40.875146],[140.876172,40.929541],[140.936035,40.940771],[141.118555,40.882275],[141.183203,40.924023],[141.225391,40.988477],[141.262109,41.102686],[141.244238,41.205615],[141.200391,41.243604],[141.155078,41.236719],[141.115039,41.208496],[141.07041,41.193066],[140.800586,41.138818],[140.801855,41.253662],[140.85957,41.425439],[140.891504,41.479785],[140.936914,41.505566],[141.050195,41.475732],[141.105859,41.455859],[141.229297,41.372656]]]}},{"type":"Feature","properties":{"scalerank":0,"featurecla":"Land","min_zoom":1.5},"bbox":[132.032617,32.752002,134.738867,34.358398],"geometry":{"type":"Polygon","coordinates":[[[134.357422,34.256348],[134.495703,34.214746],[134.6375,34.226611],[134.635254,34.043945],[134.655371,33.982617],[134.695312,33.927734],[134.674805,33.847803],[134.738867,33.820508],[134.54873,33.729297],[134.377051,33.608398],[134.306543,33.526807],[134.242676,33.439453],[134.205664,33.346973],[134.181641,33.247217],[134.124121,33.286768],[133.958691,33.44834],[133.854004,33.492676],[133.685645,33.516309],[133.632031,33.510986],[133.285938,33.359961],[133.239941,33.249609],[133.145605,33.083154],[133.100879,33.028223],[133.051172,33.012451],[133.016016,32.983887],[132.977246,32.841992],[132.869922,32.75459],[132.804297,32.752002],[132.692188,32.775928],[132.641797,32.762451],[132.708984,32.90249],[132.601953,32.919531],[132.495117,32.916602],[132.492578,33.007666],[132.427832,33.059375],[132.475781,33.126465],[132.477148,33.181152],[132.505273,33.211279],[132.515039,33.255371],[132.511426,33.293066],[132.44541,33.30459],[132.405176,33.33125],[132.412793,33.430469],[132.374902,33.434082],[132.281055,33.416797],[132.08584,33.340137],[132.032617,33.33999],[132.114453,33.39458],[132.287891,33.469531],[132.365918,33.512451],[132.536035,33.63291],[132.643066,33.689941],[132.698926,33.790918],[132.716211,33.852246],[132.752344,33.906152],[132.784277,33.992432],[132.839453,34.02124],[132.935156,34.095312],[132.990137,34.088135],[133.05127,33.997119],[133.133691,33.927295],[133.193066,33.933203],[133.298828,33.968994],[133.349805,33.977051],[133.47207,33.972803],[133.582031,34.017139],[133.626758,34.069385],[133.643457,34.134668],[133.602637,34.243848],[133.655566,34.232861],[133.70625,34.237354],[133.825586,34.306836],[133.94834,34.348047],[134.075879,34.358398],[134.219238,34.319043],[134.357422,34.256348]]]}},{"type":"Feature","properties":{"scalerank":0,"featurecla":"Land","min_zoom":0},"bbox":[129.580078,31.015137,132.008594,33.927783],"geometry":{"type":"Polygon","coordinates":[[[131.174609,33.602588],[131.30918,33.572754],[131.366016,33.570898],[131.41875,33.584424],[131.498828,33.623584],[131.583008,33.652393],[131.643066,33.637793],[131.696289,33.602832],[131.724219,33.553809],[131.710645,33.502344],[131.615527,33.391846],[131.537402,33.274072],[131.71709,33.2521],[131.896582,33.25459],[131.854688,33.181641],[131.847852,33.118066],[131.902734,33.087793],[131.949316,33.04707],[131.937207,33.010156],[131.910449,32.973682],[132.008594,32.919043],[132.002148,32.882373],[131.97666,32.843945],[131.732129,32.592822],[131.660352,32.465625],[131.610352,32.325488],[131.564648,32.223047],[131.531152,32.116748],[131.505664,32.001953],[131.460254,31.883496],[131.475293,31.778418],[131.459961,31.670801],[131.337207,31.404687],[131.249707,31.409619],[131.139746,31.441846],[131.070801,31.436865],[131.035156,31.377686],[131.098438,31.256152],[130.902246,31.112061],[130.685742,31.015137],[130.68418,31.059277],[130.704492,31.094092],[130.735742,31.12207],[130.758398,31.155811],[130.789746,31.269092],[130.774219,31.383203],[130.708984,31.526074],[130.704199,31.577441],[130.749414,31.598193],[130.779785,31.604102],[130.796289,31.624072],[130.796875,31.671289],[130.77627,31.706299],[130.714551,31.717676],[130.655078,31.718408],[130.613477,31.66543],[130.556055,31.563086],[130.528125,31.459668],[130.54043,31.403076],[130.565918,31.352393],[130.644531,31.26748],[130.621484,31.217529],[130.58877,31.178516],[130.310645,31.266895],[130.250586,31.273193],[130.200684,31.291895],[130.147266,31.408496],[130.260547,31.436572],[130.294141,31.450684],[130.306641,31.487793],[130.321973,31.601465],[130.268945,31.696338],[130.224219,31.730078],[130.187891,31.768848],[130.210938,31.848975],[130.195801,31.949854],[130.194434,32.090771],[130.214063,32.115039],[130.319141,32.143506],[130.394922,32.218994],[130.462012,32.304932],[130.560352,32.456055],[130.640527,32.619238],[130.563281,32.626367],[130.497852,32.656934],[130.569434,32.734131],[130.547266,32.831592],[130.44043,32.951367],[130.381738,33.092578],[130.287305,33.154785],[130.2375,33.177637],[130.176855,33.144531],[130.126855,33.104834],[130.173145,33.012988],[130.167773,32.931787],[130.175,32.851318],[130.222168,32.846826],[130.280078,32.866846],[130.326465,32.852637],[130.353516,32.810352],[130.36084,32.755859],[130.34043,32.701855],[130.297656,32.675],[130.245508,32.677148],[130.192969,32.706299],[130.152051,32.747852],[130.054102,32.770801],[129.950781,32.721729],[129.852539,32.621729],[129.768555,32.570996],[129.808105,32.645264],[129.826758,32.725342],[129.785938,32.781641],[129.690039,32.875244],[129.667773,32.929395],[129.662305,32.994922],[129.679102,33.059961],[129.777734,32.985547],[129.82832,32.892676],[129.900781,32.851904],[129.991699,32.851562],[129.921875,32.987988],[129.896777,33.022363],[129.79873,33.083594],[129.665039,33.186621],[129.580078,33.236279],[129.610156,33.343652],[129.659961,33.36499],[129.702148,33.359814],[129.844141,33.321777],[129.85752,33.375244],[129.836621,33.403809],[129.825684,33.437012],[129.919141,33.483496],[130.07207,33.521777],[130.103418,33.539697],[130.130566,33.578174],[130.167969,33.598291],[130.275098,33.597705],[130.365039,33.634473],[130.439453,33.734229],[130.457227,33.788965],[130.483789,33.834619],[130.669531,33.915479],[130.715625,33.927783],[130.839648,33.917773],[130.953125,33.872021],[131.009082,33.77583],[131.058105,33.672852],[131.174609,33.602588]]]}},{"type":"Feature","properties":{"scalerank":0,"featurecla":"Land","min_zoom":1},"bbox":[120.072461,21.925,121.929004,25.276904],"geometry":{"type":"Polygon","coordinates":[[[121.008789,22.620361],[120.946875,22.503076],[120.897363,22.37915],[120.877344,22.262207],[120.878418,22.141553],[120.864258,22.032666],[120.839844,21.925],[120.742773,21.956006],[120.690137,22.033105],[120.678027,22.159668],[120.607617,22.312549],[120.58125,22.356396],[120.479785,22.441895],[120.387598,22.484521],[120.316211,22.547607],[120.325586,22.542432],[120.272852,22.627441],[120.232813,22.71792],[120.150098,22.974902],[120.121582,23.037012],[120.083398,23.093701],[120.072461,23.149756],[120.085547,23.212061],[120.121191,23.305176],[120.142969,23.399072],[120.125391,23.526611],[120.132129,23.65293],[120.158984,23.709033],[120.629687,24.478516],[120.757422,24.642285],[120.835938,24.722656],[120.901563,24.813281],[120.964063,24.927979],[121.040625,25.032812],[121.09541,25.065088],[121.36543,25.15918],[121.449609,25.249023],[121.51709,25.276904],[121.593652,25.275342],[121.643066,25.232422],[121.687109,25.181592],[121.733301,25.154102],[121.852832,25.104443],[121.905176,25.056445],[121.929004,24.97373],[121.85625,24.895264],[121.820117,24.824512],[121.813379,24.746338],[121.826367,24.640527],[121.828027,24.534375],[121.737012,24.285254],[121.639355,24.130078],[121.613086,24.052734],[121.583398,23.860889],[121.526074,23.668262],[121.477148,23.424072],[121.397461,23.17251],[121.352246,23.067285],[121.295898,22.966602],[121.16123,22.776367],[121.008789,22.620361]]]}},{"type":"Feature","properties":{"scalerank":0,"featurecla":"Land","min_zoom":1},"bbox":[108.635645,18.218262,111.013672,20.137744],"geometry":{"type":"Polygon","coordinates":[[[110.88877,19.991943],[110.938281,19.947559],[110.970703,19.883301],[110.997656,19.764697],[111.013672,19.655469],[110.912695,19.586084],[110.822266,19.55791],[110.640918,19.291211],[110.603125,19.207031],[110.572168,19.171875],[110.5625,19.135156],[110.566016,19.098535],[110.519336,18.970215],[110.477637,18.812598],[110.45127,18.747949],[110.399512,18.69834],[110.333691,18.673291],[110.29082,18.669531],[110.251758,18.655762],[110.15625,18.569824],[110.048535,18.505225],[110.066406,18.475635],[110.067383,18.447559],[110.020215,18.41626],[109.967676,18.42207],[109.815625,18.39668],[109.759766,18.348291],[109.702734,18.259131],[109.681055,18.247119],[109.589551,18.226318],[109.519336,18.218262],[109.400098,18.281104],[109.340918,18.299609],[109.183203,18.325146],[109.029883,18.367773],[108.922266,18.416113],[108.701563,18.535254],[108.676074,18.750244],[108.638086,18.866309],[108.635645,18.907715],[108.65,19.265039],[108.665527,19.304102],[108.693555,19.338281],[108.791016,19.418164],[108.902832,19.481348],[109.062891,19.613574],[109.179102,19.674121],[109.27666,19.761133],[109.219531,19.757471],[109.177441,19.768457],[109.218945,19.842822],[109.263477,19.882666],[109.314844,19.904395],[109.418164,19.888818],[109.513672,19.904248],[109.584277,19.970312],[109.651367,19.984375],[109.90625,19.962744],[110.083008,19.99292],[110.171582,20.053711],[110.213379,20.056055],[110.343945,20.038818],[110.392285,19.975586],[110.387988,20.018018],[110.393555,20.059229],[110.417578,20.054736],[110.588184,19.976367],[110.58877,20.072461],[110.59834,20.097607],[110.651758,20.137744],[110.678516,20.137061],[110.744531,20.059473],[110.809082,20.014404],[110.88877,19.991943]]]}},{"type":"Feature","properties":{"scalerank":0,"featurecla":"Land","min_zoom":1},"bbox":[79.707812,5.949365,81.876953,9.812695],"geometry":{"type":"Polygon","coordinates":[[[79.982324,9.812695],[80.078418,9.807471],[80.180957,9.81001],[80.252832,9.796338],[80.375977,9.642334],[80.711133,9.366357],[80.893457,9.085889],[80.910059,9.024512],[80.935449,8.971484],[80.979199,8.956934],[81.016016,8.932617],[81.198242,8.661963],[81.219238,8.608398],[81.216211,8.549414],[81.226953,8.505518],[81.274609,8.483594],[81.333984,8.47207],[81.372852,8.431445],[81.422168,8.215234],[81.422168,8.147852],[81.435938,8.118896],[81.66543,7.782471],[81.678711,7.741553],[81.67627,7.710938],[81.68291,7.684473],[81.727344,7.625],[81.79668,7.464795],[81.832031,7.428418],[81.874121,7.28833],[81.876953,7.020459],[81.861426,6.90127],[81.818555,6.756201],[81.767773,6.614307],[81.712695,6.511865],[81.637402,6.425146],[81.37998,6.240918],[81.30625,6.203857],[80.971094,6.088379],[80.724121,5.979053],[80.495801,5.949365],[80.267383,6.009766],[80.095313,6.153174],[80.007227,6.364404],[79.946973,6.584521],[79.859375,6.829297],[79.79209,7.585205],[79.759961,7.796484],[79.707812,8.065674],[79.712988,8.182324],[79.749805,8.294238],[79.749707,8.048877],[79.783496,8.018457],[79.808887,8.05],[79.831934,8.304053],[79.850879,8.411572],[79.941797,8.691504],[79.943652,8.741162],[79.92793,8.846436],[79.928906,8.899219],[80.064844,9.095654],[80.099609,9.209961],[80.118359,9.326855],[80.110938,9.453271],[80.086328,9.577832],[80.196094,9.538135],[80.256445,9.494775],[80.317969,9.46543],[80.367969,9.480469],[80.42832,9.480957],[80.385352,9.548779],[80.257617,9.611279],[80.045801,9.649902],[79.979492,9.699365],[79.954004,9.742334],[79.966992,9.792627],[79.982324,9.812695]]]}},{"type":"Feature","properties":{"scalerank":0,"featurecla":"Land","min_zoom":4},"bbox":[145.645508,18.725244,145.708398,18.806787],"geometry":{"type":"Polygon","coordinates":[[[145.708398,18.7625],[145.678125,18.725244],[145.652539,18.752637],[145.645508,18.806787],[145.690137,18.801611],[145.706641,18.790479],[145.708398,18.7625]]]}},{"type":"Feature","properties":{"scalerank":0,"featurecla":"Land","min_zoom":4},"bbox":[145.631055,16.332129,145.719531,16.379639],"geometry":{"type":"Polygon","coordinates":[[[145.712109,16.339111],[145.690234,16.332129],[145.658301,16.335791],[145.636035,16.351514],[145.631055,16.377979],[145.695508,16.379639],[145.719531,16.359766],[145.712109,16.339111]]]}},{"type":"Feature","properties":{"scalerank":0,"featurecla":"Land","min_zoom":4},"bbox":[145.152148,14.111328,145.26543,14.189453],"geometry":{"type":"Polygon","coordinates":[[[145.264844,14.158105],[145.215332,14.111328],[145.17959,14.120996],[145.157422,14.136914],[145.152148,14.163623],[145.232422,14.189453],[145.26543,14.180225],[145.264844,14.158105]]]}},{"type":"Feature","properties":{"scalerank":0,"featurecla":"Land","min_zoom":4},"bbox":[114.134473,22.195166,114.246875,22.296631],"geometry":{"type":"Polygon","coordinates":[[[114.232031,22.210547],[114.207227,22.195166],[114.13877,22.268359],[114.134473,22.292236],[114.187402,22.296631],[114.246875,22.263574],[114.243555,22.233545],[114.232031,22.210547]]]}},{"type":"Feature","properties":{"scalerank":0,"featurecla":"Land","min_zoom":4},"bbox":[101.26543,2.97041,101.328418,3.067383],"geometry":{"type":"Polygon","coordinates":[[[101.318555,2.988477],[101.268066,2.97041],[101.26543,2.996484],[101.274219,3.032812],[101.31123,3.067383],[101.328418,3.047607],[101.318555,2.988477]]]}},{"type":"Feature","properties":{"scalerank":0,"featurecla":"Land","min_zoom":4},"bbox":[134.633691,-6.558887,134.728516,-6.456055],"geometry":{"type":"Polygon","coordinates":[[[134.716113,-6.549414],[134.66084,-6.558887],[134.633691,-6.477246],[134.679102,-6.456055],[134.728516,-6.505859],[134.716113,-6.549414]]]}},{"type":"Feature","properties":{"scalerank":0,"featurecla":"Land","min_zoom":3},"bbox":[123.48252,-1.71084,123.616406,-1.502832],"geometry":{"type":"Polygon","coordinates":[[[123.597559,-1.704297],[123.528613,-1.71084],[123.48252,-1.681445],[123.486621,-1.534863],[123.528516,-1.502832],[123.548535,-1.508203],[123.561328,-1.551855],[123.582031,-1.590918],[123.616406,-1.627441],[123.597559,-1.704297]]]}},{"type":"Feature","properties":{"scalerank":0,"featurecla":"Land","min_zoom":4},"bbox":[126.646094,34.296436,126.769922,34.395898],"geometry":{"type":"Polygon","coordinates":[[[126.753027,34.343994],[126.769922,34.296436],[126.689063,34.30542],[126.646094,34.351123],[126.651855,34.390332],[126.7,34.395898],[126.753027,34.343994]]]}},{"type":"Feature","properties":{"scalerank":0,"featurecla":"Land","min_zoom":3},"bbox":[105.584082,-10.56416,105.725391,-10.430664],"geometry":{"type":"Polygon","coordinates":[[[105.725391,-10.492969],[105.696875,-10.56416],[105.644336,-10.525],[105.584082,-10.5125],[105.595703,-10.459668],[105.645508,-10.452246],[105.669824,-10.449414],[105.705469,-10.430664],[105.725391,-10.492969]]]}},{"type":"Feature","properties":{"scalerank":0,"featurecla":"Land","min_zoom":2},"bbox":[120.876367,5.869971,121.414648,6.095996],"geometry":{"type":"Polygon","coordinates":[[[121.159375,6.075635],[121.213867,6.003516],[121.28252,6.022266],[121.391504,6.0021],[121.414648,5.964502],[121.411035,5.939844],[121.294434,5.869971],[121.218164,5.942725],[121.083008,5.893018],[121.018555,5.922949],[120.930664,5.896191],[120.876367,5.952637],[120.898242,6.006934],[121.037695,6.095996],[121.159375,6.075635]]]}},{"type":"Feature","properties":{"scalerank":0,"featurecla":"Land","min_zoom":4},"bbox":[114.298828,-7.173145,114.412598,-7.073438],"geometry":{"type":"Polygon","coordinates":[[[114.412598,-7.133496],[114.397656,-7.173145],[114.346875,-7.163281],[114.298828,-7.097559],[114.322168,-7.080371],[114.348926,-7.073438],[114.383594,-7.080664],[114.412598,-7.133496]]]}},{"type":"Feature","properties":{"scalerank":0,"featurecla":"Land","min_zoom":3},"bbox":[134.182129,34.423047,134.372266,34.534375],"geometry":{"type":"Polygon","coordinates":[[[134.351855,34.483643],[134.333203,34.46377],[134.315332,34.468945],[134.251855,34.423047],[134.238086,34.467041],[134.188281,34.496338],[134.182129,34.519238],[134.325977,34.534375],[134.372266,34.522363],[134.351855,34.483643]]]}},{"type":"Feature","properties":{"scalerank":0,"featurecla":"Land","min_zoom":2},"bbox":[112.725879,-7.224121,114.083008,-6.873047],"geometry":{"type":"Polygon","coordinates":[[[113.844531,-7.105371],[113.825586,-7.119922],[113.655859,-7.111719],[113.546387,-7.193359],[113.470703,-7.218457],[113.198438,-7.218359],[113.166016,-7.207324],[113.141895,-7.207617],[113.126953,-7.224121],[113.04043,-7.211816],[112.76377,-7.139648],[112.725879,-7.072754],[112.76875,-7.00127],[112.868066,-6.899902],[113.067383,-6.87998],[113.974707,-6.873047],[114.073633,-6.960156],[114.083008,-6.989355],[113.885352,-7.049023],[113.844531,-7.105371]]]}},{"type":"Feature","properties":{"scalerank":0,"featurecla":"Land","min_zoom":3},"bbox":[134.50625,7.360645,134.65957,7.712109],"geometry":{"type":"Polygon","coordinates":[[[134.59541,7.382031],[134.534668,7.360645],[134.50625,7.437109],[134.515723,7.525781],[134.555957,7.593945],[134.599707,7.615771],[134.608691,7.623584],[134.651172,7.712109],[134.65957,7.663281],[134.632715,7.501318],[134.598242,7.438281],[134.59541,7.382031]]]}},{"type":"Feature","properties":{"scalerank":0,"featurecla":"Land","min_zoom":4},"bbox":[145.729102,18.056934,145.835449,18.172656],"geometry":{"type":"Polygon","coordinates":[[[145.777539,18.078955],[145.729102,18.056934],[145.789258,18.15542],[145.807422,18.172656],[145.835449,18.136768],[145.777539,18.078955]]]}},{"type":"Feature","properties":{"scalerank":0,"featurecla":"Land","min_zoom":3},"bbox":[145.684277,15.107227,145.821875,15.265381],"geometry":{"type":"Polygon","coordinates":[[[145.751953,15.133154],[145.749219,15.107227],[145.698242,15.113525],[145.684277,15.125098],[145.713184,15.215283],[145.786328,15.256885],[145.821875,15.265381],[145.788574,15.222656],[145.782324,15.174609],[145.751953,15.133154]]]}},{"type":"Feature","properties":{"scalerank":0,"featurecla":"Land","min_zoom":3},"bbox":[144.649316,13.25752,144.94082,13.622363],"geometry":{"type":"Polygon","coordinates":[[[144.741797,13.259277],[144.699512,13.25752],[144.662793,13.291064],[144.65,13.313477],[144.649316,13.428711],[144.790332,13.526855],[144.836719,13.622363],[144.875391,13.614648],[144.909668,13.599023],[144.94082,13.570312],[144.779883,13.411133],[144.741797,13.259277]]]}},{"type":"Feature","properties":{"scalerank":0,"featurecla":"Land","min_zoom":4},"bbox":[145.586719,14.919531,145.662305,15.060156],"geometry":{"type":"Polygon","coordinates":[[[145.662305,14.970508],[145.620996,14.919531],[145.591602,14.998828],[145.586719,15.030811],[145.624805,15.060156],[145.647363,15.059473],[145.662305,14.970508]]]}},{"type":"Feature","properties":{"scalerank":0,"featurecla":"Land","min_zoom":3},"bbox":[138.061914,9.419043,138.213574,9.593311],"geometry":{"type":"Polygon","coordinates":[[[138.142676,9.500684],[138.06709,9.419043],[138.061914,9.445752],[138.085059,9.49458],[138.116895,9.550195],[138.146973,9.583594],[138.18584,9.593311],[138.213574,9.547217],[138.18252,9.507373],[138.142676,9.500684]]]}},{"type":"Feature","properties":{"scalerank":0,"featurecla":"Land","min_zoom":3},"bbox":[136.942676,-15.824414,137.093652,-15.594824],"geometry":{"type":"Polygon","coordinates":[[[137.093652,-15.778125],[137.050879,-15.824414],[136.996484,-15.775781],[136.985059,-15.725977],[136.942676,-15.711719],[136.963379,-15.665723],[136.985742,-15.652441],[137.00957,-15.594824],[137.064551,-15.662891],[137.071094,-15.738086],[137.093652,-15.778125]]]}},{"type":"Feature","properties":{"scalerank":0,"featurecla":"Land","min_zoom":4},"bbox":[136.845605,-15.627344,136.890234,-15.502539],"geometry":{"type":"Polygon","coordinates":[[[136.862695,-15.619922],[136.846777,-15.627344],[136.845605,-15.544043],[136.876855,-15.502539],[136.890234,-15.588867],[136.862695,-15.619922]]]}},{"type":"Feature","properties":{"scalerank":0,"featurecla":"Land","min_zoom":3},"bbox":[136.502734,-15.632422,136.612305,-15.533691],"geometry":{"type":"Polygon","coordinates":[[[136.591016,-15.628223],[136.531152,-15.632422],[136.514258,-15.627344],[136.502734,-15.583105],[136.522559,-15.543164],[136.586035,-15.533691],[136.612305,-15.544141],[136.591016,-15.628223]]]}},{"type":"Feature","properties":{"scalerank":0,"featurecla":"Land","min_zoom":3},"bbox":[132.483789,-11.318359,132.629102,-10.968848],"geometry":{"type":"Polygon","coordinates":[[[132.593359,-11.302832],[132.573633,-11.318359],[132.49375,-11.163672],[132.516309,-11.116016],[132.483789,-11.037305],[132.537793,-11.028418],[132.578809,-10.968848],[132.593262,-10.997656],[132.596875,-11.106445],[132.629102,-11.169141],[132.593359,-11.302832]]]}},{"type":"Feature","properties":{"scalerank":0,"featurecla":"Land","min_zoom":4},"bbox":[148.938867,-20.302539,149.045313,-20.153516],"geometry":{"type":"Polygon","coordinates":[[[149.04375,-20.291504],[149.019922,-20.302539],[148.987402,-20.301758],[148.938867,-20.283691],[148.981055,-20.153516],[149.004395,-20.221484],[149.045313,-20.277539],[149.04375,-20.291504]]]}},{"type":"Feature","properties":{"scalerank":0,"featurecla":"Land","min_zoom":4},"bbox":[148.886914,-20.154297,148.967871,-20.044336],"geometry":{"type":"Polygon","coordinates":[[[148.935547,-20.149902],[148.913477,-20.154297],[148.886914,-20.143555],[148.906445,-20.101953],[148.931641,-20.068945],[148.967871,-20.044336],[148.95625,-20.134668],[148.935547,-20.149902]]]}},{"type":"Feature","properties":{"scalerank":0,"featurecla":"Land","min_zoom":3},"bbox":[146.098828,-18.484766,146.341992,-18.225879],"geometry":{"type":"Polygon","coordinates":[[[146.27832,-18.23125],[146.298828,-18.326074],[146.341992,-18.400098],[146.327051,-18.448633],[146.298828,-18.484766],[146.235645,-18.450781],[146.191309,-18.362891],[146.116211,-18.292383],[146.098828,-18.251758],[146.186719,-18.255176],[146.230859,-18.241406],[146.249121,-18.225879],[146.27832,-18.23125]]]}},{"type":"Feature","properties":{"scalerank":0,"featurecla":"Land","min_zoom":3},"bbox":[142.125488,-10.762012,142.274805,-10.591992],"geometry":{"type":"Polygon","coordinates":[[[142.274805,-10.704785],[142.191406,-10.762012],[142.137207,-10.731934],[142.125488,-10.668457],[142.131055,-10.640625],[142.197949,-10.591992],[142.274805,-10.704785]]]}},{"type":"Feature","properties":{"scalerank":0,"featurecla":"Land","min_zoom":3},"bbox":[142.195117,-10.254199,142.338965,-10.14043],"geometry":{"type":"Polygon","coordinates":[[[142.338965,-10.192188],[142.279395,-10.254199],[142.216211,-10.235645],[142.195117,-10.199316],[142.21875,-10.149414],[142.29873,-10.14043],[142.338965,-10.192188]]]}},{"type":"Feature","properties":{"scalerank":0,"featurecla":"Land","min_zoom":4},"bbox":[142.097656,-10.18125,142.191992,-10.051758],"geometry":{"type":"Polygon","coordinates":[[[142.167578,-10.154102],[142.141992,-10.18125],[142.097656,-10.121777],[142.148828,-10.051758],[142.191992,-10.085254],[142.167578,-10.154102]]]}},{"type":"Feature","properties":{"scalerank":0,"featurecla":"Land","min_zoom":2},"bbox":[139.147656,-16.741699,139.697754,-16.395215],"geometry":{"type":"Polygon","coordinates":[[[139.507812,-16.573047],[139.430566,-16.661035],[139.391504,-16.648633],[139.354297,-16.696582],[139.283008,-16.719434],[139.239063,-16.718652],[139.15957,-16.741699],[139.147656,-16.713867],[139.162695,-16.625879],[139.228711,-16.527539],[139.292969,-16.467285],[139.458887,-16.438477],[139.587891,-16.395215],[139.604492,-16.403223],[139.697754,-16.514941],[139.559668,-16.529492],[139.507812,-16.573047]]]}},{"type":"Feature","properties":{"scalerank":0,"featurecla":"Land","min_zoom":3},"bbox":[139.408203,-17.131641,139.570898,-16.99043],"geometry":{"type":"Polygon","coordinates":[[[139.45918,-17.114551],[139.42168,-17.131641],[139.408203,-17.090625],[139.45918,-17.049121],[139.492773,-16.99043],[139.560059,-17.041992],[139.570898,-17.094434],[139.45918,-17.114551]]]}},{"type":"Feature","properties":{"scalerank":0,"featurecla":"Land","min_zoom":2},"bbox":[136.335449,-14.293066,136.950781,-13.675879],"geometry":{"type":"Polygon","coordinates":[[[136.714648,-13.803906],[136.758008,-13.84541],[136.804492,-13.84248],[136.845313,-13.750977],[136.870703,-13.763672],[136.89082,-13.786621],[136.905566,-13.826953],[136.842969,-13.896582],[136.814941,-13.907324],[136.788184,-13.945801],[136.745313,-14.072656],[136.749902,-14.115234],[136.787012,-14.157813],[136.885449,-14.197266],[136.933887,-14.179004],[136.950781,-14.184277],[136.931348,-14.245996],[136.894336,-14.293066],[136.763184,-14.273438],[136.649707,-14.280469],[136.460547,-14.23457],[136.363281,-14.228906],[136.335449,-14.211816],[136.392188,-14.175488],[136.427734,-14.126465],[136.411133,-14.011133],[136.424707,-13.864844],[136.533789,-13.79375],[136.582813,-13.721094],[136.655664,-13.675879],[136.701953,-13.681641],[136.695996,-13.726172],[136.714648,-13.803906]]]}},{"type":"Feature","properties":{"scalerank":0,"featurecla":"Land","min_zoom":3},"bbox":[136.122266,-13.835938,136.275391,-13.664746],"geometry":{"type":"Polygon","coordinates":[[[136.237402,-13.824512],[136.213672,-13.835938],[136.122656,-13.816602],[136.122266,-13.780566],[136.134375,-13.753125],[136.15957,-13.736719],[136.21543,-13.664746],[136.257422,-13.706641],[136.275391,-13.791113],[136.237402,-13.824512]]]}},{"type":"Feature","properties":{"scalerank":0,"featurecla":"Land","min_zoom":3},"bbox":[136.52168,-11.438867,136.780273,-11.0125],"geometry":{"type":"Polygon","coordinates":[[[136.598535,-11.378906],[136.526563,-11.438867],[136.52168,-11.393848],[136.559766,-11.35791],[136.649023,-11.211621],[136.687988,-11.177637],[136.710547,-11.158398],[136.727344,-11.104785],[136.731738,-11.024609],[136.780273,-11.0125],[136.741406,-11.194629],[136.598535,-11.378906]]]}},{"type":"Feature","properties":{"scalerank":0,"featurecla":"Land","min_zoom":3},"bbox":[136.180273,-11.676758,136.479297,-11.465918],"geometry":{"type":"Polygon","coordinates":[[[136.338672,-11.602344],[136.180273,-11.676758],[136.267383,-11.576465],[136.449219,-11.487109],[136.479297,-11.465918],[136.470508,-11.509277],[136.379395,-11.583203],[136.338672,-11.602344]]]}},{"type":"Feature","properties":{"scalerank":0,"featurecla":"Land","min_zoom":2},"bbox":[130.043262,-11.835645,130.60625,-11.336816],"geometry":{"type":"Polygon","coordinates":[[[130.459277,-11.679297],[130.541797,-11.703125],[130.579883,-11.737109],[130.602734,-11.773242],[130.60625,-11.816602],[130.502539,-11.835645],[130.31748,-11.771777],[130.13125,-11.824512],[130.076563,-11.825488],[130.043262,-11.787305],[130.07207,-11.680762],[130.139063,-11.69707],[130.197559,-11.658203],[130.187109,-11.541211],[130.152832,-11.477539],[130.251172,-11.360547],[130.294922,-11.336816],[130.339258,-11.337012],[130.376758,-11.420117],[130.385645,-11.509863],[130.432813,-11.592188],[130.459277,-11.679297]]]}},{"type":"Feature","properties":{"scalerank":0,"featurecla":"Land","min_zoom":2},"bbox":[130.368555,-11.926465,131.538574,-11.180469],"geometry":{"type":"Polygon","coordinates":[[[130.618848,-11.376074],[130.752246,-11.384375],[130.912793,-11.309277],[130.987402,-11.339844],[131.023047,-11.334375],[131.140625,-11.263086],[131.217188,-11.242578],[131.268262,-11.189844],[131.320508,-11.246875],[131.436914,-11.313184],[131.47334,-11.38252],[131.522266,-11.415234],[131.538574,-11.436914],[131.467871,-11.50957],[131.458594,-11.587891],[131.382812,-11.58252],[131.29209,-11.710938],[130.950977,-11.926465],[130.644922,-11.742383],[130.511914,-11.617871],[130.422754,-11.445801],[130.404785,-11.30498],[130.368555,-11.214941],[130.38457,-11.192188],[130.40293,-11.180469],[130.42666,-11.183105],[130.519141,-11.279492],[130.559766,-11.305957],[130.618848,-11.376074]]]}},{"type":"Feature","properties":{"scalerank":0,"featurecla":"Land","min_zoom":3},"bbox":[125.091211,-14.641699,125.198828,-14.456055],"geometry":{"type":"Polygon","coordinates":[[[125.198828,-14.579492],[125.134766,-14.641699],[125.091211,-14.591699],[125.117383,-14.491992],[125.159961,-14.456055],[125.198145,-14.474805],[125.193555,-14.552637],[125.198828,-14.579492]]]}},{"type":"Feature","properties":{"scalerank":0,"featurecla":"Land","min_zoom":3},"bbox":[124.482813,-15.430176,124.605078,-15.26748],"geometry":{"type":"Polygon","coordinates":[[[124.597266,-15.401953],[124.55957,-15.430176],[124.524219,-15.421484],[124.52373,-15.382422],[124.482813,-15.340332],[124.504102,-15.29248],[124.519336,-15.26748],[124.550879,-15.270313],[124.564551,-15.31084],[124.605078,-15.356543],[124.597266,-15.401953]]]}},{"type":"Feature","properties":{"scalerank":0,"featurecla":"Land","min_zoom":3},"bbox":[115.308594,-20.866016,115.457617,-20.667969],"geometry":{"type":"Polygon","coordinates":[[[115.446191,-20.787793],[115.388086,-20.866016],[115.318066,-20.850586],[115.308594,-20.811133],[115.354297,-20.746289],[115.43457,-20.667969],[115.457617,-20.716309],[115.446191,-20.787793]]]}},{"type":"Feature","properties":{"scalerank":0,"featurecla":"Land","min_zoom":3},"bbox":[112.908203,-26.094531,113.183008,-25.520215],"geometry":{"type":"Polygon","coordinates":[[[113.183008,-26.053125],[113.156445,-26.094531],[112.964258,-25.783105],[112.908203,-25.569824],[112.94707,-25.531543],[112.982422,-25.520215],[113.096289,-25.815039],[113.131543,-25.882617],[113.131836,-25.951953],[113.14834,-25.973828],[113.183008,-26.053125]]]}},{"type":"Feature","properties":{"scalerank":0,"featurecla":"Land","min_zoom":3},"bbox":[147.104688,-43.500781,147.356055,-43.278906],"geometry":{"type":"Polygon","coordinates":[[[147.356055,-43.396973],[147.308887,-43.500781],[147.231445,-43.483105],[147.153809,-43.500195],[147.10498,-43.431152],[147.104688,-43.412891],[147.163086,-43.430273],[147.184668,-43.407813],[147.198438,-43.379199],[147.219727,-43.371387],[147.233984,-43.330469],[147.283887,-43.278906],[147.3125,-43.280273],[147.34248,-43.346289],[147.356055,-43.396973]]]}},{"type":"Feature","properties":{"scalerank":0,"featurecla":"Land","min_zoom":3},"bbox":[148.022754,-42.719238,148.169531,-42.593164],"geometry":{"type":"Polygon","coordinates":[[[148.104297,-42.710449],[148.048145,-42.719238],[148.029688,-42.714844],[148.030859,-42.663379],[148.022754,-42.64043],[148.072559,-42.593164],[148.142773,-42.615918],[148.169531,-42.651758],[148.100586,-42.680566],[148.104297,-42.710449]]]}},{"type":"Feature","properties":{"scalerank":0,"featurecla":"Land","min_zoom":3},"bbox":[147.296094,-43.24082,147.43457,-43.080273],"geometry":{"type":"Polygon","coordinates":[[[147.43457,-43.240723],[147.371875,-43.24082],[147.348828,-43.232422],[147.337598,-43.183301],[147.296094,-43.161719],[147.319141,-43.145313],[147.327344,-43.114648],[147.352539,-43.080273],[147.397266,-43.118262],[147.43457,-43.240723]]]}},{"type":"Feature","properties":{"scalerank":0,"featurecla":"Land","min_zoom":4},"bbox":[144.710156,-40.589453,144.79082,-40.434863],"geometry":{"type":"Polygon","coordinates":[[[144.784375,-40.506738],[144.748047,-40.589453],[144.710156,-40.485254],[144.751172,-40.470215],[144.783398,-40.434863],[144.79082,-40.440332],[144.784375,-40.506738]]]}},{"type":"Feature","properties":{"scalerank":0,"featurecla":"Land","min_zoom":2},"bbox":[143.838574,-40.120215,144.141016,-39.580176],"geometry":{"type":"Polygon","coordinates":[[[143.92793,-40.116113],[143.89873,-40.120215],[143.875781,-40.063965],[143.887598,-39.983594],[143.838574,-39.904102],[143.865234,-39.824219],[143.861816,-39.737988],[143.879395,-39.7],[143.939355,-39.658105],[143.948828,-39.583691],[144.000781,-39.580176],[144.091309,-39.638086],[144.120898,-39.785254],[144.106055,-39.874023],[144.141016,-39.953809],[144.111914,-40.02207],[144.035059,-40.078223],[143.92793,-40.116113]]]}},{"type":"Feature","properties":{"scalerank":0,"featurecla":"Land","min_zoom":3},"bbox":[148.010449,-40.497266,148.474219,-40.306934],"geometry":{"type":"Polygon","coordinates":[[[148.32627,-40.306934],[148.420703,-40.367188],[148.474219,-40.432422],[148.404004,-40.486523],[148.352734,-40.497266],[148.319434,-40.43457],[148.214063,-40.45752],[148.102539,-40.45166],[148.020117,-40.404199],[148.010449,-40.380566],[148.058789,-40.356836],[148.198145,-40.35791],[148.32627,-40.306934]]]}},{"type":"Feature","properties":{"scalerank":0,"featurecla":"Land","min_zoom":2},"bbox":[147.767188,-40.262109,148.323242,-39.725977],"geometry":{"type":"Polygon","coordinates":[[[148.000391,-39.757617],[148.17793,-39.938477],[148.27002,-39.966699],[148.297363,-39.985742],[148.289844,-40.06543],[148.250781,-40.099512],[148.323242,-40.144434],[148.313574,-40.173535],[148.299414,-40.172461],[148.210352,-40.233691],[148.105664,-40.262109],[148.073633,-40.24082],[148.046875,-40.212793],[148.024805,-40.171973],[147.890527,-40.014551],[147.905957,-39.971387],[147.87627,-39.905469],[147.812305,-39.910449],[147.767188,-39.870313],[147.83916,-39.831543],[147.933008,-39.725977],[148.000391,-39.757617]]]}},{"type":"Feature","properties":{"scalerank":0,"featurecla":"Land","min_zoom":4},"bbox":[148.117285,-40.592578,148.236914,-40.503125],"geometry":{"type":"Polygon","coordinates":[[[148.236914,-40.515137],[148.187793,-40.592578],[148.126953,-40.543945],[148.117285,-40.521484],[148.193164,-40.503125],[148.218359,-40.505078],[148.236914,-40.515137]]]}},{"type":"Feature","properties":{"scalerank":0,"featurecla":"Land","min_zoom":2},"bbox":[136.540625,-36.074805,138.123438,-35.59248],"geometry":{"type":"Polygon","coordinates":[[[137.596484,-35.738672],[137.835938,-35.762109],[137.928906,-35.726074],[138.046582,-35.755176],[138.123438,-35.852344],[138.066504,-35.900586],[138.011914,-35.907617],[137.835547,-35.867773],[137.670898,-35.897949],[137.622266,-35.938086],[137.590234,-36.027148],[137.448438,-36.074805],[137.382227,-36.020898],[137.20957,-35.982422],[137.147754,-36.039062],[137.025879,-36.023926],[136.912695,-36.04668],[136.755078,-36.033105],[136.589258,-35.935352],[136.540625,-35.890137],[136.579102,-35.808691],[136.638672,-35.748828],[137.091797,-35.663867],[137.334082,-35.59248],[137.530469,-35.605078],[137.584961,-35.620215],[137.635449,-35.656445],[137.598145,-35.722266],[137.596484,-35.738672]]]}},{"type":"Feature","properties":{"scalerank":0,"featurecla":"Land","min_zoom":3},"bbox":[145.280273,-38.420996,145.486523,-38.31416],"geometry":{"type":"Polygon","coordinates":[[[145.486523,-38.354883],[145.33584,-38.420996],[145.280273,-38.390625],[145.28584,-38.341016],[145.295313,-38.318945],[145.426563,-38.31416],[145.486523,-38.354883]]]}},{"type":"Feature","properties":{"scalerank":0,"featurecla":"Land","min_zoom":4},"bbox":[145.128418,-38.557031,145.355078,-38.458594],"geometry":{"type":"Polygon","coordinates":[[[145.314453,-38.49082],[145.349219,-38.538184],[145.355078,-38.557031],[145.270898,-38.519727],[145.128418,-38.527637],[145.217773,-38.458594],[145.287891,-38.472168],[145.314453,-38.49082]]]}},{"type":"Feature","properties":{"scalerank":0,"featurecla":"Land","min_zoom":4},"bbox":[150.462402,-22.324707,150.548828,-22.210742],"geometry":{"type":"Polygon","coordinates":[[[150.516699,-22.322559],[150.488477,-22.324707],[150.462402,-22.307715],[150.484668,-22.267871],[150.488477,-22.210742],[150.521484,-22.22832],[150.548828,-22.306934],[150.516699,-22.322559]]]}},{"type":"Feature","properties":{"scalerank":0,"featurecla":"Land","min_zoom":4},"bbox":[149.869531,-22.223242,149.92832,-22.04873],"geometry":{"type":"Polygon","coordinates":[[[149.92832,-22.193066],[149.893652,-22.223242],[149.869531,-22.150391],[149.875391,-22.074023],[149.912305,-22.04873],[149.92793,-22.149316],[149.92832,-22.193066]]]}},{"type":"Feature","properties":{"scalerank":0,"featurecla":"Land","min_zoom":3},"bbox":[117.272266,8.191016,117.355273,8.31499],"geometry":{"type":"Polygon","coordinates":[[[117.355273,8.214648],[117.287012,8.191016],[117.272266,8.253516],[117.280859,8.31499],[117.32959,8.308496],[117.353711,8.289258],[117.355273,8.214648]]]}},{"type":"Feature","properties":{"scalerank":0,"featurecla":"Land","min_zoom":3},"bbox":[116.969531,7.80752,117.079883,8.069141],"geometry":{"type":"Polygon","coordinates":[[[117.079883,7.883398],[117.02832,7.80752],[116.969531,7.894922],[116.975781,8.01665],[116.993555,8.050537],[117.077051,8.069141],[117.079883,7.883398]]]}},{"type":"Feature","properties":{"scalerank":0,"featurecla":"Land","min_zoom":3},"bbox":[119.764453,10.455273,120.008398,10.640137],"geometry":{"type":"Polygon","coordinates":[[[119.916211,10.485986],[119.793164,10.455273],[119.764453,10.551611],[119.852051,10.640137],[119.950195,10.604785],[120.008398,10.570117],[119.981152,10.538721],[119.916211,10.485986]]]}},{"type":"Feature","properties":{"scalerank":0,"featurecla":"Land","min_zoom":3},"bbox":[119.725586,11.375684,119.88291,11.525342],"geometry":{"type":"Polygon","coordinates":[[[119.861426,11.525342],[119.88291,11.472412],[119.854883,11.393066],[119.830664,11.375684],[119.798633,11.40874],[119.72998,11.431934],[119.725586,11.474658],[119.761426,11.473633],[119.826758,11.51543],[119.861426,11.525342]]]}},{"type":"Feature","properties":{"scalerank":0,"featurecla":"Land","min_zoom":2},"bbox":[119.865918,11.99375,120.341406,12.319092],"geometry":{"type":"Polygon","coordinates":[[[120.1,12.167676],[120.154688,12.152393],[120.19375,12.167041],[120.228223,12.219824],[120.260547,12.141748],[120.341406,12.077441],[120.314551,12.012402],[120.243457,12.004785],[120.173633,12.019629],[120.100098,11.99375],[120.010547,12.008252],[119.957031,12.069238],[119.896094,12.17876],[119.865918,12.199023],[119.869629,12.243994],[119.891797,12.27251],[119.880078,12.279883],[119.885742,12.299854],[119.89668,12.313428],[119.916406,12.319092],[119.963867,12.27041],[120.077539,12.197754],[120.1,12.167676]]]}},{"type":"Feature","properties":{"scalerank":0,"featurecla":"Land","min_zoom":3},"bbox":[119.860938,11.669385,120.073145,11.981348],"geometry":{"type":"Polygon","coordinates":[[[120.03877,11.70332],[119.963867,11.669385],[119.944922,11.690723],[119.931738,11.740332],[119.932813,11.774463],[119.860938,11.953955],[119.916016,11.981348],[119.956543,11.960254],[119.997852,11.932129],[120.035937,11.917236],[120.070703,11.860547],[120.062402,11.821338],[120.073145,11.783496],[120.03877,11.70332]]]}},{"type":"Feature","properties":{"scalerank":0,"featurecla":"Land","min_zoom":3},"bbox":[122.516699,10.424951,122.737207,10.740625],"geometry":{"type":"Polygon","coordinates":[[[122.649512,10.472705],[122.621875,10.459033],[122.597168,10.461035],[122.538379,10.424951],[122.516699,10.492529],[122.5375,10.607568],[122.625781,10.69502],[122.648438,10.72251],[122.672559,10.738818],[122.70127,10.740625],[122.729199,10.706396],[122.737207,10.65459],[122.68125,10.498242],[122.649512,10.472705]]]}},{"type":"Feature","properties":{"scalerank":0,"featurecla":"Land","min_zoom":1},"bbox":[123.316016,9.422949,124.05791,11.273535],"geometry":{"type":"Polygon","coordinates":[[[123.370313,9.449609],[123.331738,9.422949],[123.316016,9.488965],[123.327051,9.578076],[123.403711,9.889258],[123.38623,9.96709],[123.514355,10.140332],[123.592871,10.30293],[123.711426,10.473682],[123.726465,10.562207],[123.831543,10.731006],[123.929883,10.963818],[123.924609,11.040918],[123.950098,11.07915],[123.964063,11.137451],[123.967188,11.186914],[124.038867,11.273535],[124.05791,11.217236],[124.036523,11.106689],[124.039844,11.053613],[124.052539,11.02876],[124.05332,10.925781],[124.027539,10.767871],[124.05127,10.585596],[124.00498,10.400098],[123.952148,10.316602],[123.873926,10.257715],[123.788672,10.220801],[123.700488,10.12832],[123.643359,10.020215],[123.633984,9.921729],[123.493555,9.589307],[123.370313,9.449609]]]}},{"type":"Feature","properties":{"scalerank":0,"featurecla":"Land","min_zoom":3},"bbox":[123.707617,11.150732,123.815625,11.283301],"geometry":{"type":"Polygon","coordinates":[[[123.757031,11.283301],[123.815625,11.150732],[123.736719,11.151465],[123.707617,11.247998],[123.741406,11.27915],[123.757031,11.283301]]]}},{"type":"Feature","properties":{"scalerank":0,"featurecla":"Land","min_zoom":2},"bbox":[123.817187,9.599316,124.593848,10.159912],"geometry":{"type":"Polygon","coordinates":[[[124.593848,9.787207],[124.584277,9.750488],[124.505664,9.753516],[124.477539,9.7479],[124.403418,9.654102],[124.359863,9.630225],[124.122461,9.599316],[123.935645,9.623975],[123.87168,9.675732],[123.82998,9.761133],[123.817187,9.817383],[123.863867,9.878809],[123.908887,9.919629],[124.059766,10.000195],[124.093848,10.061328],[124.172852,10.135205],[124.335742,10.159912],[124.351562,10.141357],[124.373242,10.12959],[124.405859,10.126416],[124.486328,10.065479],[124.577148,10.026709],[124.555078,9.879199],[124.582227,9.82959],[124.593848,9.787207]]]}},{"type":"Feature","properties":{"scalerank":0,"featurecla":"Land","min_zoom":3},"bbox":[124.639063,9.083105,124.806641,9.243164],"geometry":{"type":"Polygon","coordinates":[[[124.806641,9.142627],[124.77793,9.083105],[124.66582,9.132324],[124.639063,9.175098],[124.65332,9.22583],[124.708105,9.243018],[124.736816,9.243164],[124.790234,9.190088],[124.806641,9.142627]]]}},{"type":"Feature","properties":{"scalerank":0,"featurecla":"Land","min_zoom":3},"bbox":[123.493457,9.10332,123.70625,9.27876],"geometry":{"type":"Polygon","coordinates":[[[123.697656,9.237305],[123.70625,9.133545],[123.614453,9.10332],[123.540723,9.129736],[123.493457,9.19209],[123.493555,9.215527],[123.535156,9.213574],[123.626074,9.268262],[123.654883,9.27876],[123.697656,9.237305]]]}},{"type":"Feature","properties":{"scalerank":0,"featurecla":"Land","min_zoom":3},"bbox":[119.821484,5.060205,120.250391,5.340088],"geometry":{"type":"Polygon","coordinates":[[[120.250391,5.256592],[120.223242,5.19624],[120.191602,5.168311],[120.15,5.184082],[120.118359,5.215381],[120.100586,5.168994],[120.013281,5.151123],[119.958105,5.079541],[119.877539,5.060205],[119.821484,5.069531],[119.827344,5.133154],[119.982715,5.228418],[120.079688,5.263623],[120.165234,5.332422],[120.208008,5.340088],[120.229395,5.284082],[120.250391,5.256592]]]}},{"type":"Feature","properties":{"scalerank":0,"featurecla":"Land","min_zoom":2},"bbox":[121.808691,6.414551,122.323535,6.740723],"geometry":{"type":"Polygon","coordinates":[[[122.092871,6.42832],[121.991406,6.414551],[121.95918,6.41582],[121.879883,6.517578],[121.872461,6.562744],[121.808691,6.613721],[121.832031,6.664062],[121.914941,6.676221],[122.058301,6.740723],[122.288086,6.638916],[122.323535,6.602246],[122.251758,6.579785],[122.200977,6.48291],[122.092871,6.42832]]]}},{"type":"Feature","properties":{"scalerank":0,"featurecla":"Land","min_zoom":3},"bbox":[125.991211,9.760791,126.172559,10.059229],"geometry":{"type":"Polygon","coordinates":[[[126.059375,9.766211],[126.046777,9.760791],[125.991211,9.838525],[125.998633,9.927051],[126.073828,10.059229],[126.129492,9.943555],[126.128906,9.891113],[126.120801,9.865186],[126.172559,9.799951],[126.136914,9.767773],[126.059375,9.766211]]]}},{"type":"Feature","properties":{"scalerank":0,"featurecla":"Land","min_zoom":2},"bbox":[125.494824,9.886475,125.70332,10.440137],"geometry":{"type":"Polygon","coordinates":[[[125.690234,9.914453],[125.672559,9.886475],[125.648633,9.944092],[125.590527,9.998193],[125.534473,10.090088],[125.494824,10.118701],[125.521973,10.191504],[125.524609,10.309717],[125.580176,10.363672],[125.605859,10.37959],[125.647949,10.436816],[125.666797,10.440137],[125.68457,10.392041],[125.64668,10.24541],[125.70332,10.071777],[125.684375,9.963184],[125.69248,9.939014],[125.690234,9.914453]]]}},{"type":"Feature","properties":{"scalerank":0,"featurecla":"Land","min_zoom":3},"bbox":[120.099414,13.682959,120.272852,13.858057],"geometry":{"type":"Polygon","coordinates":[[[120.271289,13.750684],[120.272852,13.682959],[120.104199,13.782373],[120.099414,13.816943],[120.103418,13.842529],[120.120703,13.858057],[120.211426,13.820654],[120.271289,13.750684]]]}},{"type":"Feature","properties":{"scalerank":0,"featurecla":"Land","min_zoom":2},"bbox":[121.815039,13.20498,122.122363,13.566162],"geometry":{"type":"Polygon","coordinates":[[[121.914844,13.540332],[121.976562,13.537402],[121.995703,13.546777],[122.114551,13.463184],[122.107324,13.42085],[122.122363,13.365137],[122.054688,13.268652],[122.042383,13.236182],[122.004883,13.20498],[121.875879,13.281738],[121.829199,13.328613],[121.815039,13.424463],[121.866211,13.566162],[121.914844,13.540332]]]}},{"type":"Feature","properties":{"scalerank":0,"featurecla":"Land","min_zoom":2},"bbox":[121.923242,12.105615,122.14502,12.652637],"geometry":{"type":"Polygon","coordinates":[[[122.094043,12.354883],[122.013965,12.105615],[121.960156,12.191406],[121.981934,12.245312],[121.935645,12.290381],[121.923242,12.331299],[121.941016,12.3854],[121.989453,12.435303],[122.001563,12.598535],[122.103809,12.650635],[122.14502,12.652637],[122.130273,12.612598],[122.131641,12.537549],[122.094043,12.354883]]]}},{"type":"Feature","properties":{"scalerank":0,"featurecla":"Land","min_zoom":4},"bbox":[122.247852,12.498291,122.31084,12.59292],"geometry":{"type":"Polygon","coordinates":[[[122.31084,12.528809],[122.279785,12.498291],[122.260938,12.503076],[122.247852,12.556934],[122.278027,12.59292],[122.2875,12.589258],[122.31084,12.528809]]]}},{"type":"Feature","properties":{"scalerank":0,"featurecla":"Land","min_zoom":3},"bbox":[122.422949,12.285596,122.683301,12.491943],"geometry":{"type":"Polygon","coordinates":[[[122.654492,12.309033],[122.60332,12.285596],[122.499316,12.383691],[122.438867,12.429492],[122.422949,12.455078],[122.471875,12.491943],[122.603613,12.491602],[122.673633,12.424268],[122.683301,12.382324],[122.654492,12.309033]]]}},{"type":"Feature","properties":{"scalerank":0,"featurecla":"Land","min_zoom":3},"bbox":[122.949023,12.70083,123.367188,13.116162],"geometry":{"type":"Polygon","coordinates":[[[123.281836,12.853418],[123.367188,12.70083],[123.274219,12.805078],[123.166406,12.875879],[123.054199,12.993457],[122.973437,13.034717],[122.949023,13.058691],[122.95752,13.107178],[123.01709,13.116162],[123.043555,13.113379],[123.20625,12.90542],[123.281836,12.853418]]]}},{"type":"Feature","properties":{"scalerank":0,"featurecla":"Land","min_zoom":3},"bbox":[123.587207,12.36626,123.779102,12.674902],"geometry":{"type":"Polygon","coordinates":[[[123.775391,12.453906],[123.779102,12.36626],[123.741504,12.398535],[123.620605,12.570508],[123.587207,12.633301],[123.621484,12.674902],[123.708691,12.610791],[123.775391,12.453906]]]}},{"type":"Feature","properties":{"scalerank":0,"featurecla":"Land","min_zoom":2},"bbox":[123.155859,11.752441,124.055664,12.583496],"geometry":{"type":"Polygon","coordinates":[[[123.716602,12.287354],[123.908301,12.169092],[124.040332,11.966797],[124.055664,11.811572],[124.045508,11.752441],[123.982715,11.818896],[123.847754,11.913574],[123.754004,11.934473],[123.725195,11.951562],[123.736035,12.002637],[123.674805,12.05],[123.667578,12.069336],[123.612012,12.090234],[123.531055,12.196631],[123.47373,12.21665],[123.418848,12.194238],[123.292676,12.036377],[123.157813,11.925635],[123.155859,11.967969],[123.210547,12.106592],[123.245313,12.328027],[123.267188,12.395459],[123.239844,12.494678],[123.236426,12.583496],[123.337012,12.542383],[123.462988,12.501221],[123.558984,12.444824],[123.574805,12.406934],[123.716602,12.287354]]]}},{"type":"Feature","properties":{"scalerank":0,"featurecla":"Land","min_zoom":2},"bbox":[124.038867,13.531543,124.417188,14.077588],"geometry":{"type":"Polygon","coordinates":[[[124.353613,13.632227],[124.327051,13.567383],[124.294531,13.590332],[124.248242,13.58667],[124.175391,13.531543],[124.057031,13.605566],[124.038867,13.663135],[124.12373,13.790479],[124.122852,13.979687],[124.153711,14.026172],[124.18623,14.059521],[124.224902,14.077588],[124.308301,13.946973],[124.336719,13.931104],[124.417188,13.871045],[124.396289,13.750098],[124.404004,13.679443],[124.353613,13.632227]]]}},{"type":"Feature","properties":{"scalerank":0,"featurecla":"Land","min_zoom":3},"bbox":[121.945996,14.008008,122.175391,14.22876],"geometry":{"type":"Polygon","coordinates":[[[122.175391,14.048828],[122.172266,14.008008],[121.95625,14.156055],[121.946387,14.181494],[121.945996,14.205127],[121.95918,14.22876],[122.175391,14.048828]]]}},{"type":"Feature","properties":{"scalerank":0,"featurecla":"Land","min_zoom":3},"bbox":[121.820312,14.656055,122.051562,15.046387],"geometry":{"type":"Polygon","coordinates":[[[122.033496,15.005029],[122.051562,14.969873],[122.031738,14.971631],[122.017285,14.965283],[121.970313,14.892969],[122.02168,14.759424],[121.989648,14.662158],[121.933008,14.656055],[121.910645,14.666504],[121.922168,14.714551],[121.93457,14.736621],[121.923047,14.8],[121.889258,14.839844],[121.862305,14.917187],[121.820312,14.963574],[121.839844,15.038135],[121.97168,15.046387],[122.033496,15.005029]]]}},{"type":"Feature","properties":{"scalerank":0,"featurecla":"Land","min_zoom":3},"bbox":[121.825195,18.8229,121.987891,19.010449],"geometry":{"type":"Polygon","coordinates":[[[121.92168,18.894727],[121.858203,18.8229],[121.825195,18.842725],[121.860742,18.912549],[121.859766,18.936768],[121.888867,18.991553],[121.943359,19.010449],[121.987891,18.956641],[121.92168,18.894727]]]}},{"type":"Feature","properties":{"scalerank":0,"featurecla":"Land","min_zoom":4},"bbox":[121.184863,19.015186,121.252246,19.183594],"geometry":{"type":"Polygon","coordinates":[[[121.252246,19.082422],[121.24668,19.015186],[121.196094,19.050684],[121.184863,19.101416],[121.189941,19.138916],[121.213184,19.183594],[121.244727,19.143018],[121.252246,19.082422]]]}},{"type":"Feature","properties":{"scalerank":0,"featurecla":"Land","min_zoom":3},"bbox":[121.374609,19.271338,121.53125,19.399365],"geometry":{"type":"Polygon","coordinates":[[[121.520898,19.361963],[121.53125,19.271338],[121.47207,19.27334],[121.38291,19.328467],[121.374609,19.356299],[121.375977,19.379688],[121.391602,19.399365],[121.520898,19.361963]]]}},{"type":"Feature","properties":{"scalerank":0,"featurecla":"Land","min_zoom":4},"bbox":[121.914062,20.353711,122.031152,20.47959],"geometry":{"type":"Polygon","coordinates":[[[121.960059,20.365869],[121.941309,20.353711],[121.914062,20.359424],[121.941211,20.453711],[121.991211,20.47959],[122.031152,20.469385],[121.960059,20.365869]]]}},{"type":"Feature","properties":{"scalerank":0,"featurecla":"Land","min_zoom":4},"bbox":[121.790625,20.700293,121.878125,20.84126],"geometry":{"type":"Polygon","coordinates":[[[121.878125,20.781885],[121.82959,20.700293],[121.790625,20.701172],[121.796484,20.746631],[121.847852,20.84126],[121.866992,20.839209],[121.878125,20.781885]]]}},{"type":"Feature","properties":{"scalerank":0,"featurecla":"Land","min_zoom":2},"bbox":[147.781055,-5.833984,148.076074,-5.49082],"geometry":{"type":"Polygon","coordinates":[[[148.025781,-5.826367],[147.985449,-5.833984],[147.967969,-5.788574],[147.874512,-5.749219],[147.781055,-5.627246],[147.78252,-5.522461],[147.794629,-5.492383],[147.846484,-5.49082],[148.054785,-5.611523],[148.076074,-5.650195],[148.060449,-5.764648],[148.025781,-5.826367]]]}},{"type":"Feature","properties":{"scalerank":0,"featurecla":"Land","min_zoom":3},"bbox":[147.005859,-5.437402,147.221875,-5.19082],"geometry":{"type":"Polygon","coordinates":[[[147.17627,-5.431934],[147.120215,-5.437402],[147.029004,-5.342383],[147.005859,-5.307031],[147.014746,-5.257422],[147.131055,-5.19082],[147.206348,-5.251563],[147.221875,-5.381543],[147.17627,-5.431934]]]}},{"type":"Feature","properties":{"scalerank":0,"featurecla":"Land","min_zoom":3},"bbox":[145.883594,-4.755762,146.053418,-4.539258],"geometry":{"type":"Polygon","coordinates":[[[146.019336,-4.726172],[145.952344,-4.755762],[145.904004,-4.733008],[145.883594,-4.66748],[145.900195,-4.604199],[145.958789,-4.554297],[145.995801,-4.539258],[146.037402,-4.573145],[146.053418,-4.640137],[146.019336,-4.726172]]]}},{"type":"Feature","properties":{"scalerank":0,"featurecla":"Land","min_zoom":4},"bbox":[147.735547,-2.335742,147.876953,-2.246777],"geometry":{"type":"Polygon","coordinates":[[[147.876953,-2.283105],[147.844531,-2.335742],[147.768945,-2.33125],[147.735547,-2.315527],[147.790234,-2.305566],[147.812207,-2.262109],[147.83584,-2.246777],[147.876953,-2.283105]]]}},{"type":"Feature","properties":{"scalerank":0,"featurecla":"Land","min_zoom":2},"bbox":[146.531348,-2.210449,147.444141,-1.948535],"geometry":{"type":"Polygon","coordinates":[[[147.067578,-1.960156],[147.400586,-2.025098],[147.422559,-2.024316],[147.41875,-2.001074],[147.424414,-1.994531],[147.444141,-2.011523],[147.438086,-2.058984],[147.385449,-2.070605],[147.336523,-2.066016],[147.301367,-2.09043],[147.206348,-2.181934],[147.142188,-2.166602],[147.063867,-2.187109],[146.926367,-2.189063],[146.747852,-2.148828],[146.699121,-2.182715],[146.635449,-2.17334],[146.572461,-2.210449],[146.546484,-2.208594],[146.531348,-2.154102],[146.532422,-2.126172],[146.607031,-2.102539],[146.595898,-2.016895],[146.65625,-1.974023],[146.760059,-1.977734],[146.857129,-1.948535],[147.067578,-1.960156]]]}},{"type":"Feature","properties":{"scalerank":0,"featurecla":"Land","min_zoom":3},"bbox":[149.545898,-1.58916,149.76543,-1.353223],"geometry":{"type":"Polygon","coordinates":[[[149.76543,-1.553027],[149.763184,-1.58916],[149.690918,-1.570898],[149.671094,-1.57627],[149.545898,-1.47168],[149.547852,-1.407715],[149.580957,-1.353223],[149.633008,-1.362012],[149.725293,-1.430664],[149.76543,-1.553027]]]}},{"type":"Feature","properties":{"scalerank":0,"featurecla":"Land","min_zoom":2},"bbox":[149.961621,-2.675488,150.451563,-2.38418],"geometry":{"type":"Polygon","coordinates":[[[150.436621,-2.661816],[150.2375,-2.675488],[150.165723,-2.660254],[150.101562,-2.602539],[150.043457,-2.5125],[149.985156,-2.491504],[149.961621,-2.473828],[150.102539,-2.40498],[150.227148,-2.38418],[150.429492,-2.47041],[150.45,-2.513281],[150.451563,-2.541113],[150.446094,-2.632324],[150.436621,-2.661816]]]}},{"type":"Feature","properties":{"scalerank":0,"featurecla":"Land","min_zoom":2},"bbox":[150.776074,-10.194727,151.296484,-9.709082],"geometry":{"type":"Polygon","coordinates":[[[151.080957,-10.020117],[151.123438,-10.020215],[151.194336,-9.945508],[151.255664,-9.922656],[151.296484,-9.956738],[151.230859,-10.194727],[151.175488,-10.158887],[150.95918,-10.092578],[150.952441,-9.998438],[150.896094,-9.968066],[150.861328,-9.876172],[150.789648,-9.774316],[150.776074,-9.709082],[150.816699,-9.735938],[150.862305,-9.802441],[151.051465,-9.938965],[151.044141,-9.983105],[151.080957,-10.020117]]]}},{"type":"Feature","properties":{"scalerank":0,"featurecla":"Land","min_zoom":2},"bbox":[150.109766,-9.518555,150.368164,-9.206348],"geometry":{"type":"Polygon","coordinates":[[[150.34541,-9.493848],[150.331348,-9.518555],[150.272852,-9.500391],[150.109766,-9.361914],[150.134961,-9.25957],[150.208301,-9.206348],[150.320117,-9.26416],[150.357031,-9.349023],[150.368164,-9.396484],[150.34541,-9.493848]]]}},{"type":"Feature","properties":{"scalerank":0,"featurecla":"Land","min_zoom":2},"bbox":[150.431445,-9.702832,150.898633,-9.345605],"geometry":{"type":"Polygon","coordinates":[[[150.528418,-9.346582],[150.669043,-9.428516],[150.746484,-9.404492],[150.788672,-9.417969],[150.879102,-9.512695],[150.884082,-9.581934],[150.898633,-9.641406],[150.894043,-9.66748],[150.844043,-9.702832],[150.848242,-9.662598],[150.809961,-9.654785],[150.67832,-9.656543],[150.57627,-9.631152],[150.43623,-9.624609],[150.495313,-9.561719],[150.508496,-9.536133],[150.434668,-9.434961],[150.431445,-9.386621],[150.437305,-9.359961],[150.498926,-9.345605],[150.528418,-9.346582]]]}},{"type":"Feature","properties":{"scalerank":0,"featurecla":"Land","min_zoom":4},"bbox":[150.785742,-10.643457,150.89873,-10.551855],"geometry":{"type":"Polygon","coordinates":[[[150.89873,-10.565332],[150.884668,-10.643457],[150.802344,-10.620215],[150.785742,-10.603418],[150.799316,-10.554102],[150.87207,-10.551855],[150.89873,-10.565332]]]}},{"type":"Feature","properties":{"scalerank":0,"featurecla":"Land","min_zoom":3},"bbox":[143.321875,-8.484766,143.592578,-8.367578],"geometry":{"type":"Polygon","coordinates":[[[143.586816,-8.481738],[143.543164,-8.484766],[143.366895,-8.416895],[143.321875,-8.367578],[143.528223,-8.378516],[143.581445,-8.390918],[143.592578,-8.459961],[143.586816,-8.481738]]]}},{"type":"Feature","properties":{"scalerank":0,"featurecla":"Land","min_zoom":3},"bbox":[143.206836,-8.677148,143.608203,-8.423438],"geometry":{"type":"Polygon","coordinates":[[[143.590332,-8.633398],[143.608203,-8.677148],[143.462793,-8.61709],[143.324121,-8.516797],[143.253809,-8.489551],[143.206836,-8.423438],[143.293066,-8.472754],[143.443359,-8.518945],[143.590332,-8.633398]]]}},{"type":"Feature","properties":{"scalerank":0,"featurecla":"Land","min_zoom":2},"bbox":[135.383008,-1.216797,136.375293,-0.651367],"geometry":{"type":"Polygon","coordinates":[[[135.383008,-0.651367],[135.595703,-0.69043],[135.673242,-0.688281],[135.749023,-0.73252],[135.841211,-0.711621],[135.893555,-0.725781],[136.06875,-0.877734],[136.154688,-0.97832],[136.282617,-1.064648],[136.375293,-1.094043],[136.305371,-1.173145],[136.164746,-1.214746],[136.110352,-1.216797],[136.002539,-1.169727],[135.915039,-1.178418],[135.83877,-1.119434],[135.825586,-1.02832],[135.74707,-0.823047],[135.645703,-0.881934],[135.523828,-0.787305],[135.491113,-0.785059],[135.483398,-0.801074],[135.431641,-0.768848],[135.387695,-0.704883],[135.383008,-0.651367]]]}},{"type":"Feature","properties":{"scalerank":0,"featurecla":"Land","min_zoom":2},"bbox":[135.469727,-1.893652,136.892578,-1.591797],"geometry":{"type":"Polygon","coordinates":[[[135.474219,-1.591797],[135.869141,-1.641992],[135.976172,-1.635547],[136.201563,-1.65498],[136.389648,-1.721582],[136.718555,-1.733984],[136.816699,-1.753809],[136.892578,-1.799707],[136.708594,-1.837695],[136.621875,-1.873047],[136.46084,-1.89043],[136.326074,-1.872461],[136.228125,-1.893652],[136.192578,-1.85918],[136.049219,-1.824121],[135.865723,-1.752148],[135.487598,-1.668359],[135.469727,-1.616211],[135.474219,-1.591797]]]}},{"type":"Feature","properties":{"scalerank":0,"featurecla":"Land","min_zoom":3},"bbox":[134.808887,-1.134277,134.996289,-0.938477],"geometry":{"type":"Polygon","coordinates":[[[134.965332,-1.116016],[134.917383,-1.134277],[134.861719,-1.11416],[134.808887,-1.037598],[134.82793,-0.978809],[134.889258,-0.938477],[134.94082,-0.978906],[134.956738,-1.030566],[134.996289,-1.034082],[134.965332,-1.116016]]]}},{"type":"Feature","properties":{"scalerank":0,"featurecla":"Land","min_zoom":4},"bbox":[134.335059,-2.13877,134.419043,-2.027637],"geometry":{"type":"Polygon","coordinates":[[[134.374219,-2.123535],[134.345215,-2.13877],[134.335059,-2.095215],[134.350781,-2.036914],[134.369531,-2.027637],[134.391016,-2.030762],[134.419043,-2.051758],[134.374219,-2.123535]]]}},{"type":"Feature","properties":{"scalerank":0,"featurecla":"Land","min_zoom":2},"bbox":[138.563379,-8.401758,138.897656,-8.173438],"geometry":{"type":"Polygon","coordinates":[[[138.895117,-8.388672],[138.845508,-8.401758],[138.594238,-8.371484],[138.567188,-8.330273],[138.563379,-8.309082],[138.620996,-8.268457],[138.67666,-8.199219],[138.762695,-8.173438],[138.796191,-8.173633],[138.897656,-8.3375],[138.895117,-8.388672]]]}},{"type":"Feature","properties":{"scalerank":0,"featurecla":"Land","min_zoom":3},"bbox":[133.320898,-4.299316,133.621875,-4.111035],"geometry":{"type":"Polygon","coordinates":[[[133.570801,-4.245898],[133.621875,-4.299316],[133.50293,-4.257422],[133.333008,-4.169629],[133.320898,-4.111035],[133.464355,-4.199805],[133.570801,-4.245898]]]}},{"type":"Feature","properties":{"scalerank":0,"featurecla":"Land","min_zoom":2},"bbox":[129.737695,-2.063867,130.425,-1.690527],"geometry":{"type":"Polygon","coordinates":[[[130.35332,-1.690527],[130.36543,-1.749805],[130.425,-1.80459],[130.404297,-1.889844],[130.380566,-1.902637],[130.393359,-1.941602],[130.418848,-1.971289],[130.372656,-1.991895],[130.338965,-1.981836],[130.28418,-2.009375],[130.248047,-2.047754],[130.133496,-2.063867],[130.093359,-2.02832],[129.886523,-1.986426],[129.754395,-1.894434],[129.737695,-1.866895],[129.993652,-1.758887],[130.105762,-1.730469],[130.199609,-1.732227],[130.317969,-1.691992],[130.35332,-1.690527]]]}},{"type":"Feature","properties":{"scalerank":0,"featurecla":"Land","min_zoom":0.5},"bbox":[130.667969,-1.343457,131.073926,-0.890039],"geometry":{"type":"Polygon","coordinates":[[[131.001855,-1.315527],[130.966602,-1.343457],[130.845117,-1.317285],[130.782324,-1.255469],[130.739355,-1.172559],[130.712109,-1.104395],[130.704395,-1.050195],[130.667969,-0.983984],[130.672949,-0.959766],[130.897168,-0.890039],[130.939453,-0.915332],[131.033008,-0.917578],[131.073926,-0.968262],[131.046191,-1.188184],[131.001855,-1.315527]]]}},{"type":"Feature","properties":{"scalerank":0,"featurecla":"Land","min_zoom":3},"bbox":[130.402441,-0.923926,130.905273,-0.765039],"geometry":{"type":"Polygon","coordinates":[[[130.905273,-0.777441],[130.879785,-0.828418],[130.832422,-0.862891],[130.402441,-0.923926],[130.439063,-0.887402],[130.457324,-0.851172],[130.484277,-0.83252],[130.526953,-0.837305],[130.548145,-0.82627],[130.569531,-0.821875],[130.59375,-0.82666],[130.635449,-0.811621],[130.723242,-0.822461],[130.813477,-0.813867],[130.807031,-0.765039],[130.905273,-0.777441]]]}},{"type":"Feature","properties":{"scalerank":0,"featurecla":"Land","min_zoom":3},"bbox":[130.46543,-0.52998,130.684277,-0.417285],"geometry":{"type":"Polygon","coordinates":[[[130.62666,-0.528711],[130.569141,-0.52998],[130.46543,-0.486523],[130.525879,-0.44873],[130.56416,-0.440918],[130.597461,-0.418262],[130.615918,-0.417285],[130.656934,-0.436523],[130.684277,-0.469141],[130.62666,-0.528711]]]}},{"type":"Feature","properties":{"scalerank":0,"featurecla":"Land","min_zoom":2},"bbox":[130.236621,-0.443848,131.339746,-0.004102],"geometry":{"type":"Polygon","coordinates":[[[130.813281,-0.004102],[130.986523,-0.046582],[131.025781,-0.039941],[131.276855,-0.149805],[131.316895,-0.204297],[131.302734,-0.241113],[131.339746,-0.290332],[131.25752,-0.365723],[131.217871,-0.374121],[131.177734,-0.345996],[131.097754,-0.330078],[131.005371,-0.360742],[130.946484,-0.337598],[130.89668,-0.268457],[130.808398,-0.226465],[130.683496,-0.080664],[130.622168,-0.085938],[130.638281,-0.142969],[130.691309,-0.180566],[130.761328,-0.291406],[130.801563,-0.302148],[130.843164,-0.29834],[130.899219,-0.344434],[130.896289,-0.416016],[130.750195,-0.443848],[130.699805,-0.391602],[130.688672,-0.296582],[130.606543,-0.328613],[130.574902,-0.361816],[130.550781,-0.366406],[130.496289,-0.267383],[130.340527,-0.262305],[130.236621,-0.209668],[130.287695,-0.154688],[130.294922,-0.101465],[130.3625,-0.072852],[130.430957,-0.098486],[130.499609,-0.060107],[130.54834,-0.069922],[130.584277,-0.04541],[130.722363,-0.029834],[130.813281,-0.004102]]]}},{"type":"Feature","properties":{"scalerank":0,"featurecla":"Land","min_zoom":3},"bbox":[129.308789,-0.189844,129.548926,0.04541],"geometry":{"type":"Polygon","coordinates":[[[129.548926,-0.187012],[129.505664,-0.189844],[129.469238,-0.131445],[129.370117,-0.066406],[129.308789,0.04541],[129.541992,-0.139258],[129.548926,-0.187012]]]}},{"type":"Feature","properties":{"scalerank":0,"featurecla":"Land","min_zoom":2},"bbox":[128.217969,2.034717,128.688477,2.597607],"geometry":{"type":"Polygon","coordinates":[[[128.453906,2.051758],[128.295898,2.034717],[128.259961,2.08252],[128.217969,2.297461],[128.330371,2.469336],[128.47207,2.570508],[128.568652,2.596094],[128.602148,2.597607],[128.688477,2.473682],[128.623242,2.224414],[128.547559,2.09707],[128.453906,2.051758]]]}},{"type":"Feature","properties":{"scalerank":0,"featurecla":"Land","min_zoom":4},"bbox":[127.396777,-0.036621,127.453418,0.142578],"geometry":{"type":"Polygon","coordinates":[[[127.453418,-0.005859],[127.448633,-0.036621],[127.417871,0.006348],[127.396777,0.016602],[127.419531,0.124414],[127.431348,0.142578],[127.449414,0.068994],[127.453418,-0.005859]]]}},{"type":"Feature","properties":{"scalerank":0,"featurecla":"Land","min_zoom":4},"bbox":[127.362891,0.631006,127.445898,0.744385],"geometry":{"type":"Polygon","coordinates":[[[127.419727,0.64209],[127.383984,0.631006],[127.373633,0.634863],[127.362891,0.675146],[127.382617,0.743555],[127.424805,0.744385],[127.442578,0.733447],[127.445898,0.683301],[127.419727,0.64209]]]}},{"type":"Feature","properties":{"scalerank":0,"featurecla":"Land","min_zoom":3},"bbox":[127.104395,-0.521191,127.290039,-0.255762],"geometry":{"type":"Polygon","coordinates":[[[127.249902,-0.495313],[127.187305,-0.521191],[127.119141,-0.520508],[127.104395,-0.413867],[127.126465,-0.278613],[127.189648,-0.255762],[127.290039,-0.284375],[127.253027,-0.318652],[127.280566,-0.391016],[127.249902,-0.495313]]]}},{"type":"Feature","properties":{"scalerank":0,"featurecla":"Land","min_zoom":3},"bbox":[127.156445,-0.801563,127.30127,-0.619336],"geometry":{"type":"Polygon","coordinates":[[[127.300391,-0.780957],[127.289062,-0.801563],[127.18457,-0.775293],[127.156445,-0.760938],[127.209082,-0.619336],[127.258203,-0.623438],[127.30127,-0.758398],[127.300391,-0.780957]]]}},{"type":"Feature","properties":{"scalerank":0,"featurecla":"Land","min_zoom":2},"bbox":[127.29707,-0.883691,127.880176,-0.306641],"geometry":{"type":"Polygon","coordinates":[[[127.566992,-0.318945],[127.682422,-0.468359],[127.60498,-0.610156],[127.658594,-0.689453],[127.804297,-0.694434],[127.837891,-0.724121],[127.863281,-0.759863],[127.880176,-0.808691],[127.842285,-0.847754],[127.761133,-0.883691],[127.667578,-0.832031],[127.642871,-0.783984],[127.623828,-0.766016],[127.497852,-0.802441],[127.462695,-0.805957],[127.438281,-0.739063],[127.468652,-0.642969],[127.380566,-0.599609],[127.3,-0.500293],[127.29707,-0.460254],[127.329492,-0.390918],[127.325098,-0.33584],[127.371191,-0.331641],[127.455176,-0.406348],[127.491699,-0.335938],[127.527344,-0.306641],[127.566992,-0.318945]]]}},{"type":"Feature","properties":{"scalerank":0,"featurecla":"Land","min_zoom":2},"bbox":[127.392188,-1.728516,128.153027,-1.332422],"geometry":{"type":"Polygon","coordinates":[[[128.153027,-1.660547],[128.091797,-1.701172],[128.06123,-1.712402],[127.91377,-1.685156],[127.741016,-1.69082],[127.561621,-1.728516],[127.457617,-1.69668],[127.392188,-1.644824],[127.39502,-1.589844],[127.456738,-1.453711],[127.591797,-1.350781],[127.64668,-1.332422],[127.742969,-1.360254],[127.905078,-1.439063],[128.032813,-1.531641],[128.14873,-1.603711],[128.153027,-1.660547]]]}},{"type":"Feature","properties":{"scalerank":0,"featurecla":"Land","min_zoom":1.5},"bbox":[134.153125,-6.365332,134.758105,-5.427344],"geometry":{"type":"Polygon","coordinates":[[[134.746973,-5.707031],[134.739063,-5.745605],[134.738379,-5.816797],[134.75498,-5.882715],[134.712207,-5.949707],[134.752148,-6.050098],[134.758105,-6.1],[134.755859,-6.170605],[134.744434,-6.202344],[134.71416,-6.295117],[134.683887,-6.328125],[134.661133,-6.337305],[134.637598,-6.365332],[134.441113,-6.334863],[134.356152,-6.270508],[134.280469,-6.200781],[134.264453,-6.17168],[134.175391,-6.090332],[134.154883,-6.062891],[134.153125,-6.019531],[134.225098,-6.008496],[134.301953,-6.009766],[134.298633,-5.970703],[134.343066,-5.833008],[134.226172,-5.744434],[134.205371,-5.707227],[134.247266,-5.681934],[134.341309,-5.712891],[134.456348,-5.55752],[134.490332,-5.525098],[134.506445,-5.438477],[134.570801,-5.427344],[134.616504,-5.438574],[134.646094,-5.492383],[134.657813,-5.539258],[134.645508,-5.581348],[134.700781,-5.603027],[134.746973,-5.707031]]]}},{"type":"Feature","properties":{"scalerank":0,"featurecla":"Land","min_zoom":1.5},"bbox":[134.05918,-6.908789,134.536816,-6.17627],"geometry":{"type":"Polygon","coordinates":[[[134.536816,-6.442285],[134.52041,-6.512695],[134.504297,-6.591406],[134.4125,-6.679688],[134.355957,-6.814844],[134.322754,-6.84873],[134.2,-6.908789],[134.09082,-6.833789],[134.05918,-6.769336],[134.107031,-6.471582],[134.154199,-6.481445],[134.184766,-6.479297],[134.194629,-6.459766],[134.124609,-6.426465],[134.11123,-6.255371],[134.114648,-6.19082],[134.168066,-6.17627],[134.23418,-6.226367],[134.317773,-6.316113],[134.415039,-6.386719],[134.536816,-6.442285]]]}},{"type":"Feature","properties":{"scalerank":0,"featurecla":"Land","min_zoom":3},"bbox":[132.84502,-5.987988,133.172852,-5.310645],"geometry":{"type":"Polygon","coordinates":[[[132.92627,-5.902051],[132.84502,-5.987988],[132.92168,-5.785254],[132.937695,-5.682617],[133.008789,-5.621387],[133.114648,-5.310645],[133.138477,-5.317871],[133.172852,-5.348145],[133.119629,-5.575977],[132.971094,-5.73584],[132.92627,-5.902051]]]}},{"type":"Feature","properties":{"scalerank":0,"featurecla":"Land","min_zoom":3},"bbox":[132.630176,-5.94707,132.807129,-5.607031],"geometry":{"type":"Polygon","coordinates":[[[132.807129,-5.850781],[132.746289,-5.94707],[132.704883,-5.913086],[132.681445,-5.912598],[132.667285,-5.856055],[132.681348,-5.738867],[132.630176,-5.607031],[132.697852,-5.608984],[132.716504,-5.64834],[132.737793,-5.661719],[132.804297,-5.788867],[132.807129,-5.850781]]]}},{"type":"Feature","properties":{"scalerank":0,"featurecla":"Land","min_zoom":3},"bbox":[128.585156,-3.602539,128.722461,-3.494824],"geometry":{"type":"Polygon","coordinates":[[[128.722461,-3.546875],[128.720117,-3.58916],[128.713281,-3.602539],[128.658789,-3.587793],[128.619531,-3.588574],[128.585156,-3.512207],[128.594922,-3.494824],[128.666504,-3.516699],[128.693555,-3.524512],[128.722461,-3.546875]]]}},{"type":"Feature","properties":{"scalerank":0,"featurecla":"Land","min_zoom":3},"bbox":[128.391602,-3.637891,128.562598,-3.514746],"geometry":{"type":"Polygon","coordinates":[[[128.562598,-3.585449],[128.391602,-3.637891],[128.42832,-3.54043],[128.451563,-3.514746],[128.536328,-3.541309],[128.562598,-3.585449]]]}},{"type":"Feature","properties":{"scalerank":0,"featurecla":"Land","min_zoom":2},"bbox":[127.925,-3.770996,128.329102,-3.512305],"geometry":{"type":"Polygon","coordinates":[[[128.275586,-3.674609],[128.249902,-3.711133],[128.191797,-3.735254],[128.143164,-3.732715],[128.158984,-3.697656],[128.146875,-3.677148],[128.11084,-3.686426],[128.052246,-3.714551],[127.978027,-3.770996],[127.934375,-3.743066],[127.925,-3.699316],[127.927539,-3.679395],[128.016211,-3.600879],[128.119141,-3.5875],[128.264355,-3.512305],[128.329102,-3.515918],[128.313672,-3.563672],[128.291016,-3.597656],[128.277441,-3.633203],[128.275586,-3.674609]]]}},{"type":"Feature","properties":{"scalerank":0,"featurecla":"Land","min_zoom":0.5},"bbox":[122.584961,-5.671289,123.203027,-4.386914],"geometry":{"type":"Polygon","coordinates":[[[123.179785,-4.551172],[123.203027,-4.766211],[123.195703,-4.822656],[123.139453,-4.739941],[123.119238,-4.723438],[123.103809,-4.739941],[123.083887,-4.749023],[123.055176,-4.748242],[123.017969,-4.831738],[123.014648,-4.910254],[122.986523,-4.963086],[122.97168,-5.138477],[122.981055,-5.185742],[123.024609,-5.162402],[123.051465,-5.156445],[123.149902,-5.224023],[123.201953,-5.27334],[123.187305,-5.333008],[123.120703,-5.393164],[123.043359,-5.419336],[122.985742,-5.393555],[122.96875,-5.405762],[122.934668,-5.436719],[122.908789,-5.477441],[122.916211,-5.519336],[122.850195,-5.637988],[122.812109,-5.671289],[122.733105,-5.634961],[122.684375,-5.666211],[122.64502,-5.663379],[122.584961,-5.544629],[122.586426,-5.488867],[122.642188,-5.42627],[122.642578,-5.381152],[122.670117,-5.330859],[122.731445,-5.261914],[122.766504,-5.210156],[122.767578,-5.177246],[122.793652,-5.052441],[122.803809,-5.000098],[122.821484,-4.944434],[122.849414,-4.83125],[122.85332,-4.618359],[122.946875,-4.442676],[123.038281,-4.394727],[123.074609,-4.386914],[123.068945,-4.433594],[123.179785,-4.551172]]]}},{"type":"Feature","properties":{"scalerank":0,"featurecla":"Land","min_zoom":0.5},"bbox":[122.283105,-5.391211,122.759863,-4.618652],"geometry":{"type":"Polygon","coordinates":[[[122.645117,-5.269434],[122.619336,-5.33584],[122.563867,-5.3875],[122.519727,-5.391211],[122.473633,-5.380664],[122.391992,-5.335449],[122.371289,-5.383105],[122.307031,-5.380957],[122.283105,-5.319531],[122.329004,-5.137695],[122.396289,-5.069824],[122.390039,-4.998535],[122.334473,-4.846582],[122.368945,-4.767188],[122.524414,-4.707129],[122.659961,-4.633887],[122.701953,-4.618652],[122.739746,-4.675],[122.759863,-4.933887],[122.614062,-5.138672],[122.645117,-5.269434]]]}},{"type":"Feature","properties":{"scalerank":0,"featurecla":"Land","min_zoom":2},"bbox":[121.808496,-5.464746,122.061816,-5.072266],"geometry":{"type":"Polygon","coordinates":[[[122.042969,-5.437988],[121.97959,-5.464746],[121.859375,-5.350293],[121.808496,-5.256152],[121.820703,-5.20293],[121.856641,-5.15625],[121.87373,-5.144629],[121.866309,-5.095996],[121.913672,-5.072266],[121.965723,-5.075586],[121.999902,-5.14082],[122.041016,-5.158789],[122.061816,-5.221289],[122.042969,-5.437988]]]}},{"type":"Feature","properties":{"scalerank":0,"featurecla":"Land","min_zoom":2},"bbox":[122.969043,-4.233301,123.246973,-3.980957],"geometry":{"type":"Polygon","coordinates":[[[123.242383,-4.112988],[123.144531,-4.233301],[123.076172,-4.227148],[122.994727,-4.148047],[122.970898,-4.061328],[122.969043,-4.02998],[123.024902,-3.980957],[123.211914,-3.997559],[123.246973,-4.040918],[123.242383,-4.112988]]]}},{"type":"Feature","properties":{"scalerank":0,"featurecla":"Land","min_zoom":3},"bbox":[125.862891,-2.469434,126.065723,-1.974805],"geometry":{"type":"Polygon","coordinates":[[[126.055078,-2.45127],[126.037891,-2.469434],[125.97793,-2.41543],[125.937598,-2.262793],[125.903223,-2.222168],[125.862891,-2.077148],[125.873242,-2.035938],[125.922754,-1.974805],[125.962793,-1.975781],[125.992676,-2.011816],[125.975977,-2.168066],[126.065723,-2.36582],[126.055078,-2.45127]]]}},{"type":"Feature","properties":{"scalerank":0,"featurecla":"Land","min_zoom":2},"bbox":[125.387207,-1.940039,126.331738,-1.789746],"geometry":{"type":"Polygon","coordinates":[[[126.024219,-1.789746],[126.331738,-1.822852],[126.288086,-1.858887],[125.956445,-1.916602],[125.838867,-1.906152],[125.479199,-1.940039],[125.432617,-1.938086],[125.425977,-1.882227],[125.387207,-1.843066],[125.444727,-1.808984],[125.520898,-1.800879],[125.720313,-1.81377],[126.024219,-1.789746]]]}},{"type":"Feature","properties":{"scalerank":0,"featurecla":"Land","min_zoom":2},"bbox":[124.329688,-2.006934,125.320215,-1.635938],"geometry":{"type":"Polygon","coordinates":[[[124.969531,-1.705469],[125.062988,-1.741016],[125.095898,-1.74082],[125.126758,-1.699316],[125.145801,-1.692578],[125.187891,-1.712891],[125.197656,-1.780273],[125.258203,-1.770898],[125.305371,-1.793945],[125.320215,-1.810059],[125.314063,-1.877148],[125.134766,-1.888965],[125.006738,-1.943066],[124.834473,-1.894434],[124.63916,-1.978223],[124.520605,-2.006934],[124.417773,-2.005176],[124.329688,-1.858887],[124.380859,-1.6875],[124.417578,-1.659277],[124.483008,-1.644336],[124.663965,-1.635938],[124.969531,-1.705469]]]}},{"type":"Feature","properties":{"scalerank":0,"featurecla":"Land","min_zoom":4},"bbox":[123.777246,-1.995703,123.866016,-1.87832],"geometry":{"type":"Polygon","coordinates":[[[123.848242,-1.955469],[123.866016,-1.995703],[123.803516,-1.994336],[123.777246,-1.918652],[123.783496,-1.87832],[123.848242,-1.955469]]]}},{"type":"Feature","properties":{"scalerank":0,"featurecla":"Land","min_zoom":2},"bbox":[122.81084,-1.616016,123.547266,-1.15752],"geometry":{"type":"Polygon","coordinates":[[[123.212305,-1.171289],[123.234277,-1.233691],[123.198047,-1.287695],[123.237793,-1.389355],[123.338574,-1.254004],[123.434766,-1.236816],[123.489355,-1.259277],[123.526855,-1.286035],[123.547266,-1.337402],[123.511914,-1.447363],[123.44873,-1.498828],[123.366992,-1.507129],[123.328613,-1.443066],[123.274902,-1.437207],[123.237402,-1.576953],[123.220508,-1.59834],[123.172949,-1.616016],[123.130371,-1.577441],[123.122949,-1.556055],[123.18291,-1.492773],[123.150391,-1.304492],[123.105176,-1.339844],[122.984375,-1.510645],[122.89043,-1.587207],[122.858496,-1.548242],[122.81084,-1.432129],[122.832227,-1.283008],[122.908008,-1.182227],[122.972461,-1.18916],[123.158301,-1.15752],[123.212305,-1.171289]]]}},{"type":"Feature","properties":{"scalerank":0,"featurecla":"Land","min_zoom":4},"bbox":[123.070898,-1.898926,123.152539,-1.772656],"geometry":{"type":"Polygon","coordinates":[[[123.152539,-1.816504],[123.078809,-1.898926],[123.070898,-1.854883],[123.08584,-1.814844],[123.106445,-1.786719],[123.1375,-1.772656],[123.152539,-1.816504]]]}},{"type":"Feature","properties":{"scalerank":0,"featurecla":"Land","min_zoom":3},"bbox":[121.655273,-0.526172,121.906836,-0.406836],"geometry":{"type":"Polygon","coordinates":[[[121.864355,-0.406836],[121.906836,-0.45127],[121.88125,-0.502637],[121.846875,-0.489844],[121.756055,-0.49082],[121.721777,-0.494727],[121.680957,-0.525],[121.655273,-0.526172],[121.672363,-0.478809],[121.749316,-0.407031],[121.797363,-0.417676],[121.864355,-0.406836]]]}},{"type":"Feature","properties":{"scalerank":0,"featurecla":"Land","min_zoom":2},"bbox":[126.704492,4.012598,126.921094,4.5479],"geometry":{"type":"Polygon","coordinates":[[[126.816602,4.033496],[126.77627,4.012598],[126.71123,4.020264],[126.704492,4.070996],[126.770117,4.162207],[126.813574,4.258496],[126.767285,4.282568],[126.72207,4.344189],[126.720508,4.41582],[126.757324,4.5479],[126.8125,4.537207],[126.865137,4.479834],[126.886719,4.37251],[126.921094,4.291016],[126.847656,4.17998],[126.816602,4.033496]]]}},{"type":"Feature","properties":{"scalerank":0,"featurecla":"Land","min_zoom":3},"bbox":[126.6375,3.83252,126.739648,4.041943],"geometry":{"type":"Polygon","coordinates":[[[126.719336,3.874658],[126.721777,3.83252],[126.66123,3.928418],[126.6375,4.041943],[126.685547,4.001416],[126.739648,3.917725],[126.719336,3.874658]]]}},{"type":"Feature","properties":{"scalerank":0,"featurecla":"Land","min_zoom":4},"bbox":[126.777539,3.756934,126.857813,3.85791],"geometry":{"type":"Polygon","coordinates":[[[126.851855,3.768457],[126.835547,3.756934],[126.799609,3.783887],[126.777539,3.813428],[126.778906,3.843164],[126.804492,3.85791],[126.857031,3.812402],[126.857813,3.787207],[126.851855,3.768457]]]}},{"type":"Feature","properties":{"scalerank":0,"featurecla":"Land","min_zoom":3},"bbox":[125.455273,3.40542,125.658105,3.733252],"geometry":{"type":"Polygon","coordinates":[[[125.658105,3.436035],[125.633203,3.40542],[125.511523,3.461133],[125.517578,3.549609],[125.501172,3.593213],[125.468555,3.639111],[125.455273,3.68418],[125.468848,3.733252],[125.543457,3.67041],[125.585645,3.571094],[125.643555,3.476514],[125.658105,3.436035]]]}},{"type":"Feature","properties":{"scalerank":0,"featurecla":"Land","min_zoom":4},"bbox":[125.360059,2.629541,125.446484,2.805371],"geometry":{"type":"Polygon","coordinates":[[[125.407422,2.651611],[125.397266,2.629541],[125.360059,2.746826],[125.39082,2.805371],[125.435254,2.783887],[125.446484,2.762988],[125.403906,2.707031],[125.407422,2.651611]]]}},{"type":"Feature","properties":{"scalerank":0,"featurecla":"Land","min_zoom":3},"bbox":[120.435547,-6.464844,120.549219,-5.775293],"geometry":{"type":"Polygon","coordinates":[[[120.52832,-6.298438],[120.487305,-6.464844],[120.467969,-6.406152],[120.460742,-6.254004],[120.435547,-6.180176],[120.451563,-6.094922],[120.446484,-5.87627],[120.477344,-5.775293],[120.53418,-5.903809],[120.549219,-5.969238],[120.52832,-6.298438]]]}},{"type":"Feature","properties":{"scalerank":0,"featurecla":"Land","min_zoom":3},"bbox":[131.750781,-7.251367,131.982031,-7.104492],"geometry":{"type":"Polygon","coordinates":[[[131.982031,-7.202051],[131.969531,-7.251367],[131.926855,-7.225],[131.884473,-7.16748],[131.822852,-7.15918],[131.777539,-7.143945],[131.750781,-7.116797],[131.922266,-7.104492],[131.982031,-7.202051]]]}},{"type":"Feature","properties":{"scalerank":0,"featurecla":"Land","min_zoom":3},"bbox":[130.775195,-8.349902,131.176367,-8.091309],"geometry":{"type":"Polygon","coordinates":[[[130.862207,-8.31875],[130.775195,-8.349902],[130.833398,-8.270801],[131.020117,-8.091309],[131.087402,-8.124512],[131.176367,-8.130762],[131.04375,-8.212012],[130.908105,-8.245703],[130.862207,-8.31875]]]}},{"type":"Feature","properties":{"scalerank":0,"featurecla":"Land","min_zoom":2},"bbox":[131.086816,-8.01084,131.736133,-7.112793],"geometry":{"type":"Polygon","coordinates":[[[131.325586,-7.999512],[131.30918,-8.01084],[131.184961,-7.997852],[131.11377,-7.997363],[131.123438,-7.921875],[131.086816,-7.865039],[131.136816,-7.781738],[131.137793,-7.684863],[131.190039,-7.671875],[131.197363,-7.616699],[131.260059,-7.470508],[131.296875,-7.438086],[131.349219,-7.425391],[131.411035,-7.340137],[131.446191,-7.315332],[131.482617,-7.250684],[131.535254,-7.220605],[131.530859,-7.165137],[131.560742,-7.135742],[131.643457,-7.112793],[131.700781,-7.140234],[131.736133,-7.19707],[131.643848,-7.266895],[131.691113,-7.438867],[131.624414,-7.626172],[131.580273,-7.682227],[131.498438,-7.730664],[131.473535,-7.77666],[131.377051,-7.869141],[131.347754,-7.948047],[131.343457,-7.981445],[131.325586,-7.999512]]]}},{"type":"Feature","properties":{"scalerank":0,"featurecla":"Land","min_zoom":3},"bbox":[129.591895,-8.046484,129.843555,-7.794824],"geometry":{"type":"Polygon","coordinates":[[[129.838867,-7.95459],[129.779785,-8.046484],[129.713477,-8.040723],[129.591895,-7.917383],[129.59873,-7.831348],[129.608984,-7.803418],[129.655469,-7.794824],[129.812988,-7.819727],[129.843555,-7.889355],[129.838867,-7.95459]]]}},{"type":"Feature","properties":{"scalerank":0,"featurecla":"Land","min_zoom":3},"bbox":[128.529785,-7.208594,128.673242,-7.06875],"geometry":{"type":"Polygon","coordinates":[[[128.670117,-7.183301],[128.625,-7.208594],[128.550195,-7.156348],[128.529785,-7.13457],[128.577344,-7.083203],[128.627734,-7.06875],[128.658301,-7.091113],[128.673242,-7.113379],[128.666895,-7.137988],[128.670117,-7.183301]]]}},{"type":"Feature","properties":{"scalerank":0,"featurecla":"Land","min_zoom":3},"bbox":[127.78623,-8.255371,128.119238,-8.098828],"geometry":{"type":"Polygon","coordinates":[[[127.823438,-8.098828],[127.998438,-8.139063],[128.098828,-8.134863],[128.119238,-8.170703],[128.023535,-8.255371],[127.820898,-8.190234],[127.78623,-8.120313],[127.823438,-8.098828]]]}},{"type":"Feature","properties":{"scalerank":0,"featurecla":"Land","min_zoom":3},"bbox":[127.355273,-7.646484,127.475195,-7.512793],"geometry":{"type":"Polygon","coordinates":[[[127.419434,-7.623047],[127.355273,-7.646484],[127.375,-7.572461],[127.370703,-7.512793],[127.475195,-7.531055],[127.474023,-7.578516],[127.463965,-7.596875],[127.419434,-7.623047]]]}},{"type":"Feature","properties":{"scalerank":0,"featurecla":"Land","min_zoom":2},"bbox":[125.798242,-7.98457,126.814453,-7.571777],"geometry":{"type":"Polygon","coordinates":[[[126.800977,-7.667871],[126.814453,-7.716504],[126.812695,-7.737891],[126.692871,-7.753516],[126.577344,-7.807617],[126.518164,-7.869922],[126.47207,-7.950391],[126.312891,-7.917676],[126.171094,-7.912305],[126.108398,-7.883984],[126.040039,-7.88584],[125.951563,-7.910938],[125.826172,-7.979297],[125.798242,-7.98457],[125.808398,-7.880664],[125.843164,-7.816699],[125.975293,-7.663379],[126.085352,-7.697363],[126.213672,-7.706738],[126.359375,-7.676758],[126.462891,-7.607813],[126.60957,-7.571777],[126.726367,-7.662207],[126.800977,-7.667871]]]}},{"type":"Feature","properties":{"scalerank":0,"featurecla":"Land","min_zoom":3},"bbox":[125.507129,-8.311816,125.646094,-8.139941],"geometry":{"type":"Polygon","coordinates":[[[125.646094,-8.139941],[125.579492,-8.311816],[125.507129,-8.275098],[125.584082,-8.178613],[125.621094,-8.15],[125.646094,-8.139941]]]}},{"type":"Feature","properties":{"scalerank":0,"featurecla":"Land","min_zoom":1},"bbox":[123.325586,-10.3375,123.496777,-10.139941],"geometry":{"type":"Polygon","coordinates":[[[123.416211,-10.302637],[123.325977,-10.3375],[123.325586,-10.26416],[123.395312,-10.171387],[123.458789,-10.139941],[123.493945,-10.176953],[123.496777,-10.193945],[123.405078,-10.227148],[123.416211,-10.302637]]]}},{"type":"Feature","properties":{"scalerank":0,"featurecla":"Land","min_zoom":2},"bbox":[122.818457,-10.909668,123.418164,-10.472461],"geometry":{"type":"Polygon","coordinates":[[[122.948926,-10.909277],[122.855859,-10.909668],[122.826172,-10.899121],[122.818457,-10.811035],[122.845703,-10.761816],[123.061426,-10.698438],[123.145801,-10.639941],[123.26543,-10.518164],[123.339648,-10.48623],[123.358496,-10.472461],[123.371094,-10.474902],[123.383105,-10.567578],[123.412891,-10.622656],[123.418164,-10.65127],[123.310742,-10.698438],[123.214844,-10.806152],[123.005273,-10.876367],[122.948926,-10.909277]]]}},{"type":"Feature","properties":{"scalerank":0,"featurecla":"Land","min_zoom":3},"bbox":[121.704688,-10.602148,121.99834,-10.433008],"geometry":{"type":"Polygon","coordinates":[[[121.883008,-10.590332],[121.833105,-10.602148],[121.726172,-10.573145],[121.704688,-10.555664],[121.796289,-10.507422],[121.866992,-10.438867],[121.949512,-10.433008],[121.99834,-10.446973],[121.981348,-10.528418],[121.883008,-10.590332]]]}},{"type":"Feature","properties":{"scalerank":0,"featurecla":"Land","min_zoom":2},"bbox":[124.355566,-8.444629,125.131738,-8.135449],"geometry":{"type":"Polygon","coordinates":[[[124.575586,-8.14082],[124.599609,-8.201758],[124.676855,-8.168066],[124.752246,-8.15957],[124.924121,-8.166016],[125.050293,-8.17959],[125.124609,-8.204785],[125.131738,-8.326465],[125.096777,-8.352832],[124.444238,-8.444629],[124.380664,-8.415137],[124.355566,-8.385938],[124.425977,-8.295801],[124.393555,-8.253027],[124.430664,-8.183203],[124.508594,-8.135449],[124.575586,-8.14082]]]}},{"type":"Feature","properties":{"scalerank":0,"featurecla":"Land","min_zoom":2},"bbox":[123.927734,-8.55166,124.304492,-8.201758],"geometry":{"type":"Polygon","coordinates":[[[124.286621,-8.329492],[124.225781,-8.391309],[124.184375,-8.49873],[124.14668,-8.531445],[124.065723,-8.55166],[124.017285,-8.443848],[123.927734,-8.448926],[123.971484,-8.354102],[124.01377,-8.318652],[124.06875,-8.317773],[124.095801,-8.356152],[124.110547,-8.364258],[124.239551,-8.203418],[124.265625,-8.201758],[124.287109,-8.208691],[124.304492,-8.228809],[124.286621,-8.329492]]]}},{"type":"Feature","properties":{"scalerank":0,"featurecla":"Land","min_zoom":2},"bbox":[123.230078,-8.586621,123.924805,-8.19043],"geometry":{"type":"Polygon","coordinates":[[[123.924805,-8.272461],[123.783887,-8.299609],[123.697852,-8.424414],[123.629199,-8.422461],[123.591602,-8.47793],[123.582617,-8.50166],[123.587891,-8.523828],[123.580176,-8.544922],[123.553027,-8.566797],[123.488672,-8.532324],[123.433789,-8.576074],[123.410742,-8.586621],[123.32998,-8.535645],[123.25332,-8.538574],[123.230078,-8.530664],[123.325,-8.439063],[123.45459,-8.353711],[123.475879,-8.322266],[123.425195,-8.313379],[123.394922,-8.300586],[123.391211,-8.280469],[123.473242,-8.26709],[123.52998,-8.265234],[123.573145,-8.291504],[123.600586,-8.291309],[123.775977,-8.19043],[123.845508,-8.213379],[123.896094,-8.239258],[123.924805,-8.272461]]]}},{"type":"Feature","properties":{"scalerank":0,"featurecla":"Land","min_zoom":3},"bbox":[123.025,-8.398633,123.336035,-8.235449],"geometry":{"type":"Polygon","coordinates":[[[123.31748,-8.354785],[123.297266,-8.398633],[123.025,-8.395508],[123.032617,-8.337793],[123.108301,-8.274805],[123.133496,-8.253809],[123.21709,-8.235449],[123.336035,-8.269043],[123.31748,-8.354785]]]}},{"type":"Feature","properties":{"scalerank":0,"featurecla":"Land","min_zoom":3},"bbox":[119.378906,-8.750488,119.557227,-8.429199],"geometry":{"type":"Polygon","coordinates":[[[119.464063,-8.741016],[119.424902,-8.750488],[119.385547,-8.736035],[119.40166,-8.64707],[119.378906,-8.586523],[119.419922,-8.539062],[119.430176,-8.45498],[119.446484,-8.429199],[119.470508,-8.455664],[119.481738,-8.472949],[119.502148,-8.481055],[119.546973,-8.482617],[119.557227,-8.518848],[119.555469,-8.553418],[119.536328,-8.589355],[119.482813,-8.628223],[119.444043,-8.671777],[119.464063,-8.741016]]]}},{"type":"Feature","properties":{"scalerank":0,"featurecla":"Land","min_zoom":3},"bbox":[119.020898,-8.240039,119.134863,-8.13916],"geometry":{"type":"Polygon","coordinates":[[[119.073828,-8.238867],[119.02998,-8.240039],[119.020898,-8.199902],[119.036621,-8.157813],[119.078711,-8.140234],[119.097754,-8.13916],[119.12832,-8.177148],[119.134863,-8.19707],[119.106738,-8.223438],[119.073828,-8.238867]]]}},{"type":"Feature","properties":{"scalerank":0,"featurecla":"Land","min_zoom":3},"bbox":[115.480469,-8.804199,115.613281,-8.669922],"geometry":{"type":"Polygon","coordinates":[[[115.609961,-8.769824],[115.581934,-8.804199],[115.500879,-8.742871],[115.480469,-8.71543],[115.540625,-8.675391],[115.561426,-8.669922],[115.613281,-8.713184],[115.609961,-8.769824]]]}},{"type":"Feature","properties":{"scalerank":0,"featurecla":"Land","min_zoom":3},"bbox":[115.220313,-6.987793,115.546094,-6.838477],"geometry":{"type":"Polygon","coordinates":[[[115.377051,-6.970801],[115.295801,-6.987793],[115.220313,-6.952539],[115.222168,-6.905176],[115.240527,-6.86123],[115.353711,-6.838477],[115.414453,-6.839746],[115.479199,-6.870215],[115.524219,-6.901855],[115.546094,-6.938672],[115.424121,-6.940625],[115.377051,-6.970801]]]}},{"type":"Feature","properties":{"scalerank":0,"featurecla":"Land","min_zoom":3},"bbox":[112.586035,-5.846484,112.727344,-5.726172],"geometry":{"type":"Polygon","coordinates":[[[112.719434,-5.811035],[112.697949,-5.846484],[112.602148,-5.843652],[112.586035,-5.803613],[112.648535,-5.730859],[112.690039,-5.726172],[112.727344,-5.752734],[112.719434,-5.811035]]]}},{"type":"Feature","properties":{"scalerank":0,"featurecla":"Land","min_zoom":2},"bbox":[117.625098,4.004004,117.922852,4.262402],"geometry":{"type":"Polygon","coordinates":[[[117.922852,4.054297],[117.736816,4.004004],[117.625098,4.121484],[117.666797,4.204004],[117.662109,4.250195],[117.708008,4.262402],[117.761426,4.252344],[117.884766,4.186133],[117.917871,4.090527],[117.922852,4.054297]]]}},{"type":"Feature","properties":{"scalerank":0,"featurecla":"Land","min_zoom":3},"bbox":[117.5375,3.247754,117.680859,3.436084],"geometry":{"type":"Polygon","coordinates":[[[117.658398,3.280518],[117.645801,3.247754],[117.560352,3.328223],[117.5375,3.386377],[117.547852,3.431982],[117.636719,3.436084],[117.680859,3.40752],[117.658398,3.280518]]]}},{"type":"Feature","properties":{"scalerank":0,"featurecla":"Land","min_zoom":3},"bbox":[116.326563,-3.636719,116.426953,-3.399902],"geometry":{"type":"Polygon","coordinates":[[[116.424121,-3.464453],[116.387793,-3.636719],[116.326563,-3.539062],[116.395312,-3.42334],[116.426953,-3.399902],[116.424121,-3.464453]]]}},{"type":"Feature","properties":{"scalerank":0,"featurecla":"Land","min_zoom":0.5},"bbox":[116.018359,-4.054102,116.318652,-3.251074],"geometry":{"type":"Polygon","coordinates":[[[116.30332,-3.868164],[116.093359,-4.054102],[116.058789,-4.006934],[116.076953,-3.81748],[116.018359,-3.699902],[116.022461,-3.612402],[116.063574,-3.45791],[116.117383,-3.339551],[116.239355,-3.260352],[116.269727,-3.251074],[116.262109,-3.394824],[116.286523,-3.448828],[116.295117,-3.49502],[116.282031,-3.534766],[116.305176,-3.718555],[116.318652,-3.762988],[116.289258,-3.820898],[116.30332,-3.868164]]]}},{"type":"Feature","properties":{"scalerank":0,"featurecla":"Land","min_zoom":3},"bbox":[108.803711,-1.661621,108.956836,-1.539844],"geometry":{"type":"Polygon","coordinates":[[[108.953125,-1.619629],[108.837891,-1.661621],[108.803711,-1.567773],[108.877246,-1.539844],[108.956836,-1.564063],[108.953125,-1.619629]]]}},{"type":"Feature","properties":{"scalerank":0,"featurecla":"Land","min_zoom":2},"bbox":[109.428125,-1.282813,109.760547,-0.979102],"geometry":{"type":"Polygon","coordinates":[[[109.710254,-1.180664],[109.51084,-1.282813],[109.463672,-1.277539],[109.428125,-1.241211],[109.450293,-1.044141],[109.475977,-0.985352],[109.614648,-0.979102],[109.699512,-1.007324],[109.743359,-1.039355],[109.760547,-1.105176],[109.750781,-1.14502],[109.710254,-1.180664]]]}},{"type":"Feature","properties":{"scalerank":0,"featurecla":"Land","min_zoom":4},"bbox":[108.786523,2.853027,108.8875,2.998975],"geometry":{"type":"Polygon","coordinates":[[[108.8875,2.90542],[108.838867,2.853027],[108.786523,2.885645],[108.86709,2.991895],[108.885742,2.998975],[108.8875,2.90542]]]}},{"type":"Feature","properties":{"scalerank":0,"featurecla":"Land","min_zoom":2},"bbox":[108.002344,3.653076,108.398828,4.217139],"geometry":{"type":"Polygon","coordinates":[[[108.316016,3.689648],[108.17959,3.653076],[108.100391,3.704541],[108.186133,3.767969],[108.216406,3.772168],[108.236133,3.78457],[108.243262,3.810352],[108.088477,3.8521],[108.044531,3.888965],[108.002344,3.982861],[108.003516,4.042578],[108.201953,4.200488],[108.24834,4.217139],[108.255566,4.151758],[108.392871,3.986182],[108.398828,3.875977],[108.393555,3.836182],[108.316016,3.689648]]]}},{"type":"Feature","properties":{"scalerank":0,"featurecla":"Land","min_zoom":3},"bbox":[106.200977,3.088232,106.285254,3.22959],"geometry":{"type":"Polygon","coordinates":[[[106.285254,3.157129],[106.283691,3.088232],[106.214551,3.128564],[106.200977,3.204883],[106.22373,3.22959],[106.271191,3.216309],[106.285254,3.157129]]]}},{"type":"Feature","properties":{"scalerank":0,"featurecla":"Land","min_zoom":3},"bbox":[105.692187,2.85918,105.836719,3.0625],"geometry":{"type":"Polygon","coordinates":[[[105.760352,2.863037],[105.718555,2.85918],[105.706152,2.888867],[105.70791,2.940088],[105.704199,2.980908],[105.692187,3.011328],[105.692187,3.0625],[105.730664,3.036963],[105.760352,3.013037],[105.794531,2.995947],[105.822168,2.984375],[105.836719,2.976514],[105.809375,2.903955],[105.760352,2.863037]]]}},{"type":"Feature","properties":{"scalerank":0,"featurecla":"Land","min_zoom":0.5},"bbox":[101.403418,1.715723,101.773535,2.126709],"geometry":{"type":"Polygon","coordinates":[[[101.708105,2.078418],[101.762305,1.996533],[101.773535,1.943457],[101.734082,1.882568],[101.719434,1.78916],[101.602734,1.715723],[101.500781,1.733203],[101.467773,1.759375],[101.403418,1.901318],[101.409668,2.02168],[101.450293,2.067822],[101.544727,2.060742],[101.640723,2.126709],[101.708105,2.078418]]]}},{"type":"Feature","properties":{"scalerank":0,"featurecla":"Land","min_zoom":2},"bbox":[102.228613,0.959766,102.448828,1.39707],"geometry":{"type":"Polygon","coordinates":[[[102.427148,0.990137],[102.380859,0.959766],[102.325293,1.007031],[102.27959,1.075684],[102.255469,1.147168],[102.23418,1.263965],[102.228613,1.347852],[102.256348,1.39707],[102.276465,1.395264],[102.358594,1.345654],[102.412891,1.260791],[102.442871,1.234229],[102.448828,1.15625],[102.428906,1.067285],[102.427148,0.990137]]]}},{"type":"Feature","properties":{"scalerank":0,"featurecla":"Land","min_zoom":2},"bbox":[102.018359,1.330908,102.499414,1.625391],"geometry":{"type":"Polygon","coordinates":[[[102.491895,1.45918],[102.499414,1.330908],[102.425195,1.364453],[102.366895,1.415479],[102.274219,1.453125],[102.161328,1.46543],[102.078711,1.498584],[102.020898,1.558203],[102.018359,1.585645],[102.024023,1.607959],[102.042188,1.625391],[102.469531,1.510059],[102.491895,1.45918]]]}},{"type":"Feature","properties":{"scalerank":0,"featurecla":"Land","min_zoom":0.5},"bbox":[102.453906,0.708105,103.027539,1.130225],"geometry":{"type":"Polygon","coordinates":[[[103.027539,0.746631],[103.008789,0.708105],[102.971484,0.736523],[102.77627,0.77959],[102.710547,0.784375],[102.541602,0.831592],[102.49043,0.856641],[102.453906,0.889502],[102.466406,0.950342],[102.491406,0.986865],[102.506641,1.08877],[102.549219,1.130225],[102.633203,1.054395],[102.726172,0.989209],[102.780078,0.959375],[102.944141,0.892725],[103.002441,0.859277],[103.027539,0.746631]]]}},{"type":"Feature","properties":{"scalerank":0,"featurecla":"Land","min_zoom":2},"bbox":[102.701855,0.84165,103.166406,1.165479],"geometry":{"type":"Polygon","coordinates":[[[103.166406,0.870166],[103.137207,0.84165],[103.086719,0.848145],[103.033398,0.882031],[102.963965,0.942676],[102.886328,0.996777],[102.787988,1.030957],[102.726465,1.04126],[102.701855,1.053711],[102.725586,1.158838],[102.790137,1.165479],[102.999414,1.067773],[103.067578,1.014746],[103.166406,0.870166]]]}},{"type":"Feature","properties":{"scalerank":0,"featurecla":"Land","min_zoom":3},"bbox":[103.139551,0.536182,103.295117,0.699756],"geometry":{"type":"Polygon","coordinates":[[[103.284473,0.541943],[103.172168,0.536182],[103.139551,0.549072],[103.15332,0.643115],[103.187402,0.699756],[103.238184,0.698633],[103.295117,0.613965],[103.284473,0.541943]]]}},{"type":"Feature","properties":{"scalerank":0,"featurecla":"Land","min_zoom":3},"bbox":[103.31543,0.993359,103.429688,1.133643],"geometry":{"type":"Polygon","coordinates":[[[103.423926,1.04834],[103.429688,0.993359],[103.363281,1.006836],[103.31543,1.071289],[103.35498,1.117236],[103.37998,1.133643],[103.404883,1.072559],[103.423926,1.04834]]]}},{"type":"Feature","properties":{"scalerank":0,"featurecla":"Land","min_zoom":3},"bbox":[103.344434,0.650879,103.497461,0.86958],"geometry":{"type":"Polygon","coordinates":[[[103.450195,0.664453],[103.429688,0.650879],[103.344434,0.777881],[103.365723,0.851123],[103.386133,0.86958],[103.433105,0.825],[103.470313,0.778125],[103.497461,0.722705],[103.450195,0.664453]]]}},{"type":"Feature","properties":{"scalerank":0,"featurecla":"Land","min_zoom":4},"bbox":[103.740039,0.772217,103.833984,0.891357],"geometry":{"type":"Polygon","coordinates":[[[103.828613,0.801025],[103.833984,0.772217],[103.742383,0.82998],[103.740039,0.871826],[103.751953,0.891357],[103.806641,0.846338],[103.828613,0.801025]]]}},{"type":"Feature","properties":{"scalerank":0,"featurecla":"Land","min_zoom":3},"bbox":[103.932227,0.989551,104.139844,1.180566],"geometry":{"type":"Polygon","coordinates":[[[104.024805,1.180566],[104.088086,1.137012],[104.139844,1.165576],[104.137793,1.128223],[104.127344,1.092383],[104.066113,0.989551],[103.963574,1.013232],[103.939844,1.046484],[103.932227,1.071387],[103.946973,1.087012],[103.955371,1.137451],[103.999805,1.137256],[104.024805,1.180566]]]}},{"type":"Feature","properties":{"scalerank":0,"featurecla":"Land","min_zoom":2},"bbox":[104.244238,0.831934,104.662891,1.216113],"geometry":{"type":"Polygon","coordinates":[[[104.585352,1.216113],[104.591016,1.141064],[104.648145,1.10459],[104.662891,1.049512],[104.652832,0.961035],[104.599121,0.858984],[104.575195,0.831934],[104.504297,0.852637],[104.480664,0.886768],[104.471191,0.913477],[104.481055,0.93252],[104.428613,0.956494],[104.462402,0.995557],[104.439258,1.050439],[104.293945,1.016113],[104.251953,1.014893],[104.244238,1.077393],[104.250195,1.102637],[104.361816,1.181494],[104.428418,1.196045],[104.500098,1.180225],[104.585352,1.216113]]]}},{"type":"Feature","properties":{"scalerank":0,"featurecla":"Land","min_zoom":3},"bbox":[104.098145,0.804883,104.239355,0.943994],"geometry":{"type":"Polygon","coordinates":[[[104.239355,0.833984],[104.176758,0.804883],[104.098145,0.89624],[104.101074,0.91748],[104.108301,0.933545],[104.122754,0.943994],[104.170508,0.896729],[104.227051,0.879883],[104.239355,0.833984]]]}},{"type":"Feature","properties":{"scalerank":0,"featurecla":"Land","min_zoom":3},"bbox":[104.499219,0.034668,104.698145,0.23208],"geometry":{"type":"Polygon","coordinates":[[[104.689258,0.059521],[104.698145,0.034668],[104.650879,0.062695],[104.622363,0.079639],[104.603516,0.095215],[104.499219,0.23208],[104.543848,0.223291],[104.659863,0.103076],[104.689258,0.059521]]]}},{"type":"Feature","properties":{"scalerank":0,"featurecla":"Land","min_zoom":2},"bbox":[104.44707,-0.32334,105.005371,0.017725],"geometry":{"type":"Polygon","coordinates":[[[104.778613,-0.175977],[104.80752,-0.19248],[104.843164,-0.140625],[104.908984,-0.211719],[104.949707,-0.247266],[105.005371,-0.282813],[104.950586,-0.284473],[104.928516,-0.316992],[104.914258,-0.32334],[104.702246,-0.208691],[104.566602,-0.245605],[104.473535,-0.212109],[104.44707,-0.18916],[104.49707,-0.126367],[104.542676,0.017725],[104.635645,-0.018457],[104.658398,-0.062842],[104.652734,-0.076025],[104.713477,-0.103027],[104.778613,-0.175977]]]}},{"type":"Feature","properties":{"scalerank":0,"featurecla":"Land","min_zoom":2},"bbox":[104.257129,-0.658594,104.590137,-0.334668],"geometry":{"type":"Polygon","coordinates":[[[104.474219,-0.334668],[104.567773,-0.431836],[104.590137,-0.466602],[104.543945,-0.520508],[104.506543,-0.59668],[104.485352,-0.612891],[104.413867,-0.583691],[104.363184,-0.658594],[104.329785,-0.539062],[104.257129,-0.463281],[104.302344,-0.385742],[104.31875,-0.380176],[104.340723,-0.382617],[104.363574,-0.402832],[104.474219,-0.334668]]]}},{"type":"Feature","properties":{"scalerank":0,"featurecla":"Land","min_zoom":3},"bbox":[103.461328,-0.38291,103.764258,-0.227539],"geometry":{"type":"Polygon","coordinates":[[[103.736523,-0.347949],[103.606348,-0.38291],[103.461328,-0.357617],[103.479004,-0.297461],[103.548926,-0.227539],[103.610938,-0.230566],[103.723926,-0.27666],[103.764258,-0.317773],[103.736523,-0.347949]]]}},{"type":"Feature","properties":{"scalerank":0,"featurecla":"Land","min_zoom":2},"bbox":[107.563477,-3.226855,108.290625,-2.530273],"geometry":{"type":"Polygon","coordinates":[[[108.207227,-2.997656],[108.191797,-3.103027],[108.167285,-3.142773],[108.083594,-3.194922],[108.055273,-3.226855],[107.977148,-3.221777],[107.967285,-3.166602],[107.941113,-3.129297],[107.858203,-3.086328],[107.836621,-3.09668],[107.821777,-3.160742],[107.65957,-3.205566],[107.614453,-3.209375],[107.636719,-3.124805],[107.594922,-3.058398],[107.591602,-2.976562],[107.583887,-2.940723],[107.563477,-2.920117],[107.604883,-2.863086],[107.598145,-2.799707],[107.641602,-2.731543],[107.666309,-2.566309],[107.837793,-2.530273],[107.874707,-2.559668],[108.074414,-2.596973],[108.215137,-2.696973],[108.290625,-2.82998],[108.207227,-2.997656]]]}},{"type":"Feature","properties":{"scalerank":0,"featurecla":"Land","min_zoom":4},"bbox":[107.402441,-2.925293,107.499707,-2.834668],"geometry":{"type":"Polygon","coordinates":[[[107.47334,-2.899512],[107.432813,-2.925293],[107.409277,-2.900586],[107.402441,-2.872949],[107.419336,-2.838086],[107.474414,-2.834668],[107.499707,-2.84502],[107.47334,-2.899512]]]}},{"type":"Feature","properties":{"scalerank":0,"featurecla":"Land","min_zoom":3},"bbox":[106.742871,-3.025293,106.910645,-2.898926],"geometry":{"type":"Polygon","coordinates":[[[106.886426,-3.005273],[106.869727,-3.025293],[106.814258,-3.014453],[106.774316,-2.986816],[106.749219,-2.960449],[106.742871,-2.932813],[106.796875,-2.898926],[106.910645,-2.933984],[106.886426,-3.005273]]]}},{"type":"Feature","properties":{"scalerank":0,"featurecla":"Land","min_zoom":3},"bbox":[105.121387,-6.6625,105.277441,-6.523926],"geometry":{"type":"Polygon","coordinates":[[[105.252832,-6.64043],[105.19043,-6.6625],[105.142773,-6.643066],[105.121387,-6.614941],[105.192285,-6.545605],[105.225684,-6.529102],[105.260547,-6.523926],[105.277441,-6.561426],[105.252832,-6.64043]]]}},{"type":"Feature","properties":{"scalerank":0,"featurecla":"Land","min_zoom":2},"bbox":[97.079199,0.564453,97.931934,1.539746],"geometry":{"type":"Polygon","coordinates":[[[97.481543,1.465088],[97.69834,1.18374],[97.786426,1.145898],[97.903223,1.018262],[97.931934,0.973926],[97.902051,0.884229],[97.876465,0.62832],[97.82041,0.564453],[97.683984,0.596094],[97.68252,0.641064],[97.603906,0.833887],[97.46123,0.941406],[97.405371,0.946973],[97.368848,1.056934],[97.296875,1.187354],[97.079199,1.425488],[97.244238,1.423633],[97.324414,1.481641],[97.342773,1.52793],[97.355957,1.539746],[97.481543,1.465088]]]}},{"type":"Feature","properties":{"scalerank":0,"featurecla":"Land","min_zoom":3},"bbox":[102.110742,-5.483496,102.405469,-5.28623],"geometry":{"type":"Polygon","coordinates":[[[102.367188,-5.478711],[102.285937,-5.483496],[102.135547,-5.360547],[102.110742,-5.322559],[102.153516,-5.28623],[102.198438,-5.288867],[102.371777,-5.366406],[102.405469,-5.404785],[102.367188,-5.478711]]]}},{"type":"Feature","properties":{"scalerank":0,"featurecla":"Land","min_zoom":2},"bbox":[100.179297,-3.328516,100.468848,-2.783203],"geometry":{"type":"Polygon","coordinates":[[[100.425098,-3.18291],[100.465137,-3.328516],[100.346094,-3.229199],[100.348437,-3.158789],[100.332031,-3.113086],[100.259961,-3.056934],[100.204297,-2.986816],[100.179297,-2.820215],[100.198535,-2.785547],[100.245605,-2.783203],[100.45459,-3.001953],[100.468848,-3.038965],[100.464258,-3.116895],[100.433887,-3.141309],[100.425098,-3.18291]]]}},{"type":"Feature","properties":{"scalerank":0,"featurecla":"Land","min_zoom":3},"bbox":[99.968164,-2.821387,100.204102,-2.510254],"geometry":{"type":"Polygon","coordinates":[[[100.204102,-2.741016],[100.132715,-2.821387],[100.014941,-2.819727],[99.991895,-2.769824],[99.996875,-2.649316],[99.968164,-2.609766],[99.969336,-2.594141],[99.987891,-2.525391],[100.011914,-2.510254],[100.201953,-2.679688],[100.204102,-2.741016]]]}},{"type":"Feature","properties":{"scalerank":0,"featurecla":"Land","min_zoom":3},"bbox":[99.537402,-2.369727,99.847852,-2.016602],"geometry":{"type":"Polygon","coordinates":[[[99.843066,-2.343066],[99.847852,-2.369727],[99.685156,-2.281738],[99.607031,-2.25752],[99.537402,-2.161523],[99.558887,-2.11543],[99.561816,-2.051172],[99.572168,-2.025781],[99.62207,-2.016602],[99.686426,-2.063379],[99.734766,-2.177734],[99.815723,-2.284375],[99.843066,-2.343066]]]}},{"type":"Feature","properties":{"scalerank":0,"featurecla":"Land","min_zoom":2},"bbox":[98.601758,-1.783496,99.271484,-0.915625],"geometry":{"type":"Polygon","coordinates":[[[99.163867,-1.77793],[99.071777,-1.783496],[98.874316,-1.663672],[98.827734,-1.609961],[98.816309,-1.538281],[98.626953,-1.261328],[98.601758,-1.197852],[98.676074,-0.970508],[98.869043,-0.915625],[98.932617,-0.954004],[98.954785,-1.05625],[99.065039,-1.240723],[99.101465,-1.340137],[99.128906,-1.38418],[99.14043,-1.418457],[99.130664,-1.442383],[99.210352,-1.559277],[99.267285,-1.627734],[99.271484,-1.738477],[99.163867,-1.77793]]]}},{"type":"Feature","properties":{"scalerank":0,"featurecla":"Land","min_zoom":2},"bbox":[98.309668,-0.576855,98.544141,0.00708],"geometry":{"type":"Polygon","coordinates":[[[98.459277,-0.530469],[98.399707,-0.576855],[98.309668,-0.531836],[98.339941,-0.467871],[98.354785,-0.379297],[98.408789,-0.308984],[98.427148,-0.226465],[98.322949,-0.000781],[98.374512,0.00708],[98.41543,-0.017529],[98.484375,-0.167676],[98.544141,-0.257617],[98.520117,-0.379688],[98.459277,-0.530469]]]}},{"type":"Feature","properties":{"scalerank":0,"featurecla":"Land","min_zoom":3},"bbox":[97.108301,2.053271,97.33418,2.232227],"geometry":{"type":"Polygon","coordinates":[[[97.33418,2.075635],[97.32832,2.053271],[97.225098,2.158496],[97.108301,2.216895],[97.156641,2.232227],[97.252832,2.216016],[97.291406,2.20083],[97.328711,2.148535],[97.33418,2.075635]]]}},{"type":"Feature","properties":{"scalerank":0,"featurecla":"Land","min_zoom":2},"bbox":[95.717188,2.350684,96.463672,2.916016],"geometry":{"type":"Polygon","coordinates":[[[96.463672,2.36001],[96.400977,2.350684],[96.340625,2.37207],[96.29043,2.42959],[96.021973,2.595752],[95.938477,2.598437],[95.879785,2.640918],[95.808594,2.655615],[95.733008,2.766504],[95.717188,2.825977],[95.772168,2.85498],[95.80625,2.916016],[95.895801,2.889062],[95.997852,2.781396],[96.101562,2.741211],[96.129785,2.720898],[96.17998,2.661328],[96.417285,2.515186],[96.443066,2.465625],[96.459375,2.41582],[96.463672,2.36001]]]}},{"type":"Feature","properties":{"scalerank":0,"featurecla":"Land","min_zoom":3},"bbox":[95.217676,5.784131,95.366016,5.907031],"geometry":{"type":"Polygon","coordinates":[[[95.362109,5.812402],[95.342578,5.784131],[95.283203,5.798535],[95.217676,5.889502],[95.241992,5.907031],[95.28252,5.897754],[95.35918,5.876758],[95.366016,5.842676],[95.362109,5.812402]]]}},{"type":"Feature","properties":{"scalerank":0,"featurecla":"Land","min_zoom":3},"bbox":[111.300391,2.402197,111.389258,2.768311],"geometry":{"type":"Polygon","coordinates":[[[111.389258,2.415332],[111.358691,2.402197],[111.311523,2.437598],[111.300391,2.741162],[111.333496,2.768311],[111.355078,2.764453],[111.37832,2.709326],[111.37627,2.576318],[111.380469,2.458936],[111.389258,2.415332]]]}},{"type":"Feature","properties":{"scalerank":0,"featurecla":"Land","min_zoom":3},"bbox":[117.060156,7.115283,117.280762,7.35166],"geometry":{"type":"Polygon","coordinates":[[[117.141602,7.168213],[117.080664,7.115283],[117.060156,7.178857],[117.064258,7.260693],[117.146875,7.337012],[117.264063,7.35166],[117.280762,7.290625],[117.266797,7.220801],[117.239355,7.184766],[117.141602,7.168213]]]}},{"type":"Feature","properties":{"scalerank":0,"featurecla":"Land","min_zoom":2},"bbox":[149.44707,45.591357,150.553125,46.213428],"geometry":{"type":"Polygon","coordinates":[[[149.687695,45.642041],[149.538867,45.591357],[149.44707,45.593359],[149.665918,45.839795],[149.796289,45.876074],[149.962305,46.021924],[150.308789,46.200342],[150.348633,46.213428],[150.553125,46.208545],[150.23457,46.012305],[150.19502,45.933203],[150.056641,45.849365],[149.954102,45.822461],[149.883398,45.783154],[149.687695,45.642041]]]}},{"type":"Feature","properties":{"scalerank":0,"featurecla":"Land","min_zoom":2},"bbox":[146.897461,44.404297,148.837109,45.526465],"geometry":{"type":"Polygon","coordinates":[[[148.599512,45.317627],[148.414648,45.247168],[148.262305,45.216846],[148.005273,45.070166],[147.91377,44.990381],[147.784082,44.958594],[147.657813,44.977148],[147.621875,44.944727],[147.60957,44.886572],[147.563086,44.835547],[147.310156,44.677637],[147.207422,44.553564],[147.098438,44.53125],[146.897461,44.404297],[146.933496,44.513086],[146.974219,44.565723],[147.140918,44.66333],[147.154785,44.766211],[147.246582,44.856055],[147.430469,44.945215],[147.557813,45.062451],[147.65791,45.093018],[147.769434,45.190723],[147.885547,45.225635],[147.872656,45.300293],[147.924023,45.383301],[147.964551,45.377734],[148.056055,45.262109],[148.130078,45.258203],[148.324219,45.282422],[148.612305,45.484668],[148.706641,45.520654],[148.772656,45.526465],[148.812207,45.51001],[148.826172,45.486084],[148.825391,45.455908],[148.803027,45.413525],[148.837109,45.362695],[148.790723,45.323975],[148.599512,45.317627]]]}},{"type":"Feature","properties":{"scalerank":0,"featurecla":"Land","min_zoom":2},"bbox":[137.23291,54.653271,138.206152,55.197021],"geometry":{"type":"Polygon","coordinates":[[[137.940527,55.092627],[138.03125,55.05332],[138.17207,55.060059],[138.206152,55.033545],[138.096484,54.990918],[138.016602,54.900879],[137.991211,54.820703],[137.959473,54.789014],[137.870117,54.749561],[137.790234,54.696924],[137.721484,54.663232],[137.661133,54.653271],[137.525586,54.82583],[137.462695,54.873389],[137.276074,54.792383],[137.23291,54.790576],[137.275195,54.891016],[137.384375,55.000684],[137.435547,55.016016],[137.543652,55.163086],[137.577344,55.197021],[137.910449,55.110059],[137.940527,55.092627]]]}},{"type":"Feature","properties":{"scalerank":0,"featurecla":"Land","min_zoom":3},"bbox":[136.714648,54.923975,137.178613,55.107813],"geometry":{"type":"Polygon","coordinates":[[[137.178613,55.100439],[137.055273,54.926758],[136.969434,54.923975],[136.902734,54.960645],[136.765137,54.946045],[136.714648,54.956152],[136.795313,55.009375],[136.995703,55.092725],[137.077539,55.091748],[137.156055,55.107813],[137.178613,55.100439]]]}},{"type":"Feature","properties":{"scalerank":0,"featurecla":"Land","min_zoom":3},"bbox":[146.608594,43.716357,146.899023,43.860498],"geometry":{"type":"Polygon","coordinates":[[[146.713965,43.743799],[146.683008,43.716357],[146.608594,43.740479],[146.613477,43.797021],[146.621973,43.812988],[146.824609,43.860498],[146.884082,43.82915],[146.899023,43.80415],[146.713965,43.743799]]]}},{"type":"Feature","properties":{"scalerank":0,"featurecla":"Land","min_zoom":0},"bbox":[145.426172,43.6646,146.567773,44.500146],"geometry":{"type":"Polygon","coordinates":[[[146.207617,44.497656],[146.355957,44.424609],[146.567773,44.44043],[146.516211,44.374658],[146.436523,44.375684],[146.296191,44.280957],[146.172949,44.268652],[146.112305,44.245947],[145.914062,44.103711],[145.887305,44.047754],[145.766992,43.940723],[145.586816,43.845117],[145.555859,43.6646],[145.439258,43.737061],[145.426172,43.810352],[145.461719,43.870898],[145.666309,43.999072],[145.74834,44.071533],[145.77334,44.129004],[145.851953,44.193018],[145.890234,44.248584],[145.94043,44.272656],[146.112109,44.500146],[146.207617,44.497656]]]}},{"type":"Feature","properties":{"scalerank":0,"featurecla":"Land","min_zoom":3},"bbox":[124.084766,24.335059,124.324023,24.587109],"geometry":{"type":"Polygon","coordinates":[[[124.293164,24.515918],[124.234277,24.358057],[124.185645,24.335059],[124.135742,24.347607],[124.084766,24.43584],[124.12041,24.469629],[124.170215,24.451855],[124.210547,24.458643],[124.301953,24.587109],[124.324023,24.566357],[124.293164,24.515918]]]}},{"type":"Feature","properties":{"scalerank":0,"featurecla":"Land","min_zoom":3},"bbox":[123.679785,24.266064,123.934863,24.414453],"geometry":{"type":"Polygon","coordinates":[[[123.888672,24.280127],[123.825586,24.266064],[123.749805,24.283301],[123.680664,24.288037],[123.679785,24.317773],[123.752344,24.348486],[123.753711,24.391309],[123.771484,24.414453],[123.934863,24.362012],[123.928125,24.323633],[123.888672,24.280127]]]}},{"type":"Feature","properties":{"scalerank":0,"featurecla":"Land","min_zoom":3},"bbox":[125.268945,24.71709,125.444141,24.871924],"geometry":{"type":"Polygon","coordinates":[[[125.444141,24.743164],[125.359375,24.71709],[125.268945,24.73252],[125.283594,24.871924],[125.314941,24.852393],[125.33457,24.804688],[125.401855,24.776855],[125.444141,24.743164]]]}},{"type":"Feature","properties":{"scalerank":0,"featurecla":"Land","min_zoom":2},"bbox":[127.649707,26.094727,128.331641,26.881885],"geometry":{"type":"Polygon","coordinates":[[[128.258789,26.652783],[128.1625,26.606934],[128.126953,26.552246],[128.037891,26.533594],[127.95127,26.456494],[127.86709,26.44248],[127.869238,26.380566],[127.904785,26.328125],[127.84873,26.318945],[127.790137,26.255078],[127.785547,26.208691],[127.806445,26.17124],[127.803613,26.152539],[127.729395,26.097168],[127.653125,26.094727],[127.649707,26.154492],[127.654883,26.19917],[127.727051,26.30791],[127.728906,26.433936],[127.795898,26.448535],[127.82041,26.466064],[127.925977,26.555713],[127.945508,26.593945],[127.89082,26.631055],[127.894824,26.674951],[127.907227,26.693604],[127.994336,26.679443],[128.029688,26.646875],[128.046777,26.643311],[128.097656,26.667773],[128.121582,26.711426],[128.216504,26.796875],[128.254883,26.881885],[128.331641,26.812109],[128.310938,26.720703],[128.258789,26.652783]]]}},{"type":"Feature","properties":{"scalerank":0,"featurecla":"Land","min_zoom":3},"bbox":[128.882812,27.70249,129.016406,27.910254],"geometry":{"type":"Polygon","coordinates":[[[128.998145,27.720801],[128.95625,27.70249],[128.9,27.727783],[128.882812,27.842432],[128.907617,27.897998],[128.95166,27.910254],[128.989746,27.811133],[129.016406,27.770215],[128.998145,27.720801]]]}},{"type":"Feature","properties":{"scalerank":0,"featurecla":"Land","min_zoom":2},"bbox":[129.164648,28.127734,129.714648,28.51748],"geometry":{"type":"Polygon","coordinates":[[[129.452539,28.208984],[129.366406,28.127734],[129.274902,28.200879],[129.164648,28.249756],[129.21709,28.262939],[129.247852,28.28252],[129.250879,28.313574],[129.322461,28.359619],[129.464551,28.395264],[129.509668,28.39751],[129.560547,28.431055],[129.577148,28.461279],[129.598047,28.475879],[129.689551,28.51748],[129.714648,28.469629],[129.710449,28.432129],[129.641699,28.411279],[129.574609,28.361182],[129.512695,28.29873],[129.456738,28.272314],[129.439063,28.254785],[129.452539,28.208984]]]}},{"type":"Feature","properties":{"scalerank":0,"featurecla":"Land","min_zoom":4},"bbox":[129.19248,28.081592,129.330566,28.19248],"geometry":{"type":"Polygon","coordinates":[[[129.324023,28.104932],[129.330566,28.081592],[129.232422,28.101123],[129.19248,28.19248],[129.257422,28.176172],[129.277344,28.144727],[129.324023,28.104932]]]}},{"type":"Feature","properties":{"scalerank":0,"featurecla":"Land","min_zoom":3},"bbox":[130.388086,30.241406,130.673242,30.465527],"geometry":{"type":"Polygon","coordinates":[[[130.622754,30.262988],[130.508203,30.241406],[130.445605,30.264697],[130.388086,30.388184],[130.497168,30.465527],[130.643555,30.388965],[130.673242,30.366895],[130.622754,30.262988]]]}},{"type":"Feature","properties":{"scalerank":0,"featurecla":"Land","min_zoom":3},"bbox":[130.870313,30.386328,131.082617,30.828467],"geometry":{"type":"Polygon","coordinates":[[[130.959766,30.396924],[130.872168,30.386328],[130.870313,30.444238],[130.939941,30.575098],[130.947363,30.671191],[131.012207,30.792285],[131.039844,30.818896],[131.060352,30.828467],[131.082617,30.790869],[131.057422,30.64248],[130.992578,30.52998],[130.959766,30.396924]]]}},{"type":"Feature","properties":{"scalerank":0,"featurecla":"Land","min_zoom":3},"bbox":[128.649121,32.586133,128.894531,32.783887],"geometry":{"type":"Polygon","coordinates":[[[128.665332,32.783887],[128.704102,32.756885],[128.761035,32.772363],[128.806055,32.775977],[128.838574,32.762891],[128.879395,32.693311],[128.894531,32.652148],[128.821289,32.646338],[128.79043,32.636719],[128.750488,32.586133],[128.692969,32.604736],[128.657324,32.628418],[128.649121,32.662012],[128.665332,32.783887]]]}},{"type":"Feature","properties":{"scalerank":0,"featurecla":"Land","min_zoom":3},"bbox":[129.960156,32.193994,130.199512,32.541211],"geometry":{"type":"Polygon","coordinates":[[[130.08252,32.229687],[130.003516,32.193994],[129.993359,32.228174],[129.960156,32.24375],[130.017285,32.291846],[130.015332,32.313672],[129.979297,32.346191],[130.021289,32.468848],[130.009766,32.521631],[130.167773,32.541211],[130.19668,32.491602],[130.199512,32.340576],[130.08252,32.229687]]]}},{"type":"Feature","properties":{"scalerank":0,"featurecla":"Land","min_zoom":3},"bbox":[130.241699,32.419336,130.461426,32.527197],"geometry":{"type":"Polygon","coordinates":[[[130.381055,32.42373],[130.292578,32.419336],[130.256055,32.431006],[130.241699,32.462793],[130.36543,32.527197],[130.461426,32.515723],[130.418555,32.457715],[130.381055,32.42373]]]}},{"type":"Feature","properties":{"scalerank":0,"featurecla":"Land","min_zoom":3},"bbox":[133.189941,36.166504,133.38125,36.340137],"geometry":{"type":"Polygon","coordinates":[[[133.370508,36.203857],[133.324707,36.166504],[133.239258,36.17876],[133.189941,36.232617],[133.206152,36.293408],[133.295703,36.340137],[133.38125,36.246387],[133.370508,36.203857]]]}},{"type":"Feature","properties":{"scalerank":0,"featurecla":"Land","min_zoom":2},"bbox":[138.225195,37.81958,138.575195,38.315918],"geometry":{"type":"Polygon","coordinates":[[[138.344043,37.822119],[138.249023,37.81958],[138.225195,37.829395],[138.282813,37.854199],[138.287891,37.895801],[138.322266,37.969531],[138.32168,37.99082],[138.246191,37.99458],[138.25,38.078467],[138.306348,38.161133],[138.461328,38.291455],[138.503613,38.315918],[138.510059,38.258984],[138.462793,38.124316],[138.453613,38.075684],[138.575195,38.065527],[138.496973,37.903906],[138.344043,37.822119]]]}},{"type":"Feature","properties":{"scalerank":0,"featurecla":"Land","min_zoom":3},"bbox":[139.411523,42.075635,139.558398,42.235205],"geometry":{"type":"Polygon","coordinates":[[[139.48125,42.081006],[139.458398,42.075635],[139.43457,42.084082],[139.411523,42.159668],[139.431348,42.199561],[139.495801,42.227441],[139.558398,42.235205],[139.505078,42.096387],[139.48125,42.081006]]]}},{"type":"Feature","properties":{"scalerank":0,"featurecla":"Land","min_zoom":3},"bbox":[140.97168,45.269336,141.072754,45.465479],"geometry":{"type":"Polygon","coordinates":[[[141.072754,45.332861],[141.033984,45.269336],[140.982129,45.36377],[140.97168,45.465479],[141.00166,45.464844],[141.056738,45.449561],[141.069922,45.4],[141.072754,45.332861]]]}},{"type":"Feature","properties":{"scalerank":0,"featurecla":"Land","min_zoom":3},"bbox":[141.135352,45.112207,141.329199,45.247852],"geometry":{"type":"Polygon","coordinates":[[[141.29541,45.119336],[141.225977,45.112207],[141.145313,45.153906],[141.135352,45.206201],[141.19375,45.247852],[141.251855,45.232471],[141.310059,45.178564],[141.329199,45.150488],[141.29541,45.119336]]]}},{"type":"Feature","properties":{"scalerank":0,"featurecla":"Land","min_zoom":4},"bbox":[139.768945,33.045459,139.873633,33.129248],"geometry":{"type":"Polygon","coordinates":[[[139.841113,33.056055],[139.823828,33.045459],[139.775684,33.078223],[139.768945,33.107178],[139.777441,33.125146],[139.808887,33.129248],[139.873633,33.093506],[139.841113,33.056055]]]}},{"type":"Feature","properties":{"scalerank":0,"featurecla":"Land","min_zoom":4},"bbox":[139.366895,34.679541,139.456445,34.775879],"geometry":{"type":"Polygon","coordinates":[[[139.456445,34.726514],[139.445703,34.679541],[139.392383,34.689893],[139.366895,34.720508],[139.37002,34.775439],[139.426172,34.775879],[139.456445,34.726514]]]}},{"type":"Feature","properties":{"scalerank":0,"featurecla":"Land","min_zoom":3},"bbox":[134.667871,34.20293,135.004688,34.544922],"geometry":{"type":"Polygon","coordinates":[[[134.932813,34.288135],[134.824414,34.20293],[134.730664,34.208887],[134.683496,34.246973],[134.667871,34.294141],[134.757227,34.368164],[134.834277,34.472656],[134.904102,34.519092],[134.960742,34.544922],[135.004688,34.544043],[134.905469,34.398291],[134.932813,34.288135]]]}},{"type":"Feature","properties":{"scalerank":0,"featurecla":"Land","min_zoom":3},"bbox":[128.997266,32.829492,129.181934,33.132568],"geometry":{"type":"Polygon","coordinates":[[[129.076953,32.840283],[129.051953,32.829492],[129.019629,32.919629],[128.997266,32.951855],[129.034961,32.969092],[129.109766,33.132568],[129.123633,33.067676],[129.152734,33.00332],[129.181934,32.993115],[129.153516,32.946191],[129.111621,32.928857],[129.076953,32.840283]]]}},{"type":"Feature","properties":{"scalerank":0,"featurecla":"Land","min_zoom":3},"bbox":[129.37041,33.17583,129.569922,33.361035],"geometry":{"type":"Polygon","coordinates":[[[129.491797,33.223047],[129.421387,33.17583],[129.37041,33.176025],[129.416992,33.231104],[129.423145,33.257373],[129.461914,33.33125],[129.537988,33.357764],[129.569922,33.361035],[129.508105,33.284326],[129.491797,33.223047]]]}},{"type":"Feature","properties":{"scalerank":0,"featurecla":"Land","min_zoom":3},"bbox":[129.674805,33.707324,129.795703,33.858398],"geometry":{"type":"Polygon","coordinates":[[[129.795703,33.748828],[129.726562,33.707324],[129.674805,33.739697],[129.7,33.828906],[129.717285,33.858398],[129.776367,33.829199],[129.795703,33.748828]]]}},{"type":"Feature","properties":{"scalerank":0,"featurecla":"Land","min_zoom":3},"bbox":[129.186426,34.082812,129.337109,34.320654],"geometry":{"type":"Polygon","coordinates":[[[129.279492,34.123389],[129.214453,34.082812],[129.186426,34.14502],[129.214844,34.320654],[129.337109,34.284766],[129.335059,34.230811],[129.279492,34.123389]]]}},{"type":"Feature","properties":{"scalerank":0,"featurecla":"Land","min_zoom":3},"bbox":[129.266699,34.305518,129.480176,34.686572],"geometry":{"type":"Polygon","coordinates":[[[129.385645,34.353662],[129.365332,34.305518],[129.297461,34.3396],[129.266699,34.370459],[129.329395,34.521875],[129.32207,34.579297],[129.325879,34.607275],[129.451074,34.686572],[129.472461,34.671338],[129.480176,34.649463],[129.469141,34.615527],[129.475391,34.54043],[129.381445,34.416455],[129.385645,34.353662]]]}},{"type":"Feature","properties":{"scalerank":0,"featurecla":"Land","min_zoom":4},"bbox":[132.460938,34.075098,132.578418,34.172656],"geometry":{"type":"Polygon","coordinates":[[[132.578418,34.115186],[132.549414,34.075098],[132.460938,34.087256],[132.496289,34.121973],[132.523535,34.164062],[132.543457,34.172656],[132.560156,34.126904],[132.578418,34.115186]]]}},{"type":"Feature","properties":{"scalerank":0,"featurecla":"Land","min_zoom":3},"bbox":[132.200586,33.847021,132.444922,33.947803],"geometry":{"type":"Polygon","coordinates":[[[132.266016,33.945166],[132.314551,33.908594],[132.430469,33.923535],[132.444922,33.913184],[132.411035,33.879932],[132.359961,33.847021],[132.267285,33.871484],[132.208789,33.872852],[132.200586,33.927783],[132.208008,33.947803],[132.266016,33.945166]]]}},{"type":"Feature","properties":{"scalerank":0,"featurecla":"Land","min_zoom":3},"bbox":[118.287305,24.414355,118.451172,24.522119],"geometry":{"type":"Polygon","coordinates":[[[118.407422,24.522119],[118.451172,24.455566],[118.432715,24.414355],[118.295117,24.436328],[118.287305,24.476611],[118.339355,24.469141],[118.407422,24.522119]]]}},{"type":"Feature","properties":{"scalerank":0,"featurecla":"Land","min_zoom":4},"bbox":[118.076758,24.436133,118.183008,24.552344],"geometry":{"type":"Polygon","coordinates":[[[118.183008,24.496289],[118.149512,24.436133],[118.090527,24.446143],[118.08877,24.488867],[118.076758,24.501416],[118.092969,24.541211],[118.103809,24.552344],[118.170703,24.518506],[118.183008,24.496289]]]}},{"type":"Feature","properties":{"scalerank":0,"featurecla":"Land","min_zoom":3},"bbox":[128.489258,34.736865,128.741016,35.013574],"geometry":{"type":"Polygon","coordinates":[[[128.741016,34.798535],[128.64668,34.736865],[128.519531,34.81958],[128.489258,34.865283],[128.585938,34.932275],[128.667969,35.008789],[128.721875,35.013574],[128.741016,34.798535]]]}},{"type":"Feature","properties":{"scalerank":0,"featurecla":"Land","min_zoom":3},"bbox":[127.832227,34.703223,128.06582,34.920996],"geometry":{"type":"Polygon","coordinates":[[[128.06582,34.805859],[128.054688,34.708057],[127.983984,34.703223],[127.941797,34.76626],[127.896875,34.735498],[127.873438,34.734961],[127.838281,34.81333],[127.832227,34.874512],[127.91543,34.920996],[127.965625,34.893018],[128.037988,34.878613],[128.06582,34.805859]]]}},{"type":"Feature","properties":{"scalerank":0,"featurecla":"Land","min_zoom":4},"bbox":[127.737305,34.584082,127.799023,34.682129],"geometry":{"type":"Polygon","coordinates":[[[127.799023,34.615039],[127.787793,34.584082],[127.737305,34.630908],[127.787109,34.682129],[127.799023,34.615039]]]}},{"type":"Feature","properties":{"scalerank":0,"featurecla":"Land","min_zoom":2},"bbox":[126.165625,33.201514,126.93125,33.553223],"geometry":{"type":"Polygon","coordinates":[[[126.326953,33.223633],[126.282031,33.201514],[126.240234,33.214844],[126.229004,33.225244],[126.178711,33.282568],[126.165625,33.312012],[126.199414,33.368066],[126.337695,33.4604],[126.695508,33.549316],[126.759863,33.553223],[126.901172,33.515137],[126.93125,33.443848],[126.905371,33.382373],[126.872852,33.341162],[126.70918,33.27168],[126.581738,33.23833],[126.326953,33.223633]]]}},{"type":"Feature","properties":{"scalerank":0,"featurecla":"Land","min_zoom":3},"bbox":[126.108594,34.355176,126.379883,34.56333],"geometry":{"type":"Polygon","coordinates":[[[126.233691,34.370508],[126.169727,34.355176],[126.133789,34.3896],[126.108594,34.39873],[126.122852,34.443945],[126.227051,34.532715],[126.247461,34.56333],[126.343848,34.544922],[126.379883,34.497949],[126.335449,34.426416],[126.233691,34.370508]]]}},{"type":"Feature","properties":{"scalerank":0,"featurecla":"Land","min_zoom":3},"bbox":[126.369336,37.604687,126.520703,37.822656],"geometry":{"type":"Polygon","coordinates":[[[126.520703,37.736816],[126.516016,37.604687],[126.46084,37.610352],[126.42334,37.623633],[126.407227,37.649414],[126.369336,37.772021],[126.411621,37.822656],[126.493555,37.782568],[126.520703,37.736816]]]}},{"type":"Feature","properties":{"scalerank":0,"featurecla":"Land","min_zoom":2},"bbox":[121.211133,31.46377,121.862695,31.805371],"geometry":{"type":"Polygon","coordinates":[[[121.862695,31.492285],[121.780469,31.46377],[121.519922,31.549609],[121.336426,31.64375],[121.226855,31.758105],[121.211133,31.805371],[121.338965,31.797363],[121.46416,31.756445],[121.491797,31.693652],[121.542285,31.673926],[121.576563,31.637305],[121.808301,31.552148],[121.843652,31.526367],[121.862695,31.492285]]]}},{"type":"Feature","properties":{"scalerank":0,"featurecla":"Land","min_zoom":3},"bbox":[121.969434,29.943848,122.322266,30.143115],"geometry":{"type":"Polygon","coordinates":[[[122.295898,29.963428],[122.281543,29.943848],[122.157813,30.00127],[122.024023,30.01333],[121.977832,30.063818],[121.969434,30.143115],[122.110547,30.139746],[122.284473,30.068018],[122.322266,30.031396],[122.295898,29.963428]]]}},{"type":"Feature","properties":{"scalerank":0,"featurecla":"Land","min_zoom":4},"bbox":[122.042676,29.660254,122.172559,29.782227],"geometry":{"type":"Polygon","coordinates":[[[122.172559,29.679004],[122.169043,29.660254],[122.083789,29.725342],[122.042676,29.735937],[122.062305,29.772754],[122.119629,29.782227],[122.165039,29.700781],[122.172559,29.679004]]]}},{"type":"Feature","properties":{"scalerank":0,"featurecla":"Land","min_zoom":4},"bbox":[122.331836,29.846094,122.403906,29.955225],"geometry":{"type":"Polygon","coordinates":[[[122.403906,29.892383],[122.394043,29.846094],[122.367578,29.852686],[122.331836,29.934961],[122.350977,29.955225],[122.401563,29.950244],[122.403906,29.892383]]]}},{"type":"Feature","properties":{"scalerank":0,"featurecla":"Land","min_zoom":3},"bbox":[119.695996,25.410693,119.838672,25.653174],"geometry":{"type":"Polygon","coordinates":[[[119.820898,25.456982],[119.74668,25.410693],[119.700293,25.432715],[119.699414,25.494727],[119.723047,25.550586],[119.695996,25.590869],[119.722559,25.638818],[119.77793,25.653174],[119.797461,25.623242],[119.828711,25.607373],[119.838379,25.591064],[119.838672,25.559668],[119.809082,25.507812],[119.832422,25.47959],[119.820898,25.456982]]]}},{"type":"Feature","properties":{"scalerank":0,"featurecla":"Land","min_zoom":3},"bbox":[110.264648,20.967725,110.539551,21.093164],"geometry":{"type":"Polygon","coordinates":[[[110.385156,21.093164],[110.422363,21.058594],[110.521582,21.083105],[110.539551,21.039014],[110.538867,21.018457],[110.503906,20.967725],[110.421875,21.006885],[110.339941,20.997754],[110.280957,21.001172],[110.264648,21.025195],[110.309863,21.074756],[110.385156,21.093164]]]}},{"type":"Feature","properties":{"scalerank":0,"featurecla":"Land","min_zoom":3},"bbox":[107.403516,21.09165,107.602734,21.268945],"geometry":{"type":"Polygon","coordinates":[[[107.602734,21.216797],[107.458691,21.09165],[107.403516,21.093652],[107.452539,21.235303],[107.47627,21.268945],[107.562695,21.22041],[107.602734,21.216797]]]}},{"type":"Feature","properties":{"scalerank":0,"featurecla":"Land","min_zoom":4},"bbox":[107.399219,20.900537,107.55127,21.034033],"geometry":{"type":"Polygon","coordinates":[[[107.521289,20.926611],[107.465527,20.900537],[107.399219,20.903467],[107.478613,20.952344],[107.518945,21.012842],[107.55127,21.034033],[107.551074,20.981201],[107.521289,20.926611]]]}},{"type":"Feature","properties":{"scalerank":0,"featurecla":"Land","min_zoom":3},"bbox":[106.910645,20.743066,107.064453,20.867041],"geometry":{"type":"Polygon","coordinates":[[[107.031348,20.747021],[106.990039,20.743066],[106.910645,20.824219],[106.953418,20.867041],[107.04375,20.836816],[107.064453,20.817285],[107.063965,20.799756],[107.042285,20.761035],[107.031348,20.747021]]]}},{"type":"Feature","properties":{"scalerank":0,"featurecla":"Land","min_zoom":4},"bbox":[106.769434,20.796387,106.865625,20.92793],"geometry":{"type":"Polygon","coordinates":[[[106.865625,20.815723],[106.854102,20.796387],[106.803125,20.84375],[106.769434,20.864209],[106.795313,20.92793],[106.855078,20.858252],[106.865625,20.815723]]]}},{"type":"Feature","properties":{"scalerank":0,"featurecla":"Land","min_zoom":4},"bbox":[106.567969,8.680518,106.658594,8.766357],"geometry":{"type":"Polygon","coordinates":[[[106.61748,8.682812],[106.589258,8.680518],[106.567969,8.700928],[106.658594,8.766357],[106.649512,8.722998],[106.652539,8.701123],[106.61748,8.682812]]]}},{"type":"Feature","properties":{"scalerank":0,"featurecla":"Land","min_zoom":3},"bbox":[103.849512,10.029199,104.083008,10.428369],"geometry":{"type":"Polygon","coordinates":[[[104.063965,10.39082],[104.083008,10.341113],[104.075781,10.224854],[104.036816,10.110742],[104.04834,10.061035],[104.018457,10.029199],[103.952148,10.24292],[103.867969,10.3354],[103.849512,10.371094],[103.898438,10.368506],[103.98584,10.426953],[104.027734,10.428369],[104.063965,10.39082]]]}},{"type":"Feature","properties":{"scalerank":0,"featurecla":"Land","min_zoom":4},"bbox":[102.993359,11.275488,103.045117,11.389941],"geometry":{"type":"Polygon","coordinates":[[[103.045117,11.285059],[103.027344,11.275488],[103.010547,11.275781],[102.993359,11.29043],[102.99502,11.348096],[103.00752,11.383301],[103.036816,11.389941],[103.045117,11.285059]]]}},{"type":"Feature","properties":{"scalerank":0,"featurecla":"Land","min_zoom":4},"bbox":[102.532813,11.572168,102.606445,11.691699],"geometry":{"type":"Polygon","coordinates":[[[102.606445,11.676514],[102.589941,11.572168],[102.532813,11.614941],[102.546484,11.667773],[102.568945,11.691699],[102.606445,11.676514]]]}},{"type":"Feature","properties":{"scalerank":0,"featurecla":"Land","min_zoom":3},"bbox":[102.27334,11.964746,102.42998,12.151855],"geometry":{"type":"Polygon","coordinates":[[[102.426758,11.988721],[102.42998,11.964746],[102.378125,11.982959],[102.359961,11.974414],[102.301953,11.980811],[102.27334,12.119336],[102.277441,12.151855],[102.318848,12.14165],[102.378125,12.072852],[102.408398,12.025098],[102.426758,11.988721]]]}},{"type":"Feature","properties":{"scalerank":0,"featurecla":"Land","min_zoom":2},"bbox":[103.650195,1.265381,103.996387,1.44707],"geometry":{"type":"Polygon","coordinates":[[[103.969727,1.331445],[103.819922,1.265381],[103.650195,1.325537],[103.705273,1.423437],[103.817969,1.44707],[103.908984,1.415967],[103.96084,1.392236],[103.996387,1.365234],[103.969727,1.331445]]]}},{"type":"Feature","properties":{"scalerank":0,"featurecla":"Land","min_zoom":3},"bbox":[104.129102,2.721338,104.223242,2.871729],"geometry":{"type":"Polygon","coordinates":[[[104.221582,2.731738],[104.17334,2.721338],[104.146875,2.728223],[104.129102,2.767236],[104.169824,2.856836],[104.184766,2.871729],[104.223242,2.774219],[104.221582,2.731738]]]}},{"type":"Feature","properties":{"scalerank":0,"featurecla":"Land","min_zoom":3},"bbox":[100.191016,5.266992,100.338867,5.467773],"geometry":{"type":"Polygon","coordinates":[[[100.288965,5.294727],[100.26377,5.266992],[100.191016,5.282861],[100.203906,5.446875],[100.245508,5.467773],[100.310156,5.437939],[100.338867,5.410059],[100.288965,5.294727]]]}},{"type":"Feature","properties":{"scalerank":0,"featurecla":"Land","min_zoom":3},"bbox":[99.646289,6.263281,99.918652,6.465723],"geometry":{"type":"Polygon","coordinates":[[[99.848047,6.465723],[99.918652,6.358594],[99.883398,6.31084],[99.86582,6.29707],[99.823242,6.312744],[99.782617,6.271582],[99.74375,6.263281],[99.704688,6.337549],[99.656641,6.367139],[99.646289,6.418359],[99.710547,6.427344],[99.749219,6.409619],[99.82168,6.44502],[99.848047,6.465723]]]}},{"type":"Feature","properties":{"scalerank":0,"featurecla":"Land","min_zoom":3},"bbox":[99.606641,6.516113,99.701367,6.714111],"geometry":{"type":"Polygon","coordinates":[[[99.663086,6.521924],[99.644043,6.516113],[99.606641,6.596826],[99.654004,6.714111],[99.701367,6.570557],[99.663086,6.521924]]]}},{"type":"Feature","properties":{"scalerank":0,"featurecla":"Land","min_zoom":4},"bbox":[99.983398,9.67998,100.074121,9.793555],"geometry":{"type":"Polygon","coordinates":[[[100.074121,9.69668],[100.064453,9.67998],[100.025684,9.711719],[99.998047,9.747607],[99.983398,9.793555],[100.043457,9.79165],[100.073047,9.749121],[100.074121,9.69668]]]}},{"type":"Feature","properties":{"scalerank":0,"featurecla":"Land","min_zoom":3},"bbox":[99.93125,9.421631,100.075293,9.586035],"geometry":{"type":"Polygon","coordinates":[[[100.070703,9.586035],[100.075293,9.529443],[100.053711,9.461426],[99.962402,9.421631],[99.93125,9.476074],[99.939551,9.559961],[99.953613,9.581006],[100.042969,9.576855],[100.070703,9.586035]]]}},{"type":"Feature","properties":{"scalerank":0,"featurecla":"Land","min_zoom":4},"bbox":[98.529395,7.917041,98.604297,8.108545],"geometry":{"type":"Polygon","coordinates":[[[98.591992,7.933936],[98.57998,7.917041],[98.529395,8.108545],[98.604297,8.057324],[98.591992,7.933936]]]}},{"type":"Feature","properties":{"scalerank":0,"featurecla":"Land","min_zoom":3},"bbox":[98.262305,7.776074,98.434961,8.166309],"geometry":{"type":"Polygon","coordinates":[[[98.409082,7.902051],[98.398438,7.828418],[98.357422,7.829443],[98.315625,7.782324],[98.296289,7.776074],[98.262305,7.926074],[98.301367,8.13623],[98.32207,8.166309],[98.350977,8.110645],[98.434961,8.085645],[98.398828,7.964551],[98.409082,7.902051]]]}},{"type":"Feature","properties":{"scalerank":0,"featurecla":"Land","min_zoom":4},"bbox":[98.250781,9.04082,98.3125,9.139111],"geometry":{"type":"Polygon","coordinates":[[[98.30752,9.051465],[98.250781,9.04082],[98.258398,9.09541],[98.273633,9.129883],[98.301172,9.139111],[98.3125,9.080371],[98.30752,9.051465]]]}},{"type":"Feature","properties":{"scalerank":0,"featurecla":"Land","min_zoom":2},"bbox":[93.656348,6.748682,93.92959,7.236621],"geometry":{"type":"Polygon","coordinates":[[[93.890039,6.831055],[93.828809,6.748682],[93.709277,7.000684],[93.658008,7.016064],[93.656348,7.13623],[93.68418,7.183594],[93.822461,7.236621],[93.858984,7.206836],[93.92959,6.973486],[93.890039,6.831055]]]}},{"type":"Feature","properties":{"scalerank":0,"featurecla":"Land","min_zoom":3},"bbox":[93.597266,7.261865,93.733594,7.410596],"geometry":{"type":"Polygon","coordinates":[[[93.733594,7.356494],[93.638477,7.261865],[93.597266,7.31875],[93.614258,7.358105],[93.654688,7.379932],[93.69248,7.410596],[93.733594,7.356494]]]}},{"type":"Feature","properties":{"scalerank":0,"featurecla":"Land","min_zoom":4},"bbox":[93.064258,8.212061,93.170605,8.349365],"geometry":{"type":"Polygon","coordinates":[[[93.140723,8.249512],[93.170605,8.212061],[93.115234,8.218506],[93.064258,8.274951],[93.077539,8.327881],[93.096973,8.349365],[93.140723,8.249512]]]}},{"type":"Feature","properties":{"scalerank":0,"featurecla":"Land","min_zoom":3},"bbox":[93.309375,7.876562,93.447363,8.01792],"geometry":{"type":"Polygon","coordinates":[[[93.442578,7.877832],[93.365039,7.876562],[93.341992,7.919336],[93.309375,7.964014],[93.334473,8.006934],[93.375488,8.01792],[93.433691,7.948389],[93.447363,7.899121],[93.442578,7.877832]]]}},{"type":"Feature","properties":{"scalerank":0,"featurecla":"Land","min_zoom":3},"bbox":[93.456445,8.019434,93.536914,8.224658],"geometry":{"type":"Polygon","coordinates":[[[93.536914,8.056641],[93.490039,8.019434],[93.478223,8.024463],[93.471777,8.052686],[93.469727,8.072656],[93.46123,8.108594],[93.456445,8.171875],[93.494043,8.224658],[93.531641,8.21377],[93.511621,8.159766],[93.536914,8.056641]]]}},{"type":"Feature","properties":{"scalerank":0,"featurecla":"Land","min_zoom":4},"bbox":[92.713281,9.130957,92.809277,9.243896],"geometry":{"type":"Polygon","coordinates":[[[92.7875,9.13667],[92.743555,9.130957],[92.716602,9.165088],[92.713281,9.204883],[92.738574,9.230664],[92.762109,9.243896],[92.785742,9.240527],[92.809277,9.173389],[92.7875,9.13667]]]}},{"type":"Feature","properties":{"scalerank":0,"featurecla":"Land","min_zoom":2},"bbox":[92.352832,10.520752,92.574316,10.897461],"geometry":{"type":"Polygon","coordinates":[[[92.502832,10.554883],[92.472656,10.520752],[92.369531,10.547412],[92.377148,10.650586],[92.352832,10.751123],[92.370703,10.793506],[92.447852,10.865527],[92.510352,10.897461],[92.554004,10.799805],[92.574316,10.704248],[92.502832,10.554883]]]}},{"type":"Feature","properties":{"scalerank":0,"featurecla":"Land","min_zoom":4},"bbox":[92.595703,11.361328,92.693164,11.509131],"geometry":{"type":"Polygon","coordinates":[[[92.693164,11.381152],[92.644531,11.361328],[92.595703,11.386426],[92.633887,11.426758],[92.640234,11.509131],[92.690039,11.463428],[92.687207,11.41123],[92.693164,11.381152]]]}},{"type":"Feature","properties":{"scalerank":0,"featurecla":"Land","min_zoom":4},"bbox":[92.955371,11.899414,93.062109,12.036816],"geometry":{"type":"Polygon","coordinates":[[[93.017383,12.036816],[93.062109,11.899414],[92.981738,11.959473],[92.955371,12.002441],[92.995801,12.031787],[93.017383,12.036816]]]}},{"type":"Feature","properties":{"scalerank":0,"featurecla":"Land","min_zoom":4},"bbox":[92.679688,12.799951,92.730859,12.961572],"geometry":{"type":"Polygon","coordinates":[[[92.717578,12.864893],[92.685742,12.799951],[92.679688,12.939258],[92.694434,12.956787],[92.710645,12.961572],[92.730859,12.948535],[92.717578,12.864893]]]}},{"type":"Feature","properties":{"scalerank":0,"featurecla":"Land","min_zoom":2},"bbox":[92.533887,11.512549,93.07666,13.545459],"geometry":{"type":"Polygon","coordinates":[[[92.722754,11.536084],[92.700781,11.512549],[92.668359,11.538721],[92.575586,11.718213],[92.559668,11.833447],[92.533887,11.873389],[92.566504,11.930518],[92.60752,11.949512],[92.631836,12.013867],[92.640625,12.112207],[92.676465,12.192383],[92.694727,12.214697],[92.769238,12.215576],[92.788281,12.225781],[92.777637,12.302539],[92.734082,12.335938],[92.718945,12.357324],[92.720703,12.54126],[92.732031,12.615625],[92.75918,12.669092],[92.740039,12.779639],[92.753125,12.820898],[92.807031,12.878906],[92.830859,13.002637],[92.808984,13.0396],[92.860156,13.230566],[92.857324,13.358105],[92.924609,13.48584],[93.029395,13.543848],[93.062305,13.545459],[93.066699,13.436475],[93.07666,13.400684],[93.016016,13.336182],[93.073828,13.2521],[93.066113,13.221582],[93.042969,13.154883],[93.004687,13.089355],[92.951367,13.0625],[92.909961,12.975195],[92.88623,12.942285],[92.965039,12.850488],[92.990234,12.538525],[92.932617,12.453076],[92.863672,12.436035],[92.879492,12.22793],[92.867188,12.181445],[92.798828,12.079248],[92.78623,12.034668],[92.747656,11.992773],[92.763965,11.94043],[92.796777,11.917529],[92.797559,11.874658],[92.766992,11.764648],[92.764648,11.63916],[92.722754,11.536084]]]}},{"type":"Feature","properties":{"scalerank":0,"featurecla":"Land","min_zoom":4},"bbox":[98.477441,10.959375,98.541699,11.086963],"geometry":{"type":"Polygon","coordinates":[[[98.541699,10.961523],[98.518945,10.959375],[98.498047,10.964258],[98.477441,10.979736],[98.526563,11.086963],[98.541699,10.961523]]]}},{"type":"Feature","properties":{"scalerank":0,"featurecla":"Land","min_zoom":3},"bbox":[98.080469,10.739893,98.293457,10.980322],"geometry":{"type":"Polygon","coordinates":[[[98.209766,10.952734],[98.293457,10.779687],[98.284375,10.753125],[98.271484,10.739893],[98.251758,10.744434],[98.218164,10.837744],[98.155371,10.897949],[98.080469,10.886621],[98.142578,10.963135],[98.167285,10.980322],[98.209766,10.952734]]]}},{"type":"Feature","properties":{"scalerank":0,"featurecla":"Land","min_zoom":3},"bbox":[98.118066,9.875391,98.291699,10.051318],"geometry":{"type":"Polygon","coordinates":[[[98.182617,9.933447],[98.134375,9.875391],[98.118066,9.877881],[98.140234,9.974658],[98.220703,10.045215],[98.291699,10.051318],[98.283398,10.007617],[98.23125,9.953955],[98.182617,9.933447]]]}},{"type":"Feature","properties":{"scalerank":0,"featurecla":"Land","min_zoom":3},"bbox":[98.187305,11.455762,98.30752,11.783008],"geometry":{"type":"Polygon","coordinates":[[[98.22168,11.478223],[98.216211,11.455762],[98.209375,11.456543],[98.187305,11.472412],[98.201074,11.567187],[98.239062,11.644727],[98.278125,11.758398],[98.299609,11.783008],[98.30752,11.7229],[98.283789,11.594092],[98.263281,11.523633],[98.22168,11.478223]]]}},{"type":"Feature","properties":{"scalerank":0,"featurecla":"Land","min_zoom":3},"bbox":[98.454492,11.899414,98.60957,12.084277],"geometry":{"type":"Polygon","coordinates":[[[98.516016,11.905029],[98.474316,11.899414],[98.454492,12.061279],[98.466211,12.084277],[98.525293,12.005176],[98.60957,11.956641],[98.576465,11.925098],[98.516016,11.905029]]]}},{"type":"Feature","properties":{"scalerank":0,"featurecla":"Land","min_zoom":4},"bbox":[98.010352,11.636816,98.083594,11.860254],"geometry":{"type":"Polygon","coordinates":[[[98.075488,11.692383],[98.083594,11.636816],[98.021094,11.695898],[98.010352,11.860254],[98.05957,11.756689],[98.080762,11.733203],[98.075488,11.692383]]]}},{"type":"Feature","properties":{"scalerank":0,"featurecla":"Land","min_zoom":3},"bbox":[98.376465,11.538672,98.553809,11.804932],"geometry":{"type":"Polygon","coordinates":[[[98.553809,11.744873],[98.528418,11.538672],[98.464844,11.567187],[98.434766,11.56709],[98.396875,11.683545],[98.399512,11.714844],[98.376465,11.791504],[98.523535,11.804932],[98.553809,11.744873]]]}},{"type":"Feature","properties":{"scalerank":0,"featurecla":"Land","min_zoom":3},"bbox":[98.037305,12.144873,98.136719,12.291797],"geometry":{"type":"Polygon","coordinates":[[[98.136719,12.150439],[98.125098,12.144873],[98.108496,12.148096],[98.075391,12.164453],[98.037305,12.232471],[98.057324,12.280078],[98.071387,12.291797],[98.104883,12.287793],[98.122461,12.278711],[98.128418,12.26123],[98.118457,12.223389],[98.120117,12.191309],[98.136719,12.150439]]]}},{"type":"Feature","properties":{"scalerank":0,"featurecla":"Land","min_zoom":3},"bbox":[97.938672,12.279004,98.066113,12.397852],"geometry":{"type":"Polygon","coordinates":[[[98.066113,12.389795],[98.060352,12.353516],[98.002344,12.279004],[97.951758,12.322314],[97.938672,12.346094],[97.990234,12.393799],[98.045117,12.387012],[98.059863,12.397852],[98.066113,12.389795]]]}},{"type":"Feature","properties":{"scalerank":0,"featurecla":"Land","min_zoom":3},"bbox":[98.302539,12.335986,98.468262,12.678174],"geometry":{"type":"Polygon","coordinates":[[[98.413965,12.597949],[98.436426,12.570508],[98.468262,12.571338],[98.459473,12.47373],[98.380859,12.353662],[98.334473,12.336182],[98.313867,12.335986],[98.331445,12.511426],[98.302539,12.611572],[98.312109,12.678174],[98.396484,12.647119],[98.413965,12.597949]]]}},{"type":"Feature","properties":{"scalerank":0,"featurecla":"Land","min_zoom":3},"bbox":[98.250781,12.934717,98.31543,13.202246],"geometry":{"type":"Polygon","coordinates":[[[98.31543,13.099072],[98.30918,12.934717],[98.259277,13.014014],[98.250781,13.104395],[98.25459,13.188574],[98.265332,13.202246],[98.268555,13.189355],[98.298633,13.15166],[98.31543,13.099072]]]}},{"type":"Feature","properties":{"scalerank":0,"featurecla":"Land","min_zoom":3},"bbox":[97.469141,16.240137,97.599609,16.505078],"geometry":{"type":"Polygon","coordinates":[[[97.575,16.253223],[97.537207,16.240137],[97.480371,16.305713],[97.469141,16.461035],[97.516406,16.496875],[97.541992,16.505078],[97.579004,16.486035],[97.593262,16.460791],[97.599609,16.429541],[97.589355,16.397363],[97.575,16.253223]]]}},{"type":"Feature","properties":{"scalerank":0,"featurecla":"Land","min_zoom":4},"bbox":[99.037695,7.471289,99.104395,7.636523],"geometry":{"type":"Polygon","coordinates":[[[99.078418,7.591846],[99.104395,7.471289],[99.067871,7.495898],[99.037695,7.548486],[99.038086,7.625732],[99.045117,7.636523],[99.078418,7.591846]]]}},{"type":"Feature","properties":{"scalerank":0,"featurecla":"Land","min_zoom":4},"bbox":[94.733496,15.793848,94.838184,15.933008],"geometry":{"type":"Polygon","coordinates":[[[94.804883,15.819336],[94.784375,15.793848],[94.743359,15.812109],[94.733496,15.823047],[94.828027,15.933008],[94.838184,15.89209],[94.804883,15.819336]]]}},{"type":"Feature","properties":{"scalerank":0,"featurecla":"Land","min_zoom":3},"bbox":[94.387891,15.848389,94.618652,16.205518],"geometry":{"type":"Polygon","coordinates":[[[94.476758,15.945947],[94.411914,15.848389],[94.387891,15.994141],[94.49375,16.075342],[94.545996,16.152832],[94.60127,16.205518],[94.618652,16.141309],[94.566113,16.019287],[94.476758,15.945947]]]}},{"type":"Feature","properties":{"scalerank":0,"featurecla":"Land","min_zoom":3},"bbox":[93.4875,18.675684,93.745508,18.888818],"geometry":{"type":"Polygon","coordinates":[[[93.69082,18.684277],[93.674023,18.675684],[93.569922,18.75957],[93.4875,18.867529],[93.618262,18.888818],[93.744727,18.865527],[93.745508,18.808057],[93.718359,18.715723],[93.69082,18.684277]]]}},{"type":"Feature","properties":{"scalerank":0,"featurecla":"Land","min_zoom":3},"bbox":[93.412891,19.754785,93.513281,19.950342],"geometry":{"type":"Polygon","coordinates":[[[93.491797,19.892578],[93.513281,19.754785],[93.444629,19.806445],[93.419531,19.877588],[93.412891,19.950342],[93.491797,19.892578]]]}},{"type":"Feature","properties":{"scalerank":0,"featurecla":"Land","min_zoom":3},"bbox":[92.912695,19.828857,93.023242,20.086475],"geometry":{"type":"Polygon","coordinates":[[[93.010156,19.923926],[93.023242,19.828857],[92.975195,19.868018],[92.912695,19.999805],[92.914648,20.086475],[92.95957,20.046191],[93.010156,19.923926]]]}},{"type":"Feature","properties":{"scalerank":0,"featurecla":"Land","min_zoom":3},"bbox":[93.644043,19.298682,93.947461,19.558252],"geometry":{"type":"Polygon","coordinates":[[[93.714844,19.558252],[93.829492,19.475293],[93.874707,19.481055],[93.945703,19.428613],[93.947461,19.408154],[93.933984,19.36543],[93.901953,19.332031],[93.815234,19.298682],[93.755859,19.325684],[93.732324,19.416309],[93.662207,19.458936],[93.644043,19.495068],[93.688379,19.544434],[93.714844,19.558252]]]}},{"type":"Feature","properties":{"scalerank":0,"featurecla":"Land","min_zoom":4},"bbox":[91.819727,21.750244,91.88252,21.927051],"geometry":{"type":"Polygon","coordinates":[[[91.873828,21.832129],[91.837598,21.750244],[91.819727,21.809814],[91.835156,21.885352],[91.850684,21.927051],[91.861328,21.92666],[91.88252,21.883643],[91.873828,21.832129]]]}},{"type":"Feature","properties":{"scalerank":0,"featurecla":"Land","min_zoom":3},"bbox":[91.857031,21.50332,91.961914,21.722949],"geometry":{"type":"Polygon","coordinates":[[[91.949219,21.508057],[91.888867,21.50332],[91.859473,21.532959],[91.873242,21.574414],[91.857031,21.708789],[91.907715,21.722949],[91.933984,21.722168],[91.948633,21.682568],[91.961914,21.609766],[91.949219,21.508057]]]}},{"type":"Feature","properties":{"scalerank":0,"featurecla":"Land","min_zoom":3},"bbox":[91.044727,22.105176,91.178223,22.519727],"geometry":{"type":"Polygon","coordinates":[[[91.150781,22.175195],[91.044727,22.105176],[91.079492,22.519727],[91.158301,22.36543],[91.178223,22.283008],[91.150781,22.175195]]]}},{"type":"Feature","properties":{"scalerank":0,"featurecla":"Land","min_zoom":3},"bbox":[91.411328,22.352783,91.556738,22.616504],"geometry":{"type":"Polygon","coordinates":[[[91.556738,22.382227],[91.510449,22.352783],[91.466895,22.378418],[91.411328,22.475684],[91.438867,22.598828],[91.456055,22.616504],[91.483984,22.576562],[91.523047,22.490723],[91.54834,22.425391],[91.556738,22.382227]]]}},{"type":"Feature","properties":{"scalerank":0,"featurecla":"Land","min_zoom":4},"bbox":[90.536328,22.92002,90.65957,23.035449],"geometry":{"type":"Polygon","coordinates":[[[90.641797,22.962988],[90.65957,22.92002],[90.603906,22.945557],[90.562305,22.975439],[90.536328,23.014893],[90.579883,23.035449],[90.641797,22.962988]]]}},{"type":"Feature","properties":{"scalerank":0,"featurecla":"Land","min_zoom":0},"bbox":[90.50293,22.054199,90.868164,22.863525],"geometry":{"type":"Polygon","coordinates":[[[90.777637,22.089307],[90.603613,22.054199],[90.515039,22.065137],[90.680469,22.32749],[90.674902,22.444971],[90.649219,22.540674],[90.564941,22.617627],[90.560352,22.672559],[90.522559,22.74751],[90.50293,22.835352],[90.596484,22.863525],[90.672266,22.813184],[90.683008,22.785303],[90.699219,22.713525],[90.736914,22.638721],[90.868164,22.484863],[90.86582,22.390576],[90.829883,22.159961],[90.777637,22.089307]]]}},{"type":"Feature","properties":{"scalerank":0,"featurecla":"Land","min_zoom":4},"bbox":[79.845703,9.619824,79.969531,9.744336],"geometry":{"type":"Polygon","coordinates":[[[79.969531,9.630664],[79.906836,9.619824],[79.857422,9.686377],[79.845703,9.714648],[79.858594,9.734375],[79.872266,9.744336],[79.888477,9.741162],[79.911914,9.67915],[79.969531,9.630664]]]}},{"type":"Feature","properties":{"scalerank":0,"featurecla":"Land","min_zoom":4},"bbox":[79.747656,8.975,79.903711,9.10459],"geometry":{"type":"Polygon","coordinates":[[[79.874805,9.050732],[79.903711,8.975],[79.821094,9.026855],[79.766797,9.069775],[79.747656,9.10459],[79.859961,9.065723],[79.874805,9.050732]]]}},{"type":"Feature","properties":{"scalerank":0,"featurecla":"Land","min_zoom":4},"bbox":[124.288477,10.601465,124.382324,10.706689],"geometry":{"type":"Polygon","coordinates":[[[124.316211,10.606006],[124.288477,10.601465],[124.334668,10.706689],[124.371094,10.691357],[124.382324,10.679834],[124.381348,10.632568],[124.316211,10.606006]]]}},{"type":"Feature","properties":{"scalerank":0,"featurecla":"Land","min_zoom":3},"bbox":[125.133008,9.932715,125.287695,10.155029],"geometry":{"type":"Polygon","coordinates":[[[125.280762,9.982178],[125.287695,9.932715],[125.158984,10.062939],[125.133008,10.155029],[125.175879,10.151074],[125.230957,10.115674],[125.280762,9.982178]]]}},{"type":"Feature","properties":{"scalerank":0,"featurecla":"Land","min_zoom":3},"bbox":[122.796582,7.3146,122.948047,7.433398],"geometry":{"type":"Polygon","coordinates":[[[122.937109,7.409131],[122.948047,7.385742],[122.943652,7.361035],[122.839551,7.3146],[122.804688,7.315967],[122.796582,7.393359],[122.822168,7.428467],[122.871191,7.397314],[122.914844,7.433398],[122.937109,7.409131]]]}},{"type":"Feature","properties":{"scalerank":0,"featurecla":"Land","min_zoom":3},"bbox":[125.683008,6.905762,125.78457,7.185547],"geometry":{"type":"Polygon","coordinates":[[[125.78457,6.962744],[125.768945,6.905762],[125.70752,7.03999],[125.683008,7.073193],[125.714453,7.185547],[125.783398,7.130664],[125.78457,6.962744]]]}},{"type":"Feature","properties":{"scalerank":0,"featurecla":"Land","min_zoom":4},"bbox":[125.92207,9.567969,125.992969,9.759082],"geometry":{"type":"Polygon","coordinates":[[[125.970508,9.593555],[125.952441,9.567969],[125.92207,9.621484],[125.948535,9.739209],[125.967773,9.759082],[125.992969,9.68457],[125.970508,9.593555]]]}},{"type":"Feature","properties":{"scalerank":0,"featurecla":"Land","min_zoom":3},"bbox":[124.360352,11.48584,124.622266,11.69502],"geometry":{"type":"Polygon","coordinates":[[[124.608398,11.492188],[124.483496,11.48584],[124.428809,11.531738],[124.360352,11.665918],[124.437402,11.69502],[124.510938,11.687109],[124.564941,11.639697],[124.622266,11.549561],[124.608398,11.492188]]]}},{"type":"Feature","properties":{"scalerank":0,"featurecla":"Land","min_zoom":3},"bbox":[124.730859,11.543311,124.854395,11.715332],"geometry":{"type":"Polygon","coordinates":[[[124.854395,11.594775],[124.835938,11.543311],[124.806641,11.557568],[124.781055,11.580762],[124.743652,11.658545],[124.730859,11.715332],[124.788379,11.683105],[124.821484,11.626611],[124.854395,11.594775]]]}},{"type":"Feature","properties":{"scalerank":0,"featurecla":"Land","min_zoom":4},"bbox":[134.795117,-6.442383,134.88584,-6.323535],"geometry":{"type":"Polygon","coordinates":[[[134.819531,-6.43418],[134.795117,-6.442383],[134.795313,-6.393066],[134.822949,-6.349609],[134.851855,-6.324609],[134.88584,-6.323535],[134.819531,-6.43418]]]}},{"type":"Feature","properties":{"scalerank":0,"featurecla":"Land","min_zoom":4},"bbox":[134.629102,-6.765332,134.735742,-6.62334],"geometry":{"type":"Polygon","coordinates":[[[134.674414,-6.749805],[134.657422,-6.765332],[134.631445,-6.73291],[134.629102,-6.712793],[134.663477,-6.657715],[134.697656,-6.625684],[134.735742,-6.62334],[134.726074,-6.668652],[134.674414,-6.749805]]]}},{"type":"Feature","properties":{"scalerank":0,"featurecla":"Land","min_zoom":4},"bbox":[127.834277,-3.02002,127.987891,-2.936523],"geometry":{"type":"Polygon","coordinates":[[[127.987891,-2.936523],[127.937695,-3.02002],[127.849609,-3.016309],[127.834277,-3.004395],[127.938379,-2.952344],[127.987891,-2.936523]]]}},{"type":"Feature","properties":{"scalerank":0,"featurecla":"Land","min_zoom":4},"bbox":[127.487695,-3.35918,127.629297,-3.254297],"geometry":{"type":"Polygon","coordinates":[[[127.60625,-3.315137],[127.629297,-3.35918],[127.531055,-3.331348],[127.487695,-3.288184],[127.530469,-3.261523],[127.554492,-3.254297],[127.60625,-3.315137]]]}},{"type":"Feature","properties":{"scalerank":0,"featurecla":"Land","min_zoom":4},"bbox":[123.972266,-6.021582,124.05127,-5.880176],"geometry":{"type":"Polygon","coordinates":[[[124.05127,-5.97373],[124.04209,-6.021582],[124.005664,-5.966699],[123.972266,-5.939355],[123.975781,-5.880176],[124.022949,-5.902148],[124.05127,-5.97373]]]}},{"type":"Feature","properties":{"scalerank":0,"featurecla":"Land","min_zoom":4},"bbox":[123.540918,-5.373047,123.626758,-5.249805],"geometry":{"type":"Polygon","coordinates":[[[123.626758,-5.271582],[123.622754,-5.373047],[123.582617,-5.367383],[123.550098,-5.331836],[123.540918,-5.29834],[123.542773,-5.271094],[123.560645,-5.249805],[123.626758,-5.271582]]]}},{"type":"Feature","properties":{"scalerank":0,"featurecla":"Land","min_zoom":3},"bbox":[120.633398,-7.124707,120.781738,-7.018262],"geometry":{"type":"Polygon","coordinates":[[[120.774414,-7.118945],[120.672363,-7.124707],[120.64082,-7.11582],[120.633398,-7.018262],[120.745508,-7.060156],[120.781738,-7.063086],[120.774414,-7.118945]]]}},{"type":"Feature","properties":{"scalerank":0,"featurecla":"Land","min_zoom":3},"bbox":[122.887793,-8.604004,123.153125,-8.439844],"geometry":{"type":"Polygon","coordinates":[[[122.977344,-8.545215],[122.945508,-8.604004],[122.887793,-8.587305],[122.903516,-8.530664],[122.932813,-8.49707],[123.010547,-8.44834],[123.089453,-8.439844],[123.137891,-8.456934],[123.153125,-8.475781],[123.030078,-8.494824],[122.977344,-8.545215]]]}},{"type":"Feature","properties":{"scalerank":0,"featurecla":"Land","min_zoom":3},"bbox":[117.482129,-8.367969,117.669238,-8.148242],"geometry":{"type":"Polygon","coordinates":[[[117.556348,-8.367285],[117.533594,-8.367969],[117.49043,-8.34873],[117.505957,-8.307031],[117.482129,-8.239258],[117.490527,-8.183398],[117.546094,-8.151953],[117.665039,-8.148242],[117.669238,-8.189258],[117.556348,-8.367285]]]}},{"type":"Feature","properties":{"scalerank":0,"featurecla":"Land","min_zoom":4},"bbox":[129.686816,31.639648,129.793652,31.787109],"geometry":{"type":"Polygon","coordinates":[[[129.717969,31.657129],[129.686816,31.639648],[129.706836,31.718262],[129.787305,31.787109],[129.793652,31.74248],[129.717969,31.657129]]]}},{"type":"Feature","properties":{"scalerank":0,"featurecla":"Land","min_zoom":3},"bbox":[126.318555,36.427881,126.417578,36.612549],"geometry":{"type":"Polygon","coordinates":[[[126.417578,36.492578],[126.403809,36.427881],[126.3375,36.470557],[126.318555,36.612549],[126.386621,36.571143],[126.417578,36.492578]]]}},{"type":"Feature","properties":{"scalerank":0,"featurecla":"Land","min_zoom":4},"bbox":[124.846094,39.507568,124.93457,39.607812],"geometry":{"type":"Polygon","coordinates":[[[124.905273,39.536279],[124.848926,39.507568],[124.846094,39.558887],[124.889551,39.6021],[124.93457,39.607812],[124.905273,39.536279]]]}},{"type":"Feature","properties":{"scalerank":0,"featurecla":"Land","min_zoom":3},"bbox":[121.131543,28.0625,121.251367,28.204395],"geometry":{"type":"Polygon","coordinates":[[[121.251367,28.086426],[121.164258,28.0625],[121.131543,28.062598],[121.133984,28.135254],[121.205469,28.204395],[121.234375,28.181299],[121.250977,28.145215],[121.251367,28.086426]]]}},{"type":"Feature","properties":{"scalerank":0,"featurecla":"Land","min_zoom":4},"bbox":[113.404395,22.75791,113.563672,22.904541],"geometry":{"type":"Polygon","coordinates":[[[113.555273,22.804199],[113.563672,22.75791],[113.485645,22.82832],[113.463379,22.832373],[113.426074,22.858594],[113.404395,22.902832],[113.464941,22.904541],[113.520508,22.852051],[113.555273,22.804199]]]}},{"type":"Feature","properties":{"scalerank":0,"featurecla":"Land","min_zoom":3},"bbox":[112.712695,21.581836,112.862598,21.772266],"geometry":{"type":"Polygon","coordinates":[[[112.790234,21.601855],[112.771094,21.581836],[112.741992,21.618066],[112.733496,21.669922],[112.712695,21.697949],[112.760547,21.733252],[112.782031,21.772266],[112.839063,21.764502],[112.862598,21.752637],[112.812598,21.712158],[112.800684,21.694873],[112.790234,21.601855]]]}},{"type":"Feature","properties":{"scalerank":0,"featurecla":"Land","min_zoom":4},"bbox":[112.525,21.618506,112.647656,21.710254],"geometry":{"type":"Polygon","coordinates":[[[112.64375,21.639648],[112.545605,21.618506],[112.525,21.623047],[112.558984,21.674756],[112.647656,21.710254],[112.64375,21.639648]]]}},{"type":"Feature","properties":{"scalerank":0,"featurecla":"Land","min_zoom":3},"bbox":[113.838867,22.210449,114.043945,22.333398],"geometry":{"type":"Polygon","coordinates":[[[113.997754,22.210498],[113.877344,22.210449],[113.851562,22.220459],[113.838867,22.241699],[113.881543,22.280273],[114.043945,22.333398],[114.00332,22.277539],[113.997754,22.210498]]]}},{"type":"Feature","properties":{"scalerank":0,"featurecla":"Land","min_zoom":4},"bbox":[107.07793,10.336572,107.194922,10.446191],"geometry":{"type":"Polygon","coordinates":[[[107.167676,10.397168],[107.083789,10.336572],[107.07793,10.3875],[107.150879,10.420312],[107.176562,10.446191],[107.194922,10.445703],[107.167676,10.397168]]]}},{"type":"Feature","properties":{"scalerank":0,"featurecla":"Land","min_zoom":4},"bbox":[103.222949,10.679688,103.317773,10.781982],"geometry":{"type":"Polygon","coordinates":[[[103.317773,10.718506],[103.28125,10.679688],[103.222949,10.75957],[103.223437,10.781982],[103.317773,10.718506]]]}},{"type":"Feature","properties":{"scalerank":0,"featurecla":"Land","min_zoom":3},"bbox":[126.00752,34.706982,126.171973,34.914844],"geometry":{"type":"Polygon","coordinates":[[[126.171973,34.731152],[126.158789,34.706982],[126.115234,34.714209],[126.070605,34.783057],[126.052051,34.837549],[126.00752,34.86748],[126.078418,34.914844],[126.168555,34.829687],[126.171973,34.731152]]]}},{"type":"Feature","properties":{"scalerank":0,"featurecla":"Land","min_zoom":3},"bbox":[72.349707,-7.435352,72.498535,-7.22041],"geometry":{"type":"Polygon","coordinates":[[[72.491992,-7.377441],[72.46875,-7.417188],[72.429102,-7.435352],[72.407617,-7.334473],[72.349707,-7.263379],[72.372852,-7.263379],[72.427441,-7.299805],[72.447266,-7.395703],[72.467188,-7.367578],[72.462207,-7.337793],[72.47373,-7.309668],[72.46543,-7.278223],[72.435742,-7.230273],[72.445605,-7.22041],[72.493555,-7.261719],[72.498535,-7.294824],[72.491992,-7.377441]]]}},{"type":"Feature","properties":{"scalerank":0,"featurecla":"Land","min_zoom":4},"bbox":[142.107129,26.615674,142.202148,26.726465],"geometry":{"type":"Polygon","coordinates":[[[142.188184,26.616504],[142.169922,26.615674],[142.107129,26.721533],[142.125293,26.726465],[142.161719,26.709961],[142.202148,26.648779],[142.188184,26.616504]]]}},{"type":"Feature","properties":{"scalerank":0,"featurecla":"Land","min_zoom":4},"bbox":[130.810254,37.44873,130.934277,37.553711],"geometry":{"type":"Polygon","coordinates":[[[130.916016,37.478467],[130.870605,37.44873],[130.816797,37.478467],[130.810254,37.509912],[130.838379,37.537207],[130.903711,37.553711],[130.934277,37.529736],[130.916016,37.478467]]]}},{"type":"Feature","properties":{"scalerank":0,"featurecla":"Land","min_zoom":0},"bbox":[-17.535645,-34.785742,180,77.730469],"geometry":{"type":"Polygon","coordinates":[[[17.979785,59.329053],[18.132617,59.316211],[18.210547,59.331445],[18.270508,59.367139],[18.336035,59.375342],[18.395801,59.368604],[18.45918,59.396729],[18.508887,59.407959],[18.560254,59.394482],[18.617578,59.327051],[18.498633,59.291943],[18.414258,59.290332],[18.373047,59.179736],[18.321973,59.132227],[18.285352,59.109375],[18.098145,59.062305],[17.974609,59.002637],[17.829004,58.95459],[17.76543,58.965039],[17.669629,58.916211],[17.456738,58.858398],[17.347656,58.780518],[17.102832,58.71084],[16.978125,58.65415],[16.639355,58.651172],[16.31582,58.663623],[16.214258,58.63667],[16.318066,58.62832],[16.39082,58.601855],[16.478027,58.612891],[16.683008,58.599658],[16.788477,58.585254],[16.923828,58.492578],[16.824316,58.459619],[16.651953,58.434326],[16.716602,58.302881],[16.769922,58.214258],[16.700098,58.160791],[16.694922,57.917529],[16.596973,57.912891],[16.555371,57.812256],[16.58623,57.760937],[16.583789,57.641748],[16.604199,57.568311],[16.652246,57.500684],[16.630859,57.430176],[16.475977,57.265137],[16.479492,57.187695],[16.507324,57.141699],[16.52793,57.068164],[16.45752,56.926807],[16.407813,56.808691],[16.34873,56.709277],[16.216504,56.58999],[16.150684,56.50083],[15.99668,56.222607],[15.920313,56.167383],[15.82666,56.124951],[15.722266,56.164209],[15.626563,56.185596],[15.509668,56.183008],[15.326563,56.15083],[15.051172,56.172217],[14.782031,56.161914],[14.713965,56.134131],[14.754785,56.033154],[14.655566,56.019922],[14.558594,56.048633],[14.473242,56.014355],[14.401953,55.976758],[14.261914,55.887549],[14.215039,55.832617],[14.20293,55.72915],[14.276465,55.636377],[14.341699,55.527734],[14.17373,55.396631],[14.07998,55.392187],[13.806348,55.428564],[13.321387,55.346387],[12.88584,55.411377],[12.940625,55.481592],[12.93877,55.533203],[12.963379,55.612598],[12.978027,55.693799],[12.973926,55.748145],[12.941992,55.806055],[12.83457,55.881836],[12.592578,56.137598],[12.520996,56.245557],[12.471191,56.290527],[12.507031,56.292969],[12.706348,56.23501],[12.752832,56.242139],[12.80166,56.263916],[12.742188,56.346875],[12.691113,56.384424],[12.656445,56.440576],[12.773145,56.455762],[12.857422,56.452393],[12.919531,56.515576],[12.883691,56.617725],[12.793164,56.64917],[12.717578,56.662842],[12.572656,56.823291],[12.421484,56.906396],[12.151855,57.226953],[12.053223,57.446973],[11.961523,57.426074],[11.916992,57.521924],[11.885059,57.612695],[11.878711,57.679443],[11.734961,57.717676],[11.729102,57.764453],[11.703223,57.973193],[11.549023,58.001221],[11.449316,58.118359],[11.431543,58.33999],[11.32998,58.380322],[11.248242,58.369141],[11.252051,58.424072],[11.271582,58.475635],[11.223828,58.679932],[11.20791,58.866406],[11.169141,58.922705],[11.147168,58.988623],[11.166895,59.045557],[11.195801,59.078271],[11.295313,59.086865],[11.388281,59.036523],[11.386426,59.065723],[11.365918,59.104541],[11.132129,59.143213],[11.09082,59.141797],[10.998926,59.164453],[10.94502,59.17085],[10.834473,59.183936],[10.742578,59.295996],[10.644922,59.389209],[10.631055,59.428174],[10.634375,59.60249],[10.604492,59.680029],[10.595313,59.764551],[10.533887,59.695801],[10.569531,59.587109],[10.49375,59.541504],[10.398145,59.519336],[10.407129,59.455664],[10.446387,59.443604],[10.45459,59.37749],[10.431348,59.279639],[10.243164,59.062061],[10.205176,59.038672],[10.179395,59.009277],[10.083105,59.028809],[9.95957,58.968213],[9.842578,58.958496],[9.800195,59.027051],[9.635156,59.117773],[9.557227,59.112695],[9.627148,59.06792],[9.696094,59.009717],[9.656934,58.971191],[9.618457,58.946045],[9.551074,58.933008],[9.309961,58.856836],[9.395801,58.805664],[9.322949,58.747559],[9.238672,58.739014],[9.19375,58.711865],[9.178125,58.675],[8.928418,58.569971],[8.521387,58.300586],[8.312207,58.224463],[8.166113,58.145313],[8.037402,58.147266],[7.875586,58.07998],[7.465918,58.020947],[7.194141,58.047656],[7.004883,58.024219],[6.903418,58.070508],[6.890234,58.102295],[6.895313,58.120752],[6.912305,58.142871],[6.877051,58.150732],[6.802832,58.154541],[6.771094,58.132227],[6.766797,58.081543],[6.731445,58.068311],[6.590527,58.097314],[6.555078,58.123437],[6.605762,58.176367],[6.69248,58.224023],[6.676758,58.233789],[6.659863,58.262744],[6.617578,58.266406],[6.491504,58.259424],[6.389063,58.267969],[6.054688,58.375146],[5.976562,58.432324],[5.706836,58.523633],[5.585938,58.62041],[5.517285,58.726514],[5.522461,58.822656],[5.555566,58.975195],[5.612207,59.012891],[5.854297,58.959473],[6.099023,58.870264],[6.137305,58.874658],[6.21416,58.944678],[6.363281,59.000928],[6.321094,59.016455],[6.099414,58.951953],[6.016992,58.987695],[5.88916,59.060498],[5.88916,59.097949],[5.94873,59.135449],[5.968555,59.186133],[5.937305,59.233984],[5.951855,59.299072],[6.050684,59.368164],[6.198926,59.438086],[6.305664,59.505566],[6.415332,59.547119],[6.403906,59.560986],[6.278516,59.534521],[6.158594,59.489648],[6.017383,59.414453],[5.845215,59.353467],[5.717969,59.329834],[5.657324,59.310254],[5.564063,59.291211],[5.467578,59.203809],[5.362305,59.166357],[5.173242,59.162549],[5.131641,59.226465],[5.185059,59.453662],[5.242188,59.564307],[5.304883,59.642578],[5.403516,59.655762],[5.472461,59.713086],[5.529688,59.713086],[5.579492,59.686621],[5.772168,59.660938],[5.867285,59.733984],[5.991016,59.744678],[6.216602,59.818359],[6.211914,59.831787],[6.059277,59.815576],[5.966699,59.813184],[5.833984,59.794678],[5.763477,59.80791],[5.730469,59.863086],[5.783594,59.912793],[5.996484,60.031494],[6.069922,60.083496],[6.111816,60.13208],[6.105176,60.165137],[6.140527,60.233496],[6.34873,60.352979],[6.518066,60.407568],[6.573633,60.360596],[6.526367,60.213623],[6.526855,60.15293],[6.660938,60.367236],[6.719922,60.418164],[6.787109,60.454102],[6.949707,60.478223],[6.995703,60.511963],[6.806348,60.500781],[6.346973,60.419092],[6.15332,60.34624],[6.101758,60.290137],[5.967383,60.205566],[5.904395,60.150635],[5.876563,60.07002],[5.800879,60.026221],[5.698828,60.01001],[5.557031,59.907764],[5.494531,59.825586],[5.353418,59.760107],[5.263867,59.709766],[5.234473,59.691797],[5.186035,59.642285],[5.145801,59.638818],[5.110742,59.667822],[5.104883,59.731689],[5.119238,59.833691],[5.187109,59.90708],[5.219531,59.97876],[5.174414,60.045703],[5.205664,60.087939],[5.26543,60.086475],[5.376465,60.067236],[5.494531,60.070312],[5.688574,60.123193],[5.657617,60.154102],[5.573828,60.158496],[5.417383,60.154102],[5.28584,60.205713],[5.183594,60.308398],[5.137109,60.445605],[5.168164,60.484814],[5.546484,60.624561],[5.64834,60.687988],[5.589355,60.694287],[5.447363,60.617334],[5.244043,60.56958],[5.11582,60.635986],[5.049121,60.70752],[5.010742,60.858545],[5.024609,60.936133],[5.008594,61.038184],[5.09541,61.071338],[5.19248,61.053711],[5.288184,61.047168],[5.505273,61.056104],[5.983984,61.117334],[6.292578,61.080957],[6.417969,61.084277],[6.609863,61.137012],[6.777832,61.142432],[6.903418,61.102148],[6.97207,61.055957],[6.980566,60.994141],[7.038672,60.95293],[7.07793,60.966309],[7.04668,61.015283],[7.040137,61.091162],[7.54502,61.177148],[7.604492,61.210547],[7.403906,61.222168],[7.346582,61.300586],[7.452539,61.419238],[7.442578,61.434619],[7.331152,61.372021],[7.27627,61.283936],[7.298047,61.213623],[7.275977,61.180957],[7.173535,61.165967],[6.942578,61.160547],[6.794336,61.190381],[6.657031,61.206592],[6.610254,61.229102],[6.625879,61.279297],[6.599902,61.289648],[6.543066,61.244531],[6.492578,61.15459],[6.383496,61.133887],[6.08252,61.167285],[5.646777,61.147607],[5.45127,61.102344],[5.324609,61.108252],[5.106738,61.187549],[5.02168,61.250586],[4.989941,61.377686],[5.002734,61.433594],[5.172461,61.457129],[5.258301,61.455469],[5.338672,61.485498],[5.267578,61.505029],[5.167578,61.543359],[5.099414,61.620166],[4.99668,61.645215],[4.927832,61.710693],[4.910352,61.80957],[4.930078,61.87832],[4.985059,61.900439],[5.116992,61.8854],[5.465332,61.896924],[5.793262,61.8271],[6.01582,61.7875],[6.466699,61.807422],[6.730762,61.869775],[6.682324,61.887012],[6.395898,61.850977],[6.131152,61.852441],[5.664453,61.9229],[5.473047,61.945605],[5.266895,61.935596],[5.15957,61.956982],[5.096484,62.02666],[5.143164,62.159912],[5.240918,62.188672],[5.293848,62.153906],[5.357715,62.151709],[5.422363,62.207373],[5.484277,62.239111],[5.533301,62.310889],[5.718164,62.378906],[5.796289,62.384668],[5.908301,62.416016],[5.979785,62.407129],[6.025586,62.375684],[6.083496,62.349609],[6.208984,62.352783],[6.580078,62.407275],[6.62002,62.423291],[6.692383,62.468066],[6.457129,62.448096],[6.261719,62.416309],[6.136133,62.407471],[6.118457,62.447168],[6.164746,62.482422],[6.2375,62.519922],[6.272852,62.583838],[6.35293,62.611133],[6.439453,62.609668],[6.618359,62.621289],[6.744629,62.637891],[6.961133,62.626758],[7.283789,62.602295],[7.491797,62.542822],[7.570117,62.548193],[7.653125,62.564014],[7.690723,62.585596],[7.527441,62.610303],[7.518164,62.645508],[7.538379,62.67207],[7.804688,62.720996],[8.095508,62.731836],[8.045508,62.77124],[7.408398,62.711768],[7.24209,62.752344],[7.11084,62.752002],[7.024902,62.728809],[6.77998,62.700732],[6.734961,62.720703],[6.781543,62.789648],[6.928223,62.902734],[6.94043,62.930469],[7.008496,62.957666],[7.389063,63.023291],[7.571875,63.099512],[7.654297,63.10918],[7.736035,63.103857],[7.860352,63.112793],[8.100586,63.090967],[8.211133,62.995508],[8.310547,62.965527],[8.623145,62.84624],[8.60918,62.880566],[8.338574,63.042187],[8.235156,63.082178],[8.158008,63.161523],[8.184473,63.236523],[8.271484,63.286572],[8.580176,63.313379],[8.635547,63.342334],[8.641016,63.39209],[8.59375,63.426123],[8.480176,63.42417],[8.386523,63.445264],[8.360742,63.498877],[8.398145,63.535107],[8.576172,63.601172],[8.673633,63.622607],[8.842383,63.645898],[9.13584,63.593652],[9.158105,63.56626],[9.075879,63.500391],[9.08418,63.463428],[9.156055,63.459326],[9.323633,63.570361],[9.520703,63.585693],[9.602246,63.60957],[9.696875,63.624561],[9.832227,63.52417],[9.891504,63.492041],[9.936035,63.478857],[9.979199,63.395264],[10.020996,63.39082],[10.080566,63.432715],[10.188574,63.454785],[10.340039,63.469336],[10.590918,63.447217],[10.704492,63.463574],[10.760156,63.461279],[10.706738,63.536328],[10.673633,63.558008],[10.725293,63.625],[10.779199,63.651172],[10.952539,63.698193],[11.117871,63.719189],[11.225781,63.763818],[11.370703,63.804834],[11.347949,63.837695],[11.307617,63.875732],[11.213867,63.878125],[11.175586,63.898877],[11.294629,63.948193],[11.457617,64.002979],[11.429199,64.024512],[11.306641,64.048877],[11.213574,64.030518],[11.075195,63.988135],[10.914258,63.921094],[10.966699,63.901562],[11.047266,63.845215],[10.934863,63.770215],[10.33916,63.571045],[10.055078,63.512695],[9.924023,63.521777],[9.892773,63.576221],[9.832324,63.616504],[9.76748,63.699512],[9.657227,63.697314],[9.594629,63.678955],[9.567285,63.706152],[9.614746,63.794824],[9.708008,63.864893],[9.864453,63.917822],[9.939453,63.981738],[10.009961,64.083154],[10.23623,64.179639],[10.565625,64.418311],[10.833984,64.494482],[10.932324,64.577734],[11.09043,64.614551],[11.225391,64.679492],[11.331348,64.685937],[11.523828,64.744385],[11.63291,64.813916],[11.561719,64.818262],[11.39248,64.772998],[11.296777,64.754785],[11.303516,64.829395],[11.349902,64.905908],[11.489355,64.97583],[12.159668,65.178955],[12.226562,65.145361],[12.306543,65.085986],[12.508398,65.099414],[12.738379,65.214404],[12.915527,65.339258],[12.819824,65.31748],[12.715332,65.266357],[12.511719,65.195312],[12.417578,65.184082],[12.363867,65.193311],[12.333984,65.240723],[12.263379,65.256104],[12.199609,65.245459],[12.133887,65.27915],[12.122168,65.362354],[12.20625,65.48623],[12.272852,65.568164],[12.344824,65.630176],[12.627734,65.806152],[12.688867,65.902197],[12.816797,65.952881],[12.983008,65.941602],[13.033105,65.95625],[12.976074,66.019189],[12.794922,66.069092],[12.783789,66.100439],[13.387109,66.182764],[13.674414,66.17998],[13.759668,66.221045],[13.91582,66.247363],[14.03418,66.297559],[13.973145,66.319727],[13.681348,66.273584],[13.498926,66.251904],[13.416406,66.252588],[13.352051,66.236719],[13.118848,66.230664],[13.068164,66.430811],[13.104688,66.539404],[13.191602,66.537158],[13.211426,66.64082],[13.311816,66.701855],[13.450391,66.715527],[13.520215,66.74165],[13.621094,66.794824],[13.787988,66.782471],[13.959473,66.794336],[13.916992,66.819385],[13.704102,66.85166],[13.651563,66.90708],[13.72666,66.938037],[13.808398,66.960791],[13.880176,66.964893],[14.022363,67.073096],[14.108789,67.119238],[14.205566,67.11123],[14.340332,67.158936],[14.472656,67.142676],[14.600684,67.173877],[14.775586,67.194482],[15.415723,67.202441],[15.434766,67.24668],[15.300098,67.256934],[14.824414,67.268311],[14.581543,67.267432],[14.479297,67.255957],[14.441699,67.271387],[14.44834,67.297852],[14.536621,67.339746],[14.578516,67.386035],[14.75498,67.499023],[14.961914,67.574268],[15.120508,67.555029],[15.28916,67.483154],[15.409375,67.47417],[15.465332,67.450928],[15.55293,67.351758],[15.594434,67.348535],[15.575684,67.443848],[15.691504,67.521387],[15.661328,67.542822],[15.487305,67.514795],[15.354004,67.543945],[15.24873,67.602148],[15.218652,67.655371],[15.284082,67.707959],[15.345801,67.734424],[15.303906,67.765283],[15.04082,67.682568],[14.854688,67.66333],[14.781348,67.674902],[14.821094,67.749854],[14.798926,67.809326],[15.048438,67.955762],[15.134277,67.972705],[15.274414,67.960938],[15.400879,67.919629],[15.506641,67.926221],[15.621387,67.948291],[15.605762,67.987891],[15.356934,68.003613],[15.292871,68.036475],[15.316016,68.06875],[15.486816,68.102832],[15.656641,68.164355],[15.85127,68.182178],[16.00791,68.228711],[16.038086,68.218164],[16.064551,68.199902],[16.120801,68.027344],[16.260742,67.886572],[16.312305,67.881445],[16.258594,68.001221],[16.308691,68.035645],[16.372168,68.061816],[16.391992,68.091602],[16.319238,68.101758],[16.259766,68.144531],[16.174805,68.28125],[16.203809,68.316748],[16.387891,68.389551],[16.618848,68.406299],[16.864941,68.355273],[16.951367,68.354687],[17.094043,68.368408],[17.336133,68.410352],[17.478516,68.426318],[17.552832,68.42627],[17.571191,68.447461],[17.502344,68.461084],[17.480176,68.474316],[17.426172,68.481934],[17.202344,68.459277],[16.584863,68.466455],[16.525293,68.490674],[16.514355,68.532568],[16.579883,68.592676],[16.651855,68.625781],[16.884668,68.6854],[17.131152,68.693457],[17.39082,68.799365],[17.490039,68.87876],[17.546289,69.001123],[17.70459,69.100049],[18.101465,69.156299],[18.11748,69.181201],[18.075391,69.232617],[18.078711,69.325244],[18.1875,69.433105],[18.259766,69.470605],[18.293164,69.475098],[18.378711,69.439844],[18.482617,69.364844],[18.645508,69.321875],[18.858984,69.314453],[18.915918,69.335596],[18.75,69.378418],[18.624414,69.434375],[18.614453,69.490576],[18.674023,69.520361],[18.766602,69.517041],[18.882812,69.52334],[18.991113,69.561133],[19.006836,69.587695],[19.011328,69.62373],[19.038379,69.6604],[19.197266,69.747852],[19.687012,69.804736],[19.722461,69.781641],[19.695996,69.612939],[19.639746,69.503809],[19.641504,69.424023],[19.736816,69.503809],[19.864648,69.722119],[19.960547,69.824609],[20.068945,69.883447],[20.146387,69.896729],[20.223047,69.927197],[20.324219,69.945312],[20.355176,69.921924],[20.387207,69.867627],[20.332715,69.676953],[20.338184,69.61665],[20.277148,69.53584],[20.04375,69.355664],[20.054492,69.332666],[20.107227,69.341211],[20.197656,69.370947],[20.486719,69.54209],[20.739453,69.520508],[20.742578,69.534521],[20.661523,69.584717],[20.5625,69.632812],[20.532715,69.692334],[20.545996,69.851074],[20.62207,69.913916],[20.840332,69.907324],[20.971094,69.916016],[21.032129,69.887451],[21.163086,69.889502],[21.253711,70.003223],[21.43291,70.013184],[21.590234,69.938037],[21.77959,69.887451],[21.931738,69.814697],[21.974707,69.83457],[21.892578,70.004248],[21.802734,70.066064],[21.607813,70.098193],[21.400391,70.174463],[21.346289,70.208252],[21.355762,70.233398],[21.53877,70.257666],[21.780273,70.229883],[21.995508,70.293359],[22.054395,70.275977],[22.219434,70.30918],[22.321973,70.264502],[22.384766,70.277734],[22.421191,70.337598],[22.68457,70.374756],[22.85166,70.340479],[22.941211,70.30498],[22.982813,70.236768],[23.046484,70.101855],[23.176953,70.029053],[23.25791,69.993311],[23.353906,69.983398],[23.400195,70.019775],[23.310254,70.063574],[23.286035,70.104834],[23.329102,70.207227],[23.379395,70.247461],[23.66123,70.399756],[23.897168,70.47876],[24.038477,70.485352],[24.285547,70.662402],[24.355566,70.69458],[24.42002,70.702002],[24.403516,70.745312],[24.268164,70.772705],[24.263477,70.826318],[24.441797,70.891553],[24.658008,71.001025],[24.764746,71.008447],[24.831641,70.978027],[25.042188,70.928613],[25.171191,70.872021],[25.264648,70.843506],[25.325391,70.849414],[25.375586,70.891943],[25.435938,70.911865],[25.569824,70.900684],[25.649707,70.87334],[25.711914,70.869727],[25.768164,70.853174],[25.781445,70.816797],[25.665625,70.777148],[25.468262,70.671973],[25.273535,70.552393],[25.209277,70.489404],[25.146387,70.324023],[24.994238,70.218213],[24.982715,70.143994],[25.043848,70.109033],[25.211816,70.136475],[25.418848,70.235498],[25.470508,70.340576],[25.988086,70.625391],[26.230859,70.782617],[26.506934,70.912793],[26.661328,70.939746],[26.733984,70.853564],[26.675488,70.740967],[26.558203,70.669141],[26.644629,70.63623],[26.628125,70.550879],[26.601172,70.503467],[26.583984,70.453809],[26.585059,70.41001],[26.666113,70.42168],[26.989355,70.511377],[27.071289,70.608447],[27.147266,70.681201],[27.183691,70.744043],[27.309375,70.803564],[27.546484,70.804004],[27.555664,70.827393],[27.269043,70.91001],[27.235254,70.947217],[27.331641,70.996729],[27.59707,71.091309],[27.733496,71.080859],[27.815039,71.059375],[28.141699,71.043018],[28.392285,70.975293],[28.382715,70.869434],[28.326855,70.825195],[28.271875,70.797949],[27.950977,70.717578],[27.898047,70.67793],[27.998828,70.664258],[28.215625,70.704346],[28.271777,70.667969],[28.202734,70.576904],[28.191016,70.440186],[28.166016,70.3604],[28.166016,70.287646],[28.192969,70.248584],[28.280078,70.403418],[28.309863,70.443066],[28.437305,70.501367],[28.484766,70.618799],[28.609375,70.759668],[28.749805,70.841504],[28.831543,70.863965],[29.102344,70.860742],[29.218555,70.829932],[29.321094,70.761475],[29.397656,70.734131],[29.639063,70.705029],[29.721973,70.668555],[29.7375,70.646826],[29.796484,70.642529],[29.959375,70.694385],[30.065137,70.702979],[30.237695,70.622168],[30.203027,70.562305],[30.213184,70.543311],[30.42207,70.547168],[30.595898,70.523682],[30.926367,70.401123],[30.960645,70.343848],[30.944141,70.274414],[30.468945,70.197852],[30.262988,70.124707],[29.925879,70.096484],[28.781152,70.14541],[28.804297,70.092529],[29.601367,69.976758],[29.646875,69.943701],[29.621387,69.874072],[29.620996,69.818213],[29.635938,69.780127],[29.694629,69.74458],[29.79209,69.727881],[29.990332,69.73667],[30.088281,69.717578],[30.155176,69.745947],[30.180078,69.841162],[30.237598,69.862207],[30.348828,69.83457],[30.397266,69.732812],[30.42832,69.722266],[30.484375,69.794873],[30.594531,69.789648],[30.714453,69.795703],[30.869727,69.783447],[31.049512,69.769238],[31.452734,69.6896],[31.546973,69.696924],[31.666211,69.720996],[31.788574,69.815771],[31.879395,69.831982],[31.997949,69.809912],[32.030566,69.835303],[31.969336,69.913916],[31.98457,69.953662],[32.391602,69.868701],[32.56543,69.806494],[32.941699,69.751855],[33.007812,69.722119],[33.012598,69.670508],[32.994629,69.626172],[32.915039,69.601709],[32.754297,69.605713],[32.176758,69.674023],[32.091504,69.632568],[32.161328,69.596631],[32.330566,69.554248],[32.377734,69.479102],[32.636816,69.489453],[32.883789,69.46084],[32.999805,69.470117],[33.020996,69.445605],[32.941602,69.38335],[32.978906,69.367334],[33.255859,69.427734],[33.384863,69.444287],[33.454297,69.428174],[33.463672,69.378174],[33.417969,69.315283],[33.412988,69.267432],[33.327734,69.151855],[33.196387,69.116846],[33.141211,69.068701],[33.333398,69.098193],[33.435645,69.130371],[33.627051,69.28916],[33.684375,69.310254],[34.229395,69.313135],[34.352734,69.30293],[34.863965,69.228076],[35.00957,69.22124],[35.175879,69.230811],[35.233203,69.265576],[35.289844,69.275439],[35.85791,69.191748],[36.618262,69.003467],[37.730566,68.692139],[38.357617,68.415137],[38.430176,68.355615],[38.656836,68.321875],[38.705566,68.344727],[38.831543,68.324902],[39.568945,68.071729],[39.82334,68.058594],[39.789746,68.112158],[39.746289,68.162207],[39.809277,68.15083],[39.895605,68.114502],[40.035742,68.015381],[40.206641,67.941895],[40.380664,67.831885],[40.525781,67.789697],[40.656543,67.774072],[40.766309,67.743018],[40.966406,67.713477],[41.060938,67.444189],[41.133887,67.386035],[41.133887,67.266943],[41.261719,67.218457],[41.358789,67.209668],[41.354297,67.121436],[41.275586,66.914307],[41.188965,66.826172],[40.521582,66.446631],[40.10332,66.299951],[39.289062,66.132031],[38.653906,66.069043],[38.397559,66.064453],[37.900684,66.095605],[37.628223,66.12959],[37.294824,66.225049],[36.983691,66.272559],[36.769922,66.293555],[36.373438,66.302295],[35.513477,66.395801],[35.363965,66.428662],[34.824609,66.611133],[34.610254,66.559619],[34.482617,66.550342],[34.396094,66.613184],[34.430859,66.629785],[34.451563,66.651221],[34.146094,66.703271],[33.893652,66.706738],[33.75957,66.750977],[33.59541,66.784619],[33.522949,66.764355],[33.482031,66.764551],[33.150195,66.843945],[33.001953,66.908301],[32.847559,67.021533],[32.885254,67.061133],[32.930469,67.086816],[32.399902,67.152686],[31.895313,67.161426],[31.983008,67.129834],[32.201563,67.113232],[32.340625,67.067871],[32.500977,67.003857],[32.463672,66.916309],[32.686426,66.829541],[32.857324,66.746924],[32.862402,66.721387],[32.928711,66.704102],[33.180566,66.679932],[33.224414,66.603857],[33.18291,66.573877],[33.217383,66.531641],[33.405273,66.484277],[33.517676,66.471387],[33.655957,66.442627],[33.593262,66.38457],[33.476953,66.346875],[33.360547,66.329541],[33.41582,66.315625],[33.566699,66.320996],[34.112695,66.225244],[34.399805,66.128418],[34.691797,65.951855],[34.786328,65.864551],[34.793164,65.816357],[34.776953,65.768262],[34.734766,65.716309],[34.715527,65.664062],[34.615723,65.509912],[34.544141,65.456689],[34.406445,65.395752],[34.535938,65.27793],[34.671094,65.168115],[34.803516,64.985986],[34.827148,64.912695],[34.832617,64.800195],[34.952246,64.755957],[34.905469,64.738672],[34.858301,64.706689],[34.869531,64.56001],[35.035352,64.440234],[35.284082,64.362549],[35.432031,64.346777],[35.64707,64.37832],[35.802051,64.335352],[36.146484,64.189014],[36.301953,64.034375],[36.364941,64.002832],[36.71377,63.945068],[36.975195,63.909521],[37.372754,63.816748],[37.442188,63.813379],[37.635352,63.893408],[37.967969,63.949121],[38.070801,64.02583],[38.062207,64.091016],[37.977148,64.207031],[37.953711,64.320117],[37.843555,64.366309],[37.740625,64.396973],[37.42959,64.373584],[37.289551,64.37793],[37.183691,64.408496],[37.04043,64.48916],[36.769336,64.685254],[36.624219,64.750537],[36.578711,64.790967],[36.528223,64.847363],[36.53457,64.938623],[36.65293,64.935449],[36.785938,64.987158],[36.882812,65.172363],[37.050195,65.195898],[37.14082,65.194287],[37.528125,65.108252],[38.009375,64.87876],[38.115723,64.85459],[38.228223,64.851221],[38.412109,64.85708],[38.441992,64.827148],[38.540918,64.79126],[38.613086,64.78667],[39.053516,64.713916],[39.567383,64.570557],[39.758008,64.577051],[39.833008,64.656396],[39.848633,64.690527],[40.057813,64.770752],[40.203711,64.784033],[40.407813,64.754883],[40.444922,64.778711],[40.375391,64.896289],[40.28125,64.998096],[40.142676,65.063281],[39.896484,65.254785],[39.798047,65.349854],[39.749121,65.447949],[39.781152,65.534717],[39.816504,65.597949],[40.327832,65.751709],[40.512793,65.843799],[40.691602,65.963428],[40.774414,65.987891],[41.076074,66.021094],[41.475781,66.123437],[41.780859,66.259326],[42.083594,66.465918],[42.210547,66.519678],[42.313672,66.514746],[42.450781,66.482422],[42.602148,66.42251],[42.806543,66.411328],[43.005957,66.420947],[43.233203,66.415527],[43.550879,66.321289],[43.60332,66.291211],[43.653125,66.250977],[43.550391,66.173389],[43.541895,66.123389],[43.623926,66.146729],[43.737012,66.158398],[43.84375,66.142383],[43.944141,66.098682],[44.016699,66.049756],[44.104395,66.008594],[44.132422,66.064551],[44.145313,66.112744],[44.097168,66.235059],[44.220703,66.40708],[44.316406,66.481689],[44.488672,66.671777],[44.437109,66.794629],[44.429297,66.937744],[44.403906,67.004199],[44.291797,67.099658],[44.074414,67.167334],[43.855371,67.188623],[43.782422,67.254492],[43.795703,67.32959],[43.856348,67.439307],[44.036426,67.670654],[44.225391,67.995605],[44.231543,68.07124],[44.213867,68.112598],[44.226465,68.154443],[44.204688,68.25376],[44.169141,68.3271],[43.404004,68.608545],[43.358008,68.635791],[43.333203,68.673389],[43.413281,68.681738],[43.471973,68.679834],[44.048047,68.548828],[44.175293,68.541748],[45.078125,68.578174],[45.519434,68.546533],[45.891992,68.479687],[46.158398,68.291357],[46.429688,68.118848],[46.683594,67.970459],[46.69043,67.848828],[46.428906,67.823682],[46.174219,67.818164],[45.528711,67.757568],[45.374121,67.688867],[44.939453,67.477441],[44.902148,67.413135],[44.939453,67.350781],[45.138867,67.284717],[45.562207,67.185596],[45.752539,66.98916],[45.885352,66.891064],[45.986035,66.853125],[46.083984,66.843506],[46.297754,66.842822],[46.448535,66.818994],[46.492383,66.800195],[46.552344,66.818994],[46.69082,66.825537],[47.496484,66.929834],[47.655859,66.975928],[47.709082,67.04502],[47.768066,67.275635],[47.839258,67.355713],[47.908203,67.454688],[47.882617,67.515332],[47.874707,67.58418],[48.278711,67.650391],[48.653809,67.695264],[48.833203,67.681494],[48.87793,67.731348],[48.762695,67.827002],[48.695703,67.874219],[48.754297,67.895947],[48.840625,67.869727],[48.953906,67.853809],[49.155273,67.87041],[49.93125,68.065137],[50.233203,68.175342],[50.414062,68.218359],[50.699414,68.317725],[50.838867,68.349951],[51.078516,68.36333],[51.336133,68.402441],[51.616699,68.476318],[51.994727,68.53877],[52.055664,68.541309],[52.128809,68.532031],[52.285352,68.459375],[52.227441,68.418604],[52.183496,68.374268],[52.25918,68.350928],[52.322266,68.339697],[52.39668,68.351709],[52.475,68.382129],[52.669727,68.426758],[52.722656,68.484033],[52.647656,68.506152],[52.550098,68.592432],[52.435059,68.610205],[52.344043,68.608154],[52.683594,68.731201],[53.412891,68.912549],[53.801953,68.995898],[54.18584,69.00332],[54.491211,68.992334],[54.37627,68.964746],[53.874414,68.926611],[53.797656,68.907471],[53.798242,68.884668],[53.919531,68.87124],[53.970605,68.844287],[53.929297,68.811865],[53.891211,68.801514],[53.833887,68.708936],[53.758887,68.633984],[53.917676,68.536963],[53.930859,68.435547],[53.829492,68.382666],[53.690039,68.402539],[53.566699,68.36709],[53.342578,68.343213],[53.293359,68.31167],[53.260547,68.26748],[53.403125,68.256836],[53.515137,68.259668],[53.913672,68.231201],[53.967871,68.227344],[54.099219,68.259033],[54.23291,68.266309],[54.393945,68.275098],[54.476172,68.294141],[54.56123,68.273047],[54.717969,68.18418],[54.861328,68.201855],[54.923047,68.373828],[55.150879,68.480029],[55.418066,68.567822],[55.675293,68.575879],[55.924609,68.637305],[56.043652,68.648877],[56.275684,68.624072],[56.620215,68.619043],[56.909375,68.566699],[57.126855,68.554004],[57.444336,68.641504],[58.173047,68.889746],[58.237012,68.833936],[58.353906,68.916211],[58.918945,69.003809],[59.057324,69.006055],[59.059863,68.972559],[59.110156,68.896289],[59.22041,68.849609],[59.370508,68.738379],[59.29834,68.708447],[59.222559,68.691309],[59.112305,68.616309],[59.099023,68.444336],[59.310742,68.400293],[59.604297,68.351123],[59.725684,68.351611],[59.827539,68.380322],[59.858789,68.396045],[59.897363,68.421924],[59.922852,68.471338],[59.941406,68.510498],[59.865137,68.604932],[59.895996,68.706348],[60.160254,68.699512],[60.48916,68.728955],[60.637695,68.787012],[60.815137,68.895215],[60.933594,68.986768],[60.858594,69.145508],[60.664551,69.110254],[60.337305,69.457031],[60.170605,69.590918],[60.276465,69.652637],[60.558691,69.692334],[60.812988,69.821143],[60.909082,69.847119],[61.015918,69.851465],[61.770508,69.763037],[62.63125,69.743115],[63.361426,69.675293],[64.19043,69.534668],[64.592188,69.435645],[64.928516,69.325391],[64.896289,69.247803],[65.031543,69.269824],[65.326758,69.201367],[65.52793,69.173438],[65.735742,69.132324],[65.812695,69.077002],[66.084766,69.036328],[66.416113,68.947852],[66.756445,68.891992],[67.002441,68.873584],[67.149219,68.753955],[67.639648,68.579297],[67.730762,68.513672],[68.156934,68.403662],[68.371191,68.314258],[68.504199,68.348438],[68.829492,68.567432],[69.024316,68.817969],[69.140527,68.950635],[68.924414,68.956201],[68.762891,68.917383],[68.65957,68.927393],[68.542773,68.96709],[68.355078,69.067578],[68.117383,69.23623],[68.073047,69.420801],[68.005859,69.480029],[67.774316,69.52998],[67.624121,69.584424],[67.064453,69.693701],[66.964063,69.655566],[66.93418,69.59668],[66.89668,69.553809],[66.840234,69.60918],[66.804004,69.659229],[66.80293,69.740137],[66.832227,69.842187],[66.926367,70.014258],[67.069043,70.005615],[67.144434,70.030615],[67.239258,70.108057],[67.197461,70.171631],[67.146484,70.219922],[67.156836,70.295117],[67.246875,70.500098],[67.284766,70.738721],[67.211523,70.798438],[67.143359,70.837549],[66.822461,70.797363],[66.702246,70.818506],[66.675195,70.864697],[66.666113,70.900586],[66.758789,70.962354],[66.84707,71.063721],[66.692578,71.041699],[66.639648,71.081396],[66.768066,71.139893],[66.917578,71.282373],[67.274219,71.347852],[67.541797,71.412012],[67.959375,71.548389],[68.269238,71.682812],[68.469434,71.852637],[68.607422,72.012744],[68.829688,72.391553],[69.039062,72.669922],[69.391406,72.955518],[69.611816,72.981934],[69.694336,72.977539],[69.708984,72.956396],[69.658789,72.931836],[69.645117,72.897559],[69.738281,72.884961],[69.8875,72.882568],[70.172168,72.901172],[70.655371,72.890381],[71.500195,72.913672],[71.616992,72.9021],[71.92959,72.819678],[72.100977,72.829004],[72.446387,72.790332],[72.633789,72.744482],[72.812109,72.691406],[72.787402,72.482959],[72.75293,72.343164],[72.624414,72.079443],[72.574121,72.012549],[72.375,71.821631],[72.279492,71.695508],[72.129688,71.60918],[71.912012,71.547949],[71.884375,71.511377],[71.867285,71.457373],[72.079297,71.306689],[72.581348,71.151123],[72.704492,70.963232],[72.731641,70.822852],[72.7,70.457324],[72.65332,70.403418],[72.561914,70.345557],[72.469434,70.274951],[72.529688,70.17251],[72.599414,69.793213],[72.615625,69.484033],[72.557324,69.378418],[72.527051,69.154248],[72.527344,69.080518],[72.576758,68.968701],[72.67832,68.874854],[72.811914,68.815234],[73.190723,68.706787],[73.548047,68.574512],[73.573438,68.532617],[73.591699,68.481885],[73.465234,68.430762],[73.266406,68.294482],[73.139453,68.181348],[73.129395,68.090918],[73.173047,67.973047],[73.152148,67.865039],[73.066797,67.766943],[72.94873,67.69624],[72.594336,67.586963],[71.847461,67.007617],[71.668164,66.939697],[71.365234,66.961523],[71.448926,66.878955],[71.551172,66.760449],[71.539551,66.683105],[71.341992,66.686719],[71.065625,66.604492],[70.939453,66.548145],[70.724902,66.519434],[70.561426,66.548682],[70.382812,66.60249],[70.408887,66.647607],[70.442578,66.668262],[70.567969,66.700879],[70.690723,66.745312],[70.630762,66.754199],[70.579102,66.75376],[70.443945,66.697314],[70.283398,66.685791],[70.09375,66.754346],[69.948633,66.82998],[69.877148,66.845459],[69.74043,66.8146],[69.217773,66.828613],[69.078711,66.815918],[69.013477,66.78833],[69.051172,66.766357],[69.091113,66.723584],[69.143945,66.640723],[69.194336,66.578662],[69.412012,66.510742],[69.700977,66.48457],[69.982422,66.401416],[70.339453,66.342383],[71.145508,66.36665],[71.358008,66.359424],[71.565625,66.33374],[71.916992,66.246729],[72.067578,66.25332],[72.321582,66.332129],[72.383984,66.506543],[72.417383,66.560791],[73.341602,66.806836],[73.513574,66.861084],[73.79209,66.995312],[73.883301,67.084961],[73.98623,67.327686],[74.074512,67.414111],[74.676074,67.694629],[74.769531,67.766357],[74.787305,67.89751],[74.778223,67.985938],[74.742676,68.073535],[74.632422,68.218311],[74.51123,68.303076],[74.391406,68.420605],[74.480957,68.658887],[74.57959,68.751221],[75.124609,68.861719],[75.589551,68.901172],[76.10752,68.975732],[76.316016,68.991504],[76.45918,68.978271],[76.605762,68.897607],[76.735059,68.776904],[77.111719,68.596191],[77.238477,68.46958],[77.261035,68.315576],[77.248438,67.941016],[77.174414,67.778516],[77.325098,67.735645],[77.395605,67.698682],[77.579199,67.643945],[77.675098,67.5896],[77.771582,67.570264],[77.985547,67.55918],[78.589551,67.578467],[78.922461,67.589111],[78.887598,67.613135],[78.839063,67.631201],[78.559082,67.639111],[78.16123,67.678369],[77.588281,67.751904],[77.520117,67.909619],[77.535937,68.007666],[77.664844,68.190381],[77.756836,68.222363],[77.868262,68.234717],[77.995117,68.259473],[77.958691,68.377051],[77.906836,68.482275],[77.785254,68.630469],[77.650684,68.903027],[77.466309,68.905127],[77.32832,68.958643],[76.644922,69.117383],[76.000977,69.235059],[75.561133,69.251807],[75.42002,69.238623],[75.053516,69.116309],[74.814844,69.090576],[74.362598,69.14458],[73.977441,69.114648],[73.836035,69.143213],[73.775684,69.198242],[73.890918,69.417969],[73.832715,69.503906],[73.663281,69.61709],[73.560156,69.707227],[73.578125,69.802979],[73.830176,70.175684],[73.937402,70.272852],[74.206738,70.445459],[74.343359,70.578711],[74.310938,70.653613],[73.731543,71.068701],[73.576563,71.216504],[73.507227,71.263525],[73.365234,71.319775],[73.150488,71.385205],[73.08623,71.444922],[73.671777,71.845068],[73.939453,71.914746],[74.31123,71.957813],[74.489063,71.997021],[74.804102,72.077393],[74.992188,72.144824],[75.053223,72.199219],[75.089941,72.263135],[75.09707,72.420654],[75.060352,72.548779],[75.008008,72.619434],[74.896875,72.710107],[74.786816,72.811865],[74.864941,72.838428],[74.942188,72.853809],[75.152441,72.852734],[75.369336,72.796631],[75.474902,72.68501],[75.603516,72.581055],[75.603125,72.512158],[75.591406,72.457227],[75.644336,72.382275],[75.691113,72.35],[75.741406,72.29624],[75.694434,72.253516],[75.644336,72.232324],[75.550195,72.170801],[75.394531,71.983203],[75.273828,71.958936],[75.247461,71.813379],[75.503223,71.654639],[75.468555,71.534375],[75.417188,71.494678],[75.280273,71.430078],[75.298047,71.378467],[75.332031,71.341748],[75.733594,71.265918],[76.110449,71.218555],[76.741992,71.202051],[76.929004,71.127881],[76.995215,71.181055],[77.589648,71.16792],[78.068262,70.986328],[78.320605,70.93042],[78.525781,70.911816],[78.942187,70.933789],[79.01543,70.950195],[79.083887,71.002002],[78.888672,70.997168],[78.803516,70.973535],[78.723926,70.975977],[78.587695,70.993896],[78.491406,71.025391],[78.386523,71.087109],[78.212598,71.266309],[77.908398,71.324072],[77.706641,71.300586],[77.481055,71.311572],[77.113672,71.409375],[76.871191,71.446582],[76.433398,71.55249],[76.312109,71.595459],[76.215723,71.682861],[76.103613,71.829004],[76.032422,71.9104],[76.124023,71.926611],[76.42168,72.006006],[76.871387,72.033008],[77.061328,72.004199],[77.550781,71.84209],[77.777539,71.836426],[78.186914,71.90708],[78.232422,71.952295],[78.14082,72.044678],[78.016406,72.092041],[77.780664,72.114307],[77.492871,72.071729],[77.41084,72.107764],[77.439746,72.156543],[77.471582,72.192139],[77.625293,72.201416],[77.733203,72.229199],[77.968164,72.328711],[78.225391,72.377441],[78.482617,72.394971],[79.42207,72.380762],[79.953906,72.223047],[80.474023,72.153125],[80.699219,72.098291],[80.7625,72.08916],[80.814746,72.054297],[80.856055,71.970215],[81.51123,71.746143],[81.661621,71.715967],[82.079883,71.706836],[82.547266,71.758594],[82.757812,71.764111],[82.986133,71.748682],[83.106641,71.720508],[83.233594,71.668164],[83.165527,71.602197],[83.105664,71.562451],[82.977051,71.451367],[82.917969,71.419922],[82.493164,71.292871],[82.322852,71.26001],[82.276953,71.093457],[82.254297,71.056201],[82.23916,70.997705],[82.316016,70.879443],[82.335938,70.807373],[82.270703,70.706738],[82.163184,70.598145],[82.182422,70.511475],[82.221191,70.395703],[82.23584,70.430273],[82.231445,70.48291],[82.258398,70.543604],[82.45166,70.690088],[82.59248,70.889941],[82.737793,70.94209],[82.869141,70.954834],[83.010156,70.89541],[83.051074,70.815234],[83.058398,70.694727],[83.030176,70.580518],[82.919824,70.407422],[82.74248,70.286475],[82.682324,70.217725],[82.767285,70.154053],[82.856543,70.104541],[82.961035,70.088281],[83.080762,70.093018],[83.10957,70.10957],[83.132031,70.157178],[83.094141,70.221094],[83.073828,70.276709],[83.293457,70.321338],[83.49707,70.345264],[83.659863,70.418359],[83.700488,70.466406],[83.735938,70.546484],[83.65127,70.672217],[83.578906,70.765918],[83.333887,70.988525],[83.15127,71.103613],[83.266016,71.275879],[83.457617,71.467529],[83.531055,71.514258],[83.550488,71.543652],[83.571289,71.594385],[83.553516,71.649805],[83.534375,71.683936],[83.34043,71.827539],[83.200293,71.874707],[82.755078,71.902832],[82.64541,71.925244],[82.319141,72.071826],[82.280664,72.105127],[82.209277,72.211182],[82.183594,72.237549],[82.093652,72.26543],[81.792871,72.326611],[81.58623,72.351709],[81.282715,72.358838],[81.098145,72.389746],[80.827051,72.488281],[80.797754,72.519971],[80.719629,72.6479],[80.65625,72.712012],[80.675391,72.75918],[80.77373,72.860791],[80.841602,72.94917],[80.757422,73.025244],[80.638672,73.04917],[80.509668,73.086084],[80.455469,73.155225],[80.424512,73.231152],[80.418945,73.289648],[80.398047,73.356836],[80.458301,73.413721],[80.595898,73.474023],[80.561914,73.51499],[80.583203,73.568457],[81.468848,73.64043],[81.816992,73.658838],[83.544727,73.666504],[83.666992,73.686475],[84.417383,73.722021],[84.737891,73.762842],[85.077441,73.719531],[85.200586,73.721533],[85.44834,73.734619],[85.611426,73.821582],[85.979297,73.856934],[86.591406,73.894287],[86.892969,73.887109],[86.961328,73.860742],[87.029492,73.82417],[86.697656,73.716846],[86.365918,73.619775],[86.094141,73.57832],[85.827051,73.492773],[85.800488,73.458936],[85.792578,73.43833],[85.802441,73.37168],[85.818164,73.326953],[86.098145,73.272607],[86.30791,73.195752],[86.514355,73.140479],[86.677051,73.106787],[86.715039,73.12583],[86.12168,73.306738],[85.970801,73.34707],[85.910059,73.39043],[85.938965,73.456494],[85.998926,73.48584],[86.092383,73.519141],[86.155078,73.534668],[86.37627,73.568848],[87.120117,73.615039],[87.294434,73.704688],[87.369531,73.755908],[87.571191,73.810742],[87.503223,73.832471],[87.3375,73.846045],[87.209668,73.878662],[86.69707,74.195312],[86.571094,74.24375],[86.177832,74.279395],[86.001367,74.316016],[86.18291,74.423047],[86.395801,74.450098],[86.538477,74.444238],[86.664746,74.414258],[86.897949,74.325342],[87.229688,74.363867],[87.106152,74.403564],[86.894238,74.449707],[86.700098,74.522461],[86.425684,74.585498],[86.116113,74.628564],[85.791016,74.645117],[85.880762,74.740234],[86.058887,74.728223],[86.119531,74.757422],[86.20127,74.816211],[86.651465,74.682422],[86.862891,74.717871],[87.041797,74.778857],[87.419336,74.940918],[87.467578,75.013232],[87.287402,75.052539],[87.140723,75.072266],[86.939063,75.068115],[86.92168,75.112793],[87.005957,75.169824],[87.170801,75.191748],[87.671387,75.12959],[88.503711,75.290479],[88.733105,75.369189],[89.310254,75.470117],[89.595117,75.458252],[90.184961,75.591064],[91.004687,75.649561],[91.479492,75.649658],[91.84541,75.723682],[92.40752,75.749658],[92.602539,75.779102],[93.549805,75.854102],[94.075195,75.912891],[94.156348,75.959229],[93.687012,75.921582],[93.574023,75.956299],[93.475488,75.932861],[93.406055,75.90127],[93.178125,75.958984],[93.116309,75.944629],[93.068652,75.912842],[92.986621,75.902686],[92.89043,75.909961],[92.858594,75.979492],[92.971582,76.075098],[93.104883,76.02583],[93.259277,76.098779],[93.35957,76.100732],[93.648438,76.05415],[93.842871,76.101318],[94.102344,76.123584],[94.388281,76.102783],[94.506738,76.107959],[94.575586,76.151758],[95.038477,76.113525],[95.359277,76.1396],[95.578711,76.137305],[95.919922,76.113135],[96.075488,76.081982],[95.986035,76.009668],[95.65332,75.892188],[95.743848,75.872314],[95.934766,75.926025],[96.508594,76.005566],[96.600586,75.989893],[96.537695,75.921631],[96.49707,75.891211],[96.879199,75.931055],[97.205469,76.018701],[97.350684,76.033398],[97.499219,75.980225],[97.637695,76.029053],[97.669824,76.078027],[97.918359,76.088672],[98.02002,76.133691],[98.194629,76.166406],[98.341992,76.180566],[98.662012,76.242676],[98.771289,76.224023],[98.984668,76.207568],[99.187305,76.177637],[99.562695,76.109326],[99.615625,76.082324],[99.663184,76.078027],[99.77041,76.02876],[99.689258,75.956348],[99.602344,75.852051],[99.442187,75.803174],[99.540723,75.798584],[99.609375,75.811279],[99.7375,75.880664],[99.851367,75.930273],[99.825391,76.135937],[99.616797,76.240186],[99.460645,76.275098],[99.093848,76.384326],[98.969531,76.430811],[98.805664,76.480664],[98.869434,76.50957],[99.57627,76.471436],[99.935742,76.489893],[100.322363,76.47915],[100.84375,76.525195],[101.060742,76.477246],[101.310742,76.478906],[101.597754,76.439209],[101.683789,76.485498],[101.212988,76.535693],[101.002637,76.530518],[100.928027,76.556738],[101.00625,76.615088],[101.099316,76.704004],[101.008203,76.781348],[100.92041,76.82251],[100.905859,76.900684],[100.989941,76.990479],[101.185742,77.028564],[101.292871,77.101562],[101.517676,77.198096],[102.610156,77.508545],[103.131445,77.626465],[103.33125,77.641064],[103.560742,77.631934],[104.014551,77.73042],[104.184863,77.730469],[104.814258,77.6521],[104.965234,77.594727],[105.308984,77.549219],[105.710254,77.525244],[105.894531,77.488867],[105.983398,77.447607],[106.05957,77.390527],[105.73418,77.352002],[105.38457,77.237842],[104.911914,77.174707],[104.323633,77.132666],[104.202441,77.101807],[105.320215,77.092334],[105.645898,77.100684],[105.712012,77.001465],[105.822168,76.99751],[106.14541,77.045312],[106.338672,77.047852],[106.705078,77.01377],[106.783691,77.031787],[106.941602,77.034375],[107.278906,76.990967],[107.429785,76.926563],[107.190234,76.822021],[106.940918,76.730469],[106.63877,76.573389],[106.545508,76.586279],[106.384668,76.589453],[106.413574,76.512256],[106.683203,76.514697],[106.825391,76.480078],[107.157715,76.524072],[107.624219,76.510107],[107.722168,76.522314],[107.902246,76.569678],[107.949902,76.660645],[108.02793,76.718457],[108.181641,76.737842],[108.352051,76.719531],[108.638379,76.720117],[109.369336,76.749219],[109.981152,76.711865],[110.471484,76.758398],[111.114844,76.723047],[111.39248,76.68667],[111.600586,76.622314],[111.786133,76.603564],[111.938672,76.553418],[112.093945,76.480322],[112.016797,76.420557],[111.942676,76.380469],[112.142773,76.423975],[112.29707,76.434668],[112.413281,76.408301],[112.619531,76.383545],[112.68418,76.218848],[112.742578,76.186914],[112.798438,76.129639],[112.721875,76.077197],[112.65625,76.053564],[112.818945,76.058594],[113.04668,76.114111],[113.094043,76.13291],[113.150391,76.174512],[113.066016,76.215234],[112.987988,76.239746],[113.086035,76.258105],[113.272656,76.25166],[113.365527,76.178857],[113.427734,76.112109],[113.563867,75.89165],[113.857227,75.921289],[113.870996,75.856006],[113.74873,75.704785],[113.619922,75.592676],[113.567578,75.568408],[113.485938,75.563965],[113.517188,75.621875],[113.469043,75.656689],[113.391602,75.677881],[113.126367,75.698682],[112.629199,75.8354],[112.49668,75.849902],[112.466113,75.843652],[112.453027,75.830176],[112.72959,75.737646],[112.955664,75.571924],[113.161523,75.620508],[113.242969,75.611426],[113.35625,75.534277],[113.558887,75.502051],[113.726172,75.450635],[113.613574,75.292969],[112.924902,75.015039],[112.191992,74.853174],[111.868262,74.740039],[111.299023,74.658447],[110.892773,74.548096],[110.373535,74.466064],[110.225879,74.378662],[109.840332,74.321973],[109.866406,74.293066],[109.911328,74.261328],[109.863867,74.208887],[109.810254,74.169189],[109.51084,74.088818],[109.075,74.032324],[108.199512,73.694092],[107.76543,73.625],[107.271094,73.621045],[107.166992,73.589404],[106.794238,73.37666],[106.679395,73.330664],[106.188672,73.308008],[105.677148,72.959277],[105.392773,72.841016],[105.143945,72.777051],[105.402734,72.789941],[105.708203,72.83667],[106.066699,72.949854],[106.15957,73.002002],[106.208789,73.060547],[106.315039,73.106396],[106.47793,73.139404],[107.108789,73.177295],[107.36875,73.163135],[107.750391,73.173145],[108.00127,73.235596],[108.150977,73.25791],[108.285352,73.265869],[108.351465,73.310205],[108.575391,73.319043],[109.089941,73.378418],[109.165625,73.399609],[109.331055,73.487451],[109.637109,73.454004],[109.855273,73.472461],[110.428711,73.628906],[110.77334,73.68916],[110.868164,73.730713],[110.799219,73.759766],[110.722363,73.779932],[110.388281,73.726025],[110.091211,73.708545],[109.752734,73.722559],[109.706738,73.74375],[109.665625,73.800244],[109.774121,73.88125],[109.869141,73.930615],[110.083887,73.994385],[110.261426,74.017432],[110.920117,73.9479],[111.05625,73.939355],[111.130859,74.052832],[111.341406,74.047363],[111.550586,74.028516],[111.459961,74.004834],[111.228125,73.968555],[111.299512,73.884863],[111.400391,73.827734],[111.803711,73.745264],[112.147266,73.708936],[112.4,73.711133],[112.79541,73.746094],[112.855957,73.771143],[112.939648,73.835645],[112.835938,73.962061],[112.934961,73.945703],[113.032813,73.913867],[113.181543,73.837402],[113.326855,73.707422],[113.416211,73.647607],[113.364453,73.582764],[113.156934,73.45957],[113.276953,73.391504],[113.490918,73.346094],[113.487598,73.145117],[113.474609,73.047852],[113.369336,72.941895],[113.247363,72.897217],[113.127832,72.830664],[113.158203,72.769482],[113.186133,72.730176],[113.312207,72.657373],[113.664551,72.634521],[113.711914,72.65415],[113.630078,72.6771],[113.391406,72.711035],[113.298145,72.738867],[113.215527,72.805859],[113.311523,72.87832],[113.41748,72.932178],[113.542773,73.054346],[113.581445,73.142236],[113.558887,73.232617],[113.63916,73.273584],[113.765234,73.317969],[113.829297,73.326562],[113.88623,73.345801],[113.795117,73.367432],[113.711328,73.378564],[113.539453,73.433643],[113.510352,73.50498],[113.856934,73.533398],[114.060547,73.584668],[114.816016,73.607178],[115.337695,73.702588],[116.495508,73.676074],[117.308594,73.59917],[118.450195,73.589795],[118.870898,73.537891],[118.91123,73.518359],[118.936426,73.481201],[118.754492,73.464502],[118.457031,73.464404],[118.376563,73.367236],[118.430273,73.246533],[118.960352,73.117285],[119.425293,73.063965],[119.750391,72.979102],[119.92168,72.971338],[120.597949,72.981104],[120.997168,72.936719],[121.354297,72.97085],[121.747852,72.969678],[121.886035,72.960889],[122.029785,72.897217],[122.260156,72.880566],[122.5375,72.877783],[122.69209,72.89082],[122.751953,72.906494],[122.730859,72.931299],[122.501953,72.970654],[122.526758,73.016699],[122.615234,73.02793],[122.999316,72.964648],[123.160352,72.954883],[123.301172,73.001807],[123.40459,73.085645],[123.461621,73.144189],[123.521875,73.1729],[123.572461,73.177344],[123.622266,73.193262],[123.500977,73.261621],[123.383887,73.347314],[123.355273,73.40249],[123.322656,73.430811],[123.305078,73.53291],[123.416211,73.636865],[123.491113,73.666357],[123.796875,73.626758],[123.933887,73.689307],[124.019043,73.712305],[124.388086,73.754834],[124.541211,73.75127],[124.796289,73.711768],[125.61709,73.520605],[125.598535,73.447412],[125.794434,73.468457],[125.887891,73.498096],[126.107422,73.51748],[126.254492,73.548193],[126.295996,73.53667],[126.344922,73.506299],[126.308887,73.463672],[126.257422,73.419775],[126.29248,73.394189],[126.335449,73.38877],[126.552539,73.334912],[126.838477,73.43418],[126.955176,73.528223],[127.031348,73.547461],[127.740332,73.481543],[127.955078,73.445557],[127.996875,73.425635],[128.025684,73.390771],[128.141699,73.352393],[128.281445,73.330566],[128.26416,73.300732],[128.257812,73.26748],[128.587012,73.262402],[128.730469,73.233398],[128.888672,73.190234],[128.87168,73.139355],[128.913379,73.110596],[129.05918,73.10752],[129.100586,73.112354],[129.053711,73.04541],[128.853516,72.972607],[128.735254,72.943262],[128.599023,72.895166],[128.674023,72.885889],[129.017285,72.872461],[129.229102,72.775732],[129.250391,72.705176],[129.117578,72.676953],[128.815332,72.585889],[128.633398,72.550146],[128.508496,72.547314],[128.418262,72.535156],[128.549414,72.49585],[129.116602,72.485742],[129.281348,72.437695],[129.411719,72.315479],[129.410645,72.166309],[129.283496,72.092041],[128.934961,72.079492],[128.475195,72.245557],[128.196973,72.309619],[127.803418,72.434033],[127.726074,72.413184],[127.841406,72.308252],[128.026563,72.25],[128.358789,72.08833],[128.911426,71.755322],[129.040137,71.782422],[129.116602,71.824609],[129.154199,71.878662],[129.121582,71.953223],[129.210254,71.916943],[129.291797,71.850195],[129.46084,71.739307],[129.23418,71.744824],[128.949023,71.707568],[128.843262,71.663477],[128.922656,71.601758],[129.134277,71.592871],[129.224512,71.508838],[129.389844,71.404883],[129.761914,71.119531],[130.025977,71.065381],[130.28125,70.947314],[130.537109,70.892529],[130.668457,70.88833],[130.757129,70.962354],[130.831934,70.935889],[130.898047,70.803564],[131.021582,70.746094],[131.157422,70.742188],[131.268262,70.765527],[131.432324,70.828271],[131.562012,70.901025],[131.769043,71.101416],[131.906445,71.202637],[132.035352,71.244043],[131.99082,71.293213],[132.003711,71.350195],[132.098828,71.483984],[132.227637,71.642773],[132.325781,71.726221],[132.562305,71.895313],[132.653906,71.925977],[132.71582,71.871484],[132.768555,71.79873],[132.803613,71.767578],[132.839258,71.755176],[133.130859,71.606689],[133.426172,71.490967],[133.688867,71.434229],[134.102832,71.378955],[134.702734,71.386816],[134.813867,71.460596],[135.022363,71.515039],[135.359375,71.543506],[135.55918,71.610352],[135.884766,71.630566],[136.090332,71.61958],[136.406152,71.570752],[137.11582,71.415674],[137.31543,71.359424],[137.41748,71.299023],[137.650586,71.208154],[137.797852,71.163916],[137.939648,71.133398],[137.991699,71.142725],[137.97373,71.168652],[137.901953,71.194043],[137.844043,71.226807],[138.012695,71.26084],[138.03252,71.28584],[138.090625,71.307422],[138.314063,71.325537],[138.097168,71.358594],[138.022168,71.363428],[137.918359,71.384082],[137.927344,71.429785],[137.995703,71.463525],[138.04834,71.525977],[138.118457,71.566162],[138.23418,71.596338],[138.318066,71.602832],[138.525195,71.562744],[138.67002,71.634814],[138.780176,71.629004],[139.004883,71.556055],[139.209375,71.444775],[139.320215,71.444727],[139.632129,71.489258],[139.98418,71.491504],[139.93877,71.557666],[139.695117,71.700439],[139.722949,71.884961],[139.552344,71.926709],[139.359277,71.951367],[139.640234,71.99834],[139.84707,72.148584],[140.014063,72.162109],[140.187695,72.191309],[140.134375,72.209619],[139.616992,72.225684],[139.505273,72.207666],[139.430469,72.163477],[139.176367,72.163477],[139.14502,72.264404],[139.14082,72.329736],[139.473633,72.466504],[139.601172,72.496094],[140.450586,72.493115],[140.705078,72.518945],[141.079297,72.586914],[140.983203,72.630029],[140.972852,72.716992],[140.652344,72.842822],[140.675977,72.871631],[140.708105,72.890039],[140.808203,72.890967],[141.309766,72.857715],[141.518359,72.788672],[142.061426,72.720801],[143.51582,72.698242],[143.680957,72.673193],[144.303906,72.643018],[144.568652,72.609912],[145.199316,72.570215],[145.485742,72.54209],[145.71416,72.497363],[146.083301,72.471387],[146.25293,72.442236],[146.234766,72.349707],[145.46709,72.362061],[145.212891,72.392676],[144.897461,72.39624],[144.776367,72.382275],[144.587598,72.305518],[144.360938,72.265332],[144.169238,72.258789],[144.294922,72.192627],[144.470703,72.174756],[145.03916,72.259863],[146.594141,72.302441],[146.831836,72.29541],[146.807031,72.236572],[146.599219,72.123535],[146.40166,72.035498],[146.113281,71.944971],[146.005859,71.945459],[146.230273,72.1375],[146.137305,72.146484],[146.051465,72.142285],[145.799414,72.221875],[145.758594,72.225879],[145.709668,72.206348],[145.710156,72.177588],[145.664062,72.066992],[145.756738,72.020654],[145.756738,71.941309],[145.407227,71.890137],[145.271191,71.894629],[145.125781,71.927148],[145.063965,71.926074],[145.046875,71.901025],[145.077734,71.854639],[145.07373,71.830859],[145.017871,71.793701],[144.989648,71.753369],[145.075586,71.707373],[145.188574,71.695801],[145.804785,71.746484],[146.073242,71.80835],[146.367969,71.92207],[146.894727,72.19751],[147.127051,72.292041],[147.261816,72.327881],[147.433984,72.340918],[148.402051,72.311963],[148.964844,72.252344],[149.501563,72.164307],[149.766211,72.09126],[149.963086,71.992188],[149.998145,71.950488],[150.016895,71.895654],[149.881055,71.843018],[149.279688,71.825537],[149.04873,71.795752],[148.965332,71.762793],[148.954883,71.744141],[148.92334,71.714648],[148.968164,71.690479],[149.237891,71.687939],[149.498047,71.664014],[149.857129,71.601465],[149.912695,71.580713],[150.026465,71.521338],[150.06084,71.51084],[150.599805,71.520117],[150.634863,71.498877],[150.667773,71.455225],[150.525098,71.38584],[150.384766,71.338818],[150.097656,71.226562],[150.242969,71.267188],[150.82168,71.362891],[150.967773,71.380469],[151.145313,71.37373],[151.582422,71.286963],[151.759766,71.217822],[152.092773,71.023291],[151.999805,71.00249],[151.762012,70.982471],[152.508789,70.834473],[152.79834,70.835645],[153.460645,70.878613],[153.794141,70.87998],[154.413965,70.974463],[155.029492,71.034229],[155.595898,71.038623],[155.895215,71.095508],[156.68457,71.09375],[157.447363,71.074512],[158.037012,71.039258],[158.702148,70.93501],[159.350684,70.790723],[159.72793,70.649658],[159.804688,70.604932],[159.911816,70.506104],[159.958594,70.423633],[160.006445,70.309668],[159.983398,70.221387],[159.889648,70.158789],[159.831445,70.081445],[159.83916,69.98999],[159.729395,69.870215],[159.83252,69.784961],[160.119141,69.729785],[160.739453,69.655176],[160.910742,69.606348],[160.928906,69.458545],[160.982031,69.334473],[161.035547,69.098193],[161.14082,69.038867],[161.309863,68.982275],[161.340625,68.905176],[161.129004,68.653857],[160.99668,68.60752],[160.856055,68.53833],[161.104492,68.5625],[161.230176,68.653906],[161.365137,68.822998],[161.495313,68.849854],[161.565625,68.905176],[161.565625,69.063965],[161.480078,69.201709],[161.480078,69.300098],[161.536914,69.379541],[161.945117,69.545117],[162.166016,69.611572],[162.375684,69.649072],[162.944629,69.682764],[163.201367,69.714746],[163.498047,69.693262],[163.705273,69.701807],[163.945996,69.735156],[164.15957,69.719287],[164.513281,69.609131],[165.760742,69.584424],[165.980469,69.545996],[166.820312,69.499561],[166.884375,69.499902],[167.073145,69.554443],[167.628125,69.740332],[167.856836,69.728223],[167.950098,69.69917],[168.047656,69.625635],[168.15,69.577393],[168.22998,69.447021],[168.303027,69.271484],[168.423047,69.239502],[168.587598,69.228369],[168.946191,69.16333],[169.310645,69.079541],[169.414648,68.919629],[169.609863,68.786035],[170.065625,68.798682],[170.537598,68.825391],[170.99541,69.045312],[170.99668,69.134717],[170.883789,69.263623],[170.71416,69.388232],[170.582227,69.58335],[170.160938,69.626563],[170.201172,69.683203],[170.35957,69.750977],[170.503125,69.856543],[170.525391,69.937891],[170.486816,70.107568],[170.867969,70.096045],[171.24668,70.076123],[171.970508,70.000342],[172.55957,69.968359],[172.869238,69.919775],[173.056348,69.864941],[173.277441,69.823828],[173.35332,69.924023],[173.438672,69.946826],[173.733398,69.891113],[173.948047,69.874121],[174.319434,69.881641],[174.785547,69.855664],[175.295605,69.860059],[175.751172,69.90415],[175.921484,69.895313],[176.10752,69.860303],[176.410449,69.768506],[176.924414,69.645996],[177.394531,69.611621],[177.933691,69.495605],[178.442773,69.452979],[178.84834,69.387207],[178.906934,69.362109],[178.925,69.325977],[178.950684,69.295801],[179.272656,69.259668],[179.868262,69.012695],[180,68.983447],[180,65.309912],[180,65.067236],[179.827344,65.03418],[179.651367,64.920947],[179.448242,64.822021],[179.15,64.781592],[178.698438,64.631104],[178.519531,64.602979],[178.285352,64.672266],[177.748633,64.717041],[177.581641,64.777881],[177.337012,64.931348],[177.251855,64.953613],[177.179199,65.014111],[176.880859,65.081934],[176.624805,65.037598],[176.413086,65.07124],[176.341016,65.047314],[176.452148,65.025244],[176.645508,65.007178],[176.940039,65.016016],[177.037305,64.999658],[177.123438,64.947021],[177.222852,64.86167],[177.148242,64.804834],[177.06875,64.78667],[176.831055,64.849219],[176.556641,64.83999],[176.429492,64.855176],[176.061133,64.960889],[175.781152,64.844043],[175.396484,64.783691],[175.097754,64.776855],[174.548828,64.683887],[174.698633,64.681445],[175.09707,64.746631],[175.330664,64.746631],[175.67793,64.782471],[175.858594,64.825293],[175.945898,64.865186],[176.056543,64.904736],[176.169238,64.884766],[176.246973,64.843018],[176.300879,64.783838],[176.350977,64.705127],[176.283203,64.663818],[176.219434,64.641943],[176.140918,64.58584],[176.507617,64.682422],[176.730957,64.624854],[176.842871,64.633789],[177.049805,64.719238],[177.3875,64.774023],[177.427441,64.763379],[177.467188,64.736816],[177.409863,64.572803],[177.43291,64.444482],[177.6875,64.304736],[177.95332,64.222266],[178.044727,64.21958],[178.130566,64.235254],[178.163965,64.309082],[178.229492,64.364404],[178.312988,64.314404],[178.381445,64.260889],[178.477148,64.127881],[178.474805,64.089014],[178.451367,64.011377],[178.536035,63.975635],[178.650293,63.965283],[178.69248,63.842334],[178.731445,63.66709],[178.681348,63.650732],[178.625977,63.650732],[178.44043,63.605566],[178.466113,63.574072],[178.653711,63.556641],[178.706445,63.521533],[178.668848,63.439941],[178.678711,63.402295],[178.744043,63.394775],[178.786719,63.442432],[178.775391,63.510254],[178.792969,63.540332],[178.918555,63.400244],[178.921484,63.34502],[179.028125,63.282422],[179.332324,63.190186],[179.388574,63.147217],[179.405078,63.077734],[179.329004,63.05791],[179.25957,63.008301],[179.302148,62.939844],[179.381055,62.883691],[179.510938,62.862793],[179.570508,62.773486],[179.570508,62.6875],[179.477246,62.613086],[179.288672,62.510352],[179.176953,62.469189],[179.133887,62.396436],[179.120703,62.320361],[179.044629,62.323682],[178.963867,62.355273],[178.019238,62.546973],[177.663086,62.582813],[177.35127,62.587451],[177.292578,62.599023],[177.295898,62.644482],[177.31582,62.685254],[177.359668,62.736963],[177.338965,62.781348],[177.29834,62.784229],[177.258691,62.750439],[177.172656,62.750342],[177.091211,62.789551],[177.023535,62.777246],[176.990039,62.722217],[176.963477,62.693262],[176.964746,62.658643],[177.008008,62.626562],[177.189648,62.591602],[177.159473,62.560986],[176.907422,62.536084],[176.702539,62.505762],[176.436523,62.41084],[176.328418,62.346045],[175.613867,62.184375],[175.441992,62.12793],[175.36582,62.121338],[175.267871,62.102393],[175.192383,62.034424],[174.797559,61.938867],[174.715039,61.9479],[174.610547,61.867627],[174.514355,61.823633],[174.284961,61.817529],[174.138867,61.795166],[173.822363,61.679395],[173.623438,61.716064],[173.390723,61.556738],[173.131836,61.406641],[173.05459,61.406201],[172.856543,61.469189],[172.806836,61.436133],[172.837891,61.375586],[172.908008,61.311621],[172.867773,61.293066],[172.789062,61.310693],[172.730664,61.314404],[172.690039,61.295166],[172.696973,61.249316],[172.584766,61.19043],[172.49707,61.185889],[172.396094,61.167383],[172.362402,61.116602],[172.392773,61.061768],[172.213281,60.997852],[172.067285,60.915674],[171.997656,60.900684],[171.917969,60.864111],[171.830566,60.837354],[171.729492,60.843115],[171.489746,60.725732],[170.949316,60.522949],[170.799316,60.496484],[170.608203,60.434912],[170.589746,60.393701],[170.588574,60.342871],[170.512305,60.259521],[170.423438,60.047803],[170.396484,60.009766],[170.350977,59.965527],[170.154102,59.986084],[169.982617,60.06709],[169.927246,60.104248],[169.897559,60.147852],[169.887012,60.21792],[169.854297,60.250244],[169.814746,60.265381],[169.618359,60.438037],[169.275684,60.556641],[169.226758,60.595947],[168.788281,60.563818],[168.670313,60.562891],[168.462793,60.592236],[168.1375,60.573926],[167.745996,60.509326],[167.626074,60.468945],[167.226758,60.406299],[166.964063,60.307031],[166.452539,59.947021],[166.331836,59.872412],[166.273047,59.85625],[166.186523,59.849463],[166.148926,59.92207],[166.136035,59.979346],[166.168359,60.088818],[166.229785,60.17832],[166.29248,60.346094],[166.308105,60.414258],[166.352148,60.484814],[166.180176,60.480371],[165.941992,60.356885],[165.583008,60.236475],[165.41582,60.205176],[165.285254,60.134912],[165.192578,60.124756],[165.08457,60.098584],[165.073633,59.945605],[165.018945,59.860742],[164.953711,59.843604],[164.854297,59.840967],[164.779395,59.874219],[164.669727,59.997461],[164.525293,60.061279],[164.440039,60.072705],[164.376855,60.058057],[164.251563,59.973779],[164.113281,59.897559],[164.135059,59.984375],[164.017578,60.017334],[163.912891,60.037061],[163.780078,60.041113],[163.743848,60.028027],[163.690039,59.978418],[163.574316,59.914062],[163.49375,59.886768],[163.409961,59.834961],[163.364844,59.781445],[163.321191,59.70542],[163.269043,59.52002],[163.272852,59.302588],[163.084863,59.131396],[163.010156,59.148291],[162.974902,59.137061],[162.940039,59.114307],[163.004297,59.020166],[162.969824,58.986475],[162.93457,58.963965],[162.847266,58.939258],[162.643359,58.799902],[162.453027,58.708594],[162.141602,58.447412],[162.049219,58.272852],[161.960059,58.076904],[162.001953,57.980957],[162.039648,57.918262],[162.097949,57.874658],[162.197461,57.82915],[162.411426,57.778369],[162.392188,57.74502],[162.391406,57.717236],[162.466992,57.766211],[162.521973,57.904102],[162.654297,57.948242],[162.718359,57.946094],[163.14502,57.837305],[163.225781,57.790381],[163.213867,57.686816],[163.187891,57.637402],[163.108789,57.564844],[162.957031,57.47749],[162.779297,57.357617],[162.762305,57.284082],[162.761523,57.243945],[162.808105,57.102783],[162.814844,57.023389],[162.791113,56.875391],[162.802637,56.811475],[162.849902,56.756836],[162.92207,56.722656],[163.046387,56.741309],[163.16543,56.725488],[163.256543,56.688037],[163.243262,56.564551],[163.294043,56.447705],[163.335547,56.23252],[163.261328,56.17373],[163.189258,56.137012],[163.047363,56.044678],[162.97168,56.033789],[162.840332,56.065625],[162.628125,56.232275],[162.713184,56.330859],[162.893262,56.399463],[162.975195,56.449023],[163.038379,56.521875],[162.944141,56.508057],[162.877637,56.476367],[162.671484,56.490088],[162.589063,56.454932],[162.488672,56.399121],[162.528223,56.260693],[162.461133,56.235498],[162.334082,56.187744],[162.146094,56.128271],[162.084961,56.089648],[161.924023,55.840381],[161.775586,55.654834],[161.723926,55.496143],[161.729395,55.358008],[161.784961,55.205322],[161.824219,55.138916],[161.996094,54.997998],[162.080273,54.886133],[162.105566,54.752148],[161.966895,54.688672],[161.725684,54.532959],[161.624805,54.51626],[161.294043,54.520557],[161.129883,54.598242],[160.935547,54.578369],[160.772656,54.541357],[160.517188,54.430859],[160.288867,54.288232],[160.074414,54.18916],[160.010156,54.130859],[159.921777,54.008398],[159.84375,53.783643],[159.870898,53.672656],[159.914258,53.62085],[159.955859,53.552197],[159.899121,53.447705],[159.897656,53.380762],[160.002148,53.274902],[160.025098,53.12959],[159.947461,53.125098],[159.771582,53.229687],[159.585938,53.237695],[159.136133,53.117139],[158.952051,53.047559],[158.74541,52.908936],[158.683691,52.9354],[158.639551,53.014795],[158.564648,53.05],[158.47207,53.032373],[158.432324,52.957422],[158.560156,52.922168],[158.608789,52.873633],[158.533691,52.688428],[158.480762,52.62666],[158.500391,52.460303],[158.493164,52.383154],[158.463477,52.30498],[158.331641,52.090869],[158.103516,51.809619],[157.823242,51.605322],[157.628906,51.53457],[157.530957,51.479883],[157.489844,51.408936],[157.202246,51.212744],[156.847461,51.006592],[156.747754,50.969287],[156.724316,51.04707],[156.713477,51.124121],[156.670801,51.226855],[156.543457,51.311621],[156.521191,51.380273],[156.500391,51.475098],[156.489844,51.913037],[156.377344,52.366553],[156.364746,52.509375],[156.228613,52.62627],[156.154395,52.747266],[156.110352,52.866162],[156.098828,53.006494],[155.950195,53.744287],[155.904883,53.928125],[155.706445,54.521484],[155.620313,54.864551],[155.563867,55.199121],[155.554883,55.348486],[155.643457,55.793555],[155.716602,56.072217],[155.98252,56.695215],[156.025391,56.752002],[156.06748,56.781592],[156.529297,57.021191],[156.728418,57.152246],[156.848828,57.290186],[156.976758,57.466309],[156.963574,57.560938],[156.948242,57.615771],[156.899902,57.676904],[156.791602,57.747949],[156.829883,57.779639],[156.871973,57.803662],[156.985742,57.830176],[157.216797,57.776807],[157.450391,57.799268],[157.666406,58.019775],[157.974609,57.985937],[158.210449,58.025293],[158.275195,58.008984],[158.321094,58.083447],[158.449414,58.162842],[158.687012,58.281348],[159.036914,58.423926],[159.210645,58.519434],[159.308398,58.610547],[159.452637,58.695947],[159.591504,58.803662],[159.847363,59.127148],[160.350391,59.394043],[160.547461,59.547363],[160.711426,59.60166],[160.855273,59.626855],[161.218945,59.845605],[161.449316,60.027344],[161.753516,60.152295],[161.845996,60.232227],[162.003613,60.420166],[162.068164,60.466406],[162.266309,60.536719],[162.713184,60.659473],[162.973145,60.78291],[163.352344,60.800439],[163.466406,60.849756],[163.585156,60.877148],[163.709961,60.916797],[163.553516,61.025635],[163.589258,61.084375],[163.619629,61.111328],[163.893359,61.240479],[164.005469,61.343799],[163.99209,61.388232],[163.972754,61.419873],[163.804395,61.461377],[163.837109,61.558252],[163.882715,61.640137],[164.019531,61.710693],[164.067969,61.873877],[164.074219,62.04502],[164.207227,62.292236],[164.2875,62.346631],[164.59834,62.470557],[164.670703,62.473779],[164.887695,62.431885],[165.124121,62.411523],[165.208105,62.373975],[165.225684,62.405762],[165.213867,62.448193],[165.280371,62.462988],[165.417383,62.44707],[165.396582,62.493896],[165.044043,62.516992],[164.792383,62.571094],[164.566992,62.675488],[164.418359,62.704639],[164.255664,62.696582],[163.331738,62.550928],[163.287109,62.511426],[163.244238,62.455371],[163.302148,62.372998],[163.258008,62.336914],[163.213281,62.313428],[163.163477,62.25957],[163.118457,62.15293],[163.131055,62.049902],[163.017676,61.891064],[163.009277,61.791504],[163.207617,61.736572],[163.257812,61.699463],[163.197852,61.644775],[163.138867,61.611426],[163.085254,61.570557],[163.047266,61.554053],[162.993945,61.544189],[162.92168,61.597705],[162.855957,61.705029],[162.752344,61.711279],[162.717871,61.695117],[162.699023,61.652588],[162.607617,61.650049],[162.506445,61.670117],[162.392578,61.662109],[162.188379,61.540674],[161.037109,60.962891],[160.915039,60.892676],[160.766602,60.75332],[160.482031,60.739844],[160.368164,60.708545],[160.287305,60.667041],[160.173633,60.638428],[160.177344,60.690723],[160.201074,60.729639],[160.225781,60.831543],[160.378906,61.025488],[160.28125,61.044775],[160.184277,61.047656],[160.004004,61.007422],[159.883105,60.943408],[159.79043,60.956641],[159.83457,61.013965],[159.949219,61.128613],[159.913965,61.234473],[159.883105,61.291797],[159.930859,61.323926],[160.162695,61.5375],[160.246875,61.647607],[160.317383,61.793359],[160.321484,61.838574],[160.309375,61.894385],[160.237793,61.903857],[160.18252,61.902832],[159.722168,61.758398],[159.552344,61.719482],[159.496289,61.781445],[159.423047,61.808057],[159.29502,61.91416],[159.189258,61.929395],[159.07666,61.922266],[158.824316,61.850244],[158.547168,61.810889],[158.333691,61.825684],[158.151563,61.764844],[158.070117,61.753613],[157.799316,61.795264],[157.469336,61.798926],[157.370703,61.74707],[157.08418,61.675684],[156.891797,61.565186],[156.790625,61.529639],[156.680273,61.480615],[156.629688,61.272461],[156.482617,61.206006],[156.344141,61.155078],[156.055957,60.995605],[155.85332,60.777148],[155.716113,60.682373],[155.427832,60.549854],[154.970801,60.37666],[154.578223,60.09502],[154.440723,59.883789],[154.389844,59.876758],[154.293066,59.83335],[154.266602,59.730371],[154.268848,59.658398],[154.20918,59.600342],[154.149805,59.528516],[154.212891,59.483398],[154.272168,59.475146],[154.357617,59.481445],[154.58252,59.540088],[154.971289,59.449609],[155.166699,59.360156],[155.153027,59.270215],[155.160449,59.190137],[155.016699,59.195605],[154.82373,59.187549],[154.703516,59.141309],[154.458008,59.216553],[154.375977,59.187842],[154.24668,59.108594],[154.010938,59.075537],[153.891699,59.11416],[153.695215,59.224756],[153.361133,59.214795],[153.272949,59.091309],[153.196094,59.094434],[153.077734,59.081885],[152.882227,58.939062],[152.817871,58.92627],[152.575586,58.954102],[152.400684,59.026416],[152.319629,59.030762],[152.165234,58.997021],[152.087891,58.910449],[151.70459,58.866699],[151.326758,58.875098],[151.121094,59.08252],[151.50498,59.164014],[151.733496,59.14668],[151.990039,59.160059],[152.260645,59.223584],[152.169531,59.27793],[152.104492,59.290576],[151.942383,59.284082],[151.798047,59.323242],[151.485742,59.524121],[151.348242,59.561133],[151.170313,59.583252],[151.033594,59.585645],[150.98252,59.571338],[150.911914,59.523047],[150.863281,59.475439],[150.823438,59.460742],[150.729492,59.469141],[150.615234,59.506543],[150.483594,59.494385],[150.539844,59.524951],[150.667285,59.556348],[150.457227,59.590723],[150.325586,59.638867],[150.202539,59.65127],[149.642578,59.77041],[149.424512,59.760986],[149.29043,59.728467],[149.065234,59.630518],[149.127734,59.558789],[149.175391,59.526758],[149.20498,59.488184],[149.133008,59.480518],[148.925,59.475],[148.79707,59.532324],[148.708887,59.448535],[148.744141,59.373535],[148.889648,59.4],[148.964648,59.369141],[148.914062,59.282715],[148.72666,59.25791],[148.491211,59.262305],[148.257422,59.414209],[147.874609,59.388037],[147.687891,59.290674],[147.514453,59.268555],[147.040039,59.365723],[146.803711,59.372949],[146.537207,59.456982],[146.444336,59.430469],[146.273438,59.221484],[146.049512,59.170557],[145.931641,59.198389],[145.829102,59.330322],[145.756445,59.37373],[145.55459,59.413525],[144.483398,59.37627],[144.123438,59.408301],[143.86875,59.411377],[143.523828,59.343652],[143.192188,59.370117],[142.580273,59.240137],[142.330371,59.152637],[142.025391,58.999658],[141.754688,58.745264],[141.60293,58.649023],[141.34707,58.528076],[140.987695,58.416846],[140.790234,58.303467],[140.684961,58.212158],[140.495117,57.86543],[140.446875,57.813672],[140.002344,57.6875],[139.861523,57.549316],[139.80332,57.51416],[139.619238,57.455713],[139.506641,57.358301],[139.443848,57.329687],[139.181641,57.261523],[138.965723,57.088135],[138.662109,56.965527],[138.217773,56.629004],[138.180078,56.588525],[138.140625,56.498682],[138.073828,56.433105],[137.691504,56.139355],[137.572949,56.112109],[137.384082,55.974756],[137.189844,55.892285],[137.012109,55.795264],[136.793555,55.694189],[136.460254,55.576709],[136.351172,55.51001],[136.175195,55.352246],[135.750781,55.160645],[135.540625,55.11377],[135.2625,54.943311],[135.234766,54.903223],[135.211523,54.84082],[135.257715,54.731494],[135.325391,54.707422],[135.437793,54.69248],[135.851562,54.583936],[136.237988,54.614062],[136.580273,54.613623],[136.714551,54.624316],[136.797266,54.620996],[136.82373,54.561475],[136.82041,54.452344],[136.77041,54.35332],[136.729395,54.060645],[136.683008,53.931299],[136.718848,53.804102],[136.802637,53.781982],[136.886426,53.839355],[137.01875,53.848145],[137.155371,53.82168],[137.258008,54.025244],[137.172461,54.056885],[137.096191,54.128564],[137.141602,54.182227],[137.377734,54.282324],[137.525098,54.291211],[137.666016,54.283301],[137.513184,54.156396],[137.45127,54.130469],[137.403418,54.123535],[137.339258,54.100537],[137.476465,54.027588],[137.622754,53.970459],[137.834766,53.946729],[137.786133,53.90332],[137.644824,53.86582],[137.516992,53.70708],[137.313672,53.631592],[137.221484,53.579199],[137.253711,53.546143],[137.32832,53.538965],[137.738184,53.560303],[137.950488,53.603564],[138.25293,53.726416],[138.378906,53.909277],[138.493555,53.959668],[138.52793,53.959863],[138.568164,53.947168],[138.569141,53.818799],[138.407031,53.67417],[138.292188,53.592432],[138.249707,53.524023],[138.320312,53.5229],[138.450684,53.537012],[138.510938,53.57002],[138.660742,53.744775],[138.699414,53.869727],[138.72168,54.04375],[138.704688,54.147656],[138.715918,54.222656],[138.657227,54.29834],[138.695703,54.32002],[139.105078,54.217822],[139.319727,54.192969],[139.707422,54.277148],[139.795508,54.256445],[139.858398,54.205322],[140.178711,54.051562],[140.241699,54.001025],[140.34707,53.812598],[140.687598,53.596436],[141.005664,53.49458],[141.015039,53.454248],[141.217676,53.334473],[141.37373,53.292773],[141.402051,53.183984],[141.32793,53.097266],[141.18125,53.015283],[140.887305,53.091504],[140.839648,53.087891],[140.874512,53.039844],[141.086816,52.897559],[141.255859,52.840137],[141.265918,52.652588],[141.24502,52.550146],[141.132422,52.435693],[141.169824,52.368408],[141.329688,52.271143],[141.409082,52.234326],[141.485254,52.178516],[141.385547,52.057227],[141.366895,51.920654],[141.258398,51.860693],[141.129395,51.727783],[140.932617,51.619922],[140.838574,51.41416],[140.687695,51.232275],[140.670703,51.051318],[140.645605,50.986768],[140.520898,50.800195],[140.476367,50.545996],[140.535449,50.130762],[140.564063,50.106689],[140.624512,50.082422],[140.613281,50.053711],[140.58457,50.03335],[140.462695,49.911475],[140.464551,49.825586],[140.511328,49.76167],[140.517188,49.596143],[140.431055,49.331494],[140.399121,49.289795],[140.364355,49.22085],[140.348633,49.15918],[140.325586,49.12002],[140.308984,49.053906],[140.333691,48.994824],[140.37832,48.964111],[140.224219,48.772852],[140.170605,48.523682],[140.113281,48.422656],[139.998438,48.323779],[139.760742,48.180566],[139.67627,48.089893],[139.520508,47.975293],[139.372656,47.887354],[139.166992,47.634863],[139.001367,47.383301],[138.586816,47.057227],[138.529688,46.976221],[138.500488,46.889844],[138.391797,46.745068],[138.336914,46.543408],[138.210156,46.462939],[138.106348,46.250732],[137.769141,45.928516],[137.685449,45.818359],[137.425195,45.63999],[137.146973,45.393506],[136.803516,45.171143],[136.737207,45.080029],[136.604102,44.978174],[136.460449,44.822119],[136.251172,44.666797],[136.208691,44.562012],[136.142285,44.489111],[135.987012,44.439844],[135.874609,44.373535],[135.533203,43.971484],[135.489063,43.898828],[135.483398,43.83501],[135.260156,43.684619],[135.131055,43.525732],[134.916992,43.426562],[134.691797,43.290576],[134.156445,43.042139],[134.010449,42.947461],[133.709375,42.829932],[133.586719,42.828223],[133.329492,42.763867],[133.159961,42.696973],[133.059375,42.722803],[132.996582,42.808008],[132.923926,42.805273],[132.863574,42.79375],[132.708984,42.87583],[132.576465,42.871582],[132.481348,42.909766],[132.303809,42.883301],[132.334375,43.238672],[132.30957,43.313525],[132.233203,43.245068],[132.028711,43.118945],[131.947266,43.09541],[131.866602,43.095166],[131.89834,43.170752],[132.013086,43.280029],[131.97627,43.296045],[131.938965,43.301953],[131.794727,43.255273],[131.72207,43.202637],[131.516406,42.996436],[131.393262,42.822314],[131.29248,42.772119],[131.245313,42.697412],[131.158301,42.626025],[131.024805,42.645166],[130.945703,42.633936],[130.756152,42.673291],[130.709375,42.656396],[130.83418,42.522949],[130.729883,42.325781],[130.687305,42.302539],[130.636523,42.274854],[130.569238,42.291699],[130.45752,42.301709],[130.314746,42.214111],[130.235742,42.183203],[130.179883,42.096973],[130.068262,42.045752],[130.007324,41.991162],[129.928223,41.896729],[129.876367,41.805518],[129.756348,41.712256],[129.686328,41.594971],[129.682422,41.494336],[129.758984,41.391504],[129.76582,41.303857],[129.712109,41.123682],[129.741992,40.932275],[129.708691,40.857324],[129.341113,40.726318],[129.245117,40.661035],[129.109766,40.491064],[128.945215,40.427881],[128.842969,40.358496],[128.701367,40.317529],[128.610742,40.1979],[128.51123,40.130225],[128.392969,40.088965],[128.304492,40.035937],[128.106348,40.032568],[127.966602,39.995605],[127.86709,39.895947],[127.568164,39.781982],[127.527441,39.695703],[127.547266,39.562793],[127.548926,39.461084],[127.522852,39.377393],[127.457422,39.400977],[127.422266,39.373584],[127.383496,39.296143],[127.394531,39.20791],[127.496973,39.179492],[127.580957,39.143262],[127.698926,39.125049],[127.786133,39.084131],[127.97168,38.897998],[128.123047,38.816406],[128.1625,38.786133],[128.249414,38.745215],[128.329492,38.680908],[128.374609,38.623437],[128.618848,38.176074],[128.852441,37.887061],[129.051563,37.677637],[129.335156,37.274561],[129.418262,37.059033],[129.426172,36.925537],[129.473438,36.741895],[129.433008,36.636621],[129.44502,36.470703],[129.427148,36.385498],[129.392578,36.322705],[129.391309,36.202148],[129.402441,36.137646],[129.403516,36.052148],[129.425781,36.018799],[129.458301,36.006445],[129.509766,36.037598],[129.572852,36.050537],[129.561719,35.947656],[129.485449,35.687402],[129.419141,35.497852],[129.329004,35.332764],[129.21416,35.181836],[129.076758,35.122705],[128.980078,35.101514],[128.795703,35.093896],[128.642578,35.11958],[128.510938,35.100977],[128.458105,35.069434],[128.418848,35.015674],[128.447656,34.93208],[128.443945,34.870361],[128.387695,34.875098],[128.275977,34.910986],[128.152344,34.915869],[128.094531,34.933594],[128.03623,35.021973],[127.976758,35.018701],[127.873242,34.966309],[127.714844,34.954687],[127.659082,34.926367],[127.639355,34.889697],[127.6625,34.843408],[127.742188,34.782568],[127.71543,34.721045],[127.632422,34.690234],[127.56543,34.765918],[127.523633,34.840088],[127.476953,34.844287],[127.404297,34.823096],[127.389648,34.743018],[127.423438,34.688477],[127.479102,34.625244],[127.401172,34.552539],[127.380566,34.500635],[127.324609,34.463281],[127.173438,34.546143],[127.194922,34.605029],[127.260547,34.66167],[127.268652,34.720361],[127.24707,34.755127],[127.030762,34.606885],[126.897461,34.438867],[126.82627,34.451074],[126.796484,34.494287],[126.754785,34.511865],[126.61084,34.403516],[126.584375,34.317529],[126.531445,34.314258],[126.508301,34.350635],[126.506445,34.428369],[126.481738,34.493945],[126.332617,34.589648],[126.264453,34.673242],[126.301074,34.719971],[126.425586,34.69458],[126.524512,34.6979],[126.50498,34.737549],[126.472852,34.756348],[126.538574,34.778662],[126.593359,34.824365],[126.547949,34.836768],[126.478516,34.810352],[126.420703,34.823389],[126.397852,34.932812],[126.327441,35.045117],[126.291113,35.15415],[126.360547,35.216895],[126.395898,35.314404],[126.460449,35.455615],[126.492773,35.50127],[126.582227,35.534473],[126.614062,35.570996],[126.564941,35.589746],[126.486523,35.606348],[126.488477,35.64707],[126.541895,35.669336],[126.601562,35.714209],[126.717383,35.768848],[126.753027,35.871973],[126.719629,35.8979],[126.647461,35.922412],[126.663672,35.974512],[126.693457,36.01416],[126.682324,36.037939],[126.59707,36.105029],[126.54043,36.166162],[126.557227,36.23584],[126.544238,36.341211],[126.551953,36.429688],[126.548242,36.477637],[126.506641,36.585645],[126.487695,36.693799],[126.433008,36.678027],[126.38877,36.651172],[126.230664,36.689258],[126.180859,36.691602],[126.160547,36.771924],[126.217188,36.870947],[126.351562,36.958203],[126.428711,36.969043],[126.487012,37.007471],[126.577734,37.01958],[126.686719,36.960352],[126.784473,36.948437],[126.83877,36.846094],[126.87207,36.824463],[126.879102,36.862061],[126.958008,36.906152],[126.976855,36.939404],[126.959766,36.957617],[126.868945,36.975732],[126.787402,37.102734],[126.776074,37.158203],[126.746387,37.193555],[126.790527,37.294922],[126.696191,37.410693],[126.650293,37.447119],[126.656836,37.551172],[126.607617,37.617432],[126.580176,37.65376],[126.563379,37.716504],[126.577734,37.744727],[126.620703,37.755469],[126.633887,37.781836],[126.623242,37.790186],[126.572754,37.796826],[126.369922,37.878369],[126.203125,37.828516],[126.161035,37.763721],[126.116699,37.74292],[126.050293,37.869824],[125.941699,37.873682],[125.769141,37.985352],[125.69502,37.962695],[125.676172,37.917725],[125.581543,37.815039],[125.449316,37.730225],[125.406641,37.719043],[125.357813,37.724805],[125.364844,37.748242],[125.310742,37.843506],[125.101953,37.88208],[125.026758,37.922607],[124.98877,37.931445],[125.193164,38.037793],[125.24668,38.056836],[125.206738,38.081543],[125.162598,38.093652],[124.99502,38.077832],[124.907031,38.112646],[124.779492,38.101514],[124.690918,38.129199],[124.874512,38.233398],[124.882715,38.294971],[124.880566,38.34165],[124.97373,38.480127],[125.067383,38.556738],[125.309668,38.665381],[125.415332,38.68042],[125.491797,38.676123],[125.554492,38.68623],[125.488672,38.727783],[125.424219,38.746875],[125.298926,38.742969],[125.168848,38.805518],[125.157324,38.871533],[125.409668,39.288379],[125.413184,39.32627],[125.373633,39.427637],[125.36084,39.526611],[125.180078,39.583496],[125.100098,39.590332],[124.867871,39.701807],[124.775293,39.758057],[124.738867,39.741504],[124.732227,39.652197],[124.699219,39.632373],[124.638281,39.615088],[124.607617,39.716943],[124.557422,39.790576],[124.403809,39.865527],[124.348633,39.906885],[124.375098,39.996143],[124.362109,40.004053],[124.35,40.011572],[124.26748,39.92417],[124.105762,39.841016],[123.760156,39.822412],[123.650879,39.881592],[123.61123,39.84082],[123.580664,39.786133],[123.490039,39.767871],[123.348145,39.762939],[123.268945,39.726904],[123.226562,39.686621],[123.032227,39.673535],[122.960938,39.619922],[122.840039,39.60083],[122.334863,39.366113],[122.225,39.267334],[122.120898,39.151904],[122.047656,39.093799],[121.982324,39.053174],[121.922656,39.036523],[121.864355,38.996484],[121.805176,38.991406],[121.744824,39.009668],[121.677246,39.003418],[121.632812,38.954834],[121.67041,38.891797],[121.649902,38.865088],[121.517188,38.830762],[121.320117,38.808203],[121.236328,38.766943],[121.207422,38.743506],[121.163574,38.731641],[121.12168,38.813281],[121.106738,38.920801],[121.188281,38.94668],[121.263281,38.960254],[121.679883,39.108691],[121.627637,39.220166],[121.664551,39.26875],[121.757812,39.347559],[121.818457,39.386523],[121.785449,39.40083],[121.5125,39.374854],[121.355664,39.376807],[121.275488,39.384766],[121.299805,39.452197],[121.286328,39.519434],[121.26748,39.544678],[121.406445,39.62124],[121.469531,39.640137],[121.517578,39.638965],[121.514258,39.685254],[121.474219,39.754883],[121.517383,39.844824],[121.800977,39.950537],[121.868945,40.046387],[121.982813,40.13584],[122.190918,40.358252],[122.20332,40.396045],[122.263867,40.500195],[122.275,40.541846],[122.178711,40.602734],[122.14043,40.688184],[121.858789,40.84209],[121.834863,40.974268],[121.808594,40.968506],[121.765625,40.875879],[121.729297,40.846143],[121.598926,40.843408],[121.537109,40.878418],[121.174512,40.90127],[121.085938,40.841602],[121.00293,40.749121],[120.922266,40.683105],[120.841309,40.649219],[120.770703,40.589062],[120.479102,40.230957],[120.368945,40.203857],[119.850391,39.987451],[119.591113,39.902637],[119.391113,39.75249],[119.322363,39.661621],[119.261328,39.560889],[119.224609,39.408057],[119.040137,39.222363],[118.976953,39.182568],[118.912305,39.166406],[118.826465,39.172119],[118.752441,39.160498],[118.626367,39.176855],[118.471973,39.118018],[118.297852,39.06709],[118.147852,39.195068],[118.040918,39.226758],[117.865723,39.19126],[117.784668,39.134473],[117.616699,38.852881],[117.553809,38.691455],[117.557813,38.625146],[117.656055,38.424219],[117.766699,38.31167],[118.014941,38.183398],[118.543262,38.094922],[118.66709,38.126367],[118.8,38.12666],[118.940039,38.042773],[119.027539,37.904004],[119.035645,37.80918],[119.038477,37.776514],[119.070312,37.748584],[119.08916,37.700732],[119.033496,37.661035],[118.99082,37.641357],[118.954883,37.494092],[118.952637,37.331152],[118.998145,37.2771],[119.111816,37.201172],[119.287402,37.138281],[119.449902,37.124756],[119.760547,37.155078],[119.8875,37.253369],[119.87998,37.295801],[119.88291,37.35083],[120.155859,37.49502],[120.311523,37.622705],[120.287109,37.656494],[120.257227,37.679004],[120.284668,37.69209],[120.370117,37.701025],[120.75,37.833936],[121.049023,37.725195],[121.219531,37.600146],[121.388086,37.578955],[121.505273,37.515039],[121.640234,37.460352],[121.816406,37.456641],[121.964844,37.445312],[122.010156,37.495752],[122.056641,37.528906],[122.10957,37.522314],[122.169141,37.456152],[122.337695,37.405273],[122.493262,37.407959],[122.602344,37.426416],[122.666992,37.402832],[122.57334,37.31792],[122.587305,37.181104],[122.515527,37.137842],[122.44668,37.068115],[122.487402,37.022266],[122.523438,37.002637],[122.519727,36.946826],[122.457031,36.915137],[122.340918,36.832227],[122.274219,36.833838],[122.242285,36.849854],[122.219727,36.879541],[122.203223,36.927197],[122.162402,36.958643],[122.049512,36.970752],[121.932715,36.959473],[121.669629,36.836377],[121.413086,36.738379],[121.144043,36.660449],[121.053809,36.611377],[120.989941,36.597949],[120.878516,36.635156],[120.81084,36.632812],[120.79668,36.607227],[120.882617,36.538916],[120.90498,36.485303],[120.895801,36.444141],[120.84707,36.426074],[120.776172,36.456299],[120.711523,36.413281],[120.682227,36.340723],[120.680957,36.168359],[120.637891,36.129932],[120.519336,36.108691],[120.393066,36.053857],[120.348242,36.079199],[120.330273,36.110107],[120.343457,36.189453],[120.327734,36.228174],[120.270117,36.226172],[120.183301,36.202441],[120.116992,36.150293],[120.094141,36.118896],[120.181445,36.01748],[120.264746,36.007227],[120.284766,35.984424],[120.219043,35.934912],[120.054688,35.861133],[120.027441,35.799365],[119.978711,35.740234],[119.911719,35.693213],[119.866211,35.643652],[119.810547,35.617725],[119.719727,35.588721],[119.608398,35.469873],[119.526465,35.358594],[119.429688,35.301416],[119.352832,35.113818],[119.21582,35.011768],[119.165332,34.848828],[119.200977,34.748437],[119.351367,34.749414],[119.426758,34.71416],[119.58291,34.582227],[119.769727,34.496191],[119.963672,34.447803],[120.201465,34.325684],[120.266699,34.274023],[120.322656,34.168994],[120.425684,33.866309],[120.499805,33.716455],[120.504785,33.638184],[120.615625,33.490527],[120.734473,33.236621],[120.871094,33.016504],[120.897363,32.843213],[120.853027,32.764111],[120.853223,32.661377],[120.989941,32.567041],[121.293359,32.457324],[121.341699,32.425049],[121.400977,32.371924],[121.403906,32.20625],[121.450781,32.15332],[121.490527,32.121094],[121.674219,32.051025],[121.751074,31.992871],[121.832422,31.899756],[121.856348,31.816455],[121.866309,31.703564],[121.763574,31.699512],[121.680859,31.712158],[121.351953,31.858789],[121.266406,31.862695],[121.145801,31.842334],[120.973535,31.869385],[120.791699,32.031738],[120.660547,32.081055],[120.520117,32.105859],[120.184082,31.966162],[120.09873,31.975977],[120.073926,31.960254],[120.035937,31.936279],[120.191602,31.906348],[120.347461,31.9521],[120.497168,32.019824],[120.715527,31.98374],[120.752246,31.922852],[120.787793,31.819775],[120.9375,31.750195],[121.055371,31.719434],[121.204883,31.628076],[121.350977,31.485352],[121.660645,31.319727],[121.785937,31.162891],[121.834473,31.061621],[121.87793,30.916992],[121.769434,30.870361],[121.675195,30.86377],[121.527539,30.840967],[121.418945,30.789795],[121.309961,30.699707],[120.997656,30.558252],[120.938281,30.469727],[120.897461,30.392627],[120.821484,30.354639],[120.62998,30.390869],[120.449805,30.387842],[120.245508,30.283545],[120.194629,30.241309],[120.228516,30.249561],[120.260547,30.263037],[120.352539,30.247412],[120.494531,30.303076],[120.633398,30.133154],[120.904492,30.160645],[121.159375,30.301758],[121.258008,30.304102],[121.340625,30.282373],[121.432715,30.22666],[121.67793,29.979102],[121.812305,29.952148],[121.944336,29.894092],[122.017285,29.887695],[122.08291,29.870361],[121.905762,29.779687],[121.676562,29.583789],[121.574609,29.537012],[121.50625,29.48457],[121.69043,29.510986],[121.821875,29.604639],[121.887988,29.627783],[121.941211,29.605908],[121.968359,29.490625],[121.917773,29.13501],[121.853516,29.128906],[121.79082,29.225684],[121.71748,29.256348],[121.655957,29.236133],[121.533691,29.236719],[121.487109,29.193164],[121.447656,29.131348],[121.520898,29.118457],[121.664941,29.010596],[121.679688,28.953125],[121.641016,28.915918],[121.540039,28.931885],[121.6625,28.851416],[121.630078,28.76792],[121.590332,28.734814],[121.519141,28.713672],[121.475195,28.641406],[121.538086,28.521094],[121.602051,28.366602],[121.609961,28.292139],[121.509961,28.324268],[121.35459,28.229883],[121.272266,28.222119],[121.216797,28.346191],[121.145703,28.32666],[121.098437,28.290527],[121.035449,28.157275],[120.958594,28.037012],[120.89248,28.003906],[120.812988,28.013379],[120.747656,28.009961],[120.763477,27.977441],[120.833008,27.937793],[120.833008,27.891455],[120.685156,27.74458],[120.661328,27.687891],[120.664844,27.639453],[120.5875,27.580762],[120.629102,27.482129],[120.60752,27.412402],[120.539844,27.318359],[120.468652,27.25625],[120.38457,27.155518],[120.278711,27.09707],[120.138574,26.886133],[120.097461,26.780664],[120.086719,26.671582],[120.042969,26.633838],[119.967773,26.586377],[119.882227,26.610449],[119.879492,26.683008],[119.842383,26.689307],[119.821289,26.736914],[119.815137,26.797607],[119.824219,26.846387],[119.788672,26.831494],[119.766699,26.774707],[119.710449,26.728662],[119.651563,26.747266],[119.588184,26.784961],[119.589941,26.730469],[119.623633,26.675879],[119.638184,26.621191],[119.725977,26.609424],[119.784766,26.546631],[119.831152,26.450195],[119.840332,26.41416],[119.876465,26.370947],[119.881055,26.33418],[119.797266,26.300146],[119.692676,26.236426],[119.56709,26.127344],[119.463086,26.054688],[119.369727,26.054053],[119.313086,26.062549],[119.232129,26.104395],[119.139453,26.121777],[119.26377,25.974805],[119.332031,25.94873],[119.417773,25.954346],[119.500879,26.00918],[119.61875,26.003564],[119.648242,25.918701],[119.616895,25.8229],[119.552832,25.698682],[119.539453,25.59126],[119.619141,25.437451],[119.622461,25.391162],[119.592773,25.368018],[119.499219,25.408643],[119.421777,25.459619],[119.34375,25.446289],[119.263086,25.468018],[119.180078,25.449805],[119.146289,25.414307],[119.169336,25.355713],[119.243555,25.307031],[119.285547,25.232227],[119.235547,25.205957],[119.024609,25.223438],[118.977539,25.209277],[118.914453,25.126807],[118.955664,25.004785],[118.909082,24.928906],[118.82207,24.911133],[118.70752,24.849805],[118.636914,24.835547],[118.640234,24.809082],[118.691797,24.782324],[118.719141,24.746143],[118.657031,24.621436],[118.560352,24.580371],[118.412012,24.600732],[118.295313,24.572754],[118.194531,24.62583],[118.087109,24.627002],[118.013867,24.559912],[118.005957,24.481982],[117.935059,24.474219],[117.896875,24.479834],[117.842676,24.474316],[117.848242,24.432471],[117.879004,24.395898],[118.024219,24.379639],[118.050586,24.327148],[118.056055,24.246094],[117.904102,24.106445],[117.839453,24.012305],[117.741699,24.014795],[117.667871,23.939258],[117.628223,23.836719],[117.579199,23.856982],[117.466406,23.840576],[117.433105,23.791699],[117.45957,23.771484],[117.462207,23.73623],[117.416992,23.620996],[117.367676,23.588623],[117.34668,23.635742],[117.330762,23.708789],[117.29082,23.714355],[117.225,23.647021],[117.148145,23.598779],[117.08252,23.57876],[117.032813,23.623437],[116.910645,23.64668],[116.860938,23.453076],[116.75957,23.38252],[116.712109,23.360498],[116.629395,23.353857],[116.682324,23.327393],[116.698828,23.277783],[116.669141,23.228174],[116.586426,23.218262],[116.538281,23.179688],[116.519824,23.006592],[116.470703,22.945898],[116.345508,22.941064],[116.251855,22.981348],[116.22207,22.949561],[116.206348,22.918652],[116.157422,22.887451],[116.062598,22.879102],[115.852148,22.801563],[115.755859,22.823926],[115.64043,22.853418],[115.561133,22.824707],[115.534668,22.765186],[115.49834,22.718848],[115.38252,22.718848],[115.289941,22.775977],[115.195801,22.817285],[115.091504,22.781689],[115.012109,22.708936],[114.914453,22.684619],[114.896387,22.639502],[114.853809,22.616797],[114.750391,22.626318],[114.711133,22.738721],[114.65166,22.755273],[114.592773,22.698437],[114.571973,22.654053],[114.544434,22.620605],[114.554199,22.528906],[114.496191,22.527051],[114.420117,22.583252],[114.340625,22.593213],[114.266016,22.540967],[114.291113,22.499463],[114.28457,22.457617],[114.325195,22.437402],[114.335254,22.39624],[114.290527,22.373779],[114.287891,22.325293],[114.267969,22.295557],[114.139063,22.348438],[114.032813,22.375879],[113.937305,22.36499],[113.902539,22.396094],[113.896484,22.428174],[114.006738,22.484033],[114.01543,22.511914],[113.931152,22.531055],[113.82832,22.607227],[113.754492,22.733643],[113.661133,22.80166],[113.619629,22.861426],[113.603418,22.968896],[113.586328,23.02002],[113.592188,23.076953],[113.620508,23.12749],[113.519727,23.1021],[113.445312,23.055078],[113.460352,22.995703],[113.441895,22.940576],[113.331055,22.912012],[113.337793,22.888818],[113.344824,22.8646],[113.432031,22.789404],[113.449805,22.726123],[113.484766,22.692383],[113.553027,22.594043],[113.551465,22.40415],[113.588867,22.350488],[113.576465,22.297266],[113.548145,22.222607],[113.498828,22.20166],[113.415723,22.178369],[113.367383,22.164844],[113.327734,22.14541],[113.266406,22.08877],[113.149023,22.075],[113.08877,22.207959],[113.008203,22.119336],[112.983789,21.938232],[112.953906,21.907324],[112.903809,21.881445],[112.808594,21.944629],[112.725391,21.902344],[112.660742,21.859473],[112.634082,21.819873],[112.586328,21.776855],[112.494727,21.818311],[112.421289,21.880615],[112.439453,21.927344],[112.429297,21.958105],[112.396094,21.981348],[112.359668,21.978027],[112.377441,21.91748],[112.389746,21.801221],[112.356445,21.767578],[112.30498,21.741699],[112.193359,21.763135],[112.117188,21.806494],[112.025195,21.843018],[111.943945,21.849658],[111.926465,21.77627],[111.873438,21.717139],[111.824609,21.709766],[111.775977,21.719238],[111.711914,21.655225],[111.681641,21.608496],[111.602734,21.559082],[111.392383,21.535107],[111.319141,21.486133],[111.220605,21.493896],[111.144238,21.482227],[111.100586,21.484717],[111.061133,21.510986],[111.016895,21.511719],[110.996777,21.430273],[110.878027,21.395947],[110.771094,21.386523],[110.652148,21.279102],[110.567187,21.214062],[110.504297,21.207422],[110.458008,21.230566],[110.43457,21.326904],[110.410937,21.338135],[110.397461,21.247705],[110.374609,21.172363],[110.331152,21.131348],[110.193555,21.037646],[110.154004,20.944629],[110.180371,20.858594],[110.36543,20.837598],[110.388477,20.790527],[110.370508,20.752051],[110.326172,20.719922],[110.313086,20.67168],[110.511523,20.518262],[110.517578,20.46001],[110.486914,20.426855],[110.449512,20.35542],[110.344727,20.294824],[110.123145,20.263721],[109.938477,20.295117],[109.88252,20.364063],[109.88584,20.413135],[109.931641,20.398877],[109.983887,20.403271],[109.968359,20.448145],[109.946387,20.474365],[109.861035,20.514307],[109.791992,20.621875],[109.805273,20.711475],[109.767383,20.780713],[109.72627,20.83877],[109.684766,20.873633],[109.662598,20.916895],[109.704492,21.052734],[109.68125,21.131641],[109.760156,21.228369],[109.77959,21.337451],[109.921094,21.376465],[109.930762,21.480566],[109.82959,21.483594],[109.759375,21.560059],[109.743359,21.527979],[109.686914,21.524609],[109.594336,21.671973],[109.566406,21.690576],[109.521484,21.693408],[109.544043,21.537939],[109.435547,21.479492],[109.34668,21.453955],[109.22041,21.443408],[109.148633,21.425537],[109.081543,21.440283],[109.098145,21.487354],[109.133496,21.543604],[109.101758,21.590479],[109.030566,21.626514],[108.921777,21.624414],[108.846387,21.634473],[108.77168,21.630469],[108.743945,21.65127],[108.674512,21.724658],[108.61582,21.770459],[108.589355,21.815967],[108.61582,21.868896],[108.59375,21.901025],[108.479883,21.904639],[108.480859,21.828809],[108.492578,21.739404],[108.525684,21.671387],[108.502148,21.633447],[108.444336,21.607324],[108.382812,21.679199],[108.35459,21.696924],[108.324805,21.693506],[108.302148,21.621924],[108.246289,21.558398],[108.145605,21.565186],[108.067383,21.525977],[107.972656,21.507959],[107.925781,21.498926],[107.809082,21.497119],[107.707227,21.405859],[107.636719,21.368066],[107.526953,21.33623],[107.409961,21.284814],[107.376172,21.194141],[107.37334,21.128467],[107.354297,21.055176],[107.164746,20.94873],[107.111719,20.95957],[107.075195,20.999268],[107.019238,20.991211],[106.981445,20.971387],[106.936426,20.974072],[106.88623,20.95],[106.820605,20.95752],[106.760254,20.991113],[106.725195,20.999902],[106.683398,21.000293],[106.675488,20.960498],[106.737305,20.806152],[106.753418,20.735059],[106.550781,20.526562],[106.572852,20.392187],[106.517969,20.288867],[106.395508,20.205908],[106.165723,19.992041],[106.062207,19.987354],[105.984082,19.939062],[105.813965,19.587451],[105.812109,19.466992],[105.785352,19.378857],[105.791113,19.294189],[105.716406,19.127783],[105.639063,19.057178],[105.621777,18.966309],[105.732031,18.779297],[105.744238,18.746289],[105.808203,18.64585],[105.839258,18.57417],[105.888281,18.50249],[106.065625,18.316357],[106.144531,18.259424],[106.239551,18.220703],[106.411914,18.053174],[106.499023,17.946436],[106.459375,17.873682],[106.478906,17.71958],[106.355859,17.765039],[106.370508,17.746875],[106.516797,17.662793],[106.735742,17.367188],[106.926172,17.221387],[107.119922,17.055518],[107.180371,16.897949],[107.355078,16.79375],[107.549316,16.642578],[107.54082,16.608643],[107.593457,16.568066],[107.724121,16.487842],[107.803125,16.403076],[107.833789,16.322461],[107.882031,16.309619],[107.936328,16.329395],[107.990723,16.337109],[108.029395,16.331104],[108.087988,16.242725],[108.169727,16.163672],[108.208984,16.091064],[108.24082,16.100781],[108.267383,16.089795],[108.274023,16.029053],[108.286035,15.989063],[108.395312,15.872461],[108.447461,15.762695],[108.577832,15.584717],[108.674219,15.483594],[108.742773,15.426611],[108.821289,15.37793],[108.898242,15.180518],[108.939941,15.001465],[109.022461,14.802832],[109.084863,14.716162],[109.087012,14.552588],[109.137305,14.384131],[109.191406,14.270459],[109.207324,14.154297],[109.223926,14.09668],[109.244629,14.053418],[109.30332,13.856445],[109.288086,13.765039],[109.24707,13.854736],[109.252051,13.590527],[109.288086,13.450781],[109.271875,13.279346],[109.30957,13.219189],[109.376758,13.025488],[109.423926,12.955957],[109.42002,12.719043],[109.444922,12.599609],[109.381445,12.670752],[109.335547,12.751904],[109.274023,12.709033],[109.218945,12.645801],[109.304688,12.391162],[109.206836,12.415381],[109.215723,12.0729],[109.25625,11.992871],[109.25918,11.954541],[109.247266,11.908691],[109.220215,11.958838],[109.214551,12.010449],[109.199121,11.999023],[109.199902,11.972461],[109.167285,11.912012],[109.15752,11.837109],[109.192676,11.773438],[109.198633,11.724854],[109.173242,11.664746],[109.13252,11.601074],[109.039648,11.592676],[109.018457,11.468359],[108.986719,11.336377],[108.820801,11.31543],[108.700293,11.199268],[108.55127,11.155957],[108.418555,11.040723],[108.27168,10.934277],[108.176172,10.920166],[108.094922,10.897266],[108.001367,10.720361],[107.845117,10.700098],[107.564453,10.555469],[107.470313,10.48584],[107.384473,10.458643],[107.261523,10.398389],[107.235059,10.419873],[107.194141,10.471582],[107.087793,10.49834],[107.035742,10.556299],[107.020703,10.630957],[107.006641,10.660547],[106.983691,10.618311],[106.966113,10.440723],[106.947461,10.400342],[106.902051,10.382812],[106.812695,10.433301],[106.727344,10.535645],[106.605859,10.464941],[106.643066,10.45625],[106.698438,10.462061],[106.741211,10.444385],[106.777539,10.376123],[106.77627,10.338965],[106.757422,10.295801],[106.643555,10.288916],[106.491699,10.304102],[106.464063,10.298291],[106.602441,10.231738],[106.729004,10.193311],[106.785254,10.151172],[106.785254,10.116455],[106.71416,10.060205],[106.65918,9.991406],[106.658105,9.94873],[106.656836,9.901074],[106.595605,9.859863],[106.557324,9.868066],[106.449121,9.939648],[106.136426,10.22168],[106.183594,10.14209],[106.507422,9.82124],[106.564355,9.715625],[106.572461,9.641113],[106.53916,9.603564],[106.484082,9.559424],[106.378027,9.556104],[106.204004,9.675439],[105.925684,9.961719],[105.830957,10.000732],[106.1125,9.673584],[106.158594,9.594141],[106.206152,9.502344],[106.192578,9.447803],[106.168359,9.396729],[105.500977,9.093213],[105.401367,8.962402],[105.322266,8.801123],[105.191211,8.711328],[105.114355,8.629199],[104.891895,8.583252],[104.77041,8.597656],[104.896289,8.746631],[104.818555,8.801855],[104.814648,9.185498],[104.845215,9.606152],[104.903223,9.81626],[104.987109,9.868652],[105.092578,9.900977],[105.094922,9.945264],[105.084473,9.995703],[105.027832,10.067432],[104.96582,10.100586],[104.873242,10.114795],[104.801953,10.202734],[104.747656,10.199121],[104.663477,10.169922],[104.612695,10.207666],[104.594043,10.266895],[104.516113,10.33999],[104.426367,10.41123],[104.262402,10.54126],[103.937109,10.586621],[103.901758,10.643945],[103.870508,10.655127],[103.840527,10.580566],[103.661914,10.508936],[103.587109,10.552197],[103.532227,10.604639],[103.54043,10.668701],[103.59209,10.721045],[103.680859,10.758594],[103.721875,10.890137],[103.654297,11.058691],[103.59502,11.107764],[103.532422,11.14668],[103.466699,11.083984],[103.411328,10.976758],[103.353613,10.921582],[103.272168,10.909277],[103.152832,10.913721],[103.106445,11.073779],[103.091113,11.211084],[103.107422,11.367773],[103.125488,11.460645],[103.010547,11.588672],[103.004199,11.710596],[102.948633,11.773486],[102.932324,11.741699],[102.933887,11.706689],[102.912305,11.703857],[102.883691,11.772754],[102.791602,11.888623],[102.762988,12.012451],[102.654883,12.148828],[102.594141,12.203027],[102.574805,12.157812],[102.540234,12.109229],[102.434082,12.179248],[102.343164,12.252588],[102.259082,12.394336],[102.248438,12.361426],[102.22959,12.331641],[102.13418,12.443018],[102.034375,12.531885],[101.944531,12.563672],[101.889063,12.593262],[101.835742,12.640381],[101.723633,12.689355],[101.444922,12.618945],[101.090234,12.673633],[100.953711,12.62124],[100.897754,12.653809],[100.863281,12.714502],[100.896387,12.818164],[100.903906,13.034912],[100.946094,13.187256],[100.92627,13.303027],[100.946973,13.357568],[100.962695,13.431982],[100.906543,13.462402],[100.656055,13.521289],[100.60293,13.568164],[100.536426,13.514453],[100.235645,13.484473],[100.122363,13.439551],[100.01748,13.353174],[99.990527,13.243457],[100.051074,13.17124],[100.089941,13.045654],[99.982031,12.771484],[99.963965,12.690039],[100.005664,12.354736],[99.989062,12.170801],[99.930273,12.047461],[99.837109,11.936621],[99.79873,11.748779],[99.725488,11.661768],[99.627344,11.462891],[99.561328,11.215186],[99.514355,11.100586],[99.486914,10.889551],[99.284766,10.569141],[99.237305,10.388135],[99.165039,10.319824],[99.190332,10.265869],[99.194629,10.175439],[99.169336,9.93418],[99.160742,9.734033],[99.191309,9.627148],[99.288281,9.4146],[99.265039,9.352979],[99.253906,9.265234],[99.335449,9.225439],[99.393848,9.213721],[99.723828,9.314209],[99.835547,9.288379],[99.877539,9.194629],[99.904688,9.112891],[99.960645,8.67124],[99.989551,8.589209],[100.05625,8.511133],[100.129297,8.428076],[100.154102,8.442969],[100.158887,8.473779],[100.163477,8.508398],[100.228711,8.424707],[100.279395,8.268506],[100.453516,7.442285],[100.503711,7.337305],[100.545215,7.226904],[100.439355,7.280762],[100.410742,7.464307],[100.380371,7.541504],[100.342969,7.552881],[100.283789,7.551514],[100.27998,7.584326],[100.324316,7.644189],[100.317383,7.715967],[100.256641,7.774902],[100.158203,7.728125],[100.160742,7.599268],[100.204883,7.500537],[100.371387,7.280127],[100.423535,7.187842],[100.489746,7.161377],[100.58623,7.175977],[100.70166,7.081982],[100.792578,6.994678],[101.017871,6.860937],[101.154395,6.875146],[101.301953,6.908301],[101.400879,6.899561],[101.497949,6.865283],[101.614258,6.753955],[101.799219,6.474609],[102.101074,6.242236],[102.274023,6.203418],[102.340137,6.172021],[102.534375,5.862549],[102.790234,5.644922],[102.898535,5.56377],[102.982422,5.524951],[103.09707,5.408447],[103.196973,5.262158],[103.41582,4.850293],[103.453906,4.669482],[103.46875,4.393262],[103.420508,3.976855],[103.362012,3.769141],[103.37334,3.671094],[103.453516,3.520605],[103.429492,3.378564],[103.44502,3.260596],[103.439453,2.933105],[103.485156,2.836572],[103.537305,2.774756],[103.812207,2.580469],[103.832324,2.508496],[103.967773,2.26123],[104.218555,1.722852],[104.288477,1.480664],[104.280371,1.415576],[104.250098,1.388574],[104.176367,1.364893],[104.114941,1.412256],[104.094238,1.446191],[104.100586,1.48833],[104.076172,1.529785],[104.016016,1.579297],[103.981445,1.623633],[103.991211,1.550049],[103.991504,1.454785],[103.915137,1.44668],[103.816797,1.476562],[103.694531,1.449658],[103.549805,1.332812],[103.480273,1.329492],[103.427344,1.429834],[103.4,1.497852],[103.356836,1.546143],[102.896875,1.792334],[102.727148,1.855566],[102.548242,2.042383],[102.145605,2.248486],[101.889941,2.449414],[101.78125,2.573584],[101.519727,2.683643],[101.406836,2.813477],[101.351367,2.838965],[101.295508,2.885205],[101.354297,3.011133],[101.330176,3.14248],[101.299902,3.253271],[101.11543,3.472021],[101.024805,3.624707],[100.85127,3.776709],[100.781836,3.864453],[100.71543,3.966211],[100.757031,4.001807],[100.795508,4.023389],[100.760254,4.097217],[100.661035,4.225732],[100.614551,4.373437],[100.614551,4.652246],[100.473437,5.044287],[100.352637,5.587695],[100.374023,5.777979],[100.343262,5.98418],[100.263281,6.18252],[100.158398,6.324219],[100.119141,6.441992],[99.868652,6.749902],[99.695996,6.87666],[99.720313,7.106201],[99.667773,7.150879],[99.602441,7.155322],[99.553027,7.218799],[99.596973,7.355615],[99.529102,7.329492],[99.435156,7.334375],[99.358594,7.372217],[99.300391,7.561328],[99.263672,7.619043],[99.183398,7.718066],[99.077637,7.718066],[99.042676,7.765625],[99.051074,7.887842],[98.973926,7.962793],[98.872461,8.023926],[98.788672,8.059814],[98.703516,8.256738],[98.636328,8.305029],[98.579199,8.344287],[98.499805,8.317822],[98.474023,8.246924],[98.420996,8.178223],[98.360742,8.186963],[98.305469,8.226221],[98.238184,8.423096],[98.226953,8.543652],[98.241797,8.767871],[98.325977,8.968945],[98.371387,9.290527],[98.443164,9.492822],[98.492969,9.561426],[98.561914,9.8375],[98.702539,10.190381],[98.658008,10.179053],[98.562598,10.034961],[98.521289,10.107227],[98.496875,10.18252],[98.523047,10.353125],[98.464941,10.67583],[98.500977,10.718945],[98.535645,10.740674],[98.598828,10.864404],[98.675586,10.986914],[98.682617,11.133105],[98.744727,11.240381],[98.730078,11.32998],[98.733301,11.435254],[98.746387,11.521289],[98.741406,11.591699],[98.790723,11.665088],[98.875977,11.719727],[98.840234,11.739258],[98.804785,11.779248],[98.693652,11.718359],[98.636328,11.738379],[98.624902,11.801465],[98.639063,11.869141],[98.644922,11.910303],[98.689453,11.956738],[98.686328,12.047119],[98.663867,12.126709],[98.696289,12.225244],[98.630566,12.225488],[98.600293,12.245312],[98.619141,12.3],[98.678711,12.348486],[98.624414,12.440723],[98.664648,12.539941],[98.663184,12.662402],[98.635645,12.770508],[98.637109,12.848242],[98.595117,12.986035],[98.575977,13.161914],[98.487109,13.293066],[98.421289,13.483789],[98.24541,13.733496],[98.248438,13.840381],[98.238965,13.934473],[98.200391,13.980176],[98.149512,13.647607],[98.110645,13.712891],[98.098242,13.89834],[98.072656,13.986475],[98.100195,14.161523],[97.998438,14.335303],[97.976562,14.461475],[97.909766,14.652686],[97.929297,14.695557],[98.01875,14.652588],[97.936523,14.763916],[97.869141,14.738721],[97.812305,14.858936],[97.799805,15.184912],[97.74375,15.306787],[97.774219,15.430957],[97.710352,15.875537],[97.584277,16.01958],[97.609277,16.143848],[97.640625,16.253857],[97.633691,16.457666],[97.664648,16.520459],[97.725977,16.568555],[97.668457,16.551611],[97.619629,16.537207],[97.505078,16.525293],[97.375879,16.522949],[97.331055,16.671777],[97.26748,16.743115],[97.211719,16.892578],[97.17832,17.062012],[97.200195,17.09541],[97.100195,17.164551],[97.074512,17.206934],[96.970117,17.317334],[96.851465,17.401025],[96.877734,17.342187],[96.909766,17.304834],[96.850879,17.20293],[96.908594,17.030957],[96.858008,16.921191],[96.810645,16.778369],[96.76543,16.710352],[96.622461,16.563916],[96.506641,16.514355],[96.431152,16.504932],[96.364355,16.520508],[96.282227,16.595996],[96.262109,16.659131],[96.248926,16.765332],[96.220313,16.780566],[96.189063,16.768311],[96.237695,16.63125],[96.236719,16.567432],[96.324316,16.444434],[96.293066,16.410059],[96.135059,16.342529],[96.080957,16.353369],[96.042871,16.339941],[96.032129,16.284619],[96.012305,16.253711],[95.763281,16.169043],[95.711426,16.073389],[95.679492,15.976758],[95.555664,15.837842],[95.389551,15.722754],[95.348437,15.729297],[95.301465,15.756152],[95.307813,15.88042],[95.364746,15.985449],[95.346777,16.097607],[95.333008,16.033252],[95.225879,15.876807],[95.176953,15.825684],[95.07832,15.83916],[94.942578,15.818262],[94.891211,15.979102],[94.892188,16.038184],[94.882227,16.087939],[94.897852,16.14082],[94.893164,16.182812],[94.860156,16.102441],[94.847754,16.032861],[94.798145,15.971094],[94.661523,15.904395],[94.65625,15.98877],[94.651367,16.064844],[94.680762,16.133301],[94.676562,16.242041],[94.719922,16.39873],[94.716602,16.45249],[94.70332,16.511914],[94.679004,16.425586],[94.665234,16.336133],[94.637695,16.309082],[94.5875,16.288818],[94.495703,16.186133],[94.441602,16.094385],[94.299023,16.007617],[94.223828,16.016455],[94.214258,16.126611],[94.271289,16.517285],[94.327344,16.572168],[94.353418,16.639941],[94.4,16.868164],[94.452441,16.954492],[94.473145,17.135449],[94.494336,17.166553],[94.564453,17.308545],[94.588965,17.569336],[94.560059,17.698975],[94.494336,17.824609],[94.430762,18.20166],[94.26582,18.507227],[94.252148,18.60918],[94.170703,18.732422],[94.245703,18.741162],[94.091309,18.849219],[94.07002,18.893408],[94.038965,19.146191],[94.044922,19.287402],[94.022461,19.268799],[94.001563,19.181787],[93.941016,19.146094],[93.968066,18.995068],[93.961328,18.958398],[93.929199,18.899658],[93.800098,18.960596],[93.705469,19.026904],[93.598145,19.188477],[93.493066,19.369482],[93.530566,19.397559],[93.578613,19.401172],[93.728027,19.266504],[93.824902,19.238477],[93.886133,19.271924],[93.962012,19.329346],[93.998145,19.440869],[93.960742,19.481689],[93.887891,19.503906],[93.839551,19.534131],[93.769922,19.60957],[93.761035,19.648047],[93.739551,19.697266],[93.66875,19.731982],[93.611719,19.776074],[93.659863,19.85415],[93.707031,19.912158],[93.581836,19.90957],[93.439063,20.009424],[93.40957,20.03833],[93.362305,20.058301],[93.25,20.070117],[93.156641,20.040771],[93.199023,19.89834],[93.190625,19.851221],[93.129492,19.858008],[93.001953,20.074854],[93.040332,20.129785],[93.095508,20.181348],[93.068359,20.188672],[93.015137,20.185254],[93.066797,20.377637],[93.035352,20.406152],[93.01875,20.346045],[92.990723,20.287988],[92.882129,20.152148],[92.82832,20.177588],[92.791211,20.211426],[92.843555,20.282617],[92.87168,20.301758],[92.891113,20.340332],[92.850684,20.414844],[92.786914,20.469043],[92.735645,20.562695],[92.708984,20.563965],[92.732617,20.453369],[92.722852,20.295605],[92.608008,20.469873],[92.37832,20.717578],[92.324121,20.791846],[92.307813,20.79043],[92.248145,20.883594],[92.194629,20.984277],[92.056055,21.174805],[92.010938,21.51626],[92.008008,21.684766],[91.913184,21.883057],[91.85,22.157373],[91.824805,22.228662],[91.857813,22.317334],[91.863379,22.350488],[91.84541,22.343115],[91.79707,22.297461],[91.734082,22.406689],[91.692969,22.504785],[91.529688,22.707666],[91.482129,22.797412],[91.480078,22.884814],[91.40957,22.797021],[91.31377,22.735156],[91.216211,22.642236],[91.151367,22.614063],[90.945605,22.597021],[90.826758,22.721387],[90.65625,23.025488],[90.633594,23.094238],[90.656055,23.273047],[90.615625,23.442334],[90.616113,23.531641],[90.604004,23.591357],[90.573438,23.578125],[90.561621,23.537109],[90.568066,23.474268],[90.555664,23.421533],[90.408008,23.431885],[90.269141,23.455859],[90.391504,23.366943],[90.522754,23.346143],[90.590918,23.266406],[90.599219,23.20415],[90.595117,23.133936],[90.527734,23.084961],[90.466016,23.053906],[90.477539,22.986768],[90.552246,22.904883],[90.461621,22.881787],[90.436914,22.828174],[90.435059,22.751904],[90.480664,22.684668],[90.498438,22.634814],[90.487402,22.588721],[90.531738,22.539307],[90.595508,22.43584],[90.616113,22.362158],[90.589453,22.258447],[90.552832,22.218164],[90.494141,22.178906],[90.355762,22.048242],[90.288184,21.899414],[90.230566,21.829785],[90.158789,21.816846],[90.130762,21.847412],[90.071191,21.887256],[90.07002,21.959912],[90.087891,22.01748],[90.20957,22.156592],[90.143457,22.137891],[90.068555,22.098193],[89.954199,22.022852],[89.918066,22.116162],[89.894043,22.202588],[89.893848,22.308398],[89.985156,22.466406],[89.881836,22.387598],[89.853223,22.288965],[89.86582,22.173047],[89.852539,22.090918],[89.811914,21.983496],[89.756836,21.919043],[89.667773,21.877686],[89.628125,21.81416],[89.568555,21.767432],[89.566602,21.860596],[89.547461,21.983691],[89.483203,22.275537],[89.469336,22.212939],[89.502539,22.031885],[89.500586,21.914355],[89.451953,21.821094],[89.353711,21.721094],[89.278613,21.706982],[89.234277,21.722363],[89.16709,21.784277],[89.093945,21.872754],[89.081641,22.014941],[89.051465,22.093164],[89.02793,21.937207],[88.949316,21.937939],[89.019629,21.833643],[89.041992,21.758691],[89.05166,21.654102],[88.96709,21.641357],[88.907422,21.653076],[88.85752,21.744678],[88.834375,21.661377],[88.74502,21.584375],[88.712988,21.621973],[88.694727,21.662402],[88.691211,21.733496],[88.740234,22.00542],[88.730273,22.036084],[88.708301,22.056152],[88.65957,22.066943],[88.641602,22.121973],[88.566797,21.832129],[88.599805,21.71377],[88.584668,21.659717],[88.445996,21.614258],[88.305469,21.72334],[88.2875,21.758203],[88.279199,21.696875],[88.253711,21.622314],[88.12207,21.635791],[88.056836,21.694141],[88.099414,21.793555],[88.181055,22.03291],[88.196289,22.139551],[88.087109,22.217725],[87.994434,22.265674],[87.941406,22.374316],[87.961621,22.255029],[88.010742,22.212646],[88.083008,22.182715],[88.159277,22.121729],[88.104102,22.047363],[88.050781,22.001074],[87.948438,21.825439],[87.82373,21.727344],[87.678223,21.653516],[87.200684,21.544873],[87.100684,21.500781],[86.954102,21.365332],[86.85957,21.236719],[86.842285,21.106348],[86.895801,20.965576],[86.939355,20.745068],[86.975488,20.700146],[86.924512,20.619775],[86.835938,20.534326],[86.7625,20.419141],[86.769238,20.355908],[86.750391,20.313232],[86.49873,20.171631],[86.445801,20.088916],[86.376563,20.006738],[86.293652,20.05376],[86.245215,20.053027],[86.311914,19.987793],[86.30293,19.944678],[86.279492,19.919434],[86.216211,19.895801],[85.85293,19.791748],[85.575,19.69292],[85.496875,19.696924],[85.511133,19.726904],[85.559766,19.753467],[85.555078,19.866895],[85.504102,19.887695],[85.459961,19.895898],[85.248633,19.757666],[85.162793,19.620898],[85.180762,19.594873],[85.228516,19.601318],[85.370898,19.678906],[85.436914,19.656885],[85.441602,19.626562],[85.225586,19.50835],[84.770996,19.125391],[84.749805,19.050098],[84.69082,18.964697],[84.609375,18.884326],[84.462793,18.689746],[84.181738,18.400586],[84.104102,18.292676],[83.654297,18.069873],[83.572266,18.003613],[83.387988,17.78667],[83.19834,17.608984],[82.976855,17.461816],[82.593164,17.273926],[82.35957,17.096191],[82.286523,16.978076],[82.281934,16.936084],[82.307227,16.878564],[82.35,16.825195],[82.359766,16.782812],[82.338672,16.706543],[82.327148,16.664355],[82.258789,16.559863],[82.141504,16.485352],[81.761914,16.329492],[81.711719,16.334473],[81.401855,16.365234],[81.286133,16.337061],[81.238574,16.263965],[81.132129,15.961768],[81.030078,15.881445],[80.993457,15.80874],[80.978711,15.75835],[80.917773,15.759668],[80.864746,15.782227],[80.825977,15.765918],[80.781836,15.867334],[80.707812,15.888086],[80.646582,15.89502],[80.384863,15.792773],[80.293457,15.710742],[80.101074,15.323633],[80.053418,15.074023],[80.098633,14.798242],[80.16543,14.577832],[80.178711,14.47832],[80.170117,14.349414],[80.13623,14.286572],[80.111719,14.212207],[80.143652,14.058936],[80.224414,13.858203],[80.244141,13.773486],[80.245801,13.68584],[80.306543,13.485059],[80.265625,13.521289],[80.233398,13.605762],[80.15625,13.71377],[80.062109,13.60625],[80.114258,13.528711],[80.290332,13.436719],[80.342383,13.361328],[80.229102,12.690332],[80.143066,12.452002],[80.0375,12.295801],[79.981738,12.235449],[79.858496,11.98877],[79.771387,11.690234],[79.754102,11.575293],[79.793359,11.44668],[79.748926,11.370605],[79.693164,11.312549],[79.799023,11.338672],[79.835254,11.268848],[79.848633,11.196875],[79.850195,10.768848],[79.838184,10.322559],[79.756934,10.304346],[79.667383,10.299707],[79.588574,10.312354],[79.531641,10.329639],[79.390527,10.305957],[79.314551,10.256689],[79.253613,10.174805],[79.257812,10.035205],[78.996289,9.683105],[78.939941,9.565771],[78.919141,9.452881],[78.953125,9.393799],[79.019922,9.33335],[79.107031,9.308936],[79.275488,9.284619],[79.356348,9.252148],[79.411426,9.192383],[79.212891,9.256006],[78.97959,9.268555],[78.421484,9.105029],[78.274512,8.990186],[78.19248,8.890869],[78.136035,8.663379],[78.126367,8.511328],[78.060156,8.38457],[77.770312,8.189844],[77.587207,8.129883],[77.517578,8.07832],[77.301465,8.145312],[77.065918,8.315918],[76.966895,8.407275],[76.617285,8.84707],[76.553418,8.902783],[76.48291,9.090771],[76.471777,9.16084],[76.452344,9.18877],[76.419043,9.207812],[76.403125,9.236816],[76.324609,9.4521],[76.292383,9.676465],[76.242383,9.9271],[76.284668,9.909863],[76.343066,9.827344],[76.372266,9.707373],[76.375586,9.539893],[76.419531,9.520459],[76.458789,9.53623],[76.346484,9.922119],[76.24873,10.017969],[76.222754,10.024268],[76.195605,10.086133],[76.192676,10.16377],[76.201465,10.200635],[76.12334,10.327002],[76.096094,10.402246],[75.922559,10.784082],[75.844629,11.057568],[75.723828,11.361768],[75.646094,11.468408],[75.524512,11.703125],[75.422656,11.812207],[75.314648,11.958447],[75.229785,12.02334],[75.19668,12.05752],[74.945508,12.564551],[74.868262,12.84458],[74.80293,12.976855],[74.770508,13.077344],[74.682324,13.506934],[74.681641,13.58374],[74.670898,13.667627],[74.608496,13.849658],[74.498535,14.046338],[74.466699,14.168848],[74.466992,14.216504],[74.397168,14.407422],[74.382227,14.494727],[74.335059,14.575439],[74.280371,14.649512],[74.223047,14.708887],[74.08877,14.902197],[74.040625,14.949365],[73.949219,15.074756],[73.884277,15.306445],[73.800781,15.396973],[73.931934,15.396973],[73.851953,15.482471],[73.813867,15.538574],[73.771777,15.573047],[73.832813,15.659375],[73.732813,15.656934],[73.679883,15.708887],[73.607715,15.871094],[73.476074,16.054248],[73.453711,16.1521],[73.337598,16.459863],[73.23916,17.198535],[73.149023,17.527441],[73.156055,17.621924],[73.047168,17.906738],[72.993945,18.097705],[72.97207,18.259277],[72.943164,18.365625],[72.917188,18.576123],[72.875488,18.642822],[72.870898,18.683057],[72.89873,18.778955],[72.976855,18.927197],[73.005566,19.021094],[72.97207,19.15332],[72.900684,19.014502],[72.834668,18.975586],[72.803027,19.079297],[72.802734,19.21875],[72.794531,19.2521],[72.811621,19.298926],[72.987207,19.277441],[72.787891,19.362988],[72.763965,19.413184],[72.756445,19.450537],[72.799414,19.519824],[72.726562,19.578271],[72.697461,19.757129],[72.675977,19.797949],[72.667773,19.830957],[72.708984,20.078027],[72.881152,20.563184],[72.89375,20.672754],[72.878906,20.828516],[72.840527,20.95249],[72.824316,21.083594],[72.813867,21.117188],[72.751563,21.12915],[72.692383,21.177637],[72.623828,21.371973],[72.686523,21.435742],[72.734766,21.470801],[72.668359,21.455908],[72.613281,21.461816],[72.717578,21.55127],[72.810547,21.619922],[73.022461,21.699609],[73.1125,21.750439],[72.979102,21.704687],[72.839746,21.687256],[72.543066,21.696582],[72.59248,21.877588],[72.644043,21.937988],[72.700195,21.971924],[72.61748,21.961719],[72.522266,21.976221],[72.553027,22.159961],[72.62793,22.199609],[72.708789,22.207178],[72.80918,22.233301],[72.701953,22.263623],[72.590137,22.278125],[72.455957,22.248096],[72.332617,22.270215],[72.182813,22.269727],[72.242578,22.245166],[72.306445,22.189209],[72.274414,22.089746],[72.244336,22.027637],[72.161719,21.984814],[72.094434,21.919971],[72.075586,21.862988],[72.037207,21.823047],[72.10293,21.79458],[72.170898,21.774316],[72.210352,21.728223],[72.256641,21.66123],[72.254004,21.531006],[72.076563,21.224072],[72.015234,21.155713],[71.571094,20.970557],[71.396484,20.869775],[71.024609,20.738867],[70.879688,20.714502],[70.719336,20.74043],[70.485059,20.840186],[70.127344,21.094678],[70.034375,21.178809],[69.748438,21.505713],[69.541992,21.678564],[69.385449,21.839551],[69.191699,21.991504],[69.008789,22.196777],[68.969922,22.290283],[68.983496,22.3854],[69.05166,22.437305],[69.131348,22.41626],[69.194238,22.336084],[69.238867,22.300195],[69.276563,22.285498],[69.549219,22.408398],[69.655176,22.403516],[69.727539,22.465186],[69.819043,22.451758],[70.005859,22.547705],[70.08418,22.553516],[70.177246,22.572754],[70.327734,22.815771],[70.44043,22.970312],[70.513477,23.00249],[70.509375,23.040137],[70.489258,23.089502],[70.43457,23.0771],[70.396289,23.030127],[70.367969,22.973486],[70.339453,22.939746],[70.251172,22.970898],[70.191699,22.965674],[70.118262,22.947021],[69.849805,22.856445],[69.739648,22.775195],[69.664648,22.759082],[69.235938,22.848535],[68.81709,23.053711],[68.640723,23.189941],[68.529199,23.364063],[68.41748,23.571484],[68.453809,23.629492],[68.627148,23.75415],[68.776758,23.8521],[68.642383,23.808496],[68.496875,23.747998],[68.424902,23.705566],[68.343359,23.616846],[68.234961,23.596973],[68.191992,23.728906],[68.165039,23.857324],[68.148828,23.797217],[68.115527,23.753369],[68.067773,23.818359],[68.037012,23.848242],[68.001465,23.826074],[67.950977,23.828613],[67.859961,23.902686],[67.819043,23.828076],[67.668457,23.810986],[67.649512,23.867285],[67.645801,23.919873],[67.563086,23.881836],[67.503613,23.940039],[67.476855,24.018262],[67.453906,24.039893],[67.427637,24.064844],[67.365234,24.091602],[67.309375,24.174805],[67.304297,24.262891],[67.288672,24.367773],[67.171484,24.756104],[67.100586,24.791943],[66.703027,24.860937],[66.682227,24.928857],[66.709863,25.111328],[66.698633,25.226318],[66.569922,25.378516],[66.533887,25.484375],[66.428613,25.575342],[66.324219,25.601807],[66.219043,25.589893],[66.162305,25.553906],[66.131152,25.493262],[66.356445,25.507373],[66.407129,25.485059],[66.467676,25.445312],[66.40293,25.446826],[66.32832,25.465771],[66.234668,25.464355],[65.883594,25.419629],[65.679688,25.355273],[65.40625,25.374316],[65.061328,25.311084],[64.77666,25.307324],[64.658984,25.184082],[64.594043,25.206299],[64.54375,25.23667],[64.152051,25.333447],[64.124902,25.373926],[64.059375,25.40293],[63.987305,25.351172],[63.935547,25.342529],[63.720898,25.385889],[63.556641,25.353174],[63.495703,25.29751],[63.491406,25.21084],[63.285742,25.227588],[63.17002,25.254883],[63.015039,25.224658],[62.664746,25.264795],[62.572461,25.254736],[62.444727,25.197266],[62.391211,25.152539],[62.315332,25.134912],[62.24873,25.197363],[62.198633,25.224854],[62.152148,25.206641],[62.089453,25.155322],[61.90791,25.131299],[61.743652,25.138184],[61.533105,25.195508],[61.490332,25.153662],[61.412207,25.1021],[61.242969,25.141992],[61.108594,25.183887],[60.663867,25.282227],[60.615137,25.329834],[60.5875,25.413525],[60.510547,25.437061],[60.400195,25.311572],[60.024707,25.384131],[59.89707,25.361816],[59.818359,25.400879],[59.616016,25.403271],[59.456055,25.481494],[59.227246,25.427734],[59.046094,25.417285],[58.797852,25.55459],[58.530859,25.592432],[58.314258,25.580859],[58.20293,25.591602],[58.022363,25.64082],[57.936621,25.69165],[57.796094,25.653027],[57.73252,25.724902],[57.33457,25.791553],[57.260938,25.918848],[57.205566,26.037207],[57.201367,26.158838],[57.104297,26.371436],[57.071973,26.680078],[57.036035,26.800684],[56.982227,26.905469],[56.910449,26.99458],[56.812891,27.08999],[56.728125,27.127686],[56.356152,27.200244],[56.284375,27.190625],[56.118066,27.143115],[55.941113,27.037598],[55.650293,26.977539],[55.591602,26.932129],[55.518555,26.829932],[55.424023,26.770557],[55.294141,26.785937],[55.15459,26.725391],[54.895801,26.556689],[54.759277,26.505078],[54.644922,26.508936],[54.52207,26.58916],[54.24707,26.696631],[54.069336,26.732373],[53.822559,26.707715],[53.705762,26.725586],[53.507129,26.851758],[53.45498,26.943262],[53.341699,27.004492],[52.98252,27.141943],[52.691602,27.323389],[52.638184,27.391992],[52.602637,27.493359],[52.475879,27.616504],[52.191895,27.717285],[52.030762,27.824414],[51.841992,27.848242],[51.666309,27.844971],[51.589063,27.864209],[51.518555,27.91001],[51.278906,28.131348],[51.276074,28.218848],[51.128418,28.435156],[51.093848,28.512109],[51.062012,28.726123],[51.021191,28.78208],[50.866992,28.870166],[50.842969,28.927832],[50.875781,29.004395],[50.875781,29.062695],[50.795508,29.117432],[50.675195,29.146582],[50.646094,29.212207],[50.667969,29.339844],[50.649609,29.420068],[50.543555,29.547998],[50.386914,29.679053],[50.230176,29.8729],[50.168945,29.92124],[50.128906,30.048096],[50.071582,30.198535],[49.983105,30.209375],[49.554883,30.028955],[49.42998,30.130469],[49.054297,30.306934],[49.028125,30.333447],[49.001953,30.373926],[49.049023,30.397266],[49.096191,30.406787],[49.190332,30.375391],[49.247266,30.4125],[49.224512,30.472314],[49.130371,30.509424],[49.001953,30.506543],[49.037109,30.450488],[48.916797,30.397266],[48.891211,30.327637],[48.908691,30.241455],[48.919141,30.120898],[48.870117,30.062402],[48.832422,30.035498],[48.670898,30.02832],[48.595508,29.975049],[48.546484,29.962354],[48.454199,29.938477],[48.35459,29.956738],[48.141699,30.040918],[48.072754,30.043213],[47.98252,30.011328],[47.978711,29.982812],[47.973633,29.945898],[48.005664,29.835791],[48.077344,29.715576],[48.136133,29.618115],[48.143457,29.572461],[48.089453,29.579102],[48.04834,29.59751],[47.969629,29.616699],[47.81748,29.487402],[47.725293,29.416943],[47.722656,29.393018],[47.845313,29.365723],[47.935352,29.366602],[47.998145,29.385547],[48.051465,29.355371],[48.086328,29.275488],[48.100391,29.210742],[48.183789,28.979395],[48.25293,28.90127],[48.339258,28.763281],[48.371289,28.691846],[48.389648,28.631592],[48.44248,28.54292],[48.498535,28.448877],[48.523047,28.355029],[48.626367,28.132568],[48.77373,27.959082],[48.808984,27.895898],[48.832813,27.800684],[48.807227,27.765283],[48.797168,27.724316],[48.906445,27.629053],[49.086914,27.548584],[49.15752,27.528223],[49.2375,27.492725],[49.175098,27.437646],[49.281543,27.310498],[49.405273,27.180957],[49.537695,27.151758],[49.716504,26.955859],[49.986133,26.828906],[50.149805,26.662646],[50.134668,26.659521],[50.086621,26.676416],[50.026367,26.699219],[50.008105,26.678516],[50.011328,26.608789],[50.027344,26.526855],[50.110742,26.455957],[50.184961,26.404932],[50.213867,26.308496],[50.155469,26.100537],[50.135254,26.100684],[50.095996,26.118701],[50.053906,26.122852],[50.031641,26.110986],[50.081055,25.961377],[50.130273,25.846631],[50.189648,25.755811],[50.238965,25.622852],[50.28125,25.566113],[50.455176,25.424805],[50.508496,25.306689],[50.55791,25.08667],[50.666895,24.963818],[50.725586,24.869385],[50.804395,24.789258],[50.835938,24.850391],[50.846777,24.888574],[50.777344,25.177441],[50.75459,25.399268],[50.762891,25.444727],[50.802637,25.49707],[50.868652,25.612695],[50.903809,25.724072],[51.003125,25.981445],[51.108105,26.080566],[51.262305,26.153271],[51.389063,26.011133],[51.543066,25.902393],[51.572266,25.781006],[51.526953,25.682129],[51.485352,25.524707],[51.510254,25.452344],[51.519531,25.389746],[51.561426,25.284473],[51.601953,25.147949],[51.608887,25.052881],[51.586914,24.964844],[51.533398,24.890869],[51.42793,24.668262],[51.396484,24.645117],[51.267969,24.607227],[51.338477,24.564355],[51.41123,24.570801],[51.418359,24.530957],[51.369922,24.476904],[51.309863,24.340381],[51.395215,24.318848],[51.476758,24.308203],[51.534766,24.286328],[51.568359,24.286182],[51.605469,24.338428],[51.623145,24.301074],[51.664551,24.250439],[51.734766,24.262793],[51.767578,24.254395],[51.791699,24.074756],[51.843164,24.010889],[51.906055,23.985352],[52.118555,23.971094],[52.250879,23.995215],[52.511426,24.1125],[52.648242,24.154639],[53.026367,24.147314],[53.32959,24.098438],[53.801758,24.069482],[53.893359,24.077051],[54.147949,24.171191],[54.304297,24.254297],[54.39707,24.278174],[54.458398,24.358252],[54.498828,24.462695],[54.534668,24.530957],[54.580469,24.563525],[54.624121,24.621289],[54.658984,24.715527],[54.746777,24.810449],[55.098145,25.041602],[55.303516,25.236816],[55.32168,25.299805],[55.433398,25.394482],[55.522852,25.498145],[55.941211,25.793994],[56.025195,25.916016],[56.074609,26.052783],[56.080469,26.062646],[56.164453,26.207031],[56.197266,26.229199],[56.228418,26.219775],[56.305566,26.235205],[56.346484,26.313623],[56.378711,26.356348],[56.413086,26.351172],[56.429785,26.327197],[56.417773,26.208154],[56.416406,26.10874],[56.373633,25.80459],[56.329297,25.751953],[56.307227,25.709326],[56.297852,25.650684],[56.363477,25.569385],[56.372852,25.018311],[56.387988,24.979199],[56.489844,24.716357],[56.640625,24.470312],[56.774121,24.33457],[56.9125,24.150195],[57.123047,23.980713],[57.219824,23.922754],[57.611328,23.803662],[57.825098,23.759131],[58.12041,23.716553],[58.324512,23.623828],[58.393164,23.618164],[58.5,23.645654],[58.578027,23.643457],[58.773047,23.517187],[58.830371,23.397461],[58.911523,23.33418],[58.983398,23.234717],[59.029883,23.130566],[59.194727,22.971875],[59.310938,22.793359],[59.429395,22.66084],[59.535156,22.578516],[59.695605,22.546143],[59.823242,22.508984],[59.8375,22.420557],[59.824414,22.305176],[59.8,22.219922],[59.680859,22.053809],[59.652539,21.951367],[59.517578,21.782324],[59.371484,21.498828],[59.304492,21.435352],[59.06875,21.289062],[58.895703,21.112793],[58.69043,20.807129],[58.53418,20.503906],[58.474219,20.406885],[58.34873,20.386914],[58.266016,20.395459],[58.208984,20.423975],[58.231641,20.506836],[58.24502,20.599219],[58.169434,20.589502],[58.10293,20.570361],[57.947168,20.343604],[57.861816,20.244141],[57.843652,20.117725],[57.802148,19.95459],[57.741211,19.804492],[57.71416,19.678418],[57.715137,19.606934],[57.76084,19.432227],[57.763965,19.25332],[57.790332,19.145947],[57.811621,19.01709],[57.738477,18.977344],[57.675781,18.957861],[57.42793,18.943799],[57.176563,18.902588],[56.957227,18.827832],[56.825977,18.753516],[56.655078,18.587354],[56.550781,18.165967],[56.383496,17.987988],[56.270313,17.950781],[55.997656,17.935205],[55.613867,17.886084],[55.479102,17.843262],[55.255371,17.585645],[55.238184,17.504736],[55.281445,17.44624],[55.295605,17.381592],[55.275195,17.320898],[55.17373,17.157617],[55.06416,17.038916],[54.771875,16.964648],[54.664648,17.008887],[54.566504,17.03125],[54.376953,17.033643],[54.068164,17.005518],[53.954395,16.917822],[53.775391,16.855713],[53.609863,16.759961],[53.297754,16.72334],[53.085645,16.648389],[52.581445,16.470361],[52.448438,16.39126],[52.327734,16.293555],[52.237305,16.171387],[52.174023,15.956836],[52.22207,15.760596],[52.21748,15.655518],[52.087305,15.585938],[51.96582,15.535693],[51.830762,15.459277],[51.748633,15.440137],[51.681543,15.379102],[51.603711,15.336816],[51.322461,15.22627],[51.015137,15.140771],[50.527051,15.038184],[50.338574,14.927197],[50.166895,14.851025],[49.906348,14.828125],[49.548633,14.722412],[49.349902,14.637793],[49.10293,14.500049],[49.048047,14.456445],[49.004688,14.355029],[48.928711,14.26748],[48.77998,14.123877],[48.668359,14.050146],[48.59375,14.04624],[48.449023,14.005908],[48.277832,13.997656],[47.989941,14.048096],[47.916016,14.012842],[47.855078,13.956934],[47.633398,13.858447],[47.407715,13.661621],[47.242578,13.609375],[46.975684,13.547461],[46.788867,13.465576],[46.663477,13.432715],[46.501953,13.415576],[46.203125,13.423828],[45.919727,13.394287],[45.657324,13.338721],[45.533984,13.233496],[45.393555,13.067041],[45.163867,12.998291],[45.109766,12.938574],[45.038672,12.815869],[44.889844,12.78418],[44.755273,12.76377],[44.617773,12.817236],[44.358496,12.669141],[44.260352,12.644629],[44.111523,12.638672],[44.005859,12.607666],[43.929785,12.616504],[43.835352,12.674414],[43.634375,12.744482],[43.487598,12.698828],[43.475293,12.839014],[43.231934,13.26709],[43.282617,13.639844],[43.282422,13.692529],[43.234082,13.858936],[43.089063,14.010986],[43.093359,14.203662],[43.044824,14.341553],[43.00625,14.483105],[43.01875,14.520801],[43.021094,14.554883],[42.946973,14.773145],[42.922168,14.817383],[42.912988,14.863086],[42.937305,14.898047],[42.936426,14.938574],[42.89707,15.005566],[42.855664,15.132959],[42.657813,15.232812],[42.697852,15.326318],[42.736426,15.293555],[42.788477,15.265723],[42.799023,15.32627],[42.799902,15.371631],[42.717188,15.654639],[42.839648,16.032031],[42.799316,16.371777],[42.789844,16.451562],[42.730664,16.569824],[42.726367,16.65332],[42.698828,16.736963],[42.647461,16.801367],[42.55293,16.868457],[42.544141,16.959668],[42.475,17.049854],[42.383301,17.122461],[42.332422,17.256641],[42.293945,17.434961],[42.052246,17.669336],[41.75,17.885742],[41.658008,18.007666],[41.507617,18.256104],[41.431738,18.452441],[41.229492,18.678418],[41.220801,18.765234],[41.19082,18.871191],[41.144141,18.989063],[41.116016,19.082178],[40.913281,19.490137],[40.847852,19.555273],[40.791602,19.646387],[40.777051,19.716895],[40.75918,19.755469],[40.615918,19.822363],[40.482227,19.993457],[40.080664,20.265918],[39.884082,20.292969],[39.72832,20.390332],[39.613672,20.517676],[39.491211,20.737012],[39.276074,20.973975],[39.093555,21.310352],[39.150684,21.432764],[39.14707,21.518994],[39.091016,21.663965],[39.029785,21.775977],[38.987891,21.881738],[39.021191,22.033447],[39.033984,22.203369],[39.069922,22.293652],[39.095898,22.392773],[39.062012,22.592187],[39.001367,22.698975],[39.007422,22.770068],[38.93877,22.804785],[38.88291,22.882031],[38.941113,22.881836],[38.835547,22.989063],[38.796875,23.048584],[38.757031,23.194287],[38.706055,23.305518],[38.542285,23.55791],[38.46416,23.711865],[38.288867,23.910986],[38.098633,24.058008],[37.977832,24.124561],[37.919727,24.1854],[37.820996,24.1875],[37.713379,24.274414],[37.638184,24.277734],[37.543066,24.29165],[37.430957,24.459033],[37.338477,24.61582],[37.180859,24.82002],[37.22041,24.87334],[37.266309,24.960059],[37.243457,25.073437],[37.218359,25.150684],[37.148828,25.291113],[36.920703,25.641162],[36.860156,25.69248],[36.762695,25.751318],[36.702539,25.902881],[36.675195,26.038867],[36.51875,26.104883],[36.249609,26.594775],[36.09375,26.76582],[36.032031,26.881006],[35.85166,27.070459],[35.762988,27.258789],[35.581348,27.432471],[35.423828,27.733789],[35.180469,28.034863],[35.07832,28.087012],[34.827539,28.108594],[34.72207,28.130664],[34.625,28.064502],[34.616211,28.14834],[34.683301,28.264111],[34.779883,28.507324],[34.799121,28.720508],[34.950781,29.353516],[34.982227,29.484473],[34.973438,29.555029],[34.904297,29.477344],[34.848535,29.432129],[34.736426,29.270605],[34.617188,28.75791],[34.446484,28.357324],[34.427148,28.106494],[34.399707,28.016016],[34.318555,27.888965],[34.220117,27.764307],[34.045117,27.828857],[33.760254,28.047656],[33.594141,28.255566],[33.416113,28.389844],[33.247754,28.567725],[33.201953,28.695703],[33.203711,28.777783],[33.130176,28.978271],[33.075781,29.073047],[32.870605,29.28623],[32.811719,29.4],[32.766699,29.45],[32.721484,29.521777],[32.647168,29.798437],[32.565723,29.973975],[32.473047,29.925439],[32.489453,29.851514],[32.408594,29.749316],[32.359766,29.630664],[32.397266,29.533789],[32.565039,29.386328],[32.599023,29.321924],[32.638086,29.182178],[32.631836,28.992236],[32.658887,28.927734],[32.784473,28.786621],[32.829492,28.702881],[32.856543,28.630615],[32.898242,28.565234],[33.022852,28.442285],[33.202148,28.208301],[33.372266,28.050586],[33.494922,27.974463],[33.54707,27.898145],[33.558789,27.701221],[33.549805,27.607373],[33.657422,27.430566],[33.697266,27.341113],[33.80166,27.268164],[33.849316,27.184912],[33.893066,27.049463],[33.959082,26.649023],[34.049512,26.550732],[34.329297,26.024365],[34.565137,25.691162],[34.679297,25.442529],[34.853223,25.139795],[35.194141,24.475146],[35.39707,24.269971],[35.477832,24.154785],[35.624707,24.066016],[35.783887,23.937793],[35.632031,23.950342],[35.593848,23.942578],[35.54082,23.920654],[35.515234,23.842871],[35.504395,23.779297],[35.522754,23.442529],[35.564355,23.271094],[35.697852,22.946191],[35.797363,22.84873],[35.845801,22.785693],[35.913379,22.739648],[36.229688,22.628809],[36.414551,22.394189],[36.829688,22.097656],[36.87041,22.015771],[36.871387,21.996729],[36.882617,21.768799],[36.926953,21.586523],[37.081152,21.326025],[37.211719,21.18584],[37.258594,21.108545],[37.263184,21.072656],[37.257227,21.039404],[37.21748,21.077637],[37.150586,21.10376],[37.141113,20.981787],[37.156836,20.894922],[37.172656,20.731982],[37.227539,20.556738],[37.187891,20.394922],[37.193164,20.120703],[37.262598,19.791895],[37.248438,19.581885],[37.361523,19.091992],[37.471289,18.820117],[37.531641,18.753125],[37.599414,18.717432],[37.729785,18.694336],[37.921875,18.555908],[38.074023,18.409766],[38.128125,18.333301],[38.201758,18.249414],[38.252148,18.264404],[38.283105,18.286719],[38.33291,18.219043],[38.574023,18.072949],[38.609473,18.005078],[38.911719,17.427148],[39.034473,17.085547],[39.142578,16.72915],[39.222559,16.193701],[39.298926,15.921094],[39.422266,15.78667],[39.506543,15.532129],[39.578809,15.52251],[39.63125,15.452539],[39.720801,15.213672],[39.785547,15.124854],[39.819434,15.20127],[39.815625,15.245312],[39.790332,15.318848],[39.813477,15.413574],[39.86377,15.470312],[39.97832,15.393115],[40.041016,15.334521],[40.057813,15.21709],[40.084082,15.151953],[40.204102,15.014111],[40.305273,14.974023],[40.436523,14.963965],[40.546289,14.933594],[40.634375,14.883008],[40.799316,14.743018],[41.176465,14.620312],[41.479688,14.243896],[41.658203,13.983057],[42.245117,13.587646],[42.346484,13.398096],[42.399316,13.212598],[42.522852,13.221484],[42.734473,13.018604],[42.796191,12.864258],[42.969531,12.80835],[42.999023,12.899512],[43.08291,12.824609],[43.116699,12.708594],[43.130859,12.660449],[43.298633,12.463867],[43.353516,12.367041],[43.409766,12.189941],[43.380273,12.09126],[43.336719,12.027002],[43.27207,11.969531],[43.048047,11.829053],[42.799023,11.739404],[42.640039,11.560107],[42.521777,11.572168],[42.539746,11.504297],[42.583789,11.496777],[42.652734,11.50957],[42.789746,11.561719],[42.911523,11.586621],[43.042773,11.588477],[43.161719,11.566016],[43.245996,11.499805],[43.441211,11.346436],[43.631152,11.035449],[43.852734,10.784277],[44.158203,10.550781],[44.279297,10.471875],[44.386523,10.430225],[44.942969,10.436719],[45.337695,10.649756],[45.695898,10.803906],[45.816699,10.835889],[46.024512,10.793701],[46.253906,10.781104],[46.460254,10.73418],[46.565039,10.745996],[46.973438,10.925391],[47.230078,11.099902],[47.40498,11.174023],[47.473828,11.174805],[47.7125,11.112012],[48.019238,11.139355],[48.438867,11.290137],[48.572559,11.320508],[48.674414,11.322656],[48.903125,11.254883],[48.938574,11.258447],[49.062109,11.27085],[49.388281,11.342725],[49.64209,11.450928],[50.110059,11.529297],[50.466211,11.727539],[50.52832,11.823193],[50.635938,11.943799],[50.792285,11.983691],[51.191309,11.841992],[51.254883,11.830713],[51.231836,11.74502],[51.218164,11.657666],[51.136328,11.505127],[51.084277,11.335645],[51.122266,11.076758],[51.140625,10.656885],[51.13125,10.595898],[51.104883,10.53584],[51.093848,10.488525],[51.050781,10.471973],[51.031836,10.444775],[51.063184,10.433936],[51.188281,10.479736],[51.185547,10.529834],[51.192969,10.554639],[51.295703,10.498682],[51.369141,10.475244],[51.390234,10.422607],[51.38457,10.386523],[51.268164,10.403125],[51.208789,10.431055],[51.035938,10.385156],[50.930078,10.335547],[50.898438,10.253125],[50.87373,9.92417],[50.832813,9.710498],[50.825,9.428174],[50.685156,9.241162],[50.637988,9.109277],[50.429785,8.845264],[50.321191,8.61958],[50.285742,8.509424],[50.102832,8.199805],[49.852051,7.962549],[49.76123,7.659521],[49.671191,7.469531],[49.57002,7.296973],[49.348535,6.990527],[49.234961,6.777344],[49.092676,6.407861],[49.049316,6.173633],[48.649023,5.494385],[48.233984,4.952686],[47.975293,4.497021],[47.511426,3.968262],[46.878809,3.285645],[46.051172,2.475146],[45.82627,2.309863],[44.920215,1.810156],[44.332715,1.390967],[44.032715,1.105908],[43.717578,0.857861],[43.467676,0.621631],[42.712109,-0.175684],[42.63418,-0.250781],[42.560742,-0.321484],[42.465625,-0.456543],[42.399414,-0.510059],[42.218945,-0.737988],[42.10625,-0.856152],[41.979883,-0.973047],[41.92627,-1.055566],[41.888281,-1.150586],[41.846191,-1.203418],[41.732227,-1.430078],[41.632031,-1.578516],[41.532715,-1.695312],[41.386914,-1.866992],[41.26748,-1.94502],[41.106836,-1.982324],[41.058691,-1.975195],[40.995508,-1.950586],[40.970703,-1.991797],[40.952148,-2.055957],[40.916602,-2.04248],[40.889746,-2.023535],[40.905859,-2.1375],[40.922363,-2.19375],[40.898242,-2.269922],[40.820117,-2.336328],[40.813184,-2.392383],[40.644141,-2.539453],[40.404492,-2.555664],[40.278516,-2.628613],[40.222461,-2.688379],[40.179785,-2.819043],[40.194727,-3.019238],[40.128125,-3.17334],[40.11543,-3.250586],[39.991699,-3.350684],[39.936816,-3.44248],[39.896289,-3.53584],[39.860938,-3.576758],[39.819141,-3.786035],[39.761426,-3.913086],[39.745801,-3.955176],[39.731641,-3.993262],[39.686914,-4.067871],[39.658008,-4.119141],[39.637109,-4.152832],[39.490918,-4.478418],[39.376953,-4.625488],[39.2875,-4.608594],[39.228125,-4.665527],[39.221777,-4.692383],[39.201855,-4.776465],[39.123242,-4.980469],[39.11875,-5.06543],[39.087988,-5.16543],[39.058301,-5.231543],[38.978223,-5.518555],[38.911035,-5.625977],[38.819238,-5.877637],[38.804688,-6.070117],[38.855273,-6.204883],[38.874023,-6.33125],[38.981445,-6.455078],[39.067383,-6.499316],[39.125488,-6.555957],[39.228418,-6.685254],[39.287305,-6.814941],[39.472363,-6.878613],[39.546094,-7.024023],[39.519238,-7.124121],[39.433398,-7.207031],[39.353125,-7.341406],[39.288477,-7.517871],[39.287012,-7.787695],[39.330469,-7.74668],[39.428418,-7.812793],[39.441016,-8.011523],[39.340039,-8.242871],[39.308984,-8.350977],[39.304004,-8.443848],[39.377344,-8.720801],[39.488379,-8.861816],[39.480078,-8.905957],[39.45127,-8.942969],[39.641309,-9.19248],[39.625488,-9.409473],[39.69668,-9.578418],[39.72793,-9.724805],[39.774805,-9.837109],[39.783789,-9.914551],[39.725195,-10.000488],[39.86377,-10.021973],[39.945215,-10.092285],[39.983594,-10.15957],[40.083691,-10.156641],[40.137891,-10.202637],[40.216016,-10.240625],[40.38877,-10.353516],[40.435547,-10.410254],[40.452539,-10.442969],[40.463574,-10.464355],[40.516699,-10.567383],[40.611719,-10.661523],[40.555078,-10.716211],[40.486621,-10.765137],[40.597168,-10.830664],[40.516113,-10.92959],[40.50625,-10.998438],[40.526855,-11.025391],[40.544531,-11.065625],[40.491406,-11.178906],[40.420996,-11.265625],[40.402832,-11.332031],[40.465137,-11.449414],[40.433105,-11.657324],[40.493555,-11.844434],[40.510449,-11.94043],[40.531543,-12.00459],[40.501465,-12.119434],[40.50918,-12.312891],[40.523145,-12.392773],[40.487109,-12.492188],[40.54834,-12.526563],[40.580859,-12.635547],[40.57207,-12.758398],[40.55332,-12.824609],[40.447656,-12.904785],[40.435156,-12.935938],[40.436816,-12.983105],[40.56875,-12.984668],[40.573242,-13.057715],[40.564453,-13.115234],[40.569531,-13.223438],[40.551953,-13.29375],[40.58291,-13.374023],[40.545117,-13.462891],[40.558203,-13.531445],[40.559863,-13.620313],[40.590527,-13.84502],[40.595703,-14.122852],[40.602539,-14.167383],[40.649512,-14.198828],[40.715625,-14.214453],[40.713086,-14.290625],[40.639941,-14.390039],[40.635547,-14.451855],[40.646094,-14.538672],[40.72666,-14.420703],[40.775,-14.421289],[40.818164,-14.467578],[40.812109,-14.535547],[40.826953,-14.569043],[40.820605,-14.634961],[40.844531,-14.718652],[40.835156,-14.791504],[40.775977,-14.84248],[40.700684,-14.929785],[40.687402,-15.011621],[40.694336,-15.065234],[40.642188,-15.082422],[40.617773,-15.115527],[40.653125,-15.192676],[40.650977,-15.260938],[40.558984,-15.473438],[40.313867,-15.763965],[40.208008,-15.86709],[40.108789,-15.979297],[40.108887,-16.025293],[40.099219,-16.065332],[39.983594,-16.225488],[39.859766,-16.251758],[39.790918,-16.294531],[39.844629,-16.435645],[39.764551,-16.468164],[39.625391,-16.579395],[39.242285,-16.792578],[39.181738,-16.841992],[39.084375,-16.972852],[38.956055,-17.00459],[38.884766,-17.041602],[38.757617,-17.055176],[38.713281,-17.045703],[38.669922,-17.050293],[38.633301,-17.07832],[38.380762,-17.170117],[38.144922,-17.242773],[38.086914,-17.275977],[38.048242,-17.321387],[37.839453,-17.393164],[37.512305,-17.570703],[37.244531,-17.739941],[37.050586,-17.909277],[36.999512,-17.934961],[36.939355,-17.993457],[36.919238,-18.080078],[36.899609,-18.129004],[36.756152,-18.307324],[36.540137,-18.518164],[36.498047,-18.575781],[36.412207,-18.692969],[36.403711,-18.769727],[36.327246,-18.793164],[36.262891,-18.719629],[36.235645,-18.861328],[36.183203,-18.871387],[36.125,-18.842383],[35.980078,-18.9125],[35.853711,-18.993359],[35.65127,-19.163867],[35.365332,-19.493945],[34.947852,-19.812695],[34.89082,-19.821777],[34.852344,-19.820508],[34.720996,-19.70957],[34.649414,-19.701367],[34.713477,-19.767188],[34.755762,-19.821973],[34.74502,-19.929492],[34.75,-20.09082],[34.698145,-20.404395],[34.705078,-20.473047],[34.764746,-20.561914],[34.877051,-20.670801],[34.982324,-20.80625],[35.117578,-21.195215],[35.128027,-21.395313],[35.267676,-21.650977],[35.272949,-21.761719],[35.329297,-22.037402],[35.325586,-22.260352],[35.315723,-22.396875],[35.383008,-22.45459],[35.407813,-22.402539],[35.400879,-22.316211],[35.418848,-22.177637],[35.456348,-22.115918],[35.49375,-22.124707],[35.504883,-22.190137],[35.530078,-22.248145],[35.540234,-22.302637],[35.541992,-22.376563],[35.490234,-22.657715],[35.505762,-22.77207],[35.575391,-22.963086],[35.494434,-23.185156],[35.376953,-23.707813],[35.37041,-23.798242],[35.398828,-23.837695],[35.462109,-23.851074],[35.485352,-23.784473],[35.522461,-23.784961],[35.541992,-23.824414],[35.489648,-24.065527],[35.438086,-24.171191],[35.254883,-24.430273],[35.155957,-24.541406],[34.99209,-24.650586],[34.607324,-24.821289],[33.836035,-25.067969],[33.530078,-25.188867],[33.347461,-25.260938],[32.961133,-25.49043],[32.792188,-25.644336],[32.722559,-25.820898],[32.655859,-25.901758],[32.59043,-26.004102],[32.647461,-26.091992],[32.703516,-26.158496],[32.769629,-26.203027],[32.803906,-26.241406],[32.848828,-26.268066],[32.894043,-26.129883],[32.916406,-26.086914],[32.954883,-26.083594],[32.933594,-26.252344],[32.88916,-26.830469],[32.886133,-26.849316],[32.849121,-27.080176],[32.705859,-27.441602],[32.657031,-27.607324],[32.534766,-28.199707],[32.375195,-28.498242],[32.285742,-28.621484],[32.027246,-28.839551],[31.955371,-28.883789],[31.891504,-28.912109],[31.778223,-28.937109],[31.335156,-29.378125],[31.169922,-29.59082],[31.02334,-29.900879],[30.877637,-30.071094],[30.663574,-30.43418],[30.472266,-30.714551],[30.288672,-30.970117],[29.971191,-31.32207],[29.830273,-31.423828],[29.735156,-31.47041],[29.48291,-31.674707],[29.127832,-32.003125],[28.855957,-32.294238],[28.449414,-32.624609],[28.214063,-32.769238],[27.860645,-33.053906],[27.762109,-33.095996],[27.36377,-33.360547],[27.077441,-33.521191],[26.613672,-33.707422],[26.429492,-33.75957],[25.989551,-33.711328],[25.805859,-33.737109],[25.652441,-33.849609],[25.638184,-34.011133],[25.574219,-34.035352],[25.477246,-34.028125],[25.169727,-33.960742],[25.00293,-33.973633],[24.905566,-34.059766],[24.827148,-34.168945],[24.595508,-34.174512],[24.183008,-34.061523],[23.697852,-33.992773],[23.585547,-33.985156],[23.350391,-34.068945],[23.268164,-34.081152],[22.925586,-34.063184],[22.735547,-34.010254],[22.553809,-34.010059],[22.414453,-34.053809],[22.245508,-34.069141],[21.788965,-34.372656],[21.553223,-34.373047],[21.349805,-34.408203],[21.248926,-34.407031],[21.060156,-34.364648],[20.989844,-34.36748],[20.882422,-34.386523],[20.774805,-34.439941],[20.529883,-34.463086],[20.434668,-34.508594],[20.020605,-34.785742],[19.92627,-34.774707],[19.85,-34.756641],[19.634961,-34.75332],[19.391504,-34.605664],[19.298242,-34.615039],[19.323242,-34.570801],[19.330762,-34.492383],[19.279395,-34.437012],[19.244629,-34.412305],[19.149121,-34.416895],[19.09834,-34.350098],[18.952148,-34.34375],[18.901563,-34.360645],[18.831348,-34.364063],[18.825098,-34.296484],[18.830664,-34.253906],[18.826367,-34.188477],[18.808789,-34.108203],[18.752148,-34.082617],[18.708691,-34.071875],[18.605176,-34.077344],[18.533887,-34.085938],[18.500391,-34.109277],[18.462109,-34.168066],[18.461621,-34.346875],[18.410352,-34.295605],[18.352051,-34.188477],[18.333398,-34.074219],[18.354395,-33.939063],[18.465039,-33.887793],[18.456445,-33.796484],[18.433008,-33.717285],[18.309473,-33.514453],[18.26123,-33.42168],[18.156348,-33.358789],[18.074805,-33.207324],[17.992578,-33.152344],[17.958398,-33.046387],[17.878223,-32.961523],[17.851074,-32.827441],[17.895313,-32.750488],[17.965234,-32.708594],[18.036523,-32.775098],[18.125,-32.749121],[18.250879,-32.652148],[18.325293,-32.50498],[18.329883,-32.269531],[18.310742,-32.122461],[18.21084,-31.74248],[18.163672,-31.655176],[17.938574,-31.383203],[17.677441,-31.019043],[17.34707,-30.444824],[17.189063,-30.099805],[16.95,-29.403418],[16.739453,-29.009375],[16.480762,-28.641504],[16.447559,-28.617578],[16.335059,-28.536523],[16.007129,-28.231738],[15.890918,-28.152539],[15.719043,-27.96582],[15.341504,-27.386523],[15.287598,-27.275],[15.215723,-26.995117],[15.132812,-26.787598],[15.12373,-26.667871],[15.163281,-26.600195],[15.139063,-26.508008],[15.096582,-26.425781],[14.967773,-26.318066],[14.93125,-25.958203],[14.845215,-25.725684],[14.863672,-25.533594],[14.822559,-25.358594],[14.818555,-25.246387],[14.837109,-25.033203],[14.767969,-24.787988],[14.62793,-24.548047],[14.501563,-24.201953],[14.483398,-24.050391],[14.496875,-23.642871],[14.472461,-23.47666],[14.473828,-23.281152],[14.423828,-23.078613],[14.40332,-22.968066],[14.438477,-22.880566],[14.459277,-22.908203],[14.495703,-22.921387],[14.519922,-22.805176],[14.525977,-22.702539],[14.462793,-22.449121],[14.321875,-22.189941],[13.973242,-21.767578],[13.888086,-21.606641],[13.839355,-21.473242],[13.450586,-20.916699],[13.284375,-20.523926],[13.168359,-20.184668],[13.04209,-20.028223],[12.458203,-18.926758],[12.328711,-18.751074],[12.095703,-18.540918],[12.041211,-18.470703],[11.951367,-18.270508],[11.775879,-18.001758],[11.733496,-17.750977],[11.72168,-17.466797],[11.743066,-17.249219],[11.780078,-16.871289],[11.818945,-16.704102],[11.819922,-16.504297],[11.796973,-15.986426],[11.769434,-15.915332],[11.750879,-15.831934],[11.849707,-15.768359],[11.899902,-15.719824],[11.967871,-15.633984],[12.016113,-15.513672],[12.073242,-15.248242],[12.280469,-14.6375],[12.378906,-14.039062],[12.503711,-13.755469],[12.550488,-13.437793],[12.897656,-13.027734],[12.983203,-12.775684],[13.162695,-12.652148],[13.416992,-12.52041],[13.597949,-12.286133],[13.685547,-12.123828],[13.785352,-11.812793],[13.784277,-11.487988],[13.847461,-11.054395],[13.833594,-10.929688],[13.738965,-10.757129],[13.721387,-10.633594],[13.633496,-10.512305],[13.539453,-10.420703],[13.49541,-10.257129],[13.332227,-9.998926],[13.2875,-9.826758],[13.209375,-9.703223],[13.196875,-9.550684],[13.155664,-9.389648],[13.075977,-9.230371],[12.998535,-9.048047],[12.998535,-8.991016],[13.046777,-8.922266],[13.092773,-8.899707],[13.077246,-8.934277],[13.046582,-8.975195],[13.053809,-9.006836],[13.358984,-8.687207],[13.37832,-8.624707],[13.368066,-8.554785],[13.366406,-8.469238],[13.378516,-8.369727],[13.09082,-7.780176],[12.862305,-7.231836],[12.823438,-6.954785],[12.521289,-6.590332],[12.402148,-6.353418],[12.334277,-6.187305],[12.283301,-6.124316],[12.302539,-6.092578],[12.380371,-6.084277],[12.553516,-6.045898],[12.790625,-6.003906],[13.009766,-5.907617],[13.068164,-5.864844],[13.00332,-5.836133],[12.86084,-5.854102],[12.791602,-5.877734],[12.680664,-5.96084],[12.514551,-6.004199],[12.45293,-6.000488],[12.411719,-5.986328],[12.315039,-5.895313],[12.24043,-5.807324],[12.213672,-5.758691],[12.199023,-5.731934],[12.155469,-5.632715],[12.180078,-5.538672],[12.206543,-5.468262],[12.177148,-5.324805],[12.110547,-5.197168],[12.039941,-5.035156],[12.018359,-5.004297],[12.002734,-4.982031],[11.966797,-4.954395],[11.893262,-4.865723],[11.820703,-4.755469],[11.80127,-4.705176],[11.780859,-4.676563],[11.777539,-4.56582],[11.668066,-4.434277],[11.393848,-4.200293],[11.364453,-4.130566],[11.130176,-3.916309],[11.032031,-3.826465],[10.947266,-3.662109],[10.848535,-3.561328],[10.640723,-3.398047],[10.585449,-3.278027],[10.347656,-3.013086],[10.006152,-2.74834],[9.759473,-2.518555],[9.72207,-2.467578],[9.763672,-2.473828],[10.001953,-2.588379],[10.034473,-2.575586],[10.062012,-2.549902],[9.959082,-2.489844],[9.86084,-2.442578],[9.768652,-2.413086],[9.676367,-2.415625],[9.624609,-2.36709],[9.591016,-2.293164],[9.574023,-2.22998],[9.533203,-2.163867],[9.402246,-2.027637],[9.370508,-1.975],[9.298926,-1.903027],[9.34248,-1.893652],[9.482813,-1.962305],[9.495313,-1.934961],[9.483203,-1.894629],[9.342188,-1.829395],[9.265625,-1.825098],[9.247949,-1.779297],[9.258398,-1.72627],[9.15752,-1.527734],[9.052832,-1.379102],[9.036328,-1.308887],[9.318848,-1.632031],[9.356641,-1.637598],[9.406348,-1.63457],[9.52334,-1.59834],[9.501074,-1.555176],[9.44834,-1.508887],[9.397168,-1.530176],[9.330664,-1.53457],[9.295801,-1.515234],[9.280176,-1.481934],[9.34668,-1.325],[9.317871,-1.33291],[9.29668,-1.360938],[9.260156,-1.374219],[9.203809,-1.382422],[9.064648,-1.29834],[8.941895,-1.071484],[8.909375,-1.025],[8.876563,-0.946094],[8.844238,-0.913574],[8.703125,-0.591016],[8.757227,-0.614941],[8.821387,-0.708398],[8.946387,-0.68877],[8.995215,-0.634668],[9.037891,-0.636719],[9.081543,-0.624316],[9.136523,-0.57334],[9.29668,-0.35127],[9.339063,-0.058252],[9.325293,0.11582],[9.301855,0.288525],[9.354883,0.343604],[9.375781,0.307227],[9.386133,0.245898],[9.411133,0.200439],[9.468164,0.159766],[9.574316,0.148926],[9.738379,0.084961],[9.796777,0.044238],[9.812695,0.125586],[10.001465,0.194971],[9.944434,0.219873],[9.77666,0.19248],[9.546484,0.295947],[9.470117,0.361914],[9.398828,0.486719],[9.324805,0.5521],[9.32998,0.61084],[9.495313,0.664844],[9.538965,0.658691],[9.556641,0.594189],[9.601074,0.567725],[9.617969,0.576514],[9.625293,0.631641],[9.625879,0.779443],[9.575391,0.991309],[9.59082,1.031982],[9.599414,1.054443],[9.509863,1.114795],[9.445312,1.120654],[9.385938,1.139258],[9.434082,1.296387],[9.494238,1.435303],[9.584277,1.540234],[9.632129,1.565527],[9.647656,1.617578],[9.718848,1.788672],[9.807031,1.92749],[9.779688,2.068213],[9.800781,2.304443],[9.821777,2.539258],[9.867578,2.734961],[9.885449,2.916553],[9.948438,3.079053],[9.915039,3.239648],[9.876172,3.309766],[9.67207,3.537598],[9.765723,3.623828],[9.642383,3.611768],[9.615918,3.696484],[9.556152,3.798047],[9.592773,3.814307],[9.628125,3.87002],[9.739648,3.85293],[9.736133,3.880127],[9.639941,3.965332],[9.649219,4.00835],[9.688867,4.056396],[9.669531,4.07666],[9.600391,4.026904],[9.550586,4.028418],[9.511816,4.060645],[9.483691,4.066113],[9.500781,4.000732],[9.462012,3.942529],[9.425293,3.922314],[9.362305,3.925732],[9.310938,3.940381],[9.297363,3.972949],[9.249121,3.997852],[9.113867,4.041064],[9.000098,4.091602],[8.977051,4.23042],[8.932031,4.290234],[8.913574,4.357812],[8.902832,4.435156],[8.918262,4.55376],[8.889453,4.572754],[8.856445,4.579248],[8.807129,4.573437],[8.761914,4.580029],[8.70791,4.645703],[8.660352,4.670996],[8.689648,4.550244],[8.65625,4.516357],[8.574414,4.526221],[8.539551,4.571875],[8.532813,4.605859],[8.570508,4.7521],[8.555859,4.755225],[8.54375,4.757812],[8.514844,4.724707],[8.431348,4.74624],[8.393652,4.81377],[8.34209,4.824756],[8.252734,4.923975],[8.233789,4.907471],[8.328027,4.656104],[8.293066,4.557617],[8.028516,4.555371],[7.800781,4.522266],[7.644238,4.525342],[7.565625,4.560937],[7.530762,4.655176],[7.517383,4.645459],[7.509473,4.594922],[7.459863,4.555225],[7.284375,4.547656],[7.206738,4.612061],[7.143848,4.684082],[7.076563,4.716162],[7.086914,4.68584],[7.16416,4.615576],[7.154688,4.514404],[7.013379,4.397314],[6.923242,4.390674],[6.867871,4.441113],[6.83916,4.523486],[6.824707,4.645264],[6.787598,4.724707],[6.767676,4.724707],[6.786035,4.652002],[6.792188,4.592627],[6.793066,4.469141],[6.860352,4.37334],[6.757031,4.343555],[6.715137,4.342432],[6.633008,4.340234],[6.617285,4.375781],[6.601562,4.455176],[6.57998,4.475977],[6.55459,4.341406],[6.5,4.331934],[6.462109,4.333154],[6.299805,4.303857],[6.263672,4.309424],[6.255957,4.334473],[6.275293,4.37168],[6.270996,4.432129],[6.214648,4.385498],[6.205566,4.292285],[6.17334,4.277393],[6.076563,4.290625],[5.970703,4.338574],[5.906445,4.387744],[5.798633,4.455957],[5.587793,4.647217],[5.553613,4.733203],[5.493262,4.83877],[5.448145,4.94585],[5.383301,5.129004],[5.403223,5.142285],[5.452148,5.126562],[5.475977,5.153857],[5.388281,5.173779],[5.37002,5.19502],[5.36416,5.259277],[5.367969,5.337744],[5.439258,5.365332],[5.500879,5.378613],[5.531836,5.426367],[5.549707,5.474219],[5.38584,5.401758],[5.232422,5.483789],[5.199219,5.533545],[5.21582,5.57168],[5.289062,5.57749],[5.393848,5.574512],[5.456641,5.611719],[5.418066,5.624707],[5.350293,5.623291],[5.325293,5.647949],[5.327344,5.70752],[5.305371,5.694336],[5.27627,5.641553],[5.172852,5.602734],[5.112402,5.641553],[5.10625,5.728125],[5.093066,5.76709],[5.04209,5.79751],[4.861035,6.026318],[4.633594,6.217187],[4.431348,6.348584],[4.125879,6.411377],[3.486621,6.408936],[3.450781,6.427051],[3.489941,6.457275],[3.546094,6.477441],[3.75166,6.583838],[3.716992,6.597949],[3.50332,6.531348],[3.430176,6.525],[3.335547,6.396924],[2.772461,6.375732],[2.706445,6.369238],[2.286914,6.328076],[1.818164,6.260645],[1.622656,6.216797],[1.310645,6.146875],[1.187207,6.089404],[1.105566,6.051367],[1.050293,5.993994],[1.008008,5.906396],[0.949707,5.810254],[0.748828,5.760107],[0.671875,5.759717],[0.259668,5.757324],[-0.126514,5.568164],[-0.34873,5.500781],[-0.485449,5.394238],[-0.669434,5.318555],[-0.797705,5.226709],[-1.064307,5.182666],[-1.50166,5.037988],[-1.638477,4.980859],[-1.776855,4.880371],[-2.001855,4.762451],[-2.090186,4.764062],[-2.266406,4.874072],[-2.398926,4.929346],[-2.723047,5.013721],[-2.96499,5.046289],[-3.081885,5.082471],[-3.114014,5.088672],[-3.246387,5.114062],[-3.214893,5.147217],[-3.086719,5.12832],[-3.019141,5.130811],[-3.025879,5.150537],[-3.063965,5.157715],[-3.168701,5.203027],[-3.151416,5.348291],[-3.199951,5.354492],[-3.237598,5.3354],[-3.312012,5.160791],[-3.347559,5.130664],[-3.870605,5.220703],[-3.98418,5.293164],[-4.120166,5.309717],[-4.357275,5.301416],[-4.552832,5.279883],[-4.608887,5.235889],[-4.115186,5.261621],[-4.062061,5.256641],[-4.037207,5.230127],[-4.661523,5.172559],[-4.899707,5.13833],[-4.970117,5.147754],[-5.023682,5.203613],[-5.282373,5.210254],[-5.335449,5.191992],[-5.367529,5.150781],[-5.265771,5.159717],[-5.104883,5.162158],[-5.061816,5.130664],[-5.564746,5.089453],[-5.91377,5.010937],[-6.061719,4.952832],[-6.548437,4.761768],[-6.845166,4.671484],[-6.9229,4.63833],[-7.057959,4.544727],[-7.231396,4.485986],[-7.426074,4.376025],[-7.544971,4.351318],[-7.66001,4.366797],[-7.998242,4.508691],[-8.259033,4.58999],[-9.132178,5.054639],[-9.374756,5.241064],[-9.654395,5.518701],[-10.276367,6.077637],[-10.418164,6.167334],[-10.59707,6.210938],[-10.707617,6.258496],[-10.785596,6.310156],[-10.849023,6.465088],[-11.004541,6.557373],[-11.291602,6.688232],[-11.50752,6.906543],[-11.54751,6.946973],[-11.733447,7.088574],[-11.929199,7.183545],[-12.346631,7.341797],[-12.485645,7.386279],[-12.480664,7.44248],[-12.432715,7.54502],[-12.510449,7.665723],[-12.480273,7.753271],[-12.510449,7.753369],[-12.570215,7.700586],[-12.697607,7.715869],[-12.781934,7.791113],[-12.850879,7.818701],[-12.880957,7.856641],[-12.925146,8.055176],[-12.956934,8.145312],[-13.020801,8.200928],[-13.148975,8.2146],[-13.201758,8.33584],[-13.272754,8.429736],[-13.26123,8.487598],[-13.20332,8.484277],[-13.157959,8.442285],[-13.08501,8.424756],[-12.994238,8.526465],[-12.912939,8.581543],[-12.894092,8.629785],[-12.904004,8.65625],[-12.953369,8.615137],[-13.088232,8.625732],[-13.121631,8.58877],[-13.181836,8.576904],[-13.228418,8.695898],[-13.226172,8.765967],[-13.206934,8.843115],[-13.071045,8.856348],[-13.059473,8.881152],[-13.153711,8.897705],[-13.271631,8.987402],[-13.292676,9.049219],[-13.302637,9.078369],[-13.269482,9.170557],[-13.295898,9.218506],[-13.396094,9.314307],[-13.405566,9.360645],[-13.436279,9.420312],[-13.568262,9.543408],[-13.691357,9.535791],[-13.657129,9.639111],[-13.658691,9.776367],[-13.700488,9.85127],[-13.689795,9.927783],[-13.712646,9.922949],[-13.753711,9.870264],[-13.820117,9.887207],[-13.954639,9.968701],[-14.021875,10.047852],[-14.029932,10.115137],[-14.04502,10.14126],[-14.086279,10.127246],[-14.17041,10.128613],[-14.426904,10.24834],[-14.60957,10.549854],[-14.613623,10.617822],[-14.587402,10.734912],[-14.593506,10.766699],[-14.677344,10.688965],[-14.693359,10.741016],[-14.757373,10.862061],[-14.775928,10.931641],[-14.837451,10.962549],[-14.886719,10.968066],[-14.924805,10.944922],[-14.975,10.803418],[-15.012402,10.804346],[-15.051221,10.83457],[-15.043018,10.940137],[-15.09375,11.011035],[-15.05459,11.141943],[-15.096777,11.140039],[-15.181055,11.034229],[-15.222119,11.030908],[-15.216699,11.15625],[-15.263379,11.160889],[-15.31748,11.152002],[-15.393115,11.217236],[-15.400586,11.266211],[-15.394531,11.334473],[-15.348437,11.378076],[-15.354687,11.396338],[-15.39917,11.401465],[-15.448975,11.389746],[-15.479492,11.410303],[-15.429102,11.498877],[-15.252588,11.573291],[-15.16377,11.580957],[-15.072656,11.597803],[-15.122412,11.661572],[-15.230371,11.686768],[-15.316699,11.669189],[-15.359668,11.6229],[-15.412988,11.615234],[-15.501904,11.723779],[-15.500244,11.778369],[-15.467187,11.842822],[-15.415723,11.871777],[-15.21084,11.870947],[-15.133105,11.907324],[-15.101709,11.913965],[-15.071973,11.947021],[-15.078271,11.968994],[-15.111523,11.970264],[-15.188086,11.927295],[-15.434766,11.943555],[-15.513477,11.917578],[-15.650684,11.818359],[-15.819385,11.763477],[-15.941748,11.786621],[-15.902734,11.919678],[-15.920215,11.937793],[-15.958789,11.959619],[-16.138428,11.917285],[-16.274316,11.978125],[-16.328076,12.051611],[-16.318848,12.14375],[-16.254736,12.206055],[-16.24458,12.237109],[-16.312305,12.243018],[-16.436816,12.20415],[-16.711816,12.354834],[-16.74585,12.399707],[-16.784863,12.47251],[-16.760303,12.525781],[-16.677637,12.560059],[-16.553223,12.604883],[-16.488086,12.581836],[-16.449951,12.580713],[-16.442871,12.609473],[-16.455029,12.624805],[-16.548828,12.663818],[-16.597656,12.715283],[-16.637842,12.685156],[-16.672559,12.622021],[-16.701416,12.603174],[-16.743896,12.585449],[-16.767969,12.628418],[-16.778418,12.670166],[-16.758984,12.702344],[-16.768945,12.883301],[-16.757373,12.979785],[-16.76333,13.06416],[-16.769336,13.148486],[-16.824805,13.341064],[-16.750391,13.425391],[-16.669336,13.475],[-16.614795,13.435303],[-16.59834,13.356836],[-16.556445,13.303223],[-16.413379,13.269727],[-16.27168,13.293799],[-16.185059,13.282715],[-16.187891,13.326172],[-16.158398,13.384033],[-15.986426,13.408838],[-15.804492,13.425391],[-15.617676,13.460107],[-15.471289,13.458643],[-15.42749,13.468359],[-15.438135,13.483203],[-15.569531,13.499854],[-15.849902,13.459961],[-16.135449,13.448242],[-16.351807,13.343359],[-16.440527,13.353174],[-16.530078,13.457959],[-16.562305,13.587305],[-16.587793,13.689551],[-16.647852,13.770996],[-16.74541,13.84043],[-16.766943,13.904932],[-16.733887,13.961182],[-16.6396,14.007471],[-16.618115,14.040527],[-16.66748,14.035596],[-16.742139,14.005811],[-16.791748,14.00415],[-16.797754,14.093262],[-16.880518,14.20835],[-16.973828,14.403223],[-17.079395,14.483057],[-17.168066,14.640625],[-17.260645,14.701074],[-17.345801,14.729297],[-17.418457,14.723486],[-17.44502,14.651611],[-17.535645,14.755127],[-17.411816,14.792187],[-17.147168,14.922021],[-16.843408,15.293994],[-16.570752,15.734424],[-16.535254,15.838379],[-16.535742,16.286816],[-16.481299,16.454248],[-16.463623,16.601514],[-16.34668,16.926416],[-16.207471,17.192578],[-16.078906,17.54585],[-16.030322,17.887939],[-16.046729,18.223145],[-16.084961,18.521191],[-16.150098,18.718164],[-16.213086,19.00332],[-16.305908,19.153809],[-16.476172,19.285059],[-16.514453,19.361963],[-16.474805,19.390625],[-16.371289,19.410254],[-16.305273,19.512646],[-16.444873,19.473145],[-16.283398,19.787158],[-16.233203,20.000977],[-16.241162,20.14126],[-16.210449,20.22793],[-16.33374,20.415869],[-16.429785,20.652344],[-16.479199,20.689795],[-16.53042,20.709521],[-16.534912,20.654004],[-16.562695,20.60415],[-16.62251,20.63418],[-16.728369,20.806152],[-16.876074,21.086133],[-16.92793,21.114795],[-16.971143,21.076465],[-16.998242,21.039697],[-17.048047,20.806152],[-17.098779,20.856885],[-17.009619,21.3771],[-16.930859,21.9],[-16.793262,22.159717],[-16.683984,22.274365],[-16.514404,22.333496],[-16.35874,22.594531],[-16.304297,22.834814],[-16.201855,22.945361],[-16.169727,23.031934],[-16.210254,23.0979],[-16.113672,23.227539],[-15.996729,23.425488],[-15.942627,23.552637],[-15.805957,23.749512],[-15.789258,23.792871],[-15.80166,23.842236],[-15.855176,23.800342],[-15.912549,23.727588],[-15.980713,23.670312],[-15.952832,23.74082],[-15.899316,23.844434],[-15.777783,23.95293],[-15.586328,24.072754],[-15.188623,24.478809],[-15.038867,24.548828],[-14.904297,24.719775],[-14.856055,24.871582],[-14.84292,25.220117],[-14.794922,25.40415],[-14.707031,25.547705],[-14.602295,25.808545],[-14.522754,25.925244],[-14.470557,26.163037],[-14.413867,26.253711],[-14.312451,26.296729],[-14.168359,26.41543],[-13.9521,26.48877],[-13.695898,26.64292],[-13.575781,26.735107],[-13.495752,26.872656],[-13.409814,27.146631],[-13.256152,27.434619],[-13.175977,27.655713],[-13.040723,27.769824],[-12.948926,27.91416],[-12.793652,27.978418],[-12.468896,28.009424],[-11.986084,28.129297],[-11.552686,28.310107],[-11.430176,28.382031],[-11.299072,28.526074],[-11.080957,28.71377],[-10.673828,28.939209],[-10.486475,29.064941],[-10.200586,29.380371],[-10.010498,29.641406],[-9.852637,29.809229],[-9.743457,29.958203],[-9.66709,30.109277],[-9.623828,30.352637],[-9.65293,30.447559],[-9.773145,30.603125],[-9.853906,30.64458],[-9.875488,30.71792],[-9.832422,30.847266],[-9.83335,31.069629],[-9.808691,31.424609],[-9.674951,31.710986],[-9.347461,32.086377],[-9.286572,32.240576],[-9.249121,32.48584],[-9.24585,32.572461],[-8.83623,32.920459],[-8.596289,33.187158],[-8.512842,33.252441],[-8.301172,33.374365],[-7.562354,33.640283],[-7.144678,33.830322],[-6.900977,33.969043],[-6.755762,34.13291],[-6.353125,34.776074],[-5.957568,35.681152],[-5.924805,35.785791],[-5.747949,35.815967],[-5.622852,35.828906],[-5.522266,35.862012],[-5.397363,35.929883],[-5.277832,35.902734],[-5.337646,35.856543],[-5.337646,35.745215],[-5.252686,35.614746],[-5.105371,35.467773],[-4.837207,35.281299],[-4.62832,35.206396],[-4.32998,35.161475],[-3.982422,35.243408],[-3.787988,35.244922],[-3.693262,35.27998],[-3.590625,35.22832],[-3.394727,35.211816],[-3.206006,35.239111],[-3.063086,35.317236],[-2.972217,35.407275],[-2.957959,35.363086],[-2.953613,35.315137],[-2.925977,35.287109],[-2.869531,35.172656],[-2.839941,35.127832],[-2.731396,35.135205],[-2.636816,35.112695],[-2.42373,35.123486],[-2.219629,35.104199],[-2.017773,35.085059],[-1.913281,35.094238],[-1.673633,35.183105],[-1.48374,35.303076],[-1.33584,35.364258],[-1.205371,35.495752],[-1.087695,35.578857],[-0.91748,35.668408],[-0.426123,35.861523],[-0.350781,35.863184],[-0.18916,35.819092],[-0.048242,35.832812],[0.047949,35.900537],[0.15166,36.063135],[0.312207,36.162354],[0.514941,36.261816],[0.79082,36.356543],[0.97168,36.443945],[1.257227,36.51958],[1.974512,36.567578],[2.342871,36.610303],[2.593359,36.600684],[2.846484,36.738867],[2.972852,36.784473],[3.520508,36.795117],[3.779004,36.896191],[4.758105,36.896338],[4.877832,36.862402],[4.99541,36.808057],[5.195605,36.676807],[5.29541,36.648242],[5.424609,36.675439],[5.725488,36.799609],[6.064746,36.864258],[6.249121,36.93833],[6.327832,37.046045],[6.486523,37.085742],[6.575879,37.003027],[6.927539,36.919434],[7.143457,36.943359],[7.238477,36.968506],[7.204297,37.092383],[7.432422,37.059277],[7.607715,36.999756],[7.791602,36.880273],[7.910449,36.856348],[8.127148,36.910352],[8.576563,36.937207],[8.823535,36.997607],[9.058887,37.155859],[9.141992,37.194629],[9.687988,37.340381],[9.758887,37.330273],[9.838477,37.308984],[9.815527,37.254639],[9.783984,37.211426],[9.830273,37.135352],[9.896387,37.181641],[9.879395,37.212842],[9.875586,37.25415],[9.988086,37.257764],[10.087402,37.25127],[10.196387,37.205859],[10.18877,37.033887],[10.334082,36.865381],[10.293262,36.781494],[10.412305,36.731836],[10.518164,36.791357],[10.571289,36.879443],[10.766211,36.930273],[10.951367,37.059277],[11.053906,37.07251],[11.077051,36.966699],[11.12666,36.874072],[11.056543,36.841455],[10.967188,36.743018],[10.798145,36.493115],[10.642383,36.419629],[10.525684,36.32334],[10.487988,36.254883],[10.476562,36.175146],[10.505762,36.032422],[10.59082,35.887256],[10.688965,35.799512],[10.783691,35.77207],[11.004297,35.633838],[11.000684,35.551611],[11.031543,35.453857],[11.043262,35.335107],[11.120117,35.240283],[10.955859,35.033643],[10.866211,34.884326],[10.690918,34.678467],[10.534863,34.544727],[10.200391,34.346045],[10.118359,34.280078],[10.064844,34.211621],[10.040039,34.140332],[10.049023,34.056299],[10.158984,33.850049],[10.305273,33.728271],[10.454297,33.6625],[10.713184,33.689014],[10.704297,33.609668],[10.722754,33.514404],[10.828125,33.518896],[10.898438,33.533691],[10.958008,33.626318],[11.08457,33.562891],[11.150293,33.369238],[11.257422,33.308838],[11.269922,33.286328],[11.232129,33.271582],[11.202637,33.249219],[11.234277,33.233594],[11.338086,33.209473],[11.400586,33.224902],[11.50459,33.181934],[11.657129,33.118896],[11.813477,33.093701],[12.279883,32.858545],[12.427051,32.829102],[12.753516,32.801074],[13.138086,32.897363],[13.283496,32.914648],[13.536328,32.824268],[13.647754,32.798828],[13.835352,32.791797],[14.155664,32.709766],[14.237109,32.68125],[14.423828,32.550293],[14.513379,32.511084],[15.176563,32.391162],[15.266895,32.31167],[15.359082,32.159668],[15.363086,31.971191],[15.414062,31.834229],[15.496387,31.656787],[15.595801,31.531104],[15.705957,31.426416],[15.832227,31.360986],[16.123047,31.264453],[16.450977,31.227295],[16.781543,31.214746],[17.349219,31.081494],[17.830469,30.927588],[17.949316,30.851904],[18.19043,30.777295],[18.669824,30.415674],[18.936426,30.29043],[19.12373,30.266113],[19.291699,30.288086],[19.589844,30.41377],[19.713281,30.488379],[20.013184,30.800684],[20.111523,30.963721],[20.150977,31.078613],[20.141113,31.195508],[20.103809,31.300537],[20.02002,31.410645],[19.96123,31.556006],[19.926367,31.817529],[19.973438,31.999072],[20.030957,32.107861],[20.121484,32.21875],[20.370605,32.430762],[20.621094,32.580176],[21.062305,32.775537],[21.31875,32.777686],[21.424707,32.79917],[21.635938,32.937305],[21.721387,32.94248],[21.839453,32.908643],[22.187402,32.918262],[22.340625,32.879883],[22.523438,32.793945],[22.754102,32.740527],[22.916895,32.687158],[23.090625,32.61875],[23.129688,32.448145],[23.110449,32.397412],[23.10625,32.331445],[23.286328,32.213818],[23.797656,32.158691],[23.898438,32.127197],[24.038965,32.037012],[24.129688,32.009229],[24.479785,31.996533],[24.683887,32.015967],[24.878516,31.984277],[24.950684,31.953711],[25.025,31.88335],[25.115039,31.712305],[25.150488,31.65498],[25.225488,31.533789],[25.382227,31.512793],[25.893262,31.620898],[26.457324,31.512109],[26.768652,31.470361],[27.248047,31.377881],[27.540039,31.212695],[27.620117,31.191748],[27.82998,31.19502],[27.967578,31.097412],[28.514844,31.050439],[28.806934,30.942676],[28.972754,30.856738],[29.07207,30.830273],[29.159961,30.83457],[29.278906,30.866943],[29.428516,30.927441],[29.591602,31.011523],[29.929785,31.22749],[30.049414,31.26543],[30.127539,31.255664],[30.222656,31.258398],[30.262305,31.316846],[30.312305,31.357031],[30.34375,31.402734],[30.395117,31.457617],[30.570996,31.472998],[30.923535,31.566846],[30.88418,31.522363],[30.562988,31.416992],[30.700488,31.403857],[30.841406,31.439893],[31.001758,31.462793],[31.030859,31.507568],[31.051953,31.591553],[31.08291,31.60332],[31.193945,31.587598],[31.524414,31.458252],[31.606543,31.455762],[31.839258,31.526318],[31.888965,31.541406],[31.964258,31.5021],[32.136035,31.341064],[32.076074,31.344482],[31.892188,31.482471],[31.875879,31.413721],[31.771094,31.292578],[31.902051,31.240186],[32.008496,31.220508],[32.065625,31.152979],[32.101758,31.092822],[32.206543,31.119043],[32.281836,31.200879],[32.242773,31.246533],[32.216211,31.29375],[32.250586,31.294922],[32.323535,31.256055],[32.532813,31.100732],[32.60332,31.06875],[32.68457,31.074023],[32.854492,31.117725],[32.901563,31.110937],[33.129883,31.168164],[33.156738,31.126221],[33.194336,31.084521],[33.37793,31.130957],[33.666504,31.13042],[33.902539,31.180957],[34.17627,31.303906],[34.198145,31.322607],[34.387305,31.483789],[34.477344,31.584863],[34.483984,31.592285],[34.678418,31.895703],[34.803809,32.196338],[34.921875,32.614062],[35.005859,32.826611],[35.077051,32.967187],[35.108594,33.083691],[35.155078,33.16001],[35.203516,33.258984],[35.251367,33.392627],[35.335742,33.503467],[35.51084,33.879736],[35.611816,34.032178],[35.647852,34.248242],[35.804297,34.437402],[35.921387,34.493311],[35.97793,34.547412],[35.97627,34.629199],[35.899316,34.8521],[35.887891,34.948633],[35.889941,35.060303],[35.943066,35.223828],[35.918066,35.299512],[35.916016,35.350537],[35.902441,35.420703],[35.764453,35.571582],[35.839648,35.849219],[35.892676,35.916553],[35.956934,35.998145],[35.887109,36.159082],[35.810938,36.309863],[35.882812,36.406348],[36.031738,36.522705],[36.188477,36.658984],[36.188184,36.743066],[36.180078,36.807227],[36.135156,36.851611],[36.048926,36.910596],[35.90459,36.847607],[35.801563,36.778076],[35.734277,36.763965],[35.661133,36.724316],[35.625586,36.652783],[35.537402,36.597021],[35.393164,36.575195],[35.176172,36.634863],[34.943164,36.725684],[34.81123,36.799268],[34.703613,36.816797],[34.601367,36.784473],[34.299609,36.604199],[34.023438,36.340771],[33.954883,36.295215],[33.694727,36.181982],[33.522754,36.143994],[33.441797,36.152832],[33.099512,36.102979],[32.929492,36.095703],[32.794824,36.035889],[32.533789,36.100732],[32.377734,36.183643],[32.283789,36.267871],[32.130566,36.449121],[32.021973,36.535303],[31.77793,36.612793],[31.352539,36.801074],[31.240625,36.821729],[30.950293,36.848682],[30.644043,36.865674],[30.582031,36.797168],[30.558496,36.52583],[30.506055,36.451123],[30.483594,36.3104],[30.446094,36.269873],[30.387305,36.243262],[30.29541,36.287695],[30.231641,36.307324],[30.083203,36.249365],[29.789258,36.168066],[29.689063,36.156689],[29.34834,36.258838],[29.223633,36.324463],[29.143262,36.397217],[29.116113,36.520117],[29.065527,36.590088],[29.058105,36.638135],[29.038281,36.693457],[28.969629,36.715332],[28.895898,36.673584],[28.816895,36.675293],[28.717676,36.700879],[28.483594,36.803809],[28.303711,36.811963],[28.195605,36.686328],[28.111523,36.646387],[28.019434,36.634473],[28.01416,36.670215],[28.083984,36.751465],[27.803809,36.736475],[27.655859,36.674609],[27.54043,36.684229],[27.453906,36.712158],[27.466895,36.746338],[27.554688,36.758887],[27.630859,36.78667],[27.934473,36.809277],[28.005371,36.831982],[28.083008,36.920264],[28.224414,36.996387],[28.242383,37.029053],[28.133691,37.029492],[27.668359,37.007422],[27.348926,37.01958],[27.311035,36.981885],[27.262988,36.976562],[27.249707,37.07915],[27.300195,37.126855],[27.368164,37.122412],[27.535059,37.163867],[27.520117,37.249121],[27.400586,37.306738],[27.37627,37.340723],[27.289551,37.348682],[27.219238,37.38916],[27.203906,37.491406],[27.147949,37.603613],[27.067969,37.65791],[27.077832,37.687695],[27.224414,37.725439],[27.254785,37.882324],[27.232422,37.978662],[27.158691,37.986865],[26.943848,38.062891],[26.878613,38.054785],[26.807422,38.13833],[26.682813,38.19834],[26.621094,38.176367],[26.582422,38.149268],[26.524707,38.162256],[26.42793,38.214355],[26.33291,38.24248],[26.290723,38.277197],[26.343652,38.370068],[26.416406,38.367871],[26.429688,38.440625],[26.372266,38.561914],[26.377832,38.62417],[26.441309,38.641211],[26.513574,38.629492],[26.586523,38.557031],[26.610352,38.486914],[26.59502,38.418604],[26.641309,38.352441],[26.674219,38.335742],[26.696387,38.405371],[26.727344,38.418604],[26.769922,38.388184],[26.861426,38.372949],[27.098633,38.415723],[27.144238,38.451953],[26.97041,38.447852],[26.906836,38.481738],[26.837793,38.557568],[26.795313,38.626416],[26.787695,38.660205],[26.763672,38.709619],[26.790137,38.736084],[26.90918,38.775781],[27.013672,38.886865],[26.970117,38.919043],[26.920313,38.934229],[26.866211,38.922949],[26.814941,38.960986],[26.808301,39.013916],[26.849316,39.056738],[26.853613,39.115625],[26.719336,39.260645],[26.681836,39.292236],[26.710742,39.339648],[26.813281,39.419043],[26.910938,39.517334],[26.899219,39.549658],[26.827051,39.562891],[26.484082,39.520703],[26.350781,39.484082],[26.113086,39.467383],[26.095996,39.520801],[26.101367,39.568945],[26.154688,39.656641],[26.149805,39.872852],[26.181348,39.990088],[26.313379,40.025],[26.475391,40.197266],[26.738086,40.400244],[27.012109,40.396338],[27.12168,40.452344],[27.28457,40.455615],[27.31416,40.414893],[27.332617,40.375928],[27.475586,40.319922],[27.728027,40.328809],[27.789355,40.350879],[27.848535,40.381738],[27.731836,40.481494],[27.769141,40.509619],[27.874902,40.512939],[27.989551,40.489453],[27.994824,40.466602],[27.964355,40.435303],[27.928906,40.38042],[27.962598,40.369873],[28.289062,40.403027],[28.630273,40.376465],[28.738867,40.390869],[29.007129,40.389746],[29.055176,40.42417],[28.974023,40.467383],[28.894629,40.482422],[28.841211,40.503467],[28.787891,40.534033],[28.958008,40.630566],[29.054102,40.649121],[29.507617,40.708398],[29.844922,40.738086],[29.849219,40.760107],[29.800586,40.760156],[29.364746,40.809277],[29.259766,40.847314],[29.113867,40.937842],[29.082227,40.963428],[29.045508,41.007568],[29.067383,41.10166],[29.094336,41.177246],[29.148145,41.221045],[29.322266,41.227734],[29.919336,41.15083],[30.344922,41.196924],[30.810059,41.084863],[31.254883,41.107617],[31.34668,41.15791],[31.458008,41.32002],[32.086426,41.589209],[32.306445,41.72959],[32.542188,41.806396],[32.94668,41.891748],[33.284766,42.00459],[33.381348,42.017578],[34.192969,41.963672],[34.750488,41.956836],[35.006445,42.063281],[35.154883,42.027539],[35.141016,41.989502],[35.114063,41.956982],[35.12207,41.891113],[35.20918,41.794385],[35.297754,41.728516],[35.558008,41.634033],[35.919824,41.713721],[35.978125,41.704834],[36.051758,41.682568],[36.179199,41.426562],[36.278418,41.336133],[36.405371,41.274609],[36.509668,41.2625],[36.587109,41.32666],[36.64707,41.352539],[36.777734,41.363477],[36.991992,41.275391],[37.066211,41.184424],[37.430957,41.114111],[37.765625,41.078906],[37.910059,41.001904],[38.381055,40.924512],[38.556934,40.936523],[38.852148,41.017676],[39.426367,41.106445],[39.80791,40.98252],[39.911133,40.966455],[40.000195,40.977148],[40.128418,40.943018],[40.265234,40.961328],[40.6875,41.107422],[40.819531,41.190234],[40.959473,41.211621],[41.083594,41.261182],[41.414355,41.423633],[41.510059,41.51748],[41.701758,41.70542],[41.758789,41.817139],[41.760742,41.884863],[41.762988,41.97002],[41.663281,42.146875],[41.577734,42.397852],[41.48877,42.659326],[41.419434,42.737646],[41.128711,42.828125],[41.061621,42.930859],[40.836621,43.063477],[40.524023,43.121045],[40.462109,43.145703],[40.190625,43.312402],[39.97832,43.419824],[39.873633,43.472803],[39.516699,43.727881],[39.329395,43.897266],[38.717285,44.288086],[38.63584,44.318018],[38.311816,44.374463],[38.18125,44.419678],[37.851465,44.698828],[37.704883,44.661377],[37.572461,44.67085],[37.495117,44.695264],[37.411328,44.735352],[37.352344,44.788379],[37.284082,44.905029],[37.204785,44.971973],[36.944434,45.06958],[36.650781,45.126465],[36.627637,45.151318],[36.619141,45.185498],[36.873047,45.251758],[36.941211,45.289697],[36.811035,45.340039],[36.761621,45.34834],[36.72041,45.371875],[36.79375,45.409717],[36.865918,45.427051],[36.977832,45.383594],[37.103516,45.302881],[37.213574,45.272314],[37.264258,45.310937],[37.647168,45.377197],[37.672949,45.429736],[37.671875,45.488379],[37.634375,45.486328],[37.609961,45.499512],[37.612402,45.564697],[37.669238,45.654053],[37.840918,45.799561],[37.933105,46.001709],[38.014258,46.047754],[38.073828,46.01709],[38.069727,45.969873],[38.07959,45.934814],[38.132812,46.002832],[38.183594,46.094824],[38.311816,46.095361],[38.400391,46.080029],[38.492285,46.090527],[38.315234,46.241943],[38.077734,46.394336],[37.977539,46.382861],[37.913867,46.406494],[37.80957,46.53208],[37.766504,46.636133],[37.867383,46.633789],[37.967969,46.618018],[38.159473,46.690674],[38.22998,46.70127],[38.343457,46.67832],[38.500977,46.663672],[38.487988,46.732178],[38.438672,46.813086],[38.630762,46.873047],[38.801074,46.906152],[39.126758,47.023438],[39.270703,47.044141],[39.289062,47.070898],[39.293457,47.105762],[39.244531,47.199512],[39.195703,47.268848],[39.02373,47.272217],[38.92832,47.175684],[38.668164,47.143945],[38.552441,47.150342],[38.644336,47.212207],[38.736035,47.23584],[38.761914,47.261621],[38.577246,47.239111],[38.484766,47.175537],[38.214355,47.091455],[38.17832,47.080225],[37.828711,47.09585],[37.543359,47.074561],[37.339844,46.916895],[37.218555,46.917334],[37.047559,46.876221],[36.932031,46.825146],[36.794824,46.714404],[36.688672,46.764111],[36.558789,46.762695],[36.432031,46.732568],[36.279492,46.658594],[36.194629,46.645508],[36.024902,46.666797],[35.827148,46.624316],[35.400195,46.381396],[35.256641,46.203906],[35.204395,46.169189],[35.132324,46.125879],[35.055273,46.104004],[35.014551,46.106006],[35.217773,46.232178],[35.280176,46.279492],[35.290918,46.314404],[35.291992,46.370703],[35.230371,46.440625],[35.064063,46.267236],[34.969531,46.24209],[34.849609,46.189893],[34.84375,46.073584],[34.857324,45.987354],[34.906641,45.878809],[35.022852,45.700977],[35.260156,45.446924],[35.373926,45.353613],[35.45752,45.316309],[35.558008,45.310889],[35.750977,45.389355],[35.833496,45.401611],[36.012891,45.37168],[36.077148,45.424121],[36.170508,45.453076],[36.290332,45.456738],[36.427051,45.433252],[36.575,45.393555],[36.514258,45.30376],[36.450781,45.232324],[36.428418,45.153271],[36.393359,45.065381],[36.229883,45.025977],[36.054785,45.030811],[35.870117,45.005322],[35.803613,45.0396],[35.759473,45.07085],[35.677539,45.102002],[35.569531,45.119336],[35.472559,45.098486],[35.357813,44.978418],[35.154785,44.896338],[35.087695,44.802637],[34.887793,44.823584],[34.716895,44.807129],[34.469922,44.72168],[34.281738,44.538428],[34.074414,44.423828],[33.909961,44.387598],[33.755664,44.398926],[33.655859,44.433203],[33.450684,44.553662],[33.462695,44.596826],[33.491309,44.618604],[33.530078,44.680518],[33.612207,44.907812],[33.601172,44.981494],[33.555176,45.097656],[33.39248,45.187842],[33.261523,45.170752],[33.186914,45.194775],[32.918652,45.348145],[32.772656,45.358984],[32.611328,45.328076],[32.551855,45.350391],[32.508008,45.403809],[32.828027,45.593018],[33.142285,45.749219],[33.280078,45.765234],[33.466211,45.837939],[33.664844,45.94707],[33.636719,46.032861],[33.594141,46.09624],[33.498828,46.078857],[33.429883,46.057617],[33.263477,46.125684],[33.202246,46.175732],[32.941797,46.123779],[32.796875,46.131494],[32.476758,46.083691],[32.329883,46.130371],[32.035742,46.260986],[31.925195,46.287256],[31.83125,46.281689],[31.77998,46.324658],[31.842871,46.346143],[31.915918,46.348682],[31.991699,46.364404],[32.013086,46.387158],[32.008496,46.42998],[31.855762,46.462451],[31.713672,46.471777],[31.623633,46.510254],[31.554883,46.554297],[31.716016,46.55498],[31.87793,46.52168],[32.131445,46.509375],[32.361328,46.474951],[32.418945,46.517773],[32.552539,46.591992],[32.578027,46.615625],[32.354102,46.564844],[32.127246,46.597217],[32.044336,46.64248],[31.974316,46.708789],[31.944922,46.784375],[31.964063,46.854834],[31.939551,46.981982],[31.864746,47.095117],[31.838184,47.157227],[31.75918,47.212842],[31.836914,47.087012],[31.865918,47.003271],[31.912695,46.926123],[31.90166,46.721631],[31.872852,46.649756],[31.77959,46.631641],[31.657031,46.642432],[31.532129,46.664746],[31.563379,46.777295],[31.496875,46.738379],[31.40293,46.628809],[31.320312,46.6125],[31.136816,46.624463],[30.796289,46.552002],[30.772852,46.473047],[30.72168,46.366211],[30.672266,46.304004],[30.656738,46.266504],[30.511523,46.105371],[30.492969,46.090137],[30.219043,45.866748],[30.18418,45.849951],[30.006641,45.797949],[29.90166,45.752393],[29.821191,45.73208],[29.685059,45.754687],[29.628418,45.722461],[29.60166,45.68252],[29.601172,45.6],[29.670313,45.540674],[29.726953,45.343311],[29.705859,45.259912],[29.689063,45.193213],[29.678613,45.15166],[29.635352,44.979639],[29.605469,44.915479],[29.55752,44.843408],[29.048242,44.757568],[29.081055,44.798828],[29.069141,44.871143],[29.047754,44.925684],[29.095313,44.975049],[28.980664,44.99292],[28.930566,44.96582],[28.891504,44.918652],[28.926172,44.81001],[28.87041,44.749951],[28.849023,44.716309],[28.846484,44.636865],[28.813574,44.60249],[28.807031,44.565039],[28.888184,44.574756],[28.851758,44.506104],[28.699219,44.374219],[28.64541,44.295654],[28.658594,43.983838],[28.590723,43.797412],[28.585352,43.742236],[28.561816,43.501318],[28.46543,43.389307],[28.319629,43.426855],[28.133691,43.395605],[28.035156,43.268262],[27.979297,43.230518],[27.928906,43.186133],[27.896484,43.020703],[27.888867,42.749707],[27.818359,42.71665],[27.753711,42.706543],[27.484766,42.468066],[27.639551,42.400977],[27.708203,42.349951],[27.821387,42.208008],[27.982715,42.047412],[28.014453,41.969043],[27.987305,41.854883],[28.050293,41.72915],[28.197852,41.554492],[28.346387,41.466357],[28.946777,41.248389],[29.057227,41.229736],[29.032129,41.140479],[28.995996,41.061133],[28.95625,41.008203],[28.780371,40.97417],[28.294922,41.071484],[28.172168,41.080713],[28.085547,41.061328],[27.925195,40.990576],[27.747363,41.013281],[27.499414,40.973145],[27.430176,40.839941],[27.258008,40.687354],[26.974609,40.564014],[26.77207,40.498047],[26.467969,40.261475],[26.32998,40.123389],[26.271777,40.096582],[26.202734,40.075391],[26.225977,40.141699],[26.260156,40.202393],[26.252344,40.248145],[26.253809,40.314697],[26.355273,40.390234],[26.447461,40.44502],[26.720313,40.544238],[26.79209,40.626611],[26.578125,40.624658],[26.360938,40.606348],[26.224219,40.618066],[26.105469,40.611328],[26.067773,40.683398],[26.038965,40.726758],[26.010742,40.769141],[25.855664,40.844092],[25.496777,40.887793],[25.325293,40.943115],[25.250098,40.932812],[25.104492,40.994727],[25.004688,40.967529],[24.792969,40.85752],[24.678711,40.869482],[24.556543,40.935596],[24.477051,40.947754],[24.383789,40.912744],[24.234375,40.786133],[24.082324,40.724072],[23.946094,40.74834],[23.762793,40.747803],[23.743262,40.677002],[23.778711,40.627979],[23.878906,40.544385],[23.831934,40.481543],[23.866797,40.418555],[23.932031,40.405762],[24.030566,40.409326],[24.212793,40.327783],[24.29248,40.241797],[24.343359,40.147705],[24.232422,40.215186],[24.158789,40.280029],[24.056055,40.303564],[23.913184,40.358789],[23.823438,40.368018],[23.72793,40.329736],[23.720508,40.286279],[23.823438,40.205127],[23.917578,40.155225],[23.96748,40.114551],[24.000781,40.024609],[23.981836,39.994043],[23.94707,39.965576],[23.835352,40.022266],[23.664551,40.223828],[23.42627,40.263965],[23.386426,40.221973],[23.433203,40.11543],[23.46709,40.073926],[23.674121,39.958887],[23.65752,39.934473],[23.627344,39.924072],[23.395605,39.989844],[23.328223,40.089941],[23.312012,40.216455],[23.098145,40.304297],[22.896484,40.399902],[22.851367,40.490625],[22.892871,40.524268],[22.922266,40.590869],[22.811426,40.578613],[22.741895,40.536475],[22.629492,40.495557],[22.624902,40.428613],[22.642676,40.366602],[22.605469,40.276416],[22.569336,40.119336],[22.592188,40.036914],[22.835742,39.800586],[22.919043,39.628906],[22.978809,39.563818],[23.103418,39.492041],[23.233398,39.358447],[23.288477,39.288818],[23.327734,39.174902],[23.218359,39.104395],[23.154688,39.101465],[23.119434,39.132764],[23.16875,39.210449],[23.161719,39.257764],[22.992871,39.331055],[22.921387,39.306348],[22.838965,39.258594],[22.886035,39.169971],[22.938965,39.111523],[22.965527,39.030908],[23.066699,39.037939],[22.930469,38.947705],[22.802637,38.901611],[22.676855,38.898926],[22.596777,38.890576],[22.569141,38.86748],[22.634277,38.850684],[22.6875,38.84917],[22.774023,38.800391],[23.020313,38.741895],[23.137695,38.667969],[23.25293,38.66123],[23.368945,38.525537],[23.569629,38.489404],[23.683984,38.352441],[23.836035,38.325488],[23.966992,38.275],[24.005371,38.226807],[24.024512,38.139795],[24.033008,37.955322],[24.061328,37.81792],[24.062305,37.774512],[24.055371,37.709619],[24.019727,37.677734],[23.971582,37.676758],[23.877344,37.777783],[23.732813,37.884082],[23.580469,38.010547],[23.537207,38.032764],[23.501758,38.034863],[23.420215,37.99209],[23.193652,37.959033],[23.087402,37.912842],[23.047461,37.902637],[23.036328,37.878369],[23.086133,37.853125],[23.147168,37.795312],[23.147168,37.71626],[23.197559,37.620215],[23.262695,37.59541],[23.347559,37.597559],[23.396191,37.579785],[23.408789,37.541553],[23.458105,37.496924],[23.490625,37.463867],[23.489258,37.440186],[23.252539,37.377295],[23.203027,37.348535],[23.161523,37.333838],[23.1,37.36377],[23.096484,37.440576],[23.015137,37.481787],[22.940527,37.51709],[22.851074,37.532227],[22.775,37.585107],[22.725391,37.542139],[22.765039,37.393311],[22.851074,37.29082],[22.99502,37.015869],[23.060352,36.853516],[23.073535,36.774951],[23.041016,36.644531],[23.111719,36.547607],[23.160156,36.448096],[23.106836,36.451855],[23.060547,36.486963],[22.98291,36.528369],[22.832324,36.687109],[22.779883,36.786182],[22.717188,36.793945],[22.608398,36.779736],[22.489063,36.568164],[22.489453,36.446924],[22.427734,36.475781],[22.374805,36.513574],[22.38125,36.646191],[22.375977,36.701904],[22.231152,36.882568],[22.164746,36.902832],[22.133789,36.963916],[22.080469,37.028955],[22.011719,37.016504],[21.955566,36.990088],[21.940039,36.891797],[21.934277,36.803662],[21.892383,36.737305],[21.738086,36.863232],[21.58291,37.080957],[21.578809,37.200391],[21.69248,37.309277],[21.678906,37.387207],[21.571289,37.541016],[21.416211,37.639941],[21.329297,37.669336],[21.288477,37.774512],[21.205273,37.828857],[21.137988,37.85415],[21.124707,37.891602],[21.14502,37.919287],[21.308105,38.027441],[21.403711,38.19668],[21.451172,38.204736],[21.54873,38.1646],[21.658398,38.175098],[21.748438,38.274219],[21.824707,38.328125],[21.95332,38.321191],[22.24375,38.188721],[22.555859,38.113232],[22.711523,38.046924],[22.799609,37.981201],[22.846387,37.967578],[22.920313,37.958301],[22.916992,38.007471],[22.893164,38.050928],[22.954785,38.074609],[23.12207,38.07334],[23.152539,38.096387],[23.183496,38.133691],[23.148926,38.176074],[23.093555,38.196436],[23.034375,38.2021],[22.99541,38.215527],[22.93252,38.201953],[22.834375,38.234717],[22.783691,38.261719],[22.753906,38.289502],[22.583398,38.344922],[22.42168,38.438525],[22.385254,38.385547],[22.319922,38.356836],[22.226855,38.352832],[21.965332,38.412451],[21.804688,38.366943],[21.71709,38.355029],[21.650098,38.354004],[21.567676,38.333594],[21.472559,38.321387],[21.390137,38.407812],[21.355469,38.474805],[21.331055,38.487305],[21.329785,38.424365],[21.30332,38.373926],[21.182617,38.345557],[21.113184,38.384668],[21.059766,38.503271],[20.992188,38.654004],[20.873242,38.775732],[20.776855,38.80752],[20.768555,38.874414],[20.777344,38.927881],[20.893164,38.941113],[21.074219,38.885156],[21.111621,38.896289],[21.152344,38.92207],[21.144531,38.979199],[21.118359,39.02998],[21.068555,39.032275],[21.034082,39.02627],[20.922754,39.036768],[20.779688,39.008545],[20.713379,39.035156],[20.691309,39.06748],[20.57168,39.147705],[20.468262,39.255273],[20.300781,39.3271],[20.191406,39.545801],[20.099414,39.64126],[20.00127,39.709424],[19.995605,39.801025],[19.964844,39.872266],[19.851855,40.043555],[19.48457,40.209961],[19.398145,40.284863],[19.360156,40.347705],[19.322266,40.40708],[19.358594,40.40874],[19.394531,40.393701],[19.440527,40.375684],[19.45918,40.405371],[19.439258,40.470264],[19.344629,40.62207],[19.3375,40.663818],[19.383887,40.790723],[19.46123,40.933301],[19.456055,41.106055],[19.480078,41.236377],[19.453418,41.320996],[19.440625,41.424756],[19.497363,41.562695],[19.545801,41.596826],[19.575684,41.64043],[19.577539,41.7875],[19.468262,41.856152],[19.342383,41.869092],[19.186426,41.948633],[19.122266,42.060498],[18.894238,42.249463],[18.63291,42.378076],[18.619043,42.398389],[18.633398,42.423145],[18.645898,42.442725],[18.591602,42.444189],[18.553516,42.428516],[18.51748,42.43291],[18.333008,42.527881],[18.160645,42.634033],[17.823828,42.797412],[17.584961,42.837158],[17.258203,42.968457],[17.04541,43.014893],[17.126465,43.025586],[17.219824,43.025879],[17.723633,42.850684],[17.667578,42.897119],[17.585156,42.938379],[17.537305,42.962256],[17.329883,43.114893],[17.129395,43.211133],[16.903125,43.392432],[16.600293,43.464062],[16.393945,43.543359],[16.268945,43.53125],[16.131055,43.506299],[16.045996,43.505518],[15.985547,43.519775],[15.942578,43.568945],[15.949121,43.606982],[15.941504,43.656641],[15.820605,43.735937],[15.655664,43.811279],[15.499414,43.908789],[15.18584,44.172119],[15.122949,44.256787],[15.184668,44.2729],[15.231348,44.271436],[15.284277,44.288818],[15.369727,44.289258],[15.470996,44.271973],[15.381348,44.328271],[15.269824,44.383496],[14.981348,44.60293],[14.895215,44.706592],[14.885254,44.818262],[14.906543,44.971387],[14.85459,45.081006],[14.632031,45.2229],[14.550488,45.297705],[14.386133,45.342139],[14.312695,45.337793],[14.268555,45.28252],[14.236328,45.159668],[14.090625,44.997607],[14.041992,44.927197],[13.96582,44.835645],[13.899805,44.829346],[13.860742,44.837402],[13.74248,44.991504],[13.629297,45.108203],[13.613477,45.163428],[13.60332,45.231396],[13.517188,45.481787],[13.57793,45.516895],[13.637305,45.535937],[13.719824,45.587598],[13.783301,45.627246],[13.62832,45.770947],[13.558203,45.770703],[13.465137,45.709961],[13.206348,45.771387],[13.156738,45.746582],[13.120117,45.6979],[13.030273,45.6375],[12.903027,45.610791],[12.76123,45.544287],[12.611719,45.497217],[12.497559,45.46167],[12.432129,45.46792],[12.536133,45.544922],[12.491797,45.546289],[12.353809,45.491992],[12.274316,45.446045],[12.248828,45.368848],[12.225684,45.241504],[12.286328,45.207715],[12.39248,45.039795],[12.523438,44.967969],[12.497949,44.899414],[12.463574,44.845215],[12.384473,44.79834],[12.319043,44.833105],[12.278906,44.832227],[12.24834,44.72251],[12.30498,44.429443],[12.396289,44.223877],[12.486816,44.134229],[12.691113,43.994727],[12.907031,43.921191],[13.295313,43.686084],[13.508203,43.61167],[13.56416,43.571289],[13.693262,43.389893],[13.804688,43.180371],[13.924902,42.851562],[14.010449,42.689551],[14.182715,42.506445],[14.540723,42.244287],[14.866113,42.052539],[15.16875,41.934033],[15.40498,41.913232],[15.964063,41.939453],[16.061523,41.928125],[16.164648,41.896191],[16.18916,41.814014],[16.15127,41.758496],[16.033691,41.700781],[15.91377,41.62085],[15.900488,41.512061],[16.012598,41.4354],[16.551855,41.232031],[17.103418,41.062158],[17.275195,40.975439],[17.474219,40.840576],[17.95498,40.655176],[18.036133,40.564941],[18.328223,40.37085],[18.460645,40.221045],[18.48584,40.104834],[18.422559,39.986865],[18.393457,39.903613],[18.34375,39.821387],[18.219336,39.852539],[18.07793,39.936963],[17.865039,40.280176],[17.476172,40.314941],[17.395801,40.340234],[17.257715,40.399072],[17.249414,40.437891],[17.215332,40.486426],[17.17998,40.502783],[17.03125,40.513477],[16.928223,40.458057],[16.807031,40.326465],[16.669629,40.137207],[16.52998,39.859668],[16.521875,39.747559],[16.597754,39.638916],[16.824316,39.57832],[16.999219,39.481592],[17.114551,39.380615],[17.122949,39.136572],[17.174609,38.998096],[17.098535,38.919336],[16.951465,38.939795],[16.755469,38.889697],[16.616699,38.800146],[16.558984,38.714795],[16.574219,38.493555],[16.545605,38.409082],[16.282422,38.249561],[16.144141,38.086377],[16.109766,38.018652],[16.056836,37.941846],[15.724512,37.939111],[15.645801,38.034229],[15.643066,38.175391],[15.700195,38.262305],[15.822363,38.302979],[15.904785,38.483496],[15.878906,38.613916],[15.926953,38.671729],[15.972363,38.712598],[16.065527,38.736426],[16.196777,38.759229],[16.209961,38.941113],[16.107422,39.023828],[16.071484,39.139453],[16.023633,39.353613],[15.854395,39.626514],[15.763672,39.870068],[15.692773,39.990186],[15.585156,40.052832],[15.390918,40.052148],[15.294531,40.07002],[14.950879,40.239014],[14.926953,40.264746],[14.929102,40.30957],[14.986133,40.37749],[14.947656,40.469336],[14.906934,40.556055],[14.839551,40.62998],[14.765723,40.668408],[14.61123,40.644775],[14.556934,40.626416],[14.459375,40.632715],[14.382715,40.599854],[14.339941,40.598828],[14.460547,40.728711],[14.428125,40.759326],[14.308887,40.812646],[14.147168,40.820703],[14.102344,40.827148],[14.075879,40.793945],[14.044336,40.812256],[14.047656,40.870312],[13.859766,41.12998],[13.733398,41.235645],[13.669727,41.254492],[13.554785,41.232178],[13.361914,41.278516],[13.246875,41.288867],[13.183398,41.277686],[13.088672,41.243848],[13.041016,41.266211],[13.024219,41.300928],[12.849219,41.40874],[12.630859,41.469678],[12.205664,41.812646],[12.075293,41.940869],[11.807031,42.082031],[11.637305,42.287549],[11.498438,42.362939],[11.296289,42.423291],[11.249707,42.415723],[11.188867,42.393115],[11.141211,42.389893],[11.103223,42.416602],[11.141797,42.444092],[11.184766,42.456592],[11.167773,42.535156],[10.937793,42.738721],[10.803125,42.804297],[10.765137,42.844678],[10.737109,42.899951],[10.708398,42.936328],[10.644629,42.957178],[10.590234,42.953613],[10.514844,42.967529],[10.517285,43.065137],[10.532324,43.140137],[10.520801,43.203809],[10.447559,43.371191],[10.320508,43.513086],[10.245801,43.8521],[10.188086,43.94751],[10.047656,44.019971],[9.730859,44.101172],[9.289355,44.319238],[9.195996,44.322998],[8.930371,44.407764],[8.76582,44.422314],[8.551953,44.346143],[8.292383,44.136523],[8.081641,43.918945],[8.00498,43.876758],[7.733301,43.802588],[7.493164,43.767139],[7.261523,43.696094],[7.181445,43.659131],[6.864746,43.43833],[6.716602,43.373584],[6.687402,43.33457],[6.657227,43.26167],[6.570215,43.199072],[6.494043,43.169287],[6.305371,43.138721],[6.115918,43.072363],[6.030566,43.100977],[5.809473,43.0979],[5.671582,43.177832],[5.406543,43.228516],[5.320215,43.344922],[5.199512,43.35249],[5.12041,43.348975],[5.073145,43.366602],[5.06084,43.406299],[5.059766,43.444531],[4.975977,43.426953],[4.911914,43.426953],[4.87373,43.411621],[4.843555,43.393945],[4.80791,43.405225],[4.787207,43.401416],[4.789062,43.378906],[4.712109,43.373291],[4.628711,43.387109],[4.409766,43.447217],[4.376172,43.456396],[4.224219,43.479639],[4.162793,43.503662],[4.113086,43.563037],[4.075098,43.581836],[4.052637,43.593066],[3.91084,43.563086],[3.861621,43.516357],[3.784766,43.461621],[3.258887,43.193213],[3.162891,43.080762],[3.051758,42.915137],[3.043066,42.837891],[3.090918,42.590869],[3.197852,42.461182],[3.211426,42.431152],[3.239844,42.367871],[3.287891,42.343701],[3.306738,42.288965],[3.218652,42.260352],[3.166406,42.256494],[3.150391,42.162451],[3.175195,42.135986],[3.224609,42.111133],[3.238086,42.082227],[3.248047,41.944238],[3.146875,41.861035],[3.004883,41.767432],[2.310938,41.466504],[2.145605,41.320752],[2.082617,41.287402],[1.566602,41.195605],[1.205859,41.097559],[1.03291,41.062061],[0.816895,40.891602],[0.714648,40.822852],[0.796094,40.803809],[0.891113,40.722363],[0.85918,40.68623],[0.720605,40.630469],[0.660059,40.61333],[0.627148,40.622217],[0.596094,40.614502],[0.363672,40.319043],[0.158398,40.106592],[0.043066,40.013965],[-0.075146,39.875928],[-0.327002,39.519873],[-0.328955,39.41709],[-0.204932,39.062598],[-0.133789,38.969482],[-0.034131,38.891211],[0.154883,38.824658],[0.201563,38.75918],[0.136328,38.696777],[-0.052734,38.585693],[-0.38125,38.435645],[-0.520801,38.317285],[-0.550684,38.203125],[-0.646777,38.151855],[-0.683203,37.992041],[-0.741553,37.886133],[-0.752734,37.850244],[-0.814648,37.769922],[-0.823096,37.711621],[-0.721582,37.631055],[-0.771875,37.59624],[-0.822168,37.580762],[-0.938086,37.571338],[-1.327539,37.561133],[-1.640967,37.386963],[-1.797607,37.232861],[-1.939307,36.94585],[-2.111523,36.77666],[-2.187695,36.745459],[-2.305566,36.819824],[-2.452832,36.831152],[-2.595703,36.806494],[-2.670605,36.747559],[-2.787549,36.714746],[-2.901855,36.743164],[-3.14917,36.758496],[-3.259131,36.755762],[-3.43125,36.70791],[-3.578809,36.739844],[-3.827783,36.756055],[-4.366846,36.718115],[-4.434863,36.700244],[-4.502246,36.62915],[-4.674121,36.506445],[-4.935303,36.502051],[-5.171484,36.423779],[-5.230518,36.373633],[-5.329687,36.235742],[-5.360937,36.134912],[-5.381592,36.134082],[-5.407227,36.158887],[-5.443604,36.150586],[-5.4625,36.073779],[-5.55127,36.038818],[-5.625488,36.025928],[-5.808398,36.08833],[-5.960693,36.181738],[-6.040674,36.188428],[-6.170459,36.333789],[-6.22627,36.426465],[-6.265918,36.526514],[-6.257715,36.564844],[-6.268945,36.596729],[-6.384131,36.637012],[-6.412256,36.728857],[-6.32832,36.848145],[-6.259424,36.898975],[-6.216797,36.913574],[-6.320947,36.908496],[-6.396191,36.831641],[-6.492432,36.954639],[-6.884619,37.194238],[-6.859375,37.24917],[-6.86377,37.278906],[-6.929492,37.214941],[-6.974658,37.198437],[-7.174951,37.208789],[-7.406152,37.179443],[-7.493604,37.168311],[-7.834131,37.005713],[-7.939697,37.00542],[-8.136768,37.077051],[-8.484326,37.100049],[-8.597656,37.121338],[-8.739111,37.074609],[-8.848437,37.075684],[-8.935352,37.016016],[-8.997803,37.032275],[-8.92627,37.166064],[-8.81416,37.430811],[-8.818555,37.592432],[-8.791846,37.732812],[-8.822656,37.871875],[-8.878955,37.958691],[-8.802246,38.183838],[-8.810937,38.299756],[-8.881104,38.44668],[-8.668311,38.424316],[-8.733984,38.482422],[-8.798877,38.518164],[-8.861621,38.509961],[-8.914795,38.512109],[-9.095996,38.455225],[-9.186719,38.438184],[-9.213281,38.448096],[-9.203369,38.538965],[-9.250391,38.656738],[-9.177832,38.687793],[-9.093311,38.69668],[-9.021484,38.746875],[-8.977051,38.80293],[-9.000488,38.903027],[-8.938086,38.998096],[-8.791602,39.078174],[-8.86748,39.065967],[-8.954297,39.016064],[-9.091016,38.834668],[-9.135791,38.742773],[-9.252295,38.712793],[-9.356738,38.6979],[-9.410205,38.70752],[-9.474121,38.730859],[-9.479736,38.798779],[-9.474756,38.85293],[-9.431445,38.960449],[-9.414355,39.112109],[-9.352832,39.248145],[-9.357227,39.284277],[-9.374756,39.338281],[-9.319629,39.391113],[-9.251416,39.426025],[-9.148291,39.542578],[-9.004053,39.820557],[-8.837842,40.115674],[-8.851318,40.151807],[-8.886621,40.179443],[-8.872656,40.259082],[-8.772412,40.605664],[-8.731592,40.650928],[-8.684619,40.752539],[-8.673975,40.916504],[-8.655566,41.029492],[-8.659814,41.086279],[-8.674609,41.154492],[-8.738379,41.284668],[-8.805664,41.56001],[-8.81084,41.651953],[-8.75542,41.698389],[-8.846387,41.705176],[-8.887598,41.7646],[-8.878223,41.83208],[-8.777148,41.941064],[-8.852344,41.926904],[-8.87832,41.946875],[-8.887207,42.105273],[-8.772461,42.210596],[-8.690918,42.27417],[-8.729199,42.287012],[-8.81582,42.285254],[-8.809961,42.334473],[-8.769385,42.358154],[-8.730029,42.411719],[-8.776172,42.434814],[-8.812109,42.470068],[-8.809912,42.562354],[-8.799902,42.599902],[-8.811523,42.640332],[-8.987793,42.585645],[-9.033105,42.593848],[-9.035059,42.662354],[-8.937207,42.766699],[-8.927197,42.798584],[-9.041602,42.814014],[-9.127197,42.865234],[-9.179443,42.910986],[-9.235205,42.976904],[-9.235645,43.035791],[-9.178076,43.174023],[-9.095557,43.214209],[-9.024512,43.238965],[-8.873682,43.334424],[-8.665625,43.316602],[-8.537061,43.337061],[-8.421582,43.38584],[-8.355469,43.396826],[-8.248926,43.439404],[-8.252295,43.496924],[-8.288867,43.5396],[-8.256738,43.579883],[-8.137158,43.629053],[-8.004687,43.694385],[-7.852734,43.706982],[-7.698145,43.764551],[-7.59458,43.727344],[-7.503613,43.739941],[-7.399316,43.695801],[-7.261963,43.594629],[-7.060986,43.553955],[-6.900684,43.585645],[-6.617285,43.592383],[-6.475684,43.578906],[-6.224121,43.603857],[-6.080127,43.594922],[-5.84668,43.645068],[-5.66582,43.582471],[-5.315723,43.553174],[-5.105273,43.501855],[-4.523047,43.415723],[-4.312793,43.414746],[-4.015332,43.463086],[-3.889355,43.499414],[-3.774023,43.477881],[-3.604639,43.519482],[-3.523633,43.511035],[-3.417871,43.451709],[-3.045605,43.371582],[-2.947705,43.439697],[-2.875049,43.454443],[-2.60708,43.412744],[-2.337109,43.328027],[-2.19668,43.321924],[-1.991309,43.345068],[-1.828516,43.40083],[-1.794043,43.407324],[-1.631445,43.438037],[-1.484863,43.56377],[-1.345996,44.020215],[-1.245508,44.559863],[-1.170801,44.661816],[-1.076953,44.689844],[-1.152881,44.764014],[-1.200391,44.726465],[-1.220312,44.686621],[-1.245215,44.666699],[-1.189062,45.161475],[-1.149072,45.342627],[-1.081006,45.532422],[-0.941748,45.45708],[-0.826318,45.380664],[-0.76665,45.314355],[-0.691113,45.093457],[-0.633984,45.047119],[-0.548486,45.000586],[-0.582275,45.051367],[-0.641113,45.090186],[-0.733105,45.384619],[-0.790771,45.468018],[-0.880664,45.538184],[-1.169971,45.685937],[-1.195996,45.714453],[-1.209961,45.770898],[-1.114355,45.768506],[-1.031738,45.741064],[-1.041504,45.772656],[-1.066016,45.805664],[-1.104395,45.925342],[-1.136377,46.204834],[-1.132031,46.252686],[-1.146289,46.311377],[-1.238818,46.324512],[-1.312793,46.326904],[-1.39248,46.350098],[-1.786523,46.514844],[-1.921436,46.684814],[-2.059375,46.810303],[-2.09248,46.865039],[-2.090283,46.920508],[-2.018896,47.037646],[-2.081934,47.111621],[-2.143555,47.126318],[-2.19707,47.162939],[-2.148584,47.223926],[-2.108301,47.262939],[-2.027588,47.273584],[-1.921729,47.260645],[-1.821289,47.225342],[-1.742529,47.215967],[-1.975391,47.310693],[-2.353027,47.27876],[-2.434424,47.290967],[-2.503125,47.312061],[-2.530029,47.381592],[-2.476318,47.412939],[-2.427686,47.470898],[-2.482715,47.511621],[-2.554053,47.527051],[-2.665918,47.526172],[-2.770312,47.513867],[-2.796777,47.537256],[-2.733105,47.601807],[-2.787207,47.625537],[-2.859375,47.614453],[-2.964062,47.601074],[-3.064209,47.621338],[-3.158838,47.694678],[-3.221582,47.694141],[-3.264697,47.685107],[-3.328613,47.71333],[-3.395898,47.72041],[-3.443945,47.711035],[-3.507812,47.753125],[-3.900928,47.837549],[-4.070703,47.847852],[-4.226416,47.809619],[-4.312109,47.8229],[-4.375098,47.877441],[-4.427979,47.968945],[-4.678809,48.039502],[-4.629199,48.085791],[-4.512402,48.096729],[-4.377832,48.128809],[-4.329443,48.169971],[-4.434619,48.217969],[-4.512207,48.229736],[-4.544336,48.246973],[-4.577148,48.290039],[-4.530664,48.309717],[-4.4979,48.299268],[-4.40332,48.293066],[-4.241406,48.303662],[-4.301758,48.34707],[-4.364404,48.356738],[-4.393164,48.367627],[-4.524805,48.372314],[-4.584717,48.35752],[-4.719385,48.363135],[-4.748535,48.41001],[-4.7625,48.450244],[-4.720752,48.539893],[-4.531201,48.619971],[-4.058887,48.70752],[-3.855664,48.694727],[-3.714795,48.710498],[-3.545996,48.765674],[-3.471484,48.812939],[-3.231445,48.84082],[-3.003223,48.790674],[-2.792871,48.601074],[-2.692334,48.536816],[-2.446191,48.648291],[-2.079443,48.64502],[-2.003711,48.58208],[-1.973145,48.635107],[-1.905713,48.697119],[-1.851953,48.668848],[-1.824707,48.630518],[-1.437646,48.641406],[-1.376465,48.652588],[-1.480469,48.697607],[-1.565479,48.805518],[-1.583105,49.202393],[-1.690332,49.313184],[-1.813428,49.490137],[-1.870068,49.595117],[-1.875391,49.631396],[-1.856445,49.683789],[-1.705127,49.680957],[-1.588232,49.667676],[-1.365723,49.707275],[-1.258643,49.680176],[-1.264941,49.598242],[-1.232275,49.494873],[-1.194971,49.444824],[-1.138525,49.387891],[-0.959131,49.393164],[-0.765527,49.359717],[-0.520898,49.354541],[-0.163477,49.296777],[-0.011182,49.330225],[0.136133,49.401514],[0.416895,49.448389],[0.439258,49.473193],[0.277637,49.463281],[0.129395,49.508447],[0.109375,49.55752],[0.126563,49.601562],[0.186719,49.703027],[0.616211,49.862939],[0.924121,49.910205],[1.245508,49.998242],[1.407227,50.088525],[1.514063,50.205078],[1.548438,50.230713],[1.592773,50.252197],[1.551563,50.293945],[1.579492,50.739258],[1.60957,50.819482],[1.672266,50.88501],[1.767676,50.935693],[1.9125,50.990625],[2.445703,51.066504],[2.524902,51.097119],[2.960156,51.26543],[3.225195,51.351611],[3.350098,51.377686],[3.425781,51.393506],[3.589453,51.399414],[3.716504,51.369141],[3.883398,51.354492],[4.011035,51.395947],[4.111523,51.360645],[4.226172,51.386475],[4.138867,51.401514],[4.006543,51.443213],[3.821875,51.409375],[3.693555,51.449902],[3.586914,51.453906],[3.520508,51.486182],[3.448926,51.540771],[3.499609,51.57666],[3.548633,51.589111],[3.743945,51.596045],[3.886035,51.574219],[4.141309,51.455762],[4.205762,51.456689],[4.274121,51.471631],[4.239355,51.503906],[4.175488,51.519287],[4.080469,51.551123],[4.004785,51.59585],[4.182617,51.610303],[4.158008,51.633447],[4.13457,51.6729],[3.946875,51.810547],[3.978906,51.847803],[4.026074,51.927734],[4.084863,51.994092],[4.131738,52.011914],[4.208789,52.058984],[4.37627,52.196826],[4.482813,52.30918],[4.562109,52.442578],[4.67832,52.809766],[4.712695,52.872119],[4.76875,52.941309],[4.839063,52.928271],[4.887988,52.90835],[5.06123,52.960645],[5.358398,53.096484],[5.445996,53.214062],[5.532031,53.268701],[5.873535,53.375195],[6.062207,53.40708],[6.353223,53.415283],[6.563574,53.434277],[6.816211,53.441162],[6.912402,53.375391],[6.968164,53.327295],[7.058008,53.300586],[7.197266,53.282275],[7.152051,53.326953],[7.05332,53.37583],[7.074316,53.477637],[7.107129,53.556982],[7.206445,53.654541],[7.285254,53.681348],[7.629199,53.697266],[8.009277,53.690723],[8.16709,53.543408],[8.108496,53.467676],[8.200781,53.432422],[8.245215,53.445312],[8.279004,53.511182],[8.301563,53.584131],[8.333887,53.606201],[8.451367,53.551709],[8.492676,53.514355],[8.495215,53.394238],[8.538477,53.556885],[8.50625,53.670752],[8.528418,53.781104],[8.575586,53.838477],[8.618945,53.875],[8.897754,53.835693],[9.205566,53.855957],[9.321973,53.813477],[9.585352,53.600488],[9.673145,53.565625],[9.783984,53.554639],[9.63125,53.600195],[9.312012,53.859131],[9.216406,53.891211],[9.069629,53.900928],[8.978125,53.926221],[8.92041,53.965332],[8.903516,54.000293],[8.906641,54.260791],[8.851562,54.299561],[8.780371,54.313037],[8.736035,54.295215],[8.644922,54.294971],[8.625781,54.353955],[8.648047,54.397656],[8.831152,54.427539],[8.951855,54.467578],[8.957227,54.53833],[8.880957,54.593945],[8.789648,54.695947],[8.682324,54.791846],[8.661426,54.985937],[8.638281,55.045557],[8.572949,55.134277],[8.669824,55.155664],[8.651074,55.328564],[8.615918,55.418213],[8.345313,55.510303],[8.132129,55.599805],[8.181348,55.901172],[8.202344,55.982373],[8.121484,56.139893],[8.129883,56.321191],[8.163965,56.606885],[8.231738,56.618066],[8.281445,56.616699],[8.473145,56.56543],[8.55293,56.560303],[8.607617,56.514502],[8.67168,56.495654],[8.718066,56.544287],[8.736133,56.627441],[8.888086,56.735059],[8.994531,56.774805],[9.06709,56.793848],[9.140332,56.750439],[9.196387,56.70166],[9.209668,56.808398],[9.254883,57.011719],[9.110449,57.043652],[8.992773,57.016113],[8.876074,56.887256],[8.771973,56.725293],[8.603125,56.7104],[8.468359,56.664551],[8.34668,56.712109],[8.268262,56.754004],[8.266309,56.815332],[8.284082,56.852344],[8.427051,56.984424],[8.618555,57.111279],[8.811523,57.110059],[8.952246,57.150586],[9.036328,57.15542],[9.298828,57.146533],[9.433594,57.174316],[9.554297,57.232471],[9.815137,57.478418],[9.962305,57.580957],[10.259082,57.617041],[10.533301,57.7354],[10.609961,57.736914],[10.480957,57.648682],[10.460254,57.614551],[10.444629,57.562207],[10.537109,57.448535],[10.517578,57.379346],[10.524121,57.243213],[10.436914,57.172266],[10.338477,57.021338],[10.296094,56.999121],[10.287012,56.822949],[10.29668,56.780908],[10.282715,56.620508],[10.383594,56.554834],[10.490234,56.520508],[10.845898,56.521729],[10.882812,56.492871],[10.926172,56.443262],[10.894434,56.359033],[10.856445,56.295508],[10.753418,56.241992],[10.621191,56.2021],[10.538965,56.200342],[10.426953,56.276172],[10.37373,56.251562],[10.31875,56.212891],[10.22666,56.005371],[10.183008,55.865186],[10.159375,55.853809],[10.107324,55.874463],[10.017383,55.876074],[9.903711,55.842822],[9.962012,55.813086],[10.023633,55.761426],[9.999023,55.735547],[9.899023,55.707568],[9.810352,55.650977],[9.773242,55.608154],[9.661426,55.557471],[9.591113,55.493213],[9.625586,55.413574],[9.640234,55.343652],[9.670996,55.266406],[9.643262,55.204736],[9.504785,55.11626],[9.453711,55.039551],[9.572363,55.040527],[9.64541,55.022803],[9.688184,55.000146],[9.732324,54.968018],[9.705273,54.92832],[9.745898,54.807178],[9.892285,54.780615],[9.953809,54.738281],[10.022168,54.673926],[10.028809,54.581299],[9.941309,54.514648],[9.868652,54.472461],[10.143457,54.488428],[10.170801,54.450195],[10.212402,54.408936],[10.360449,54.43833],[10.731543,54.31626],[10.955957,54.375684],[11.013379,54.37915],[11.064355,54.280518],[11.008594,54.181152],[10.810742,54.075146],[10.85459,54.009814],[10.917773,53.995312],[11.104297,54.00918],[11.399609,53.944629],[11.461133,53.964746],[11.700586,54.113525],[11.796289,54.145459],[12.111328,54.168311],[12.168652,54.225879],[12.296289,54.283789],[12.378516,54.347021],[12.575391,54.467383],[12.779102,54.445703],[12.898047,54.422656],[13.028613,54.411035],[13.147461,54.282715],[13.448047,54.140869],[13.724219,54.153223],[13.822266,54.019043],[13.865527,53.853369],[13.950391,53.801367],[14.025,53.767432],[14.25,53.731885],[14.487598,53.671875],[14.583496,53.639355],[14.571582,53.675879],[14.552148,53.707324],[14.564941,53.753516],[14.558398,53.823193],[14.350879,53.85874],[14.172168,53.874365],[14.04834,53.863086],[13.925781,53.879053],[13.902148,53.938965],[13.92168,53.996631],[13.872461,54.036279],[13.827148,54.05957],[13.82041,54.092822],[13.827734,54.127246],[14.038867,54.03457],[14.211426,53.950342],[14.249316,53.931934],[14.38418,53.924707],[14.715723,54.018311],[15.288379,54.139893],[15.9,54.253955],[16.042773,54.266357],[16.186328,54.290381],[16.239355,54.333057],[16.292285,54.361621],[16.375586,54.436865],[16.559766,54.553809],[16.885449,54.596387],[17.007031,54.651855],[17.261914,54.729541],[17.842969,54.816699],[18.085645,54.83584],[18.323438,54.838184],[18.535156,54.769434],[18.759277,54.68457],[18.799609,54.63335],[18.67832,54.665283],[18.501563,54.741504],[18.43623,54.744727],[18.587109,54.512891],[18.669629,54.430908],[18.836426,54.36958],[18.97627,54.348926],[19.407129,54.386084],[19.560156,54.434619],[19.604395,54.45918],[19.758496,54.544824],[19.858887,54.633838],[19.944141,54.75],[19.953223,54.830469],[19.974512,54.921191],[20.107617,54.956494],[20.39668,54.95127],[20.520313,54.994873],[20.678906,55.102637],[20.845703,55.232031],[20.899805,55.28667],[21.014063,55.401953],[21.057617,55.476807],[21.087891,55.583105],[21.114844,55.616504],[21.115723,55.568164],[21.103906,55.487744],[21.031738,55.350488],[20.859375,55.183643],[20.594824,54.982373],[20.677734,54.955664],[20.774023,54.947021],[20.8875,54.909473],[20.995898,54.902686],[21.188867,54.935205],[21.222852,55.107764],[21.236328,55.271191],[21.201074,55.343799],[21.237891,55.455029],[21.171094,55.617725],[21.061914,55.813428],[21.053809,56.022949],[21.046094,56.070068],[21.014941,56.258936],[21.031445,56.636572],[21.071289,56.82373],[21.257422,56.932764],[21.350781,57.017676],[21.405078,57.131006],[21.421484,57.23584],[21.45918,57.322461],[21.728711,57.570996],[21.942383,57.597852],[22.231445,57.666797],[22.55459,57.724268],[22.616992,57.651172],[22.648633,57.595361],[23.037793,57.39209],[23.136816,57.323828],[23.287305,57.089746],[23.647754,56.971045],[23.931152,57.008496],[24.054297,57.066113],[24.28125,57.172314],[24.382617,57.250049],[24.403223,57.325],[24.362988,57.645312],[24.301563,57.784131],[24.322559,57.870605],[24.332031,57.909766],[24.463867,58.105957],[24.4875,58.261621],[24.535742,58.283008],[24.549707,58.30459],[24.529102,58.354248],[24.392188,58.386084],[24.336914,58.381396],[24.287207,58.328027],[24.235645,58.289551],[24.114844,58.266113],[24.010938,58.306641],[23.767578,58.36084],[23.706055,58.433008],[23.691504,58.505615],[23.562793,58.57583],[23.509277,58.658545],[23.530664,58.71626],[23.647461,58.75415],[23.680762,58.787158],[23.533594,58.781934],[23.503613,58.789844],[23.497168,58.819531],[23.432031,58.920654],[23.489648,58.960498],[23.515039,58.999219],[23.467773,59.032178],[23.480176,59.069678],[23.516992,59.107568],[23.494434,59.195654],[23.640527,59.242334],[23.78252,59.275146],[24.083398,59.291895],[24.053613,59.372314],[24.175391,59.375928],[24.380371,59.472656],[24.583594,59.455664],[24.877539,59.52207],[25.44375,59.521143],[25.520898,59.559473],[25.507422,59.597998],[25.509277,59.639014],[25.615723,59.627539],[25.79375,59.634668],[26.46084,59.553906],[26.625,59.553906],[26.852051,59.471777],[26.974707,59.450635],[27.33584,59.450488],[27.892578,59.414209],[28.001855,59.469824],[28.0125,59.484277],[28.063965,59.554004],[28.046289,59.647168],[28.013965,59.724756],[28.058008,59.781543],[28.131152,59.786523],[28.2125,59.724658],[28.33457,59.692529],[28.42373,59.734082],[28.453906,59.814258],[28.518164,59.849561],[28.603906,59.818066],[28.747656,59.806689],[28.866895,59.811914],[28.947266,59.82876],[28.981543,59.854785],[29.013379,59.901562],[29.079102,59.960986],[29.147266,59.999756],[29.669727,59.955664],[30.122559,59.873584],[30.156836,59.904297],[30.172656,59.957129],[30.059961,60.002588],[29.976758,60.026367],[29.872266,60.12085],[29.721191,60.195312],[29.569336,60.201855],[29.37041,60.175928],[29.069141,60.191455],[28.812695,60.331543],[28.643164,60.375293],[28.522266,60.482959],[28.491602,60.540137],[28.622461,60.491602],[28.640332,60.542871],[28.650586,60.610986],[28.577832,60.652539],[28.512793,60.677295],[28.179297,60.570996],[27.797656,60.536133],[27.761621,60.532861],[27.669336,60.498975],[27.525098,60.490771],[27.462402,60.464844],[27.241895,60.538672],[27.205273,60.543457],[27.075586,60.525146],[26.951172,60.471484],[26.721484,60.455078],[26.607422,60.437695],[26.534668,60.412891],[26.519727,60.471582],[26.551172,60.545996],[26.601758,60.595605],[26.606445,60.62793],[26.569336,60.624561],[26.495801,60.551807],[26.456445,60.466797],[26.377734,60.424072],[26.204688,60.406592],[26.036035,60.474902],[25.955957,60.474219],[26.00625,60.425293],[26.040234,60.371582],[26.03584,60.341504],[25.945898,60.346777],[25.845801,60.3146],[25.758008,60.267529],[25.71543,60.267432],[25.656445,60.333203],[25.548242,60.30249],[25.455762,60.26123],[25.267871,60.24834],[25.155859,60.194092],[24.957617,60.157471],[24.84873,60.15835],[24.600488,60.114258],[24.517969,60.046289],[24.445605,60.021289],[24.342578,60.042334],[24.025195,60.00918],[23.721777,59.965674],[23.592676,59.968164],[23.463574,59.98623],[23.326758,59.925781],[23.181445,59.844922],[23.021289,59.816016],[22.963867,59.826367],[23.009766,59.868799],[23.115723,59.912695],[23.188477,59.972217],[23.198438,60.021826],[23.148438,60.041309],[23.080176,60.047266],[22.994141,60.098535],[22.911719,60.209717],[22.86709,60.21582],[22.844434,60.186621],[22.819141,60.101367],[22.793457,60.076807],[22.749805,60.057275],[22.697363,60.037598],[22.646191,60.028027],[22.462695,60.029199],[22.438574,60.072266],[22.438574,60.090283],[22.471094,60.146973],[22.442676,60.156885],[22.469727,60.201318],[22.512988,60.198926],[22.564258,60.205518],[22.589941,60.228369],[22.587988,60.255664],[22.516699,60.262744],[22.512305,60.281348],[22.575879,60.359082],[22.584961,60.380566],[22.560352,60.38501],[22.520508,60.376562],[22.25791,60.400928],[21.933984,60.500293],[21.854297,60.50542],[21.805273,60.594141],[21.727148,60.58291],[21.613281,60.530957],[21.527832,60.57041],[21.436035,60.596387],[21.410645,60.636963],[21.411914,60.696826],[21.404004,60.767432],[21.378906,60.850049],[21.360547,60.96748],[21.377734,61.059229],[21.450977,61.127148],[21.479102,61.170508],[21.513477,61.281201],[21.521191,61.41084],[21.501758,61.45498],[21.506641,61.484326],[21.565039,61.484326],[21.552344,61.509521],[21.52666,61.523291],[21.498242,61.551953],[21.522461,61.567139],[21.592383,61.568213],[21.598047,61.577881],[21.605957,61.591553],[21.551855,61.666846],[21.545605,61.702734],[21.470508,61.81167],[21.384863,61.914941],[21.255957,61.989648],[21.30166,62.112646],[21.353711,62.223828],[21.343359,62.277393],[21.323438,62.342578],[21.165625,62.414062],[21.142188,62.514795],[21.103613,62.622949],[21.118164,62.689258],[21.143848,62.73999],[21.195703,62.790527],[21.45752,62.95],[21.473535,63.033252],[21.650977,63.039307],[21.568652,63.113721],[21.549219,63.155518],[21.545117,63.204297],[21.800391,63.237695],[21.895703,63.210254],[22.120313,63.244141],[22.319727,63.310449],[22.316211,63.345654],[22.285547,63.377197],[22.243262,63.437939],[22.273242,63.454785],[22.345996,63.442383],[22.312598,63.472559],[22.318652,63.504395],[22.398047,63.491162],[22.527637,63.57998],[22.532324,63.647852],[22.75625,63.68335],[23.014453,63.821826],[23.133594,63.864941],[23.24873,63.896143],[23.493945,64.034473],[23.598926,64.040918],[23.65293,64.13418],[23.861426,64.258252],[23.924805,64.274121],[24.022266,64.385986],[24.27832,64.515283],[24.440625,64.680127],[24.530176,64.738672],[24.55791,64.801025],[24.657617,64.806299],[24.747559,64.8521],[24.942188,64.884033],[25.134277,64.875195],[25.214258,64.853467],[25.288184,64.860352],[25.280762,64.916406],[25.228027,64.951025],[25.271094,64.984277],[25.372656,65.009473],[25.362305,65.065137],[25.340234,65.098633],[25.255859,65.143262],[25.297852,65.243213],[25.30791,65.352734],[25.347852,65.479248],[25.241797,65.546289],[24.839355,65.660352],[24.764258,65.656396],[24.674902,65.670703],[24.581543,65.757129],[24.623242,65.831689],[24.628027,65.85918],[24.591602,65.85835],[24.532617,65.822021],[24.404297,65.780469],[24.2375,65.812354],[24.155469,65.805273],[23.890527,65.782227],[23.691406,65.828516],[23.59209,65.805322],[23.418359,65.804346],[23.221094,65.786133],[23.15459,65.749902],[23.102344,65.735352],[22.919336,65.786475],[22.746582,65.870947],[22.620313,65.806543],[22.538574,65.794336],[22.465137,65.852637],[22.400977,65.862109],[22.366309,65.842676],[22.335938,65.791162],[22.287598,65.750635],[22.275,65.725],[22.266602,65.621533],[22.254004,65.597559],[22.08623,65.610938],[22.096289,65.583789],[22.132812,65.570117],[22.147559,65.552881],[22.086719,65.530225],[21.920117,65.532373],[21.903125,65.50835],[21.95,65.470361],[21.913477,65.437109],[21.87959,65.424023],[21.680664,65.403369],[21.565527,65.408105],[21.532617,65.386572],[21.523438,65.358594],[21.545215,65.331152],[21.595996,65.316553],[21.612695,65.299121],[21.60918,65.261377],[21.566895,65.254541],[21.446875,65.32085],[21.410352,65.317432],[21.437793,65.282959],[21.506348,65.245361],[21.545996,65.206982],[21.580664,65.160791],[21.573926,65.125781],[21.424902,65.012695],[21.29375,64.94126],[21.195898,64.876904],[21.138184,64.808691],[21.20498,64.774316],[21.279297,64.724707],[21.331543,64.629346],[21.393848,64.544336],[21.519629,64.463086],[21.494336,64.416113],[21.465039,64.37959],[21.255762,64.29917],[21.018457,64.177979],[20.762695,63.867822],[20.677637,63.82627],[20.453711,63.77373],[20.371387,63.7229],[20.204688,63.662451],[19.913672,63.610547],[19.781641,63.538184],[19.72207,63.46333],[19.655762,63.458008],[19.590039,63.487256],[19.502344,63.509033],[19.490918,63.460205],[19.494629,63.424365],[19.354297,63.47749],[19.288086,63.42876],[19.236328,63.347363],[19.034375,63.237744],[18.816699,63.257471],[18.792285,63.238135],[18.850195,63.224121],[18.858984,63.206592],[18.819434,63.197266],[18.75957,63.198242],[18.667188,63.176563],[18.606445,63.178271],[18.577637,63.126416],[18.530664,63.063525],[18.407715,63.0375],[18.344238,63.032129],[18.312891,62.996387],[18.502051,62.988867],[18.486914,62.958594],[18.482617,62.92832],[18.463086,62.89585],[18.248047,62.849072],[18.214941,62.812207],[18.17002,62.789355],[18.074414,62.790674],[18.07793,62.811963],[18.093555,62.836035],[17.951074,62.833887],[17.906641,62.886768],[17.87959,62.873193],[17.895605,62.830518],[17.93291,62.786133],[17.974414,62.721045],[17.940723,62.679883],[17.903027,62.659473],[17.930469,62.640625],[18.006543,62.62627],[18.037305,62.600537],[17.94707,62.578467],[17.834473,62.502734],[17.717773,62.500879],[17.646387,62.450879],[17.570605,62.451025],[17.508984,62.48252],[17.410254,62.508398],[17.378418,62.462793],[17.37334,62.426514],[17.429004,62.334717],[17.535254,62.263672],[17.633691,62.233008],[17.562891,62.212305],[17.510156,62.166309],[17.446582,62.022656],[17.412012,61.966113],[17.374512,61.866309],[17.398242,61.78208],[17.417285,61.740674],[17.46543,61.684473],[17.33457,61.691699],[17.196387,61.724561],[17.215625,61.656348],[17.130762,61.575732],[17.146582,61.504639],[17.164258,61.458301],[17.137988,61.381689],[17.17793,61.357617],[17.199609,61.311963],[17.163867,61.278271],[17.179785,61.249268],[17.185742,61.146533],[17.212891,60.98584],[17.20293,60.951855],[17.278906,60.812158],[17.26123,60.763184],[17.250977,60.700781],[17.359863,60.64082],[17.457031,60.641797],[17.555469,60.642725],[17.593066,60.627686],[17.630762,60.585254],[17.661133,60.535156],[17.742188,60.539307],[17.871582,60.580078],[17.955762,60.589795],[18.011328,60.511426],[18.1625,60.40791],[18.250488,60.361523],[18.4,60.337109],[18.55752,60.253564],[18.535449,60.152881],[18.601172,60.119238],[18.787012,60.079492],[18.852734,60.025879],[18.884277,59.980176],[18.933203,59.942285],[18.99043,59.827783],[18.970508,59.757227],[18.895605,59.732959],[18.71875,59.657373],[18.639941,59.600928],[18.578125,59.565771],[18.402441,59.490381],[18.338086,59.476855],[18.276465,59.437646],[18.216895,59.420508],[18.163574,59.430371],[17.964258,59.359375],[17.979785,59.329053]],[[50.679883,46.938721],[50.58291,46.882275],[50.528418,46.873291],[50.472266,46.88291],[50.419336,46.879492],[50.30625,46.794922],[50.101562,46.696436],[49.999805,46.634277],[49.886328,46.595654],[49.760547,46.571484],[49.631543,46.567578],[49.584375,46.545215],[49.437207,46.537256],[49.347461,46.519141],[49.344238,46.485547],[49.362109,46.410205],[49.28584,46.436816],[49.205664,46.385693],[49.232227,46.337158],[49.245898,46.291602],[49.125488,46.281738],[49.110645,46.228467],[49.07959,46.189209],[48.809961,46.100488],[48.742578,46.100732],[48.683691,46.086182],[48.687305,46.02876],[48.703418,45.976221],[48.749609,45.920557],[48.72959,45.896826],[48.689648,45.888867],[48.637402,45.905762],[48.589063,45.934863],[48.537305,45.942139],[48.487012,45.934863],[48.257617,45.777783],[48.15918,45.737012],[48.052832,45.720996],[47.830176,45.663037],[47.763965,45.665967],[47.701074,45.686182],[47.649805,45.656738],[47.633301,45.584033],[47.574023,45.634277],[47.508398,45.67417],[47.479395,45.687598],[47.463281,45.679688],[47.524219,45.601709],[47.529492,45.530225],[47.514551,45.490918],[47.488672,45.455078],[47.454492,45.433057],[47.413086,45.421045],[47.391113,45.294775],[47.35127,45.217725],[47.296191,45.149463],[47.221484,45.024268],[47.161523,44.969629],[47.114746,44.905957],[47.083789,44.816992],[47.039258,44.837891],[47.00293,44.876074],[46.983691,44.825586],[46.957422,44.782568],[46.841211,44.718262],[46.755273,44.656543],[46.716113,44.560693],[46.707227,44.50332],[46.720898,44.45166],[46.753027,44.420654],[46.915723,44.387158],[47.023633,44.343262],[47.122656,44.26167],[47.229883,44.192383],[47.307031,44.103125],[47.361523,43.993359],[47.429199,43.779883],[47.462793,43.555029],[47.562598,43.834668],[47.646484,43.884619],[47.627832,43.805957],[47.567969,43.684961],[47.508984,43.509717],[47.489844,43.381689],[47.511621,43.270752],[47.512891,43.21875],[47.463184,43.035059],[47.488867,42.999756],[47.529004,42.967139],[47.634863,42.903467],[47.709082,42.810937],[47.727734,42.680713],[47.769727,42.644775],[47.822363,42.613477],[48.080176,42.353711],[48.228613,42.180957],[48.303027,42.080225],[48.383789,41.953418],[48.426367,41.923975],[48.476758,41.905127],[48.572852,41.844482],[48.664648,41.786621],[48.823926,41.62959],[49.050879,41.373975],[49.106641,41.301709],[49.143262,41.217773],[49.174707,41.116113],[49.226465,41.026221],[49.456738,40.799854],[49.556152,40.716309],[49.718359,40.608105],[49.775977,40.583984],[49.851758,40.577197],[49.990625,40.576807],[50.119141,40.534521],[50.18252,40.504785],[50.248047,40.461768],[50.306836,40.412207],[50.365918,40.279492],[50.143164,40.323242],[49.918848,40.316406],[49.791992,40.287891],[49.669043,40.249023],[49.551172,40.194141],[49.477344,40.087256],[49.415137,39.839844],[49.324414,39.60835],[49.327539,39.501221],[49.367383,39.398389],[49.362793,39.349561],[49.321191,39.328906],[49.269336,39.285156],[49.199805,39.072656],[49.165332,39.030273],[49.120996,39.003906],[49.108691,39.029053],[49.111328,39.084717],[49.013477,39.133984],[48.961719,39.07876],[48.926172,38.961768],[48.854492,38.838818],[48.850879,38.815332],[48.86875,38.435498],[48.870703,38.392529],[48.901367,38.143652],[48.925098,38.015137],[48.959961,37.890137],[49.015332,37.776074],[49.080957,37.667578],[49.171191,37.600586],[49.372461,37.519971],[49.470117,37.49668],[49.726953,37.480518],[49.980664,37.444873],[50.130469,37.407129],[50.17627,37.380518],[50.214063,37.3396],[50.337891,37.14917],[50.533203,37.013672],[50.927441,36.810205],[51.118555,36.742578],[51.762012,36.614502],[52.190137,36.621729],[53.374121,36.86875],[53.767676,36.930322],[53.91543,36.930322],[53.827441,36.881201],[53.679492,36.853125],[53.76875,36.818457],[53.90625,36.812695],[53.970117,36.818311],[54.016211,36.849658],[54.023828,36.901318],[54.017188,36.95249],[53.951953,37.181738],[53.91416,37.343555],[53.897852,37.413574],[53.847852,37.66958],[53.823535,37.92793],[53.825195,38.046924],[53.854102,38.285645],[53.851855,38.405908],[53.840039,38.514941],[53.851562,38.621777],[53.87373,38.741943],[53.885352,38.864062],[53.868652,38.949268],[53.814941,39.018018],[53.724121,39.103076],[53.709766,39.153418],[53.70459,39.20957],[53.617578,39.215967],[53.539453,39.274072],[53.475,39.305713],[53.336328,39.34082],[53.266797,39.342627],[53.20332,39.316797],[53.156641,39.26499],[53.124023,39.34668],[53.124805,39.43208],[53.235645,39.608545],[53.30498,39.55708],[53.389648,39.536426],[53.497363,39.533301],[53.603125,39.546973],[53.582422,39.607422],[53.533301,39.641748],[53.472266,39.668799],[53.450488,39.748535],[53.458301,39.831201],[53.487305,39.909375],[53.454297,39.940869],[53.404199,39.960352],[53.288574,39.958008],[53.138574,39.978662],[52.9875,39.987598],[52.952148,39.895459],[53.035547,39.774414],[52.964844,39.833887],[52.898242,39.9125],[52.804688,40.054004],[52.744434,40.219775],[52.733691,40.39873],[52.784766,40.546729],[52.849902,40.685645],[52.889258,40.863477],[52.943457,41.038086],[52.997656,40.959863],[53.05957,40.889746],[53.145215,40.824951],[53.191992,40.809473],[53.33291,40.782715],[53.423633,40.792773],[53.520313,40.831055],[53.615234,40.818506],[53.69375,40.746436],[53.76377,40.665674],[53.87002,40.648682],[54.088867,40.70708],[54.192969,40.72041],[54.283301,40.693701],[54.329883,40.68877],[54.377344,40.693262],[54.33623,40.764941],[54.319434,40.83457],[54.374414,40.871387],[54.54707,40.832275],[54.657031,40.85835],[54.685059,40.873047],[54.710059,40.891113],[54.723242,40.95127],[54.717969,41.012988],[54.703711,41.071143],[54.671484,41.122168],[54.592188,41.193555],[54.28457,41.363721],[54.181055,41.431592],[54.094824,41.519385],[54.039844,41.643359],[53.995215,41.772559],[53.953809,41.868457],[53.846484,42.091162],[53.804688,42.117627],[53.752344,42.129395],[53.624902,42.136377],[53.495898,42.120166],[53.284961,42.081836],[53.16416,42.093799],[53.108301,42.070068],[52.97002,41.976221],[52.905273,41.895752],[52.814844,41.711816],[52.883496,41.652539],[52.882227,41.613672],[52.830176,41.341895],[52.861816,41.210059],[52.850391,41.200293],[52.825586,41.230859],[52.747266,41.36543],[52.609375,41.529443],[52.493848,41.780371],[52.467578,41.885889],[52.458594,42.04834],[52.462109,42.100635],[52.517188,42.237158],[52.573242,42.330859],[52.618359,42.428223],[52.638477,42.555664],[52.596582,42.760156],[52.55,42.805469],[52.493945,42.820264],[52.434277,42.824463],[52.324414,42.816162],[52.273047,42.799805],[52.183691,42.86875],[52.075586,42.879785],[52.018555,42.860547],[51.960742,42.850586],[51.898242,42.869629],[51.844141,42.910449],[51.811035,42.954443],[51.785156,43.004346],[51.700391,43.104053],[51.616016,43.158447],[51.514063,43.170508],[51.347852,43.167383],[51.29541,43.174121],[51.292383,43.230713],[51.313379,43.355664],[51.313867,43.42085],[51.301758,43.482373],[51.274121,43.53291],[51.238965,43.576709],[51.139648,43.648779],[51.064844,43.750146],[50.939844,43.958545],[50.830762,44.192773],[50.782617,44.228027],[50.684961,44.265088],[50.471777,44.294775],[50.331152,44.325488],[50.275586,44.355127],[50.252539,44.406494],[50.25293,44.461523],[50.264551,44.526562],[50.297461,44.581543],[50.409473,44.624023],[50.652441,44.63335],[50.860352,44.62876],[51.048828,44.530469],[51.110742,44.507812],[51.177148,44.501367],[51.310742,44.532422],[51.37666,44.541211],[51.543555,44.531006],[51.49375,44.577539],[51.431055,44.601953],[51.366309,44.599854],[51.310254,44.61875],[51.218164,44.708984],[51.05791,44.811572],[51.020703,44.854004],[51.009375,44.921826],[51.040332,44.980322],[51.153711,45.040234],[51.249902,45.12168],[51.294043,45.229785],[51.333398,45.27959],[51.415723,45.357861],[51.539648,45.342871],[51.732617,45.399463],[52.04873,45.388379],[52.426758,45.404639],[52.531055,45.398633],[52.771973,45.343506],[52.910742,45.319727],[53.078906,45.30752],[53.200391,45.331982],[53.085742,45.407373],[52.8375,45.496729],[52.773828,45.572754],[52.8875,45.779541],[53.041602,45.967871],[53.135254,46.19165],[53.108984,46.414062],[53.063965,46.475293],[53.078516,46.547461],[53.132422,46.60835],[53.170215,46.669043],[53.1375,46.742041],[53.069434,46.856055],[53.03457,46.89292],[52.916016,46.954395],[52.677637,46.957129],[52.483203,46.990674],[52.420313,46.963672],[52.384863,46.922119],[52.340332,46.894775],[52.18877,46.839502],[52.138281,46.828613],[52.085547,46.8396],[52.011133,46.901904],[51.945117,46.894873],[51.744531,46.93374],[51.650098,47.018066],[51.615234,47.029932],[51.29082,47.097314],[51.178027,47.110156],[50.92002,47.040674],[50.732715,46.95166],[50.679883,46.938721]]]}},{"type":"Feature","properties":{"scalerank":0,"featurecla":"Land","min_zoom":4},"bbox":[145.869141,43.419824,145.943555,43.459521],"geometry":{"type":"Polygon","coordinates":[[[145.881543,43.459521],[145.895605,43.454541],[145.913867,43.455371],[145.931152,43.457031],[145.941113,43.445459],[145.943555,43.426465],[145.931152,43.425635],[145.907227,43.422314],[145.893945,43.419824],[145.886523,43.433057],[145.881543,43.443799],[145.869141,43.450439],[145.869141,43.457861],[145.881543,43.459521]]]}},{"type":"Feature","properties":{"scalerank":0,"featurecla":"Land","min_zoom":4},"bbox":[146.273828,43.619922,146.358789,43.651855],"geometry":{"type":"Polygon","coordinates":[[[146.358789,43.625391],[146.332324,43.619922],[146.288184,43.625391],[146.273828,43.629834],[146.283691,43.638623],[146.310156,43.651855],[146.333301,43.647461],[146.349805,43.644141],[146.358789,43.625391]]]}},{"type":"Feature","properties":{"scalerank":0,"featurecla":"Land","min_zoom":4},"bbox":[146.028027,43.407129,146.100781,43.449023],"geometry":{"type":"Polygon","coordinates":[[[146.045605,43.409326],[146.032324,43.407129],[146.028027,43.420361],[146.048926,43.433594],[146.088574,43.449023],[146.100781,43.440186],[146.086328,43.429199],[146.069922,43.421484],[146.045605,43.409326]]]}},{"type":"Feature","properties":{"scalerank":0,"featurecla":"Land","min_zoom":4},"bbox":[72.772461,11.196094,72.795898,11.262744],"geometry":{"type":"Polygon","coordinates":[[[72.780371,11.20249],[72.773047,11.196094],[72.772461,11.214258],[72.781836,11.243311],[72.792676,11.262744],[72.795898,11.260449],[72.792871,11.241553],[72.787891,11.215918],[72.780371,11.20249]]]}},{"type":"Feature","properties":{"scalerank":0,"featurecla":"Land","min_zoom":4},"bbox":[73.023438,8.251953,73.083594,8.316504],"geometry":{"type":"Polygon","coordinates":[[[73.067383,8.269092],[73.05332,8.256689],[73.038867,8.251953],[73.028516,8.253516],[73.023438,8.265918],[73.026074,8.275293],[73.038965,8.264844],[73.055859,8.274561],[73.075195,8.306348],[73.079492,8.316504],[73.083594,8.311035],[73.079785,8.293066],[73.067383,8.269092]]]}},{"type":"Feature","properties":{"scalerank":0,"featurecla":"Land","min_zoom":4},"bbox":[73.382031,3.229395,73.442773,3.289844],"geometry":{"type":"Polygon","coordinates":[[[73.416602,3.23125],[73.395313,3.229395],[73.382031,3.246484],[73.384961,3.271387],[73.401563,3.28877],[73.427734,3.289844],[73.442773,3.274316],[73.434961,3.250146],[73.416602,3.23125]]]}},{"type":"Feature","properties":{"scalerank":0,"featurecla":"Land","min_zoom":4},"bbox":[73.473047,4.155176,73.52832,4.247656],"geometry":{"type":"Polygon","coordinates":[[[73.512207,4.164551],[73.494824,4.155176],[73.478613,4.158936],[73.473047,4.170703],[73.481152,4.188135],[73.494727,4.210449],[73.504102,4.234619],[73.517773,4.247656],[73.52832,4.243311],[73.527148,4.229687],[73.522168,4.211035],[73.519043,4.186865],[73.512207,4.164551]]]}},{"type":"Feature","properties":{"scalerank":0,"featurecla":"Land","min_zoom":4},"bbox":[131.134961,3.021875,131.187891,3.060596],"geometry":{"type":"Polygon","coordinates":[[[131.172363,3.026221],[131.149609,3.021875],[131.134961,3.025244],[131.136719,3.039453],[131.151563,3.054102],[131.172363,3.060596],[131.187891,3.055615],[131.186328,3.04209],[131.172363,3.026221]]]}},{"type":"Feature","properties":{"scalerank":0,"featurecla":"Land","min_zoom":4},"bbox":[124.625391,37.920166,124.755469,37.98877],"geometry":{"type":"Polygon","coordinates":[[[124.744531,37.980615],[124.755469,37.969824],[124.753711,37.955176],[124.739844,37.947217],[124.71709,37.932861],[124.69668,37.920166],[124.655859,37.924756],[124.625391,37.945215],[124.635938,37.980615],[124.661133,37.973437],[124.716602,37.98877],[124.744531,37.980615]]]}}]}