{"type": "FeatureCollection", "features": [{"type": "Feature", "geometry": {"type": "MultiLineString", "coordinates": [[[115.42353970737011, 39.970113101215986], [115.42756441340552, 39.979309706957885], [115.42762514956299, 39.97947400052173], [115.4276663191681, 39.97964425421351], [115.42850647552686, 39.98429190732795], [115.42851462405622, 39.984327067764184], [115.42854087593044, 39.98435183657314], [115.43107355430739, 39.98651751758952]], [[115.66049437548092, 40.12847210716283], [115.66681722536815, 40.129329028059495]], [[115.79111340822739, 40.16766977899048], [115.80202767086855, 40.156816972536866], [115.80216135392881, 40.15669898687426], [115.80618692598131, 40.15355119818262], [115.80631424795594, 40.153461874627986], [115.80645013472319, 40.153386215067314], [115.80659312537453, 40.153325032910914], [115.80674168262813, 40.15327898592359], [115.80689420935597, 40.153248569153085], [115.80704906575457, 40.15323410960783], [115.80957046306729, 40.1531300748763]], [[115.92701238041865, 40.613381774682146], [115.92792515080352, 40.61293500669188], [115.9280738190604, 40.612871918671374], [115.9282284082647, 40.61282517974918], [115.9283871263944, 40.612795331730126], [115.92854813356432, 40.612782720617076], [115.92870956335436, 40.61278749260001], [115.93499239711579, 40.613312772583335], [115.9350308563864, 40.61331399496075], [115.93506874883833, 40.61330730378903], [115.94463154802382, 40.61110431893363], [115.94467111659682, 40.61109286561367], [115.94470720546752, 40.6110730050017], [115.94752285253, 40.609313898911296]], [[116.012863297526, 40.59272985378125], [116.01967150329382, 40.60030942429801]], [[116.39005297323858, 40.77716956489959], [116.39259941133133, 40.77837712332941], [116.39263548283546, 40.77839196346887], [116.39267437729173, 40.77839489679903], [116.39605416552416, 40.7784718698631]], [[116.41121073811753, 40.90143049218336], [116.41299331005827, 40.900239986646355], [116.41311587204873, 40.900166328504184], [116.41324489089146, 40.90010467542937], [116.41337919412265, 40.90005558769665], [116.41351756125643, 40.90001951139272], [116.41365873487601, 40.89999677436242], [116.4138014320606, 40.89998758322941], [116.4139443560439, 40.89999202151846], [116.41408620799861, 40.90001004889645], [116.41422569883952, 40.900041501538865], [116.41436156093813, 40.90008609361859], [116.41449255964228, 40.90014341990335], [116.41552395045906, 40.90065465856248]], [[116.44003717398195, 40.809109913770484], [116.44003248473888, 40.80911299152671], [116.44000371295012, 40.80913394443037], [116.44000135170783, 40.80916945871658], [116.4399034841713, 40.814673342557555], [116.43989412325608, 40.814816090717216], [116.43987120652933, 40.81495729796723], [116.43983494242798, 40.8150956799703], [116.43978566078874, 40.81522997808591], [116.43972380984818, 40.81535897081815], [116.43718255744436, 40.820068637358325], [116.4371102937699, 40.82018876695401], [116.43702713067287, 40.820301625527875], [116.43693379456101, 40.82040622728994], [116.43683110070076, 40.82050165857134], [116.43671994609595, 40.8205870858049], [116.43660130165286, 40.82066176280622], [116.43647620369947, 40.820725037291304], [116.43634574493353, 40.82077635657417], [116.43621106487807, 40.820815272394384], [116.43607333992793, 40.82084144483248], [116.42317479048256, 40.82267292017197]], [[117.22106639832812, 40.68852653370589], [117.22501721312086, 40.68691780074343]], [[117.2467861096657, 40.42690832313927], [117.2466994335037, 40.42681779225767], [117.24660910933679, 40.426702881736105], [117.24504542696856, 40.4245006275107]], [[117.24593610783366, 40.366060526544636], [117.24773969270441, 40.36412493993394], [117.24776079265636, 40.36410021652271], [117.24777477663592, 40.3640708753679], [117.2492869657446, 40.36050545009928]], [[117.32319587610303, 40.578133631483574], [117.3124112506631, 40.578031441335064], [117.31225491894763, 40.578021782004576], [117.31210044676538, 40.57799587345697], [117.31194951840605, 40.57795399818648], [117.31180377951922, 40.57789661278073], [117.31166481917099, 40.57782434294232], [117.31153415251751, 40.57773797666651], [117.31141320428458, 40.57763845564924], [117.29959045630437, 40.56682702216021], [117.29956114169003, 40.56680286004816], [117.29952373514097, 40.56679623401183], [117.28815323417716, 40.56538000840861]], [[117.33724186535967, 40.26964715780699], [117.33799053606049, 40.265944855600715], [117.33799655577907, 40.26590292968037], [117.33799295642274, 40.26586072702065], [117.33770399809539, 40.263839551664574], [117.33769076338997, 40.26370201011824], [117.33769024142698, 40.26356383428116], [117.33770243663564, 40.263426196672626], [117.337727245531, 40.26329026524466], [117.33776445759212, 40.26315719347116], [117.33781375704847, 40.26302811055982], [117.33787472555943, 40.262904111870036], [117.33794684576426, 40.26278624961802], [117.34025773305979, 40.25937340209248]], [[117.42867972413534, 40.68398782048674], [117.43205794430318, 40.682005256467285], [117.43218203900996, 40.681940025846075], [117.43231168170547, 40.681886665732755], [117.4324457399158, 40.681845642246415], [117.43258304259604, 40.68181731374144], [117.43272239035963, 40.68180192767713], [117.43286256595555, 40.6817996184561], [117.43300234490135, 40.681810406250186], [117.4331405061795, 40.68183419682428], [117.43327584290329, 40.68187078235947], [117.43340717285953, 40.6819198432684], [117.43729839020283, 40.68358462073815], [117.43733139364879, 40.683596875273416], [117.43735295863324, 40.68356904808318], [117.43850581800173, 40.68192150038738]], [[117.49493661056991, 40.67434700733536], [117.49809841769648, 40.67249951097113]], [[117.5954275486605, 40.19404060625519], [117.60878668004226, 40.194858881573936], [117.60893344521415, 40.19487515313571], [117.6090778993556, 40.19490577633643], [117.60921864255963, 40.19495045440625], [117.60935431088201, 40.19500875436943], [117.60948358955926, 40.19508011124025], [117.60960522575002, 40.19516383349834], [117.60971804067638, 40.195259109790214], [117.60982094104742, 40.19536501679208], [117.61950734981208, 40.20636999428911], [117.61953278612815, 40.20639614798659], [117.61956926907409, 40.20639627729222], [117.64585172273704, 40.20518140977692], [117.6460075268109, 40.20518230850998], [117.64616239715711, 40.205199364096245], [117.64631466284733, 40.20523239251944], [117.64646268105541, 40.20528103742907], [117.64660485478218, 40.20534477398508], [117.6768556725648, 40.22084072324801], [117.67699262449901, 40.220920271121024], [117.67712042564824, 40.22101381556308], [117.67723765124573, 40.2211203137118], [117.69408471181625, 40.23813344282517], [117.69411295744368, 40.23815916144246], [117.69415022340579, 40.2381675585148], [117.71451532149523, 40.24166187814882], [117.71455087314455, 40.241666225256175], [117.71458544507657, 40.24165686584259], [117.75088891725666, 40.22992199358335], [117.75103969465461, 40.229881786063274], [117.75119383332617, 40.22985746039099], [117.7513496651163, 40.229849279829395], [117.75150550354628, 40.22985733291204], [117.75165966206558, 40.229881532484995], [117.75181047230433, 40.22992161665008], [117.75195630212922, 40.2299771515992], [117.75209557330713, 40.230047536309236], [117.80774021610354, 40.261906084974896], [117.80777554791086, 40.26192387929616], [117.80781507740765, 40.26192542634667], [117.84383697831137, 40.26140982205065], [117.84396901723845, 40.2614137492567], [117.84410019864318, 40.261429277948224], [117.84422950515832, 40.26145628769367], [117.8443559339572, 40.26149456902103], [117.8675171435613, 40.26963704287929], [117.86755436974175, 40.2696479889599], [117.86759305489441, 40.26965099963078], [117.89725855953971, 40.27041030398822], [117.89740915701984, 40.270421764751084], [117.8975578386011, 40.27044831164358], [117.8977030969199, 40.270489675527976], [117.8978434593183, 40.270545437048966], [117.89797750277425, 40.270615030885075], [117.89810386832838, 40.270697751480085], [117.89822127486141, 40.270792760196045], [117.89832853208245, 40.27089909381559], [117.8984245525963, 40.271015674307215], [117.90943565593064, 40.28584725027559], [117.90945788683791, 40.285874386533855], [117.909492711349, 40.28587861065346], [118.00071107043642, 40.29254706568666], [118.00088601852494, 40.29257026452298], [118.00105703109132, 40.29261385032134], [118.03149844838693, 40.30231194840823], [118.03163995518061, 40.30236502062008], [118.0317754032449, 40.302432062802374], [118.06116987426637, 40.318874536699845], [118.0612938047915, 40.318952019196516], [118.06140960614356, 40.319041195197855], [118.06151617886269, 40.319141218034694], [118.061612511109, 40.31925113805412], [118.0616976882694, 40.319369911635775], [118.06177090164115, 40.31949641110039], [118.07929532421993, 40.353495647220235], [118.07931306202312, 40.353526310367535], [118.07934838389674, 40.353528998025745], [118.12102442264485, 40.35467218947975], [118.12117580425176, 40.354684030364915], [118.12132521311801, 40.354711115197496], [118.12147111819468, 40.35475316642902], [118.1216120243375, 40.35480975314467], [118.12174648762813, 40.35488029547907], [118.12187313017061, 40.35496407055833], [118.12199065421109, 40.35506021990768], [118.12209785543646, 40.35516775824851], [118.12219363531541, 40.35528558359494], [118.12227701235541, 40.355412488546264], [118.13381986193015, 40.375083793330255], [118.13383816841844, 40.375111993225644], [118.13386335270353, 40.375134266829], [118.16373086152042, 40.399237570010555], [118.1638381712182, 40.39933300330551], [118.16393586303036, 40.399438261059906], [118.16402304154043, 40.399552378509945], [118.16409890769404, 40.39967430968627], [118.16416276612274, 40.39980293700104], [118.16421403151764, 40.39993708149146], [118.16425223399415, 40.40007551362577], [118.1642770233988, 40.40021696457289], [118.16428817251868, 40.40036013783209], [118.164285579164, 40.4005037211164], [118.16426926710476, 40.400646398380694], [118.16423938585281, 40.40078686188416], [118.16419620929156, 40.400923824176715], [118.16414013316557, 40.401056029899415], [118.16407167145327, 40.40118226729076], [118.163991451656, 40.4013013792933], [118.16390020904652, 40.40141227415899], [118.16379877992962, 40.4015139354558], [118.16368809397689, 40.40160543138407], [118.153152805422, 40.409496674855276], [118.1531250441297, 40.409519705212034], [118.15313269945159, 40.40955495408058], [118.1569575830155, 40.4237330929729], [118.15696827127431, 40.42376626566332], [118.15700312271576, 40.42376647371826], [118.17334958217175, 40.42307579191109], [118.1735009811399, 40.4230770427866], [118.17365148277698, 40.42309354943629], [118.1737995537581, 40.42312514368885], [118.17394368552215, 40.423171503659056], [118.17408240964112, 40.42323215702715], [118.17421431278059, 40.423306485850915], [118.23965342170098, 40.46466667326711], [118.23968406532684, 40.46468403291848], [118.23971579319245, 40.46466874462687], [118.26291143805993, 40.4520795871257], [118.26294084107595, 40.45206181763197], [118.2629591957871, 40.45203277633682], [118.27760290057964, 40.426294704657195], [118.277677887956, 40.42617616700215], [118.27776361982026, 40.42606515200438], [118.27785934652222, 40.42596263039296], [118.27796423101562, 40.425869498629716], [118.27807735617725, 40.42578657107047], [118.27819773282654, 40.42571457284421], [118.27832430837495, 40.42565413351245], [118.27845597603, 40.4256057815643], [118.27859158447322, 40.42556993979526], [118.30618631482872, 40.419641504883344], [118.30633971310061, 40.41961677996728], [118.3064948460986, 40.419608056193645], [118.30665004925588, 40.41961542716796], [118.30680365725283, 40.41963881380015], [118.30695402188579, 40.4196779651532], [118.35626035491993, 40.43528403440014], [118.35629420927083, 40.43529297131407], [118.3563130857917, 40.435263481273694], [118.35942463555266, 40.429840877330726], [118.35950141596278, 40.429720692082824], [118.35958926341624, 40.42960834195993], [118.35968738378276, 40.42950484259342], [118.35979489006621, 40.42941112960493], [118.35991081042293, 40.429328050148435], [118.36003409694705, 40.42925635525207], [118.36016363514344, 40.42919669302894], [118.36029825400263, 40.42914960281827], [118.36043673658659, 40.42911551030979], [118.36057783102966, 40.42909472369563], [118.3607202618553, 40.42908743088424], [118.36086274150627, 40.42909369780173], [118.3610039819839, 40.42911346779596], [118.36114270649153, 40.42914656214857], [118.3872691463048, 40.43670862247409], [118.38730432575396, 40.43671693319424], [118.3873278368068, 40.43668947609857], [118.40232885914278, 40.41729584070634], [118.40241826094925, 40.41719064380175], [118.40251695579497, 40.41709411194607], [118.40262410766566, 40.41700706283155], [118.40273880891013, 40.41693023382499], [118.40286008792872, 40.41686427572175], [118.40298691740341, 40.41680974723304], [118.40311822299996, 40.41676711025324], [118.40325289246825, 40.41673672594736], [118.43055075583078, 40.41188569631443], [118.43068100956464, 40.41186839457021], [118.4308122777003, 40.41186255829615], [118.43094355295112, 40.41186823227691], [118.45595143810108, 40.41404963629768], [118.45598986403994, 40.4140509974817], [118.45602775335614, 40.41404445490629], [118.5029405615281, 40.4034262110372], [118.5030754673671, 40.40340209519558], [118.50321201115773, 40.403390392527044], [118.50334905314413, 40.4033912007159], [118.50348544941195, 40.40340451301605], [118.52312242836395, 40.40623168709838], [118.52325342064368, 40.40625653283717], [118.52338168923089, 40.40629291219428], [118.5235062207303, 40.40634053775196], [118.52362603127176, 40.40639903324104], [118.5237401742834, 40.406467936513664], [118.54803017463297, 40.42264580335353], [118.54806227260451, 40.422664895286196], [118.54809817542709, 40.422654610880386], [118.57147732468034, 40.4146478753728], [118.57150932814959, 40.41463513676669], [118.57149082774542, 40.414606081144406], [118.5513824027064, 40.386190540279294], [118.55130544922494, 40.38606999340919], [118.55124032581229, 40.38594266577148], [118.55118762446587, 40.38580971482457], [118.5511478242617, 40.385672349144905], [118.55112128699932, 40.385531817440636], [118.55110825391287, 40.3853893972003], [118.55110884347827, 40.38524638307997], [118.55112305033612, 40.385104075134336], [118.55115074534048, 40.38496376699868], [118.55119167673287, 40.3848267341292], [118.55124547243081, 40.384694222208665], [118.55836141602572, 40.36931368350471], [118.55837466778763, 40.36928087324745], [118.55834312576634, 40.36926483507226], [118.54070934927923, 40.36137048832209], [118.54057980684702, 40.36130478923456], [118.54045722616415, 40.36122686883906], [118.54034275663494, 40.36113745777305], [118.54023747160768, 40.361037394418716], [118.5401423583102, 40.36092761704177], [118.54005830859295, 40.360809154993525], [118.53998611056626, 40.36068311905901], [118.53992644121055, 40.36055069104145], [118.53987986002846, 40.3604131126808], [118.53984680379853, 40.36027167401032], [118.5323949228564, 40.31958782460183], [118.532373765281, 40.319418342481555], [118.5323720116582, 40.31924755384933], [118.53327620895188, 40.29989810812156], [118.5332910003704, 40.299746745241464], [118.53332104259975, 40.29959765811261], [118.53336602681242, 40.29945237931806], [118.53342549058051, 40.29931240229203], [118.53349882262953, 40.29917916596769], [118.53358526912203, 40.299054039985315], [118.53368394140702, 40.298938310612606], [118.533793825155, 40.29883316752218], [118.53391379078509, 40.298739691562005], [118.53404260507688, 40.29865884364449], [118.53417894384762, 40.29859145486852], [118.5343214055646, 40.29853821797597], [118.56782722192854, 40.28791951522645], [118.56796494940393, 40.28788296646174], [118.56810552351124, 40.28785965144439], [118.56824767566788, 40.28784978057606], [118.56839012305048, 40.287853442934406], [118.56853158017147, 40.287870605469216], [118.56867077047967, 40.287901113300656], [118.56880643788033, 40.28794469111699], [118.56893735807044, 40.28800094565903], [118.56906234958724, 40.28806936926904], [118.56918028447008, 40.288149344472], [118.56929009843948, 40.288240149547875], [118.56939080050148, 40.28834096504464], [118.56948148189072, 40.28845088117323], [118.56956132427133, 40.2885689060178], [118.58007911765844, 40.305830011552295], [118.58009905134959, 40.30585942354353], [118.58013386532578, 40.305866523145234], [118.59623160197032, 40.30834552300237], [118.59637868868377, 40.308375779136284], [118.59652201315954, 40.30842059017914], [118.59666013897203, 40.30847950702599], [118.59679168179763, 40.30855193920082], [118.59691532328871, 40.30863716077436], [118.59702982428637, 40.30873431763954], [118.59713403723947, 40.30884243607147], [118.59722691770564, 40.30896043248632], [118.59730753481891, 40.309087124301236], [118.60820802378556, 40.32827511698472], [118.6082262155039, 40.328303976421566], [118.60825155805817, 40.32832681412378], [118.6397420948758, 40.354192352324944], [118.63984615274836, 40.3542863010104], [118.63994098502289, 40.35438955427208], [118.64002576331222, 40.3545012101631], [118.64009974705365, 40.35462029333717], [118.64016228997794, 40.35474576356855], [118.64021284575466, 40.35487652483873], [118.64025097276462, 40.35501143491046], [118.6402763379574, 40.355149315305496], [118.6437161045188, 40.3804394607598], [118.6437285079929, 40.380579628792056], [118.64372772212839, 40.38072034235165], [118.64371375384121, 40.380860363101505], [118.64368672605802, 40.38099845880156], [118.6436468766344, 40.38113341415296], [118.64359455626165, 40.381264041493246], [118.64353022538049, 40.3813891912482], [118.61836694899773, 40.42516177695773], [118.61835090167867, 40.425193079214026], [118.61836429014528, 40.42522560761171], [118.62416390445911, 40.43759380739967], [118.62418021868277, 40.43762470001989], [118.62421209908216, 40.43763898805697], [118.65692464333347, 40.45047536781773], [118.6570466545617, 40.45052962986332], [118.65716335658959, 40.45059452783009], [118.65727382456087, 40.450669547405724], [118.65737718302375, 40.45075409406477], [118.70276823364952, 40.49138703942537], [118.70279502589158, 40.49140880531053], [118.70282232416609, 40.4913876775515], [118.7229899340927, 40.47417368309105], [118.72311296335505, 40.474079216186965], [118.72324509047681, 40.47399795968532], [118.72338490256715, 40.473930782496026], [118.72353090455663, 40.47387840297299], [118.72368153518462, 40.47384138123247], [118.72383518369456, 40.47382011316348], [118.72399020705836, 40.47381482619443], [118.72414494754605, 40.47382557686108], [118.77260434440836, 40.47972245148887], [118.77274075236622, 40.47974547670632], [118.77287445897431, 40.47978097085452], [118.77300432699606, 40.4798286320393], [118.7731292518438, 40.47988805488023], [118.77324817097387, 40.47995873395852], [118.79155289372149, 40.492013785994565], [118.79166599787551, 40.492096082725006], [118.79177094439017, 40.49218855721099], [118.79186682068317, 40.4922904053231], [118.791952793044, 40.49240074142176], [118.79202811388373, 40.492518606058525], [118.79209212823572, 40.4926429743191], [118.79214427945102, 40.4927727647357], [118.79218411403886, 40.49290684869114], [118.79221128561004, 40.493044060233], [118.79486181138834, 40.51071840109453], [118.79486849276866, 40.510752141389375], [118.79489429806765, 40.51077488198907], [118.82129925099879, 40.53194095495014], [118.82132853613109, 40.53196215484021], [118.82136462199344, 40.531959949198324], [118.86345982583869, 40.527303749297936], [118.86360846405081, 40.52729474479644], [118.86375726263593, 40.527300522357784], [118.86390475514108, 40.52732102504243], [118.86404948798504, 40.5273560507905], [118.86419003478389, 40.527405254413154], [118.86432501040838, 40.52746815099449], [118.86445308463479, 40.52754412067054], [118.88690571267192, 40.54241661305855], [118.88693826208261, 40.542435833833316], [118.88697445620936, 40.542424930278585], [118.9187119181566, 40.5310469018646], [118.9188420121924, 40.53100682438137], [118.91897520385957, 40.53097870601357], [118.91911039621152, 40.53096277833986], [118.91924647582427, 40.530959172538175], [118.91938232196654, 40.53096791830535], [118.96368484483523, 40.535846714180515], [118.96383276211118, 40.535870530992746], [118.96397756565733, 40.53590898478444], [118.9641178108645, 40.53596169192756], [118.96425209859908, 40.53602812659783], [118.9643790891612, 40.53610762602049], [118.96449751565005, 40.53619939708242], [118.96460619660293, 40.53630252424446], [118.9647040477819, 40.536415978675166], [118.96479009299048, 40.536538628514755], [118.96486347381258, 40.53666925016694], [118.96492345817629, 40.536806540505935], [118.96496944765731, 40.53694912987688], [118.96500098344902, 40.53709559575998], [118.9650177509397, 40.537244476962044], [118.96501958285117, 40.53739428819383], [118.96500646090769, 40.53754353488784], [118.96497851601819, 40.537690728108544], [118.96493602697035, 40.5378343994066], [118.96487941764929, 40.53797311546853], [118.9648092528087, 40.53810549241599], [118.9526946343467, 40.5584377255622], [118.95267865306305, 40.558467772761155], [118.95271189906369, 40.558475048682254], [118.9828847569289, 40.56355891469792], [118.98303819285726, 40.56359312098949], [118.98318720620811, 40.56364319768832], [118.98333016030791, 40.56370859478191], [118.9834654850343, 40.56378859398769], [118.98359169406142, 40.56388231664221], [118.98370740118479, 40.56398873335189], [118.99833210454926, 40.57892752692404], [118.9983597055695, 40.57895297166998], [118.99839713935425, 40.5789501497591], [119.01259315769578, 40.577144820065016], [119.01273206592256, 40.577133680221614], [119.01287140850125, 40.57713547948429], [119.01300998277586, 40.577150202323736], [119.01314659272157, 40.577177721668164], [119.01328005926754, 40.577217800000035], [119.01340923047344, 40.577270091406106], [119.01353299147168, 40.577334144562926], [119.06336031059104, 40.60613268457128], [119.06339187243873, 40.606148926675324], [119.06342120519028, 40.60612893803206], [119.0854763337392, 40.58946821663107], [119.08560115027768, 40.589383439333005], [119.0857338523153, 40.589311630365856], [119.08587309712216, 40.58925351632014], [119.08601747576621, 40.58920968521596], [119.0861655273692, 40.589180580553155], [119.08631575388856, 40.5891664968238], [119.08646663527502, 40.58916757653244], [119.08661664485312, 40.589183808754186], [119.08676426476875, 40.58921502924521], [119.08690800134725, 40.58926092210467], [119.08704640020707, 40.58932102297111], [119.08717806097576, 40.589394723721036], [119.0873016514594, 40.589481278622124], [119.10545974052347, 40.60361078834951], [119.10548770614848, 40.60363055225399], [119.10552084591373, 40.60363888965266], [119.14746579879414, 40.612177177567965]], [[119.22244889566034, 40.57215828870378], [119.2213343341256, 40.570310582835454], [119.22126408571509, 40.57017992404453], [119.22120708684872, 40.570042965335205], [119.2211638950149, 40.56990104625856], [119.22113493265968, 40.56975555488147], [119.22112048305496, 40.569607914210415], [119.2211206875279, 40.569459568273444], [119.22113554407859, 40.56931196799659], [119.22116490739968, 40.56916655701282], [119.22120849029756, 40.5690247575423], [119.22126586650127, 40.568887956482094], [119.2213364748318, 40.568757491841346], [119.22141962469077, 40.56863463965463], [119.22151450281493, 40.568520601501454], [119.2216201812305, 40.56841649275395], [119.22173562632938, 40.5683233316678], [119.22276049861047, 40.567576851840336]], [[119.27548745519705, 40.53781534957583], [119.28295471270445, 40.53570880102659]], [[119.40655668425423, 40.53873972579825], [119.42066986537786, 40.539184328480076]], [[119.59657378648309, 40.398038137714536], [119.59458390830977, 40.393498470819786]], [[119.6802637835422, 40.221698161534675], [119.69942296222166, 40.20825584217715]], [[119.753613604421, 40.093892361507976], [119.7548499002027, 40.09309134966927]], [[119.81275569938026, 40.050363038817075], [119.81703831432512, 40.05280847800635], [119.81706932568584, 40.052824298221175], [119.81710398704105, 40.05282104642786], [119.83497116494458, 40.05029135680272], [119.8350081322352, 40.050284186401385], [119.83503690966845, 40.05025989947976], [119.8398013552035, 40.045804292730296]]]}, "properties": {"kind": "regime_border", "name": "辽", "province": "南京道"}}, {"type": "Feature", "geometry": {"type": "MultiLineString", "coordinates": [[[111.16157596660285, 43.363231329417374], [111.2154299255032, 43.27716714160428], [111.21551393779272, 43.27704646741568], [111.21560936139582, 43.276934598472], [111.21571527938391, 43.27683260972565], [111.21583067398757, 43.27674148118986], [111.21595443637618, 43.276662088521746], [111.37947258113574, 43.18274690142044], [111.37960351514128, 43.18268001062933], [111.37974036893428, 43.18262625999132], [111.3798818276179, 43.18258616594474], [111.38002653205135, 43.182560113714814], [111.38017309190852, 43.18254835361243], [111.50346693588295, 43.17872015081947], [111.50350319423721, 43.17871722672178], [111.50352924490812, 43.178691838119185], [111.61903280386085, 43.05441751363998], [111.61911935357507, 43.05433166784338], [111.61921258829038, 43.05425313350892], [111.65824920014215, 43.02399548901162], [111.65836908872214, 43.02391159253436], [111.65849658137762, 43.02383977670529], [111.65863046483803, 43.02378072495224], [111.75261440960938, 42.98769428146185], [111.75264783884634, 42.98767951299834], [111.75267027081827, 42.987650661169354], [111.8549460181857, 42.84177350030838], [111.85496449456905, 42.84174435925268], [111.85497111398674, 42.84171057054146], [111.85838270876435, 42.81874231365914], [111.8584090403881, 42.818607714401594], [111.85844755599774, 42.81847608286147], [111.8584979335974, 42.81834851949686], [111.85855975202333, 42.8182260907553], [111.8586324944648, 42.818109820158206], [111.93497910924515, 42.707652287873685], [111.93508234653694, 42.70751950909781], [112.02633737645425, 42.60283609980272], [112.02635938800596, 42.60280826183911], [112.02636608313851, 42.602773410213175], [112.02883021033891, 42.585520730303095], [112.02885919515143, 42.58537195466619], [112.028903046343, 42.58522686372061], [112.0289613161577, 42.58508693896158], [112.02903340961385, 42.584953609133436], [112.02911859057929, 42.584828235640934], [112.02921598928785, 42.584712098648275], [112.02932461122039, 42.58460638400755], [112.02944334725962, 42.58451217115025], [112.0295709850151, 42.58443042206543], [112.02970622120269, 42.58436197147698], [112.02984767495215, 42.58430751832045], [112.18066961436891, 42.53484127772198], [112.18070219551558, 42.534828821627464], [112.18070049972823, 42.53479398185545], [112.17850286546421, 42.51218010675029], [112.17849584521989, 42.51202876044604], [112.17850412816745, 42.51187747799359], [112.17852762980247, 42.511727802809304], [112.17856611035617, 42.51158126191185], [112.17861917724161, 42.511439350343224], [112.17868628905893, 42.511303515916005], [112.1787667611188, 42.51117514444246], [112.17885977242784, 42.511055545596186], [112.17896437406452, 42.51094593955053], [112.17907949886028, 42.51084744453013], [112.17920397228697, 42.51076106540252], [112.17933652443973, 42.51068768342629], [112.1794758029928, 42.51062804726026], [112.25465501916551, 42.48284114687734], [112.25469484520143, 42.482823729494655], [112.2547323772889, 42.48280180186912], [112.39752681786914, 42.38781510367929], [112.39764851743715, 42.387742206155174], [112.39777655928994, 42.38768113146476], [112.39790979817371, 42.38763242588269], [112.39804704235054, 42.387596525049766], [112.58963967716186, 42.3470511680974], [112.58968216045773, 42.347039521484355], [112.58972297635559, 42.34702295234109], [112.6546814303384, 42.31607199504143], [112.65471263428, 42.316055181696626], [112.65469848785945, 42.316022681645265], [112.63775290978433, 42.28182973254421], [112.63769395402126, 42.2816944168461], [112.63764858273338, 42.28155396199076], [112.63761723523815, 42.28140972796323], [112.6376002150646, 42.28126311134123], [112.63759768701429, 42.28111553177247], [112.63760967556566, 42.2809684182286], [112.63763606463687, 42.280823195168885], [112.63767659870997, 42.28068126874756], [112.63773088530488, 42.28054401319842], [112.63779839877967, 42.280412757528545], [112.63787848542027, 42.28028877264983], [112.63797036977017, 42.28017325907316], [112.63807316213894, 42.28006733528415], [112.63818586721682, 42.2799720269132], [112.63830739371211, 42.27988825680459], [112.63843656491777, 42.27981683608083], [112.68994215544103, 42.254563594020794], [112.68997456728735, 42.25454562951208], [112.68999107586981, 42.25451245244089], [112.73760891306206, 42.14539237742446], [112.73767228385127, 42.145264198173884], [112.73774757162025, 42.14514263531341], [112.73783409222811, 42.14502879348622], [112.73793105946106, 42.14492370717438], [112.73803759217668, 42.14482833129847], [112.73815272231089, 42.144743532540225], [112.73827540367478, 42.14467008146699], [112.73840452146129, 42.14460864552956], [112.73853890237555, 42.144559782997035], [112.73867732529656, 42.14452393788384], [112.73881853237359, 42.144501435914954], [112.7884981643729, 42.13899719199], [112.78853559349626, 42.13899110982919], [112.7885722137956, 42.13898126677948], [112.85613596201304, 42.11709070426283], [112.85616807976108, 42.117078628882446], [112.85619142357017, 42.117053480698836], [112.93960428571195, 42.01840501413115], [112.93970398846434, 42.01829813007231], [112.93981362077754, 42.018201457445514], [112.9645350867584, 41.99845751402334], [112.96466106223755, 41.998367155932165], [112.96479569123667, 41.99829028305929], [112.96493753565443, 41.99822771655753], [112.96508508031465, 41.99818012475965], [112.96523674915147, 41.99814801603924], [113.04226690380055, 41.985960027717795], [113.04230397199667, 41.985952191286955], [113.04232967178596, 41.98592435279485], [113.08575248845955, 41.93374470289132], [113.08585085182162, 41.93363753049144], [113.08595913392213, 41.93354039007245], [113.08607631636679, 41.933454195241055], [113.0862012970534, 41.933379756660564], [113.08633290053729, 41.93331777442663], [113.08646988908625, 41.933268831482835], [113.0866109743215, 41.93323338813809], [113.0867548293349, 41.93321177773745], [113.08690010116847, 41.93320420352695], [113.08704542353905, 41.933210736742126], [113.0871894296882, 41.933231315938016], [113.0873307652365, 41.93326574756707], [113.08746810092161, 41.933313707799435], [113.08760014509993, 41.93337474556861], [113.12724948947415, 41.95409253495], [113.12728133939298, 41.95410730073176], [113.1273164177408, 41.95410590245969], [113.16837687517882, 41.95051486533291], [113.16852511594556, 41.95050926416097], [113.16867318502435, 41.95051833311644], [113.16881963418787, 41.9505419834981], [113.16896303105278, 41.95057998398736], [113.16910197308951, 41.95063196291076], [113.16923510134009, 41.950697411875204], [113.16936111370975, 41.95077569074043], [113.16947877770244, 41.950866033880054], [113.16958694247546, 41.95096755766998], [113.16968455009575, 41.95107926913095], [113.16977064588711, 41.95120007564054], [113.16984438776771, 41.951328795619936], [113.16990505448632, 41.95146417009058], [113.16995205267662, 41.95160487498799], [113.16998492266087, 41.95174953411209], [113.17000334294582, 41.951896732587464], [113.17000713336716, 41.95204503070193], [113.16999625685172, 41.95219297798802], [113.16997081978002, 41.952339127409616], [113.16993107094584, 41.952482049515076], [113.16987739912275, 41.95262034641835], [113.1698103292617, 41.95275266547136], [113.16973051735654, 41.95287771249389], [113.16963874402795, 41.9529942644317], [113.14956048729108, 41.976049881542565], [113.14953874687072, 41.976077505237726], [113.14956875936579, 41.97609580727438], [113.25068344285572, 42.03105953655714], [113.25079932623848, 42.03112947912654], [113.25090843287565, 42.03120958320348], [113.25100987435205, 42.03129919652994], [113.2511028246671, 42.03139758941763], [113.25118652696061, 42.031503960689484], [113.2827572263958, 42.0755806013283], [113.28278034275766, 42.07560969510556], [113.28280876361325, 42.07563363396558], [113.37234874116452, 42.143724989438915], [113.37237958758735, 42.143746069327364], [113.37241694745832, 42.14374574756946], [113.57263154648095, 42.131861697964474], [113.57267650280335, 42.13185627808591], [113.57272047204971, 42.131845454435734], [113.64419841203507, 42.10957346504903], [113.64434504363221, 42.10953577842414], [113.64449472726878, 42.10951306464162], [113.64464593809384, 42.10950555509038], [113.64479713569872, 42.1095133262714], [113.64494677980943, 42.10953629901843], [113.64509334597767, 42.10957423930445], [113.70964362096188, 42.1298102224528], [113.7096773498813, 42.1298190420778], [113.70969910448996, 42.12979179941276], [113.74293285899813, 42.08380892326045], [113.74302711393932, 42.083691422367025], [113.74313267844732, 42.083583967313416], [113.74324848794141, 42.083487641745826], [113.74337337452384, 42.08340341707352], [113.74350607875759, 42.08333214267251], [113.74364526236742, 42.08327453731992], [113.79507470065613, 42.064955672909974], [113.79523310360351, 42.06490890328402], [113.79539568825393, 42.064879832283104], [113.91600892021263, 42.05010954078926], [113.9160441479116, 42.0501034337861], [113.91604431878345, 42.05006768106495], [113.91318929859199, 41.986693148087944], [113.9131901988966, 41.9865404683175], [113.91320661540865, 41.98638867101521], [113.91323837803904, 41.98623932893085], [113.91328515769976, 41.986093989376045], [113.91334646971357, 41.985954158192776], [113.9134216788356, 41.98582128415162], [113.91351000583506, 41.98569674394118], [113.91361053556878, 41.98558182790448], [113.91372222646278, 41.98547772666987], [113.95429399519747, 41.95135136085179], [113.95441177871565, 41.95126182355053], [113.95453781003914, 41.95118432522169], [113.9546708630296, 41.95111961983397], [113.95480964323605, 41.95106833689558], [113.95495280048834, 41.951030975329935], [113.95509894203276, 41.95100789862165], [113.9552466460819, 41.95099933128028], [113.95539447564701, 41.951005356656104], [113.95554099251818, 41.95102591612922], [113.95568477125651, 41.95106080967983], [113.95582441306196, 41.95110969783425], [113.95595855938203, 41.95117210496754], [114.00676912640859, 41.97793368570255], [114.00680226477479, 41.977949094500275], [114.00683834879617, 41.97794330435711], [114.06117480717145, 41.966439375113396], [114.06132341725343, 41.966415628855415], [114.06147365883706, 41.96640689342263], [114.06162401956776, 41.966413256747245], [114.0617729858916, 41.96643465477506], [114.061919058291, 41.96647087211028], [114.062060766379, 41.96652154418371], [114.06219668370053, 41.966586160922596], [114.06232544209121, 41.96666407188503], [114.06244574544954, 41.966754492807446], [114.06255638278367, 41.966856513499124], [114.06265624040141, 41.966969107004324], [114.06274431312086, 41.96709113993973], [114.06281971438865, 41.967221383903315], [114.0755751679695, 41.99204923729322], [114.075592894799, 41.992079934371525], [114.07562741292726, 41.99207186901824], [114.10198912415034, 41.98453027231208], [114.10213171266206, 41.98449691519944], [114.10227687431062, 41.98447762073329], [114.1024232255971, 41.984472572804286], [114.1025693716844, 41.984481819522976], [114.10271391969114, 41.98450527276121], [114.10285549196686, 41.98454270899213], [114.10299273922203, 41.98459377142047], [114.10312435338777, 41.98465797338316], [114.1032490800828, 41.98473470298753], [114.10336573056853, 41.98482322894315], [114.1034731930787, 41.98492270753153], [114.10357044341532, 41.98503219064742], [114.10365655471006, 41.98515063483495], [114.10373070625792, 41.98527691123253], [114.10379219133931, 41.98540981633178], [114.10384042395543, 41.985548083447824], [114.10387494441346, 41.985690394791774], [114.10389542370764, 41.98583539403022], [114.10390166665499, 41.985981699212104], [114.10389361375556, 41.98612791593977], [114.10387134175949, 41.986272650658584], [114.10383506293556, 41.98641452393856], [114.10378512304804, 41.986552183621384], [114.10372199806137, 41.986684317707436], [114.10364628960384, 41.98680966686019], [114.0652072178066, 42.04395045911665], [114.06518850203582, 42.04398157583089], [114.06521642772559, 42.04400478543784], [114.09327676630002, 42.06501743387303], [114.09339536063074, 42.06511615752577], [114.09350318498039, 42.06522654269012], [114.09359909828106, 42.0653474211979], [114.09368208551533, 42.0654775138335], [114.09375126845786, 42.06561544387138], [114.09380591496942, 42.065759751645466], [114.09384544674481, 42.0659089099963], [114.09386944543286, 42.066061340432434], [114.1001552221859, 42.12587804956526], [114.1001604372045, 42.12591189338761], [114.10019385136096, 42.12590440373648], [114.13190702946149, 42.117172233573456], [114.13204016322148, 42.11714201912413], [114.13217549263975, 42.11712403414298], [114.13231189673697, 42.11711842760569], [114.13244824563185, 42.1171252459531], [114.13258340990039, 42.11714443270654], [114.22592973773415, 42.13476125208135], [114.22607849300871, 42.13479727234717], [114.22622280332732, 42.13484826375041], [114.22636116622127, 42.13491369540053], [114.22649214114276, 42.13499288606412], [114.2266143644629, 42.135085011257594], [114.22672656366903, 42.13518911183111], [114.22682757061322, 42.13530410395468], [114.22691633367445, 42.13542879040231], [114.22699192870729, 42.13556187301677], [114.22705356866358, 42.1357019662252], [114.23830352680041, 42.165279206738056], [114.23831728210617, 42.16531083486961], [114.23834745405618, 42.16532754416604], [114.29117473494075, 42.19143406667454], [114.29120900092265, 42.1914488797891], [114.29124327978403, 42.191434096503535], [114.37586185749872, 42.14970834269786], [114.37589326229421, 42.14969088418363], [114.37589606968115, 42.14965506268879], [114.37701481700086, 42.11102344027637], [114.37702649750568, 42.110875091037286], [114.37705281948814, 42.11072862915088], [114.37709352389395, 42.11058549605799], [114.37714821012064, 42.110447100438336], [114.37721633996019, 42.11031480434658], [114.37729724289595, 42.11018990980741], [114.37739012270171, 42.11007364600129], [114.37749406527789, 42.10996715716719], [114.37760804764794, 42.10987149134129], [114.37773094802623, 42.10978759004244], [114.37786155685829, 42.109716279006015], [114.37799858872506, 42.109658260057195], [114.37814069499355, 42.1096141042038], [114.37828647708979, 42.109584246016574], [114.44739888566865, 42.09896943580229], [114.44755002952473, 42.09895400637555], [114.44770195887905, 42.09895394524282], [114.44785311510306, 42.098969253031264], [114.44800194749965, 42.098999772699756], [114.44814692921167, 42.09904519114996], [114.44828657288576, 42.0991050424384], [114.4780005198029, 42.11366359134601], [114.47812716754576, 42.11373340630962], [114.47824650361147, 42.113815092803854], [114.47835741876968, 42.11390789155167], [114.47845888206254, 42.11401093998746], [114.47854995038739, 42.11412328027465], [114.47862977726292, 42.11424386820878], [114.4786976206973, 42.11437158292339], [114.47875285008487, 42.11450523730852], [114.47879495206777, 42.11464358904488], [114.47882353530748, 42.11478535215124], [114.47883833412241, 42.11492920893764], [114.4788392109574, 42.115073822253336], [114.47882615766224, 42.11521784791564], [114.4787992955675, 42.115359947204105], [114.46576539241342, 42.169784936508115], [114.46572256822205, 42.16993071476736], [114.46566521648131, 42.17007141299076], [114.46559392562547, 42.170205587601274], [114.46550942710542, 42.17033186195474], [114.46541258788396, 42.17044894046438], [114.46530440154062, 42.17055562189365], [114.46518597807751, 42.170650811681014], [114.46505853253052, 42.17073353317028], [114.46492337250298, 42.17080293763116], [114.46478188474953, 42.17085831296734], [114.46463552094787, 42.17089909102265], [114.46448578280439, 42.17092485341039], [114.46433420664658, 42.17093533580604], [114.43778561956896, 42.17142330853858], [114.43774871330423, 42.17142584190212], [114.4377197270499, 42.17144882640496], [114.40569311455246, 42.19957131268361], [114.40566861874343, 42.19959508727616], [114.40570145994093, 42.19960440025973], [114.49825550899189, 42.220928572243835], [114.49837909770761, 42.22096266917049], [114.49849932337725, 42.22100719511149], [114.49861530772444, 42.22106182479452], [114.52533243994677, 42.23507088900886], [114.52546667052357, 42.235150435591564], [114.52559191163658, 42.23524349562694], [114.52570680814875, 42.23534906218443], [114.52581011685395, 42.235465993010145], [114.5753024263289, 42.29773234192897], [114.57532635514744, 42.29775950963437], [114.5753569243238, 42.297740113809226], [114.59877488276251, 42.28116643190337], [114.598903453335, 42.281084903065704], [114.59903962573215, 42.28101682647841], [114.59918199723643, 42.28096290340124], [114.59932910127307, 42.280923689298056], [114.68656768276492, 42.26235251826087], [114.68659919720075, 42.26234420615611], [114.68657364014946, 42.26232398023522], [114.66818882043584, 42.249161631695976], [114.6680723225637, 42.24906915716956], [114.66796555586423, 42.248965599629365], [114.6678695701289, 42.24885197731261], [114.66778530914463, 42.24872940741917], [114.66771360141378, 42.24859909512663], [114.66765515200797, 42.2484623217403], [114.6676105356353, 42.24832043209466], [114.6675801909896, 42.2481748213302], [114.66756441643683, 42.24802692117559], [114.66756336708146, 42.247878185870086], [114.66757705324136, 42.247730077864645], [114.66760534034634, 42.24758405344223], [114.66764795026134, 42.24744154839884], [114.6677044640212, 42.247303963925894], [114.66777432595018, 42.24717265283296], [114.66785684912567, 42.24704890624611], [114.68715924201383, 42.221001361236574], [114.68717899655427, 42.22097179520683], [114.68716563257716, 42.22093884378652], [114.67779380425341, 42.20071851510558], [114.67773887153969, 42.20058305749502], [114.67769738408124, 42.20044289630893], [114.67766973584972, 42.20029936254082], [114.67765618939725, 42.20015381921077], [114.67765687336318, 42.200007648422016], [114.67767178125243, 42.199862238236214], [114.67770077149726, 42.199718969492245], [114.67774356880156, 42.19957920269347], [114.67779976675516, 42.19944426508824], [114.67786883169312, 42.19931543806607], [114.6779501077635, 42.1991939449894], [114.67804282315547, 42.19908093957632], [114.67814609742855, 42.19897749494468], [114.67825894987337, 42.19888459342158], [114.67838030882469, 42.19880311721506], [114.6785090218381, 42.19873384003646], [114.6786438666338, 42.198677419753196], [114.67878356270364, 42.198634392141486], [114.67892678347089, 42.19860516579855], [114.67907216888779, 42.1985900182625], [114.67921833835068, 42.19858909337683], [114.67936390381048, 42.1986023999244], [114.67950748295382, 42.19862981154405], [114.75709324555473, 42.21740183304834], [114.75712693332716, 42.217408350082714], [114.75715998541271, 42.21739913610413], [114.8091180821525, 42.20028650035207], [114.80914922202388, 42.20027452351404], [114.80912203109253, 42.200255189877836], [114.79087997767954, 42.18858615354198], [114.79076366319175, 42.1885037065811], [114.79065570162136, 42.18841058912437], [114.79055706829617, 42.18830764239743], [114.79046865427229, 42.188195796423834], [114.79039125828446, 42.18807606162315], [114.79032557953012, 42.18794951968284], [114.79027221135296, 42.18781731378625], [114.79023163588252, 42.18768063828505], [114.79020421967873, 42.187540727909465], [114.79019021042032, 42.18739884661363], [114.7901897346673, 42.187256276157065], [114.79020279671764, 42.187114304525146], [114.79022927856843, 42.186974214293485], [114.7902689409819, 42.186837271041064], [114.79032142564672, 42.186704711916946], [114.79888482540994, 42.16776025153662]], [[114.82549478315391, 42.13838367012125], [114.82881835229371, 42.135006317046454]], [[114.82826738785639, 42.14768347133597], [114.82833170445903, 42.14768064115122], [114.8283656394661, 42.14767745070519], [114.82834602739926, 42.14764957364493], [114.8282616708678, 42.14754151860688]], [[114.86116356200287, 42.087421765601164], [114.86104140770193, 42.07456093543979]], [[114.88064224817245, 41.78684389684059], [114.88369949123538, 41.78306363427579]], [[114.90028164492682, 41.670466120727724], [114.89558568588822, 41.63646992329014], [114.8955795385859, 41.6364366916764], [114.89555700372615, 41.63641156793096], [114.88240024860504, 41.623015873604814]], [[114.91320063805955, 41.60945289533996], [114.9382815990698, 41.613219683305886], [114.9383170916401, 41.613223292826646], [114.93835276665622, 41.61322350354018], [114.97775905770554, 41.61157476314264], [114.97793874679448, 41.61157802071643], [115.00416673996646, 41.61362978539212]], [[114.92430988443883, 41.9041090634418], [114.9254287947761, 41.899603070595965], [114.92543603462225, 41.89956592188822], [114.92543176582464, 41.89952831578188], [114.92475011348398, 41.89540787738797]], [[115.33517544966051, 41.67667453570308], [115.31905903292086, 41.69144821931666], [115.31903465506885, 41.69147286414878], [115.31906142101613, 41.69149489211936], [115.33111116398786, 41.70046108180731]], [[115.36052115730621, 41.62013182964948], [115.35906123344452, 41.621641691093735]], [[115.43153247431867, 39.98553885567492], [115.4294288738195, 39.98470704106479], [115.42929861658573, 39.984648211901906], [115.42917454976612, 39.98457725246542], [115.42905779976704, 39.98449480699817], [115.42894942656523, 39.98440162402503], [115.42885041408422, 39.984298549556996], [115.4287616612613, 39.98418651941025], [115.42868397388602, 39.98406655070985], [115.42861805728435, 39.983939732655216], [115.42856450991513, 39.98380721663126], [115.42852381793651, 39.98367020575495], [115.42849635079217, 39.9835299439521], [115.42848235785715, 39.98338770466384], [115.42783168816437, 39.97048864814164]], [[115.44701547788003, 41.73804566971643], [115.48872685957043, 41.760916925027026], [115.48875859399973, 41.76093241961444], [115.48879267786738, 41.760941663326726], [115.50050488144014, 41.76352989753666]], [[115.63693874964964, 41.82607371516708], [115.65294675989264, 41.828889431514604], [115.6530953217075, 41.8289234235539], [115.6532396675878, 41.828972314641135], [115.65337830749455, 41.829035600088346], [115.65350981028978, 41.82911262661896], [115.65363281850978, 41.829202599111305], [115.6537460623778, 41.829304588806494], [115.65384837291155, 41.82941754289565], [115.65393869399021, 41.82954029538775], [115.65401609325654, 41.82967157914586], [115.65407977174124, 41.82981003896731], [115.65412907211052, 41.82995424557312], [115.6593716976431, 41.848282981943306], [115.6593835836544, 41.84831784976286], [115.65941306545871, 41.8483399374367], [115.68811971082928, 41.867687585764365], [115.68815054291866, 41.86770625043404], [115.68818652496321, 41.867708319272396], [115.69353451976046, 41.86775506722085]], [[115.66685107539806, 40.12874264668034], [115.66066052615604, 40.12815538134459]], [[115.72771805979153, 41.8875014982677], [115.72786789640163, 41.88838501012076], [115.72787542466763, 41.88841921232399], [115.72791044436204, 41.888418918223415], [115.73501719235138, 41.88801296622611]], [[115.80951064931052, 40.15278746203673], [115.80658852138318, 40.15322498097268], [115.8065555348553, 40.153231455284356], [115.80652703438798, 40.15324915197942], [115.78978234401923, 40.164716591527984]], [[115.87222319163244, 41.93300324163119], [115.89734541491995, 41.93990973977303]], [[115.9472045772147, 40.60812495675377], [115.92691156325547, 40.61286094161594]], [[115.92950783203702, 41.91956823175752], [115.93854705752933, 41.9019680357176]], [[116.01980727175045, 40.59869449480024], [116.01320238220792, 40.59214524143335]], [[116.03578383003267, 41.78260148164981], [116.08394933522433, 41.78174565147913], [116.08398322821922, 41.781743389125864], [116.08396841556218, 41.78171282053846], [116.08104356999455, 41.77636036307452], [116.08103421896746, 41.77634375575389], [116.05632683649542, 41.73373920536227], [116.05630556267305, 41.733706609287964], [116.05627077972876, 41.73368913855864], [116.01460549428911, 41.71544323760126], [116.01447515749625, 41.71537845197044], [116.01435171326678, 41.71530133919754], [116.01423632388888, 41.71521262533729], [115.97290933726984, 41.68012166490308], [115.97288421122, 41.68010210757009], [115.97285751332242, 41.68008475735604], [115.91108585942824, 41.64358216522366], [115.91096657054842, 41.643503785965024], [115.91085527157085, 41.64341442331835], [115.91075297027781, 41.64331488643837], [115.91066059298004, 41.64320607660478], [115.91057897612909, 41.64308897906136], [115.91050885874364, 41.64296465409489], [115.91045087571773, 41.6428342274345], [115.9104055520721, 41.642698880058546], [115.91037329820016, 41.64255983750112], [115.91035440615204, 41.64241835875519], [115.91034904699018, 41.64227572487276], [115.91035726924032, 41.64213322736529], [115.91037899845222, 41.6419921565094], [115.91041403787368, 41.641853789663756], [115.9104620702322, 41.641719379702934], [115.92923884258076, 41.59614493531141], [115.92925037781774, 41.5961128133745], [115.92924643839453, 41.59607891114054], [115.92493937890508, 41.56967956546278], [115.92492310713682, 41.56953750507913], [115.92492043597993, 41.56939454079], [115.92493138970745, 41.569251971722885], [115.92495586878199, 41.56911109341386], [115.92499365076033, 41.56897318603495], [115.92504439231472, 41.56883950276112], [115.92510763235276, 41.56871125838256], [115.92518279620735, 41.56858961826579], [115.92526920085878, 41.568475687763915], [115.92536606114132, 41.56837050217217], [115.92547249687814, 41.56827501732011], [115.92558754087952, 41.56819010088594], [115.92571014773175, 41.568116524511815], [115.95875946242771, 41.5503688618378], [115.9587880297617, 41.55035183438608], [115.95880878023011, 41.55032592956272], [115.97389013403837, 41.52968618776602], [115.97390860859011, 41.529658363905774], [115.97391609926673, 41.5296258845957], [115.98210583921131, 41.485160449432094], [115.98211042427259, 41.48512714205499], [115.98209995610198, 41.485095191756486], [115.97714083687146, 41.47199803071179], [115.97709431947172, 41.47185346765686], [115.9770626575527, 41.47170494200852], [115.9770461756469, 41.47155397614447], [115.97704504269274, 41.47140211745442], [115.9770592703029, 41.471250922479506], [115.97708871264537, 41.47110194095784], [115.97713306793814, 41.47095669993976], [115.97719188154254, 41.470816688135734], [115.97726455062313, 41.47068334065712], [115.97735033032687, 41.470558024306406], [115.97744834141767, 41.47044202356757], [115.97755757928859, 41.47033652744022], [115.97767692425896, 41.4702426172524], [116.00002322989641, 41.454422368029334], [116.00005053534005, 41.454401042876626], [116.0000591027268, 41.45436747281121], [116.00434438669737, 41.43353620436259], [116.00438216036069, 41.43339020527284], [116.00443440296432, 41.433248736922266], [116.0045005864497, 41.43311322924679], [116.00458004184637, 41.43298505193294], [116.00467196603388, 41.43286550057328], [116.00477542985958, 41.43275578357085], [116.00488938753021, 41.432657009924824], [116.00501268718276, 41.43257017802094], [116.03019801498064, 41.41666519910413], [116.03022841523956, 41.41664378389981], [116.03024123453379, 41.416608877561956], [116.03589035898378, 41.398445226823625], [116.03594000695036, 41.39830914515741], [116.03600254954367, 41.39817848696025], [116.03607740350148, 41.398054470729605], [116.03616387074774, 41.39793825302102], [116.03626114490272, 41.397830917662276], [116.03636831880321, 41.397733465645786], [116.03648439296254, 41.39764680579348], [116.03660828489163, 41.39757174628129], [116.03673883919414, 41.39750898710223], [116.03687483834155, 41.397459113538375], [116.07709883298057, 41.38487575004939], [116.07712934145613, 41.38486472676092], [116.07715596825582, 41.3848461985795], [116.08714975577827, 41.37722569489548], [116.0872705316257, 41.377142608732576], [116.08739884101284, 41.377071708683474], [116.08753345843584, 41.37701367192605], [116.08767309814183, 41.376969052778826], [116.08781642640928, 41.376938277406516], [116.0879620742866, 41.37692163974971], [116.14154760037971, 41.37344149388761], [116.14158546736094, 41.37343707572651], [116.14162021651256, 41.373421393734695], [116.1748022994975, 41.356347398968495], [116.17483855134967, 41.35632607357551], [116.17486910080896, 41.356297165104536], [116.20332407377845, 41.32614659031563], [116.20335008232395, 41.326115851718846], [116.20336489854992, 41.3260784112964], [116.20949150841386, 41.30774937947782], [116.20950106562056, 41.30771541021556], [116.20947854364319, 41.30768824384816], [116.19217516166529, 41.288757708977855], [116.19208030361148, 41.28864298212072], [116.19199728441215, 41.288519417908], [116.19192692172531, 41.2883882333265], [116.19186990855471, 41.2882507204162], [116.19182680642437, 41.288108233544946], [116.19179803984818, 41.287962176069215], [116.1917838921488, 41.28781398651249], [116.19178450266728, 41.28766512439713], [116.19179986539058, 41.28751705586957], [116.19182982901089, 41.28737123926016], [116.198947022383, 41.259764102102885], [116.19898403419853, 41.25964220514514], [116.19903125566874, 41.259523888301246], [116.19908834619578, 41.259410004963925], [116.213499632693, 41.233474030017874], [116.21357377018859, 41.233354227058975], [116.21365882069934, 41.2332419081922], [116.21375403392413, 41.23313806427549], [116.23516880386556, 41.2118790056568], [116.23519283862603, 41.21185267475569], [116.23517761735859, 41.21182043659377], [116.22160181937073, 41.18638850055539], [116.22154038680662, 41.186258846915074], [116.22149162211427, 41.186123917188326], [116.22145597141535, 41.18598494577383], [116.22143376085869, 41.1858432040455], [116.2214251936366, 41.1856999887213], [116.22143034812596, 41.18555661000035], [116.22144917717112, 41.185414379576606], [116.2233329268606, 41.17503058812366], [116.22336483023099, 41.174892326240055], [116.22340965532698, 41.17475769754969], [116.22346700103023, 41.174627906780294], [116.22353635418148, 41.17450411536738], [116.22361709417255, 41.17438743106106], [116.22370849849992, 41.17427889801337], [116.22380974922997, 41.174179487434635], [116.22391994031837, 41.174090088902545], [116.22403808571778, 41.17401150240181], [116.22416312820155, 41.17394443116542], [116.24586128541212, 41.16359607926499], [116.24589274713338, 41.16357910309406], [116.2458815618833, 41.16354514841149], [116.23356746422544, 41.13160868930597], [116.23352062073556, 41.13146641272435], [116.23348820079168, 41.13132017358643], [116.2334705276846, 41.13117143018487], [116.23346777765006, 41.13102166578479], [116.23347997811133, 41.13087237383268], [116.23350700740573, 41.13072504306378], [116.23354859599789, 41.130581142656474], [116.2336043291675, 41.13044210758167], [116.23367365114494, 41.13030932429332], [116.23375587065335, 41.13018411690273], [116.2452302661194, 41.11447963380305], [116.24532074087402, 41.11436753081965], [116.24542155219883, 41.11426462388647], [116.24553177026576, 41.11417186216034], [116.24565037848406, 41.11409010122432], [116.2457762828769, 41.11402009519622], [116.26873568428763, 41.10266148214944], [116.26876761037406, 41.102643667196666], [116.26878407766743, 41.10261102557042], [116.27732416389185, 41.08336769370911], [116.27739404967654, 41.083229848096856], [116.27747774827091, 41.083099925115754], [116.27757437115167, 41.08297930399557], [116.29610384026321, 41.06214516469201], [116.29612554551639, 41.06211823870077], [116.29609905889504, 41.06209599941357], [116.26584367838849, 41.03909632076508], [116.2657291152286, 41.03899983838556], [116.26562474516267, 41.038892411868794], [116.26553160880978, 41.038775112308116], [116.26545063478355, 41.03864910923578], [116.2653826304334, 41.03851565896217], [116.26532827379498, 41.03837609204981], [116.26528810682974, 41.03823180004702], [116.26526253002139, 41.0380842216135], [116.26525179838283, 41.03793482817623], [116.26525601891359, 41.03778510925864], [116.26527514953298, 41.03763655762935], [116.26530899949964, 41.03749065441855], [116.26535723131336, 41.037348854350455], [116.26541936408006, 41.03721257123901], [116.26549477830662, 41.03708316389147], [116.29795847987923, 40.98727241674208], [116.29804979246649, 40.98714700334782], [116.2981535699243, 40.98703169182499], [116.29826870222556, 40.98692771557166], [116.29839395788917, 40.98683618674132], [116.29852799715226, 40.986758084347], [116.29866938630063, 40.98669424378956], [116.29881661300399, 40.986645347922], [116.29896810249231, 40.98661191974557], [116.2991222343998, 40.98659431681559], [116.33350810414828, 40.98446035179225], [116.33354472612818, 40.9844562108608], [116.33356062134251, 40.984422959411575], [116.34162125692166, 40.9651053479407], [116.34169098656483, 40.96496058645837], [116.34177580075027, 40.96482411424928], [116.34187472625932, 40.964697497293216], [116.34198662794991, 40.96458218848372], [116.35004202493485, 40.95712571347682]], [[116.39548794377613, 40.77486996503816], [116.39058310247064, 40.77407241251372]], [[116.4248202047758, 40.82574038381112], [116.43679897759449, 40.82076388803722], [116.43682914591305, 40.82074973947812], [116.43685238254197, 40.82072594979113], [116.44358625045574, 40.813189504734716]]]}, "properties": {"kind": "regime_border", "name": "辽", "province": "西京道"}}, {"type": "Feature", "geometry": {"type": "MultiLineString", "coordinates": [[[114.79888482540993, 42.16776025153662], [114.78980168956625, 42.18785450287114], [114.78978906564997, 42.187886386761214], [114.78981704228586, 42.187906217382896], [114.80649401850684, 42.19857410860594], [114.80661379164397, 42.198659271200455], [114.80672465607161, 42.19875574581144], [114.80682554757641, 42.19886260635674], [114.80691549767741, 42.19897882705719], [114.80699364292273, 42.19910329228332], [114.80705923317804, 42.19923480726456], [114.80711163882725, 42.19937210955811], [114.80715035681638, 42.19951388116739], [114.80717501548249, 42.19965876119386], [114.8071853781213, 42.19980535890052], [114.80718134525947, 42.199952267061995], [114.80716295560934, 42.200098075472766], [114.80713038569745, 42.200241384484066], [114.80708394816992, 42.20038081843948], [114.80702408879137, 42.2005150388801], [114.80695138216583, 42.2006427573928], [114.8068665262211, 42.200762747977954], [114.80677033550906, 42.2008738588181], [114.80666373338664, 42.20097502333451], [114.80654774315238, 42.201065270425524], [114.80642347822342, 42.20114373378839], [114.80629213144763, 42.20120966023509], [114.8061549636532, 42.201262416922354], [114.75753325738859, 42.21727619727918], [114.75739951768676, 42.21731348009291], [114.75726290369663, 42.21733823759165], [114.7571245858246, 42.21735025767167], [114.7569857490747, 42.21734943735392], [114.75684758289628, 42.21733578366628], [114.75671127099376, 42.21730941358332], [114.67652253935636, 42.19790759881426], [114.6764898811238, 42.19790136382059], [114.67650237601192, 42.197932174745034], [114.68680642256028, 42.220163824830124], [114.68686132830938, 42.22029920536856], [114.6869028040582, 42.2204392849664], [114.68693045638565, 42.22058273488888], [114.68694402299367, 42.22072819443178], [114.68694337519523, 42.22087428382848], [114.68692851913508, 42.221019617337866], [114.68689959573142, 42.22116281638881], [114.68685687933917, 42.22130252265677], [114.68680077514769, 42.22143741094822], [114.68673181533717, 42.22156620177089], [114.68665065403067, 42.22168767347048], [114.66697115287238, 42.24824410588565], [114.66695147685208, 42.2482736108137], [114.66697925346725, 42.24829565953687], [114.68383885443282, 42.260366049543315], [114.68395204658796, 42.26045563012716], [114.6840561039105, 42.260555676209606], [114.68415006273047, 42.260665261268535], [114.68423305289957, 42.26078337044184], [114.68430430584975, 42.26090890992598], [114.68436316171076, 42.26104071710565], [114.68440907542121, 42.261177571320715], [114.68444162177639, 42.26131820517067], [114.684460499366, 42.261461316251996], [114.68446553336557, 42.26160557921965], [114.68445667715547, 42.26174965806102], [114.68443401275265, 42.26189221846868], [114.68439775005108, 42.26203194019735], [114.68434822487794, 42.26216752929062], [114.68428589588358, 42.26229773006423], [114.68421134029386, 42.26242133673489], [114.68412524856465, 42.262537204586984], [114.68402841798743, 42.26264426057376], [114.68392174530565, 42.262741513254696], [114.68380621841006, 42.262828061977274], [114.6836829071898, 42.26290310521781], [114.68355295362437, 42.26296594800434], [114.68341756120766, 42.26301600835277], [114.68327798380253, 42.26305282265655], [114.59906425012215, 42.28098007027008], [114.59902778446911, 42.28098979106303], [114.59899591308066, 42.281010001265145], [114.57648402259134, 42.29694242821201], [114.57635614516003, 42.297023565115005], [114.57622073804976, 42.29709139393598], [114.57607918156054, 42.29714522324799], [114.57593291867738, 42.29718450433095], [114.57578344036085, 42.29720883676513], [114.57563227034868, 42.29721797251289], [114.57548094962326, 42.29721181844712], [114.5753310207033, 42.29719043730054], [114.57518401191987, 42.29715404702624], [114.57504142183703, 42.29710301857591], [114.5749047039759, 42.29703787211848], [114.57477525199792, 42.29695927173766], [114.57465438549826, 42.296868018662494], [114.57454333655426, 42.29676504309983], [114.57444323716602, 42.296651394752104], [114.52563728825943, 42.23524855709569], [114.52561169012243, 42.2352195836293], [114.52557843007244, 42.23519987334139], [114.49847239891479, 42.22098689090287], [114.49844346910739, 42.22097326470031], [114.49841275248869, 42.220964800668234], [114.40851769973122, 42.20025325335965], [114.40837380606418, 42.200212448533435], [114.40823469137806, 42.200157516526716], [114.40810173880801, 42.200089003496], [114.40797627022296, 42.20000759062587], [114.40785953308291, 42.19991408735645], [114.40775268803635, 42.199809423335495], [114.40765679738045, 42.19969463917557], [114.40757281449937, 42.1995708761078], [114.40750157438534, 42.19943936463526], [114.40744378533668, 42.19930141229887], [114.40740002191583, 42.19915839067725], [114.40737071923661, 42.199011721749905], [114.40735616863826, 42.198862863759366], [114.40735651478879, 42.19871329671274], [114.40737175424663, 42.19856450766683], [114.40740173549483, 42.19841797594326], [114.40744616044758, 42.19827515842041], [114.40750458741378, 42.19813747504858], [114.40757643548864, 42.19800629473223], [114.40766099032915, 42.19788292171977], [114.40775741125647, 42.1977685826362], [114.40786473961428, 42.197664414287516], [114.43733515655072, 42.17178651677378], [114.4374530107918, 42.17169306485316], [114.43757963143531, 42.171611885445394], [114.43771374535946, 42.171543794778174], [114.43785400410034, 42.17148947747693], [114.43799899741036, 42.17144947968123], [114.4381472674376, 42.17142420355349], [114.43829732338402, 42.171413903235454], [114.46545699748334, 42.17091469850015], [114.46549353064911, 42.17091217201377], [114.4655038522149, 42.170877036268216], [114.47907057490056, 42.114227180248115], [114.47907705187764, 42.11419291732693], [114.47904651462669, 42.11417608357202], [114.44789813025497, 42.09891472234886], [114.4478636997526, 42.09889996543314], [114.44782643376882, 42.09890376970797], [114.37708779356883, 42.10976834896341], [114.37705273170255, 42.109775530117986], [114.3770499224392, 42.10981120940469], [114.37592113792734, 42.14878942752279], [114.37590959614934, 42.14893669747629], [114.3758836246379, 42.149082118012785], [114.375843475278, 42.14922427876947], [114.37578953745872, 42.14936180099856], [114.37572233429664, 42.14949335093907], [114.37564251756241, 42.149617652752326], [114.3755508613596, 42.149733500895714], [114.37544825461697, 42.149839771814634], [114.37533569246725, 42.149935434839314], [114.37521426659578, 42.150019562180766], [114.37508515465282, 42.15009133792897], [114.29187311610048, 42.1911235217363], [114.29173282253917, 42.19118402548982], [114.29158710204891, 42.19122994418155], [114.2914374664304, 42.19126080142063], [114.29128546810246, 42.191276277073655], [114.29113268399624, 42.191276210585976], [114.29098069919507, 42.19126060264737], [114.29083109048977, 42.191229615184916], [114.29068541001995, 42.19118356968304], [114.2905451691711, 42.191122943848214], [114.23884404982967, 42.16557295503181], [114.23872134538932, 42.16550500102599], [114.23860552482297, 42.16542588261474], [114.23849760087218, 42.165336291613905], [114.23839851723002, 42.16523701141223], [114.23830914028946, 42.16512891012139], [114.23823025156747, 42.16501293298515], [114.23816254087149, 42.164890094114114], [114.23810660026764, 42.16476146761829], [114.22676861196302, 42.134952787182456], [114.22675360115926, 42.13491867113519], [114.22671737569156, 42.13490989933883], [114.13227555516183, 42.11708633271002], [114.13224202922363, 42.117081573657075], [114.13220907772511, 42.11708906509293], [114.10186415391003, 42.12544448874354], [114.10172314318399, 42.12547609574057], [114.10157974536749, 42.12549398689323], [114.1014352913852, 42.12549799614757], [114.10129112196442, 42.12548808629231], [114.10114857519133, 42.12546434930423], [114.10100897409178, 42.125427005494515], [114.10087361435178, 42.125376401463974], [114.10074375229183, 42.12531300688608], [114.10062059320657, 42.12523741014782], [114.100505280178, 42.125150312888614], [114.10039888346616, 42.125052523488215], [114.10030239057568, 42.124944949563826], [114.10021669709042, 42.12482858954619], [114.1001425983612, 42.124704523412824], [114.10008078212392, 42.12457390266436], [114.10003182211645, 42.124437939637076], [114.0999961727535, 42.124297896250795], [114.09997416490913, 42.12415507229655], [114.09380503429668, 42.065448391174264], [114.09379915490717, 42.06541104755353], [114.09377010072467, 42.06538686144778], [114.06632742105774, 42.04483673948717], [114.06621055796083, 42.044739612197965], [114.06610412128659, 42.04463115977476], [114.0660092033446, 42.04451249521385], [114.06592677823319, 42.04438483631392], [114.06585769184254, 42.04424949317832], [114.06580265317388, 42.04410785477013], [114.06576222706319, 42.04396137465783], [114.06573682838469, 42.04381155609805], [114.06572671779308, 42.04365993660833], [114.06573199904862, 42.043508072188324], [114.06575261795228, 42.043357521351275], [114.06578836290191, 42.043209829129744], [114.06583886706389, 42.04306651121967], [114.0659036121377, 42.042929038425484], [114.06598193367505, 42.042798821565924], [114.10591955360134, 41.98343039416312], [114.10593627574285, 41.98340270760949], [114.10590478143753, 41.983410075377606], [114.07677601780051, 41.991743274464746], [114.07663263428479, 41.99177677682327], [114.0764866568476, 41.99179605967674], [114.07633949214315, 41.99180093721349], [114.07619255826623, 41.99179136243308], [114.07604727108742, 41.9917674275991], [114.07590503060949, 41.991729363350174], [114.07576720747691, 41.99167753647748], [114.07563512976813, 41.991612446390306], [114.07551007019808, 41.99153472030369], [114.07539323385411, 41.991445107194515], [114.07528574658377, 41.99134447058428], [114.07518864414587, 41.991233780218124], [114.0751028622299, 41.99111410272025], [114.07502922743954, 41.99098659131584], [114.06231320398805, 41.96623548670358], [114.06229501600012, 41.96620406978304], [114.06225916887885, 41.966209797759085], [114.00733219519576, 41.97783874888537], [114.00718554427445, 41.977862280903075], [114.00703728504187, 41.97787119429383], [114.00688887111382, 41.97786540166582], [114.0067417576228, 41.977844959813176], [114.00659738695111, 41.97781006915916], [114.00645717458896, 41.977761071791114], [114.00632249525611, 41.97769844810642], [113.9550987462548, 41.95071924723011], [113.95506622822543, 41.950704119293746], [113.95503767665649, 41.95072582377727], [113.91318523001308, 41.98592941359052], [113.91315793894046, 41.98595485017047], [113.91315771895584, 41.98599215665605], [113.91598349078122, 42.048717446749585], [113.91598277707962, 42.04886677956272], [113.91596721831642, 42.049015301356874], [113.91593696870181, 42.04916154006333], [113.9158923280538, 42.04930404624212], [113.91583373882665, 42.049441407448114], [113.9157617817255, 42.049572262230384], [113.91567716995068, 42.0496953136262], [113.91558074212895, 42.04980934201586], [113.91547345400139, 42.04991321721084], [113.9153563689506, 42.05000590965569], [113.91523064746109, 42.05008650063239], [113.91509753561714, 42.05015419136622], [113.91495835275222, 42.05020831094277], [113.9148144783726, 42.05024832295771], [113.91466733848429, 42.0502738308333], [113.79527201574165, 42.064894977213946], [113.79523152390415, 42.06490221737002], [113.7951920735231, 42.06491386538286], [113.74324149750774, 42.08341835599585], [113.74320717212831, 42.083432562593785], [113.7431839270305, 42.08346154059457], [113.710311103747, 42.12894502520808], [113.71022122722654, 42.12905757496622], [113.71012097032113, 42.129160985748555], [113.71001125741, 42.129254304096804], [113.70989310005776, 42.129336669605955], [113.70976758768762, 42.12940732285734], [113.70963587753688, 42.12946561242054], [113.70949918398698, 42.12951100085964], [113.70935876736687, 42.12954306968845], [113.70921592233255, 42.12956152322901], [113.7090719659303, 42.1295661913377], [113.7089282254533, 42.12955703097409], [113.70878602620391, 42.12953412659769], [113.70864667927417, 42.12949768938926], [113.64468213920652, 42.109445329345604], [113.64464599829232, 42.1094359738672], [113.64460984124426, 42.10944526679678], [113.57285169366499, 42.13180456676573], [113.57267500200139, 42.131848061910965], [113.5724943437438, 42.1318698418468], [113.37293361023015, 42.14371508024531], [113.37278165647126, 42.143716388930855], [113.3726303500521, 42.14370231679448], [113.37248124382424, 42.14367300825794], [113.37233586805877, 42.14362876411356], [113.37219571474118, 42.14357003843715], [113.37206222225922, 42.14349743392792], [113.37193676064074, 42.143411695722975], [113.2829588875544, 42.07574779685596], [113.28284456297922, 42.07565150137351], [113.28274038999558, 42.075544305674406], [113.28264740306102, 42.075427274232354], [113.25100571448014, 42.03125152387727], [113.25098495027396, 42.031225136129365], [113.25095625458927, 42.03120783104564], [113.15117874601188, 41.97697096078434], [113.15105148799884, 41.97689335707913], [113.15093256014815, 41.97680350662964], [113.15082313677648, 41.97670229663667], [113.15072429835146, 41.97659072646733], [113.1506370208229, 41.976469897787155], [113.15056216598606, 41.97634100368199], [113.15050047297214, 41.976205316877255], [113.15045255094994, 41.97606417717081], [113.15041887311081, 41.975918978203545], [113.15039977199626, 41.97577115369824], [113.15039543621444, 41.97562216330277], [113.15040590857767, 41.97547347817724], [113.15043108567981, 41.97532656646746], [113.15047071891728, 41.97518287880816], [113.15052441694377, 41.975043833999216], [113.15059164953456, 41.97491080499606], [113.15067175282198, 41.9747851053529], [113.15076393585062, 41.974667976252434], [113.17205562898852, 41.95021898493498], [113.17207610252439, 41.95019298358668], [113.1720430317761, 41.95019423314139], [113.1277177706531, 41.954070801213895], [113.12757575154862, 41.9540764622943], [113.12743383418763, 41.95406865610979], [113.12729329276561, 41.95404745274766], [113.12715538912428, 41.95401304258087], [113.12702136142224, 41.9539657345588], [113.12689241301818, 41.95390595343334], [113.08655925125589, 41.93283085210027], [113.08652742892247, 41.93281614214283], [113.08650372358566, 41.93284197043685], [113.04266605485373, 41.98552013326111], [113.04256147265471, 41.98563341865373], [113.04244581417704, 41.98573537027495], [113.04232030134051, 41.985824911016486], [113.04218626017521, 41.98590109488969], [113.04204510681217, 41.98596311701985], [113.041898332522, 41.986010322149596], [113.04174748795985, 41.98604221156163], [112.96488330695708, 41.998203938935376], [112.96484582645841, 41.998211873662626], [112.96481469531851, 41.998234203011144], [112.93972757002307, 42.01827018238395], [112.93970024340939, 42.018294278705994], [112.93967539180724, 42.018320920298564], [112.85644517501042, 42.11675338081222], [112.85635071818945, 42.11685513873307], [112.85624725732097, 42.11694772714583], [112.85613567880095, 42.11703035280379], [112.85601693857292, 42.117102307815635], [112.855892053938, 42.11716297571031], [112.85576209483924, 42.11721183671858], [112.78868132339964, 42.138945915416194], [112.7885343687292, 42.13898541487829], [112.78838416830541, 42.13900982215928], [112.73799154997711, 42.14459306124809], [112.73795713793454, 42.14459854495844], [112.73794169452813, 42.14462978213072], [112.69019617325596, 42.25404245540867], [112.69012904745624, 42.25417735720532], [112.69004872613094, 42.25430484388082], [112.6899560197889, 42.254423628988775], [112.68985186391406, 42.254532513888854], [112.68973730952567, 42.25463039984202], [112.68961351257259, 42.25471629909776], [112.68948172226885, 42.254789344861265], [112.63711715224949, 42.28046374541923], [112.6370863256913, 42.280480789891996], [112.63710039541567, 42.28051308282613], [112.65403854998485, 42.314691052706095], [112.6540978772229, 42.314827351374475], [112.6541434224621, 42.314968852891646], [112.65417473840672, 42.315114167583914], [112.65419151750571, 42.31526186832871], [112.65419359497302, 42.31541050457027], [112.65418095040604, 42.31555861656541], [112.65415370798593, 42.315704749719494], [112.65411213525805, 42.31584746887193], [112.65405664050441, 42.31598537239073], [112.65398776873404, 42.31611710593779], [112.65390619633041, 42.316241375769785], [112.65381272440878, 42.31635696144382], [112.6537082709485, 42.31646272780337], [112.65359386177764, 42.3165576361265], [112.6534706204984, 42.31664075432708], [112.65333975745233, 42.31671126610872], [112.58984360576693, 42.34696547566899], [112.58967962712303, 42.347032042516354], [112.58950894967586, 42.34707883300523], [112.39780071649335, 42.387648653200806], [112.39776665659319, 42.38765756271386], [112.3977364544001, 42.38767565369919], [112.25484212944399, 42.482728794861366], [112.25469136111457, 42.48281687926305], [112.25453137787626, 42.48288684578672], [112.17842655083984, 42.51101586009651], [112.17839297358188, 42.511030237176726], [112.17839466602157, 42.51106672372654], [112.18058777889405, 42.53363407326286], [112.18059481207852, 42.533778569295976], [112.18058789288456, 42.53392307083238], [112.18056708567165, 42.53406623377857], [112.1805325839799, 42.53420672649202], [112.18048470872974, 42.53434324216765], [112.18042390523695, 42.5344745109931], [112.18035073907049, 42.53459931196006], [112.18026589079176, 42.53471648422156], [112.18017014962435, 42.534824937889695], [112.18006440611298, 42.5349236641733], [112.17994964384008, 42.535011744761334], [112.17982693027683, 42.53508836036459], [112.17969740685402, 42.53515279833643], [112.17956227834497, 42.5352044593015], [112.02899802908136, 42.5845861832629], [112.02896367765756, 42.584599406973574], [112.02895663882275, 42.584635536485614], [112.02642372441292, 42.602369832647476], [112.02639661076742, 42.60251097318856], [112.02635611384108, 42.60264887098066], [112.02630260541011, 42.60278226007288], [112.026236576701, 42.60290991590581], [112.02615863388083, 42.6030306665534], [112.02606949249247, 42.60314340348165], [111.93505465148911, 42.70755127953314], [111.93500307346801, 42.70761761667144], [111.85845350567631, 42.818368779379135], [111.85843546408928, 42.8183976168233], [111.85842895970714, 42.81843093332112], [111.85501806828627, 42.84139445491706], [111.85499126080373, 42.841531002152706], [111.85495191492934, 42.84166447758435], [111.85490036927875, 42.8417937325053], [111.85483706746045, 42.84191765453112], [111.854762554258, 42.84203517717296], [111.75291194137027, 42.987305963478114], [111.752821025628, 42.9874228986034], [111.75271902027932, 42.98753029694864], [111.7526069199669, 42.98762711128472], [111.75248581776818, 42.987712397585994], [111.75235689453702, 42.98778532423537], [111.7522214073893, 42.987845180133334], [111.6584581714397, 43.02384687940019], [111.65842488043316, 43.02386156300854], [111.65839506934581, 43.023882424421785], [111.61914009717695, 43.054309322051814], [111.61911683666139, 43.0543289150661], [111.61909524394272, 43.054350332168994], [111.50393029404749, 43.17826033530376], [111.50382413410537, 43.17836379722959], [111.50370828043849, 43.178456275504224], [111.50358386451514, 43.178536866951795], [111.50345210142562, 43.17860478448746], [111.50331427801535, 43.17865936480432], [111.50317174031694, 43.17870007485149], [111.50302588040446, 43.17872651704014], [111.50287812279791, 43.17873843312639], [111.3798347621137, 43.18255885855756], [111.37979850115788, 43.182561768171155], [111.37976610625617, 43.18257831788713], [111.21566089539292, 43.27683068116574], [111.21563027488284, 43.27685032399924], [111.21560948909172, 43.27688018044634], [111.16157596660285, 43.363231329417374]], [[114.82727147227182, 42.13329766819493], [114.82388626083595, 42.136024383804845]], [[114.85924394726467, 42.074461413819954], [114.85819751113436, 42.086925635867644]], [[114.88361635469964, 41.78299444589345], [114.88051195301239, 41.78679151915393]], [[114.88225465443088, 41.62300328918447], [114.89522218050028, 41.63614545582742], [114.8953143026112, 41.63624781904849], [114.89539664859949, 41.63635819952938], [114.89546852439048, 41.6364756668994], [114.89552932416031, 41.636599231054134], [114.89557853544227, 41.63672785050087], [114.89561574344619, 41.63686044113701], [114.89564063455472, 41.63699588538777], [114.90021634095032, 41.670476555779956]], [[115.00418011450232, 41.61346733526685], [114.91389697513706, 41.60566371961749]], [[114.92071773994918, 41.89561575680513], [114.92036920031462, 41.90353894817764]], [[115.33112305065555, 41.70044570797461], [115.32089660211388, 41.69283605718718], [115.32078041868974, 41.692740175046005], [115.32067443802374, 41.69263312332263], [115.32057972896497, 41.69251598166809], [115.32049724668471, 41.692389931493615], [115.32042782304326, 41.69225624405572], [115.32037215820037, 41.69211626763518], [115.32033081355385, 41.69197141393918], [115.32030420607775, 41.69182314386378], [115.32029260411703, 41.69167295276035], [115.32029612468118, 41.69152235535443], [115.32031473226417, 41.69137287046925], [115.32034823920257, 41.69122600570792], [115.32039630756812, 41.691083242248745], [115.32045845257592, 41.690946019907095], [115.32053404747359, 41.69081572261438], [115.32062232986229, 41.69069366446067], [115.32072240938575, 41.69058107644167], [115.32083327670985, 41.69047909404372], [115.32095381370196, 41.69038874579209], [115.32108280470781, 41.69031094287792], [115.33705681769761, 41.68173902701568]], [[115.35909374385635, 41.621668096603315], [115.3605705826613, 41.62013905771717]], [[115.50168513056096, 41.75991210165996], [115.44778053724963, 41.73644544227495]], [[115.69353463755782, 41.86774207403055], [115.68876529793062, 41.86769728535044], [115.68862566651673, 41.86768945437121], [115.68848737129883, 41.86766865320082], [115.68835161441618, 41.86763506265465], [115.68821957594336, 41.867588974720476], [115.6880924036325, 41.86753079002034], [115.6879712029363, 41.86746101432815], [115.68785702739886, 41.86738025417316], [115.68775086949772, 41.86728921156773], [115.68765365201658, 41.867188677905], [115.65401420376155, 41.82898834975753], [115.65399009157576, 41.828963423621495], [115.65395732731211, 41.82895205644129], [115.63762607576369, 41.82412943108276]], [[115.89736073453527, 41.93984509770432], [115.87223819369275, 41.9329474921354]], [[115.93845137586896, 41.90192039574885], [115.92946000729047, 41.91954375073615]], [[116.35004202493485, 40.95712571347682], [116.34177650042596, 40.96477669294247], [116.34174878823913, 40.96480524889418], [116.34173151985937, 40.9648410987299], [116.33390554192977, 40.9835963444595], [116.3338400822218, 40.98373328065372], [116.33376111944635, 40.983862900770795], [116.33366946205923, 40.98398387770266], [116.3335660484893, 40.98409497283401], [116.33345193753038, 40.98419504872378], [116.33332829750094, 40.98428308075076], [116.33319639428223, 40.98435816760414], [116.33305757835774, 40.98441954051154], [116.33291327098625, 40.98446657110999], [116.33276494965043, 40.98449877787943], [116.33261413292969, 40.98451583107273], [116.29840873490232, 40.98663859613681], [116.29837110354235, 40.98664289389841], [116.29834880954162, 40.98667351362333], [116.2647534580032, 41.0382206102208], [116.26473540834178, 41.03825158261046], [116.2647628279194, 41.03827467472922], [116.29483827517342, 41.06113757086443], [116.2949495751555, 41.06123102303539], [116.29505130906648, 41.06133480745439], [116.29514252191908, 41.061447949885824], [116.29522235748833, 41.06156938824941], [116.29529006634911, 41.06169798259003], [116.29534501291097, 41.06183252577867], [116.29538668138458, 41.0619717548438], [116.29541468062345, 41.06211436282707], [116.29542874779568, 41.06225901105186], [116.2954287508512, 41.06240434168958], [116.29541468976134, 41.06254899050575], [116.29538669651906, 41.062691599666245], [116.29534503389998, 41.06283083048338], [116.2952900929956, 41.06296537598236], [116.29522238954219, 41.063093973169984], [116.2951425590794, 41.063215414890486], [116.29505135098444, 41.063328561157256], [116.27744469419481, 41.083125109996146], [116.27742068333701, 41.08315508443431], [116.27740331666742, 41.0831893391717], [116.26898893535989, 41.102149420797744], [116.26892200887586, 41.10228208311368], [116.2688422855163, 41.102407473026645], [116.26875054757798, 41.102524360130325], [116.26864769525244, 41.102631597453424], [116.26853473779273, 41.10272813271448], [116.26841278360995, 41.10281301864756], [116.26828302939681, 41.10288542229739], [116.24547929882903, 41.114167020929195], [116.24544813512443, 41.11418434873747], [116.2454257409213, 41.11421209633392], [116.23329510592313, 41.13081474462861], [116.23327505938047, 41.130845272362784], [116.23328648063608, 41.13087996186199], [116.24539538603858, 41.16228425740556], [116.24544210429765, 41.162426078432894], [116.24547449098242, 41.162571841604425], [116.24549222516531, 41.162720102517284], [116.24549513111397, 41.16286939201788], [116.24548318003266, 41.16301823076008], [116.24545649034756, 41.16316514386445], [116.24541532653328, 41.163308675533145], [116.24536009649209, 41.16344740347581], [116.24529134751198, 41.16357995300337], [116.24520976084338, 41.163705010650204], [116.2451161449485, 41.16382133718953], [116.24501142749013, 41.163927779913266], [116.24489664613911, 41.16402328405446], [116.24477293829192, 41.16410690323925], [116.2446415297998, 41.16417780886472], [116.22350203665098, 41.174259720981844], [116.22347146459019, 41.17427611945582], [116.223463664427, 41.17430992357249], [116.22136240603932, 41.185892687996144], [116.22135776796696, 41.18592772296424], [116.22137290036872, 41.185959659950804], [116.23466941800216, 41.21086841200274], [116.23473241948868, 41.211001847153895], [116.2347820055058, 41.21114082684224], [116.23481769619033, 41.211284006107164], [116.23483914614961, 41.211429999347125], [116.23484614780399, 41.211577393728646], [116.23483863339578, 41.21172476285885], [116.2348166756448, 41.21187068058923], [116.23478048704477, 41.21201373481704], [116.23473041780689, 41.21215254115078], [116.23466695247068, 41.212285756307445], [116.23459070521491, 41.212412091112064], [116.23450241391403, 41.212530322973485], [116.23440293299734, 41.21263930771591], [116.2136280100276, 41.233263171825605], [116.21360432526151, 41.23328900351949], [116.21358588318864, 41.2333188051048], [116.19901047572364, 41.259550148358805], [116.19899623530296, 41.25957855493896], [116.19898704586394, 41.25960885358417], [116.19163629629912, 41.2881219402512], [116.19162898819876, 41.28815750479269], [116.19165212399365, 41.288185486571045], [116.20890793534103, 41.307063977425855], [116.20900042283766, 41.30717553731562], [116.20908171372344, 41.30729550121821], [116.20915104929983, 41.307422749494755], [116.20920778244879, 41.30755609452033], [116.20925138367237, 41.30769429176827], [116.20928144603461, 41.30783605142548], [116.20929768895954, 41.30798005043044], [116.20929996084978, 41.308124944821465], [116.20928824050151, 41.30826938228015], [116.20926263730226, 41.3084120147527], [116.20922339021006, 41.30855151103147], [116.20345681264172, 41.32580343111153], [116.20339697077563, 41.32595465077785], [116.20332110952282, 41.326098503156146], [116.20323012062173, 41.32623329728176], [116.20312507363421, 41.32635744866852], [116.17501625051568, 41.35614124690203], [116.17489316445939, 41.35625772129366], [116.17475772643061, 41.35635956922697], [116.17461166500753, 41.356445490829856], [116.14186357846415, 41.373296170713296], [116.1417233737644, 41.373359443882585], [116.14157742630286, 41.3734080256719], [116.1414272708534, 41.373441405198335], [116.14127448644086, 41.373459231445], [116.08754659357855, 41.37694862340691], [116.08751064740316, 41.376952729612505], [116.08748083969232, 41.37697323543691], [116.07733983864541, 41.38470599297894], [116.07723266769976, 41.38478056757092], [116.07711941771565, 41.38484554004555], [116.07700094672437, 41.38490041814304], [116.0768781523138, 41.384944786082976], [116.03615858233643, 41.39768318152925], [116.03612536517726, 41.39769536291524], [116.03611323889231, 41.397728600229335], [116.0303941244764, 41.41611728996398], [116.03034199335583, 41.41625924056396], [116.03027583478534, 41.416395220967395], [116.03019632116028, 41.41652384915247], [116.03010426060858, 41.41664381782083], [116.0300005887775, 41.41675390768416], [116.02988635932425, 41.41685299985628], [116.02976273320726, 41.41694008722486], [116.00450489733973, 41.432890856267115], [116.00447466147526, 41.432912149414534], [116.00446539851836, 41.43294795169465], [116.00017129625216, 41.45382208691353], [116.00013644839026, 41.45395863321859], [116.00008894014394, 41.45409130662751], [116.00002919083714, 41.45421893611957], [115.99995772783763, 41.454340395193356], [115.9998751819022, 41.45445461180969], [115.9997822816094, 41.45456057785378], [115.99967984692888, 41.454657358033224], [115.99956878198405, 41.45474409813315], [115.97676100632282, 41.470891048821024], [115.97673224036038, 41.47091368418578], [115.97674345254445, 41.47094852851483], [115.98196382427042, 41.48473566409881], [115.9820061616077, 41.484864883483205], [115.98203662300187, 41.484997405945066], [115.98205495812664, 41.48513214243839], [115.98206101630718, 41.48526798572266], [115.98205474775848, 41.48540381946195], [115.98203620399433, 41.485538527398774], [115.97397202749671, 41.5293222274465], [115.97394172620214, 41.52945339473865], [115.97389978681561, 41.529581317038655], [115.97384654714538, 41.5297049639735], [115.9737824360199, 41.529823339606864], [115.9737079698337, 41.52993549046104], [115.95899012882249, 41.55007774308229], [115.9589062907221, 41.550182329284276], [115.95881345077305, 41.550279013536276], [115.95871235033746, 41.55036702377798], [115.95860379674052, 41.55044565721435], [115.95848865682375, 41.55051428592764], [115.92479851150243, 41.56860607815093], [115.92476881866563, 41.5686238968228], [115.92477275935043, 41.56865830090152], [115.92918352141285, 41.59569327282921], [115.92919945958965, 41.59583043498952], [115.92920271691881, 41.59596848162479], [115.92919326579627, 41.59610624286747], [115.929171186315, 41.59624255126856], [115.92913666558616, 41.596376251691076], [115.9290899961535, 41.59650621109919], [115.90998060093726, 41.642887988194374], [115.90996904915039, 41.64292031380298], [115.90999773813763, 41.64293916402234], [115.97277480358221, 41.68003588186507], [115.97288183771411, 41.680105440342196], [115.97298257017573, 41.68018384734639], [116.01437624631185, 41.71533143419828], [116.01440494029261, 41.71535349475398], [116.0144373512605, 41.71536960505525], [116.05585736608361, 41.733508098051075], [116.05599860518579, 41.73357903943266], [116.05613159553836, 41.73366444862262], [116.0562548605841, 41.73376337734496], [116.05636703174333, 41.73387472721987], [116.05646686360892, 41.7339972619587], [116.05655324777365, 41.73412962109019], [116.0799177999067, 41.7744186415826], [116.07998614945043, 41.77455129804048], [116.0800409795965, 41.774690089434415], [116.08008174766303, 41.77483364207528], [116.08010805014767, 41.77498053514949], [116.08011962672136, 41.77512931478145], [116.08011636280484, 41.7752785084234], [116.08009829070278, 41.77542663942986], [116.08006558928393, 41.77557224167281], [116.08001858221094, 41.77571387405271], [116.07995773473672, 41.775850134761754], [116.07988364909973, 41.77597967515831], [116.07979705856324, 41.77610121311509], [116.0796988201579, 41.776213545709034], [116.07958990619923, 41.776315561127255], [116.07947139466415, 41.7764062496712], [116.0793444585217, 41.77648471375016], [116.07921035412352, 41.77655017676518], [116.07907040876914, 41.77660199079546], [116.07892600756901, 41.77663964301116], [116.07877857973534, 41.77666276074911], [116.0786295844365, 41.7766711152013], [116.0363164631349, 41.7769355593223]], [[116.41552311525653, 40.899790104734635], [116.41405760877596, 40.899762703196025], [116.41402034491396, 40.899763875449366], [116.41398510225501, 40.89977603787394], [116.4109338387384, 40.90100343100861]], [[117.2240790796117, 40.6851210668114], [117.2203798000992, 40.68690741305934]], [[117.24334196316406, 40.42513336751144], [117.24583648437296, 40.427279366256435]], [[117.24764791033034, 40.35974486000457], [117.24544460615482, 40.363948946137924]], [[117.28727277023677, 40.567861336542535], [117.31182685843207, 40.5780366803645], [117.31185947737836, 40.5780484573136], [117.31189356402326, 40.57805397761029], [117.32302410758953, 40.579334874927085]], [[117.33747310093544, 40.258593582029405], [117.33555795679064, 40.26853138683227]], [[117.43777239664303, 40.67808588458754], [117.42803952061166, 40.681225759889955]], [[117.49745262829272, 40.672266688995386], [117.49491926826556, 40.67400520308612]], [[119.14746579879414, 40.612177177567965], [119.10583150772402, 40.60370212777306], [119.10569760705364, 40.60366838469462], [119.1055673767897, 40.60362247104494], [119.10544192058941, 40.60356477592661], [119.1053223016514, 40.60349578828611], [119.10520953370549, 40.60341609277025], [119.08642378904582, 40.58879818000596], [119.08639398349753, 40.58877730609878], [119.08636388226915, 40.58879775131254], [119.06418561769466, 40.60555149121544], [119.06406470384057, 40.60563388730058], [119.06393633740042, 40.605704110743964], [119.06380173981084, 40.60576149335314], [119.0636621917993, 40.6058054891192], [119.06351902119768, 40.605835679412166], [119.06337359030765, 40.60585177696435], [119.06322728293809, 40.60585362860379], [119.06308149123774, 40.6058412167117], [119.06293760244863, 40.605814659390134], [119.06279698570619, 40.60577420933821], [119.0626609790115, 40.60572025144759], [119.06253087650002, 40.605653299140215], [119.0131251793001, 40.57709844263582], [119.01309466740595, 40.577082651044215], [119.01306042113167, 40.57708539744838], [118.99909856712151, 40.57886094810086], [118.99894531681589, 40.57887250073192], [118.9987916887832, 40.578868311814574], [118.99863929571626, 40.5788484253215], [118.99848973734399, 40.57881305000891], [118.99834458363841, 40.578762557225126], [118.99820535833406, 40.57869747701241], [118.99807352293277, 40.5786184925429], [118.99795046136168, 40.57852643294711], [118.99783746544566, 40.578422264610175], [118.98339351185622, 40.56366810271981], [118.98336501192165, 40.5636418911161], [118.98332721896834, 40.56363346573103], [118.95483721111724, 40.558833145411775], [118.95469504139538, 40.55880203142338], [118.95455655604844, 40.5587572863815], [118.95442305870426, 40.558699331492285], [118.95429580603623, 40.55862871231241], [118.95417599593367, 40.5585460936135], [118.9540647562255, 40.55845225312429], [118.95396313406354, 40.558348074209505], [118.95387208606506, 40.55823453755436], [118.95379246930777, 40.5581127119329], [118.95372503326172, 40.55798374414707], [118.95367041273417, 40.55784884823143], [118.95362912189391, 40.55770929402476], [118.95360154943104, 40.55756639521658], [118.95358795489817, 40.557421496980695], [118.95358846626702, 40.55727596331246], [118.95360307872386, 40.557131164188874], [118.95363165471474, 40.5569884626723], [118.95367392524038, 40.55684920207935], [118.95372949238842, 40.55671469333559], [118.95379783307911, 40.556586202635216], [118.96598381595595, 40.53613419700708], [118.96600012232467, 40.5361034324917], [118.96596574622379, 40.53609789744426], [118.91907184477354, 40.53093372714082], [118.91903814816094, 40.530931557754755], [118.91900594812059, 40.530941490748546], [118.88764574512783, 40.54218427006445], [118.88749751563167, 40.54222892450341], [118.88734547309019, 40.542258063275504], [118.88719123699319, 40.542271376007456], [118.88703645019515, 40.54226872089794], [118.88688276141644, 40.542250126228], [118.88673180768178, 40.54221579005983], [118.88658519688343, 40.54216607812706], [118.88644449065461, 40.54210151993916], [118.88631118773569, 40.542022803141336], [118.86403105550389, 40.527264570988144], [118.86399954504519, 40.52724587995713], [118.86396297517163, 40.527248095359724], [118.82194597133665, 40.531895645465205], [118.82179895319823, 40.53190463151521], [118.82165176253223, 40.531899155206176], [118.82150581858912, 40.53187926934209], [118.82136252859817, 40.531845165667605], [118.82122327419854, 40.531797173019164], [118.82108939811718, 40.531735754154305], [118.82096219122192, 40.53166150128961], [118.82084288007452, 40.53157513039042], [118.7953251502133, 40.511120250828554], [118.79522021452553, 40.51102777755506], [118.79512434829279, 40.51092593222968], [118.79503838503172, 40.51081560035475], [118.79496307215673, 40.51069774121958], [118.79489906448168, 40.51057337955984], [118.7948469185264, 40.51044359664791], [118.79480708767805, 40.51030952089172], [118.79477991824915, 40.51017231802362], [118.79211718894305, 40.492416601115345], [118.79211052380273, 40.49238294335689], [118.79208277954558, 40.4923627561085], [118.77298289873015, 40.47978403201161], [118.77295340853328, 40.47976650463875], [118.77291965057911, 40.47976082012485], [118.7235295201751, 40.47375068740137], [118.72349161911178, 40.47374805420754], [118.72346148517632, 40.473771192276786], [118.70379232206561, 40.49055973916268], [118.70367874993403, 40.49064763939337], [118.70355729216949, 40.49072427548839], [118.70342906213912, 40.490788944947475], [118.70329523528942, 40.49084105496497], [118.70315703837122, 40.49088012786387], [118.70301573819451, 40.490905805474554], [118.70287263001592, 40.49091785241801], [118.70272902566548, 40.4909161582635], [118.70258624152146, 40.49090073854084], [118.7024455864436, 40.49087173459802], [118.70230834977508, 40.490829412305544], [118.70217578952355, 40.49077415961927], [118.70204912082934, 40.4907064830241], [118.70192950482662, 40.49062700289122], [118.70181803799967, 40.490536447791335], [118.65720088552268, 40.450596276904136], [118.65717521334895, 40.450575277206], [118.65714490820159, 40.45056179959978], [118.62473541398512, 40.4378443364633], [118.624605700817, 40.43778620210513], [118.62448207286991, 40.4377160505529], [118.62436564032883, 40.43763451177096], [118.62425744876364, 40.437542317981546], [118.6241584697399, 40.437440297089374], [118.62406959209402, 40.437329365247024], [118.62399161395162, 40.43721051862784], [118.6239252355602, 40.437084824480266], [118.61868062395355, 40.42590021794418], [118.61862582501158, 40.42576707933843], [118.61858404286151, 40.42562930029677], [118.61855566243418, 40.42548815015073], [118.61854094519292, 40.42534492928914], [118.61854002672483, 40.42520095717794], [118.61855291549156, 40.42505756020421], [118.61857949275144, 40.424916059456365], [118.61861951365331, 40.42477775855327], [118.61867260949242, 40.42464393163424], [118.6187382911071, 40.42451581162068], [118.643767457782, 40.38097651543164], [118.64378331335188, 40.38094566989296], [118.64378025627968, 40.380911122814446], [118.64020172611666, 40.354600747758525], [118.64019548892894, 40.354566843584635], [118.6401699015623, 40.354543742022], [118.60843983791382, 40.32848146248138], [118.60833776713422, 40.32838948035338], [118.60824454138853, 40.328288544154404], [118.60816094290941, 40.32817950081344], [118.60808767314961, 40.328063265284364], [118.59696755523974, 40.308488662553536], [118.59694784112354, 40.308457681325606], [118.59691187252518, 40.308450282487854], [118.58078758045552, 40.30596719318035], [118.58064543847226, 40.30593820621655], [118.5805067613253, 40.305895624103144], [118.58037284608277, 40.30583984511704], [118.58024494527402, 40.30577139096745], [118.58012425517451, 40.30569090191631], [118.58001190461684, 40.30559913078977], [118.57990894443262, 40.305496935936965], [118.5798163376239, 40.30538527320167], [118.57973495035606, 40.305265186982204], [118.56896754704246, 40.28759443817705], [118.56894827167483, 40.28756594488499], [118.56891502181809, 40.2875747684054], [118.5333612676575, 40.29884250601131], [118.53332680250413, 40.29885538538484], [118.53332322407954, 40.298892003958656], [118.532365994781, 40.31937631251696], [118.53236643140639, 40.31941883628791], [118.53237169932076, 40.319461034757275], [118.53998245379505, 40.36101226072577], [118.53999052651638, 40.36104680171765], [118.5400221623066, 40.36106284620991], [118.55699084327601, 40.368659440822725], [118.5571230935299, 40.36872668612454], [118.5572480537955, 40.36880666732413], [118.55736450156932, 40.36889860195438], [118.55747129762673, 40.369001590606125], [118.55756739716718, 40.369114625727185], [118.55765186003559, 40.36923660147939], [118.5577238599201, 40.369366324557134], [118.5577826924359, 40.369502525861655], [118.55782778201636, 40.369643872916804], [118.55785868754393, 40.369788982904865], [118.55787510666553, 40.3699364361948], [118.55787687875066, 40.37008479023075], [118.55786398646276, 40.370232593644715], [118.55783655592886, 40.37037840045552], [118.55779485550565, 40.370520784215024], [118.55773929315413, 40.370658351963286], [118.55089602144282, 40.38544953236171], [118.5508829116145, 40.38548182506534], [118.5509016649158, 40.38551120192695], [118.57035417391921, 40.41299985722654], [118.57043286984016, 40.41312345230773], [118.5704991317642, 40.41325413570182], [118.57055232744088, 40.41339066046899], [118.57059194929381, 40.41353172393286], [118.57061761926374, 40.41367598011024], [118.57062909241587, 40.41382205255408], [118.57062625927702, 40.41396854748707], [118.5706091468801, 40.41411406710066], [118.5705779185062, 40.41425722289249], [118.57053287212666, 40.414396648915016], [118.57047443755985, 40.414531014809015], [118.57040317237004, 40.414659038497405], [118.5703197565472, 40.41477949841842], [118.57022498601891, 40.4148912451814], [118.57011976505574, 40.4149932125339], [118.57000509764298, 40.41508442753551], [118.56988207790101, 40.4151640198414], [118.56975187964552, 40.41523123000682], [118.56961574518729, 40.41528541673352], [118.54876289016748, 40.422426963798074], [118.54861594694215, 40.42246905585803], [118.54846548295254, 40.42249597501137], [118.54831306062027, 40.42250744172897], [118.54816026270244, 40.42250333694015], [118.54800867585622, 40.42248370326915], [118.547859874163, 40.422448744592465], [118.54771540278303, 40.42239882392182], [118.54757676191056, 40.422334459634634], [118.54744539119567, 40.42225632009117], [118.52348575571024, 40.4062984861333], [118.52345743340375, 40.406281389163645], [118.52342499192794, 40.40627524776362], [118.50324492914825, 40.40336988484552], [118.5032110628971, 40.403366579493344], [118.50317756670933, 40.403372567290205], [118.45621829632896, 40.41400132741442], [118.45606582252113, 40.414027655981066], [118.45591144765392, 40.414038137196286], [118.45575681437579, 40.41403265953318], [118.43077874089897, 40.411853855944365], [118.43074600089065, 40.411852440855256], [118.43071364174071, 40.41185675029894], [118.40271699926693, 40.41683195808202], [118.40268386729913, 40.41683943336099], [118.40266187227807, 40.41686531436074], [118.38792894103719, 40.43591235597865], [118.38783189331384, 40.43602569197602], [118.38772406584765, 40.4361288256099], [118.38760652557022, 40.436220736393196], [118.38748043551958, 40.43630051488673], [118.38734704333203, 40.43636737169795], [118.38720766889713, 40.43642064529182], [118.38706369129761, 40.436459808536554], [118.38691653516356, 40.43648447391955], [118.38676765657611, 40.43649439738165], [118.38661852865967, 40.43648948073217], [118.38647062700575, 40.43646977262037], [118.3863254150722, 40.436435468054164], [118.36004526796856, 40.42882891855175], [118.36001177978036, 40.428820929553076], [118.35999324493847, 40.428849942351576], [118.35689647709341, 40.43424678534528], [118.35681815975289, 40.43436913742225], [118.35672837413289, 40.43448333978214], [118.3566279623681, 40.43458832127602], [118.35651786626005, 40.4346830972411], [118.3563991184435, 40.43476677873624], [118.35627283270102, 40.43483858087975], [118.35614019351635, 40.434897830211014], [118.35600244496467, 40.434943971007215], [118.35586087904392, 40.43497657049565], [118.35571682355665, 40.43499532291286], [118.35557162965603, 40.435000052372544], [118.35542665917288, 40.43499071451524], [118.35528327184247, 40.43496739692438], [118.35514281255108, 40.434930318304836], [118.30661205863595, 40.4195697295204], [118.30657490240651, 40.419560054927196], [118.30653699654208, 40.41956616463955], [118.27796930273755, 40.42570363042095], [118.2779360419433, 40.42571242136108], [118.27791764972788, 40.425741495189136], [118.26315380246704, 40.45169073170068], [118.26307953096484, 40.4518082459779], [118.26299469910496, 40.45191837961009], [118.26290003553133, 40.452020186629575], [118.26279635333508, 40.452112792588196], [118.26268454307078, 40.4521954020682], [118.26256556510717, 40.452267305514326], [118.24045723585503, 40.46426633553194], [118.24032695958252, 40.46432911005541], [118.24019124381516, 40.46437904780136], [118.24005134995853, 40.464415684625116], [118.23990857825127, 40.464438680006964], [118.23976425568016, 40.464447820217124], [118.23961972364636, 40.46444302030223], [118.23947632549792, 40.46442432487492], [118.23933539404402, 40.464391907699195], [118.23919823916724, 40.4643460700754], [118.2390661356489, 40.46428723803975], [118.2389403113206, 40.464215958404594], [118.17385001635503, 40.423076235642974], [118.1738174911556, 40.42305790734673], [118.17378015859734, 40.42305759890088], [118.15816598121944, 40.42371733982386], [118.15802144798114, 40.42371647699429], [118.15787766876089, 40.423701707523506], [118.15773597850728, 40.423673168541804], [118.15759769277346, 40.423631125025395], [118.15746409550265, 40.42357596733621], [118.15733642710697, 40.42350820759749], [118.15721587295069, 40.42342847493889], [118.1571035523444, 40.42333750965515], [118.15700050815252, 40.423236156332706], [118.15690769711073, 40.42312535600796], [118.15682598094274, 40.42300613742997], [118.15675611835965, 40.42287960750888], [118.15669875801541, 40.42274694103854], [118.15665443248427, 40.42260936978887], [118.1533878331225, 40.41050068760734], [118.15335623903752, 40.4103552128953], [118.1533392202472, 40.410207322940174], [118.15333694437588, 40.41005847436457], [118.15334943383944, 40.409910133232884], [118.15337656562455, 40.40976376061151], [118.15341807250029, 40.40962079817828], [118.15347354565014, 40.409482654022796], [118.15354243869866, 40.40935068877769], [118.15362407309286, 40.40922620221723], [118.15371764478552, 40.40911042045536], [118.15382223215462, 40.40900448386927], [118.15393680508069, 40.40890943586738], [118.16520324880149, 40.40047053550009], [118.16522935878942, 40.400448952295314], [118.16520404523484, 40.40042644029528], [118.13405010716383, 40.375284979076376], [118.13394869438612, 40.37519528711261], [118.13385578175097, 40.37509681659888], [118.13377212615359, 40.3749903697066], [118.13369840907852, 40.37487681358528], [118.12187522405034, 40.3547277615942], [118.12185491059662, 40.35469684327595], [118.12181802894115, 40.35469395843772], [118.0801980673424, 40.353552305203756], [118.08005298208376, 40.35354126559721], [118.0799096490382, 40.35351622077255], [118.0797694169127, 40.35347740639162], [118.07963360523578, 40.353425187682305], [118.07950349194132, 40.353360056001904], [118.07938030134366, 40.35328262421362], [118.07926519261734, 40.35319362091978], [118.0791592488897, 40.35309388360599], [118.07906346704907, 40.35298435076072], [118.07897874836449, 40.35286605304446], [118.07890589000509, 40.352740103591685], [118.06158075080565, 40.31912749833731], [118.0615626801842, 40.319096275571795], [118.06153209148758, 40.31907715123918], [118.03167599561742, 40.30237645685802], [118.03164224121423, 40.30235974957716], [118.0316069769424, 40.302346523689856], [118.00093007453444, 40.29257340420382], [118.00088750677926, 40.29256255500348], [118.00084395940983, 40.29255678044313], [117.9101423731969, 40.285926103733395], [117.9100002697475, 40.28590886696685], [117.90986045638942, 40.28587816319901], [117.90972420638718, 40.28583427204563], [117.9095927605542, 40.2857775932185], [117.90946731595285, 40.285708642885304], [117.909349014993, 40.28562804896897], [117.90923893502813, 40.285536545429196], [117.9091380785441, 40.28543496557842], [117.90904736402955, 40.28532423449288], [117.89801152167644, 40.270459335920485], [117.89798804723122, 40.27043083511107], [117.89795123017879, 40.270428033261354], [117.86779020139063, 40.269656045700124], [117.86763450736932, 40.269643928817466], [117.86748091689807, 40.26961569029304], [117.86733109472335, 40.269571636200396], [117.84413517025502, 40.261416958105855], [117.84410376346298, 40.26140744845539], [117.8440709630319, 40.26140647287906], [117.80818549070992, 40.26192012438633], [117.80802540160636, 40.26191385904149], [117.80786689387567, 40.261890555073336], [117.80771177575821, 40.26185047833121], [117.80756181682601, 40.26179408600659], [117.8074187277956, 40.26172202141749], [117.75155387831848, 40.22973739654931], [117.75151977511254, 40.229720161509746], [117.75148285438885, 40.229730007088456], [117.71490222652149, 40.24155446820493], [117.7147625395907, 40.241592284655454], [117.7146198585823, 40.24161646424212], [117.71447551154087, 40.241626781906476], [117.71433084201804, 40.24162314161389], [117.71418719656702, 40.24160557724744], [117.69458587519848, 40.23824230927741], [117.69443464257951, 40.238208232302874], [117.69428773476322, 40.23815872837625], [117.6941467208913, 40.23809432625547], [117.69401310715139, 40.23801571382804], [117.69388832068941, 40.237923730763605], [117.69377369436592, 40.23781935954536], [117.67709687938707, 40.22097815420587], [117.67706775759548, 40.22095169738282], [117.67703373528475, 40.22093193568709], [117.64628469132442, 40.20518077059407], [117.64624956143503, 40.2051650218463], [117.64621106360569, 40.20516479977719], [117.62025140562814, 40.206364746539755], [117.62010226336132, 40.20636421793841], [117.6199539108044, 40.20634888124946], [117.61980781458362, 40.20631888809276], [117.61966541901892, 40.20627453498325], [117.61952813184517, 40.206216260399614], [117.61939731029531, 40.20614464044945], [117.6192742476825, 40.20606038317379], [117.61916016061443, 40.20596432154738], [117.61905617696573, 40.205857405243776], [117.60943340547755, 40.194924727689155], [117.60940815086416, 40.19489873516493], [117.60937213060846, 40.19489474167105], [117.5954275486605, 40.19404060625519]], [[122.79240436374332, 42.72046419421036], [122.77815038140965, 42.71091070309336], [122.77811723479559, 42.71089090139333], [122.77807961193821, 42.71088222234123], [122.76814374356073, 42.70912798098859], [122.76799461874482, 42.709093727509874], [122.76784975925425, 42.70904446048732], [122.76771067236884, 42.70898069255003], [122.76757880530378, 42.7089030872108], [122.75134403234121, 42.69819789003837], [122.75122380133884, 42.69810973513734], [122.75111291516865, 42.69801008054506], [122.75101246922732, 42.69789991070628], [122.75092345577703, 42.697780313941394], [122.7508467541433, 42.69765247169529], [122.75078312202851, 42.69751764686645], [122.74771601491264, 42.69008254445599], [122.74766779380384, 42.68994773053526], [122.74763264600455, 42.68980893319824], [122.74761089175136, 42.68966741704713], [122.74760272925033, 42.68952447145561], [122.7476082328712, 42.68938139882121], [122.74762735246966, 42.68923950269896], [122.74765991384436, 42.68910007592451], [122.74770562032401, 42.68896438883494], [122.7477640554704, 42.68883367769454], [122.74783468687262, 42.68870913343102], [122.747916870998, 42.68859189078479], [122.7480098590553, 42.688483017970206], [122.75587247674122, 42.68012075131425], [122.75597786029095, 42.680019102968714], [122.75609265203047, 42.67992821328149], [122.75621575822008, 42.67984894825271], [122.75634600589967, 42.67978206312233], [122.75648215406481, 42.67972819517422], [122.75662290549103, 42.679687857664064], [122.75676691909379, 42.67966143492907], [122.76947039717318, 42.67796661649231], [122.769504409629, 42.67796045649202], [122.76953385124563, 42.677942346164514], [122.7917711270618, 42.662794031038175], [122.79180025389158, 42.66277198951422], [122.79180485272492, 42.662735753458776], [122.79259321422856, 42.65244252851078], [122.79261124782138, 42.65229873903788], [122.79264307262702, 42.652157360805], [122.79268839160513, 42.652019713381456], [122.79274678176604, 42.65188708151464], [122.79281769811875, 42.651760703138706], [122.79290047875769, 42.65164175782015], [122.7929943510406, 42.651531355748226], [122.7930984388002, 42.651430527372824], [122.79321177052194, 42.6513402137867], [122.79333328841165, 42.65126125794168], [122.79346185826876, 42.651194396780824], [122.79359628007231, 42.65114025436016], [122.7937352991816, 42.65109933602394], [122.79387761804644, 42.65107202368795], [122.79402190831803, 42.65105857227491], [122.7941668232472, 42.65105910733505], [122.82490217201291, 42.65265929086682], [122.82493494865126, 42.6526595594254], [122.82496714394487, 42.65265411779971], [122.8427492387711, 42.6488468707869], [122.8427823241806, 42.6488380326247], [122.84275787550038, 42.64881405306097], [122.83942531756566, 42.6458580139949], [122.83932143404176, 42.64575646402285], [122.83922786114007, 42.64564534113849], [122.83914547654042, 42.64552568763414], [122.83907505298049, 42.64539862581625], [122.83901725100766, 42.645265347478556], [122.83897261278351, 42.645127102723485], [122.83894155699834, 42.64498518823667], [122.83892437494416, 42.644840935124485], [122.8389212277824, 42.64469569642877], [122.83893214503229, 42.644550834435776], [122.83895702429399, 42.64440770789841], [122.83899563220908, 42.64426765929166], [122.84240459229437, 42.63389180134569], [122.84245927262508, 42.63375002849346], [122.84252801575754, 42.63361451516594], [122.84261011625031, 42.6334866519997], [122.8427047315889, 42.63336775112543], [122.84281089083149, 42.63325903270285], [122.8429275045729, 42.63316161239946], [122.84305337612392, 42.633076489941566], [122.86289538603194, 42.62107593471565], [122.86292857766244, 42.62105333079735], [122.86295616238581, 42.62102414682083], [122.87291571848091, 42.6092788889178], [122.87301494608978, 42.60917275106577], [122.8731239771583, 42.6090767115526], [122.87324178866679, 42.608991671500476], [122.87336727521014, 42.60891842882555], [122.87349925936978, 42.60885767075119], [122.87363650276109, 42.60880996735995], [122.873777717653, 42.60877576624453], [122.87392157905053, 42.60875538830807], [122.87406673712701, 42.60874902475326], [122.87421182988922, 42.60875673528822], [122.87435549595679, 42.60877844756634], [122.88644048718717, 42.611208657520436], [122.88647681069833, 42.61121410264628], [122.8865113423573, 42.61120158819917], [122.89144304716183, 42.609131993884944], [122.8915853855964, 42.60908054237348], [122.89173218437139, 42.609043696645855], [122.89188194891298, 42.60902183183231], [122.8920331544525, 42.60901517054082], [122.89218426155037, 42.60902378059071], [122.89233373176926, 42.609047574322155], [122.89248004333702, 42.60908630948864], [122.89262170664014, 42.60913959172335], [122.90304430806125, 42.613672347484446], [122.90307803515111, 42.6136850904654], [122.90311220838312, 42.61367359740794], [122.92672968725128, 42.60442044348173], [122.92676160528195, 42.60440609250711], [122.92674721435137, 42.6043741924713], [122.92331839131214, 42.597672562248384], [122.92325898854888, 42.59754126055058], [122.92321246031861, 42.597404864260604], [122.9231792361043, 42.59726463239649], [122.92315962258498, 42.59712185938087], [122.92315380080497, 42.5969778630927], [122.92316182450274, 42.596833972702456], [122.92318361961485, 42.596691516403126], [122.92321898495956, 42.596551809150185], [122.92326759409393, 42.5964161405238], [122.92332899832707, 42.59628576282524], [122.92340263086173, 42.596161879517375], [122.92348781202632, 42.596045634116045], [122.92999615449808, 42.58800456505921], [122.93009614147415, 42.58789293071622], [122.93020676890002, 42.587791830792575], [122.93032693248674, 42.58770227447319], [122.93045543275487, 42.587625155714086], [122.93059098700778, 42.5875612443189], [122.96986371638152, 42.57139052818247], [122.96989771508674, 42.57137446140696], [122.96991958490173, 42.57134387114008], [122.97439370446963, 42.56436067720984], [122.97441129139055, 42.5643299365849], [122.9743784722096, 42.56431662541771], [122.96731768669261, 42.56185730356275], [122.96718830378478, 42.56180537809878], [122.96706430056969, 42.56174166473054], [122.96694674822515, 42.561666713833674], [122.96683666220443, 42.561581172857025], [122.96673499346433, 42.56148578072981], [122.96664262025067, 42.5613813614785], [122.95777009125972, 42.550359412015375], [122.95774245811405, 42.55032873466751], [122.9577087519599, 42.550304889635115], [122.9494395918241, 42.54511781689638], [122.94940787037874, 42.54510005143469], [122.94937416509987, 42.54511368286534], [122.94406965159966, 42.54757238587942], [122.94393693135528, 42.5476263612562], [122.94379966685122, 42.54766742779355], [122.94365911042806, 42.54769521081853], [122.94351654446045, 42.54770945685114], [122.94337326965719, 42.54771003591686], [122.9432305931942, 42.54769694273255], [122.9430898167884, 42.547670296754646], [122.94295222482145, 42.54763034108925], [122.94281907262157, 42.54757744027418], [122.94269157501054, 42.54751207695307], [122.92205584597724, 42.5356556129397], [122.92191319976449, 42.53556249847755], [122.92178203088366, 42.53545381099081], [122.92166403101952, 42.53533095222175], [122.91725959355384, 42.53019024006673], [122.9171649016244, 42.530067393404934], [122.91708340178116, 42.52993542507781], [122.9170159654517, 42.529795746141374], [122.91696331369116, 42.52964985009645], [122.91692600947236, 42.529499296919546], [122.91690445166637, 42.52934569638304], [122.91689887077749, 42.52919069084284], [122.91690932647873, 42.52903593767768], [122.91779962807868, 42.52160150756502], [122.91780210946933, 42.52156620383742], [122.91776907012124, 42.52155351872987], [122.91241113840184, 42.51979239434033], [122.91227307313324, 42.51973933679465], [122.91214090451601, 42.51967293966997], [122.91201591764744, 42.51959384855648], [122.91189932779548, 42.51950283247016], [122.91179226858254, 42.519400776375434], [122.91169578096302, 42.519288672580565], [122.91161080310195, 42.51916761108926], [122.91153816125313, 42.5190387690024], [122.91147856172526, 42.51890339907286], [122.91143258401436, 42.518762817524824], [122.91140067516933, 42.5186183912559], [122.90836306990592, 42.50072076399966], [122.90835553432873, 42.50068649939338], [122.90832110720105, 42.50067974505753], [122.89978057904327, 42.499429355413156], [122.89974409525043, 42.499425838791105], [122.89970817007847, 42.49943310623863], [122.88227299937577, 42.503864286051076], [122.8820996322014, 42.50389762805154], [122.88192354837706, 42.5039103698313], [122.8716748555639, 42.504047239095044], [122.87154342962829, 42.504043230800846], [122.87141285964807, 42.50402772843848], [122.8346223081034, 42.49801427858292], [122.83446518376064, 42.49797985773362], [122.83431264857042, 42.49792881001384], [122.83416645654191, 42.49786172242366], [122.8248277089593, 42.49295379943901], [122.82470059718733, 42.49287879384638], [122.8245814719149, 42.49279165940446], [122.82447148644626, 42.49269323970018], [122.82437170559922, 42.492584487578064], [122.82428309539611, 42.49246645591533], [122.82420651371139, 42.49234028742852], [122.82414270196605, 42.49220720361035], [122.82409227794975, 42.492068492903904], [122.8240557298396, 42.491925498228674], [122.82403341147395, 42.491779603979104], [122.82402553892675, 42.49163222262173], [122.8240321884156, 42.49148478102042], [122.82405329556384, 42.491338706622265], [122.8240886560239, 42.49119541363791], [122.82413792745557, 42.49105628934987], [122.82420063284042, 42.49092268068169], [122.82427616509996, 42.49079588115776], [122.82436379297312, 42.49067711838014], [122.82446266809583, 42.49056754214363], [122.82457183321448, 42.490468213304055], [122.82469023145345, 42.49038009350768], [122.82481671654718, 42.49030403588109], [122.82495006393776, 42.49024077677168], [122.82508898263036, 42.490190928618766], [122.82523212769188, 42.49015497402428], [122.8253781132719, 42.490133261080494], [122.82552552601969, 42.490126], [122.82642690408805, 42.490126], [122.82645945172597, 42.49012443264348], [122.82643869039804, 42.4900993174567], [122.8191272481766, 42.482074180976255], [122.8190362420763, 42.48196420613693], [122.81895610189447, 42.481846078549815], [122.81888755340114, 42.481720868008566], [122.81883121738898, 42.48158970845187], [122.81878760405131, 42.481453787694235], [122.8187571083617, 42.4813143366688], [122.8187400064969, 42.48117261827974], [122.81873645333577, 42.481029915965024], [122.81874648105666, 42.48088752207333], [122.81876999884597, 42.48074672616016], [122.81880679372057, 42.48060880330933], [122.82499293053104, 42.4611837591607], [122.82500204549335, 42.46114945066315], [122.82497882803833, 42.46112259725922], [122.82270342748548, 42.4587359413545], [122.82260783902338, 42.45862535798742], [122.82252346763558, 42.45850599591604], [122.82245111450662, 42.45837898859385], [122.8223914666965, 42.458245542073065], [122.82234509061647, 42.45810692355208], [122.82231242665037, 42.4579644493422], [122.82229378497283, 42.4578194723681], [122.82228934260387, 42.457673369320496], [122.82229914172787, 42.457527527583224], [122.8223230892931, 42.45738333205875], [122.82236095789523, 42.45724215201719], [122.82241238793677, 42.45710532809388], [122.8272818784199, 42.445848955226744], [122.82729505013997, 42.44581369645019], [122.82729322001187, 42.44577610221972], [122.82666591197685, 42.43948677504275], [122.8266585087834, 42.43933495441816], [122.82666650843309, 42.439183164053084], [122.8266898287809, 42.43903296261933], [122.8267282303599, 42.43888589247261], [122.82678131884036, 42.438743463814795], [122.82684854907883, 42.4386071391862], [122.82692923071613, 42.438478318447466], [122.82702253526624, 42.438358324404895], [122.8328284022637, 42.431625524874484], [122.83284987066908, 42.431597942718724], [122.83281673900143, 42.43158680897073], [122.82546196536144, 42.429519775067156], [122.82532262160626, 42.42947313687062], [122.8251885096879, 42.4294130885831], [122.82506091659221, 42.429340206449396], [122.82494106674808, 42.42925518987251], [122.82483011027745, 42.42915885470184], [122.82472911195822, 42.42905212540411], [122.82463904100631, 42.42893602619178], [122.82456076177476, 42.42881167119433], [122.81915491028687, 42.41921084843186], [122.81908910090749, 42.419079265062265], [122.81903649846772, 42.41894186767911], [122.81899760900438, 42.41879997804873], [122.8189728066351, 42.41865496115301], [122.81896232995932, 42.418508212058185], [122.8189662797629, 42.418361142494305], [122.81898461804865, 42.41821516727435], [122.81901716840179, 42.41807169068365], [122.81906361768706, 42.41793209297069], [122.81912351906121, 42.41779771706904], [122.81919629627143, 42.41766985567831], [122.81928124919912, 42.41754973882835], [122.81937756059494, 42.41743852204633], [122.8194843039408, 42.41733727524055], [122.81960045236298, 42.41724697240785], [122.81972488851068, 42.417168482263804], [122.81985641530498, 42.417102559885606], [122.81999376745476, 42.417049839448225], [122.82013562362881, 42.41701082812361], [122.82028061916714, 42.4169859012017], [122.82042735920892, 42.416975298480125], [122.82057443211121, 42.41697912195733], [122.83392789755666, 42.41798321015301], [122.83396150138049, 42.41798406563696], [122.83394290783586, 42.417956061549326], [122.828844616005, 42.41104705265846], [122.82876509030473, 42.410927740378284], [122.82869732010896, 42.41080137995027], [122.82864192467936, 42.41066912601429], [122.82859941020108, 42.41053218706315], [122.82857016515737, 42.41039181439977], [122.82855445677981, 42.41024929070323], [122.82855242860636, 42.41010591830799], [122.8285640991698, 42.40996300730368], [122.82858936182836, 42.40982186356388], [122.82862798574023, 42.40968377681348], [122.82867961797284, 42.409550008843624], [122.82874378672788, 42.409421781981855], [122.8318491418533, 42.40389361122518], [122.83192883228644, 42.40376698182274], [122.83202074127493, 42.40364892120894], [122.83212395440314, 42.40354060398566], [122.83223744478896, 42.40344310781638], [122.83236008330034, 42.40335740270439], [122.83249064978928, 42.40328434134206], [122.83262784523114, 42.4032246506273], [122.83277030464893, 42.40317892443155], [122.8452723074175, 42.39984380958851], [122.84542282471216, 42.399811825455544], [122.84557582678755, 42.399795430161205], [122.84572970348789, 42.399794796245494], [122.845882835453, 42.39980993037959], [122.84603361116014, 42.39984067329562], [122.84618044388327, 42.39988670146278], [122.8463217883913, 42.399947530492085], [122.84645615720973, 42.40002252023393], [122.84658213627455, 42.400110881514934], [122.84669839981338, 42.40021168444293], [122.84680372429763, 42.400323868192956], [122.85095774739213, 42.40523017420965], [122.85098403199831, 42.40525812687064], [122.85102170391802, 42.40526541097876], [122.86198999121193, 42.4067988260079], [122.86202576365464, 42.40680202141425], [122.86203857354772, 42.40676846869584], [122.86549866618833, 42.39614583101815], [122.86555083563485, 42.396008805676715], [122.86561613367289, 42.39587752825454], [122.86569393641322, 42.39575325304002], [122.86578350049058, 42.39563716741907], [122.86588397016618, 42.395530380530204], [122.86599438550381, 42.395433912667364], [122.8732937591182, 42.38966057234493], [122.87340578714927, 42.38958005438971], [122.87352473910023, 42.3895101698119], [122.8736496087211, 42.38945150978598], [122.8737793397025, 42.38940457053459], [122.87391283461139, 42.38936974913086], [122.87404896417452, 42.38934734013943], [122.88234293937843, 42.388371243880286], [122.8823764364754, 42.388365647154096], [122.88236215320957, 42.38833483535158], [122.87586731338355, 42.37593459564423], [122.87580534721026, 42.37580063618798], [122.87575684642178, 42.375661235269526], [122.87572228061225, 42.375517742595974], [122.87570198445468, 42.375371547491625], [122.87569615446041, 42.37522406544621], [122.87570484707663, 42.37507672440993], [122.87572797813971, 42.37493095096766], [122.87576532369015, 42.37478815652654], [122.87581652214097, 42.37464972365045], [122.8758810777787, 42.37451699267371], [122.87595836556298, 42.37439124872375], [122.87604763717826, 42.37427370927822], [122.8761480282792, 42.374165512377154], [122.87625856685945, 42.37406770560423], [122.88298127675358, 42.36868507077205], [122.88310618345157, 42.368595175322824], [122.88323964345882, 42.36851855090462], [122.88338025201233, 42.368456004044795], [122.88352652910555, 42.368408193094204], [122.88367693506642, 42.36837562129765], [122.88382988676358, 42.368358631496804], [122.88398377426995, 42.368357402521596], [122.89526227080856, 42.36884645074231], [122.89529700674524, 42.36884629996374], [122.89531419450793, 42.36881611405889], [122.90320053453651, 42.353288419435124], [122.90321505635042, 42.35325602873205], [122.90319958345859, 42.35322408142613], [122.9010111477193, 42.349213425914726], [122.900992948557, 42.3491835566731], [122.90095844407514, 42.34917782763924], [122.87108493604886, 42.345672278195536], [122.87105695588836, 42.34567005434122], [122.87102888775262, 42.345669933241695], [122.85886011058827, 42.3460738998845], [122.85871833813161, 42.34607190146931], [122.85857738772093, 42.34605652600641], [122.85843851872768, 42.34602791087332], [122.85830297192612, 42.3459863117421], [122.85817195840725, 42.34593210029495], [122.85804664875782, 42.345865760903266], [122.85792816260134, 42.345787886299874], [122.83885813156168, 42.33192063809074], [122.83882626669308, 42.33189987851365], [122.8387887646686, 42.33189355964959], [122.82669820587307, 42.33048945732446], [122.82655263069171, 42.33046524309212], [122.82641013944175, 42.330426841189016], [122.82627211134113, 42.33037462331933], [122.82613988240752, 42.33030909491636], [122.82601473252667, 42.330230890250256], [122.81097493819793, 42.31977002167093], [122.81084202633167, 42.31966600982625], [122.81072164010125, 42.31954772549276], [122.81061530354434, 42.31941666609902], [122.80557852736597, 42.312440586079234], [122.80555354408673, 42.31240962311707], [122.80552005779474, 42.312388139692914], [122.78134520223686, 42.29864773459922], [122.78131344545501, 42.2986316432648], [122.78127843211087, 42.29862520199447], [122.76966412984513, 42.29705846615661], [122.76950704315269, 42.29702867723078], [122.76935401955217, 42.29698233732651], [122.73554124764576, 42.28474037793853], [122.7354073114976, 42.28468441649627], [122.73527941160835, 42.28461577108031], [122.73515874572206, 42.28453508453438], [122.73504644383858, 42.284443112463784], [122.73494355763134, 42.28434071615935], [122.73485105059879, 42.28422885453173], [122.73476978904152, 42.284108575131526], [122.73470053394965, 42.2839810043392], [122.73464393387631, 42.28384733681696], [122.73460051886423, 42.28370882432103], [122.73457069548193, 42.28356676397937], [122.73455474301647, 42.28342248614445], [122.73455281085789, 42.2832773419349], [122.73456491710029, 42.283132690582676], [122.7345909483723, 42.28298988670429], [122.73504492791982, 42.281039676134995], [122.73505114352568, 42.281005759417006], [122.73502293928699, 42.28098592262153], [122.70384543043933, 42.261199793933805], [122.70373007755468, 42.26111874087211], [122.70362284375942, 42.26102721601233], [122.69180297105761, 42.249937490297555], [122.6917782061607, 42.249916216266975], [122.691748763206, 42.249902109640175], [122.65131703317456, 42.23266550880891], [122.65128328797825, 42.23265305055321], [122.65125427973705, 42.23267432185701], [122.64556007905766, 42.23729821176489], [122.64544675235884, 42.237381727390485], [122.64532609539908, 42.23745425116899], [122.64519917091422, 42.23751514431741], [122.64506709684382, 42.237563870494284], [122.64493103648459, 42.23760000052377], [122.6447921882441, 42.237623216175784], [122.64465177508534, 42.23763331296891], [122.64451103375495, 42.23763020197149], [122.63705448180208, 42.23711455786184], [122.63691223447185, 42.237097867051325], [122.63677222742162, 42.23706768573264], [122.63663573707301, 42.23702428906398], [122.63650400778647, 42.23696807268577], [122.63637824051658, 42.236899549113616], [122.63625958186323, 42.23681934306586], [122.63614911361815, 42.23672818576806], [122.63604784290247, 42.23662690828656], [122.63595669298492, 42.23651643395178], [122.63587649486458, 42.23639776994036], [122.63261671629276, 42.2310397634448], [122.63259741761713, 42.23101122346541], [122.63256660604834, 42.23102663828111], [122.62687417862637, 42.23422485417279], [122.62674241452198, 42.234290593640125], [122.62660483955041, 42.234343096820666], [122.6264627795343, 42.23438185773644], [122.62631760351907, 42.234406502844934], [122.62617071057933, 42.234416794638975], [122.62602351633583, 42.2344126339356], [122.62587743931303, 42.23439406083188], [122.62573388726864, 42.23436125431854], [122.62559424362686, 42.234314530554954], [122.62545985414634, 42.23425433982232], [122.62533201395082, 42.23418126218427], [122.62521195504806, 42.23409600189671], [122.62012443548, 42.230093371748744], [122.62009541195356, 42.2300727224865], [122.62005982025424, 42.23007131250268], [122.61135399113411, 42.23014650913203], [122.61120681370018, 42.23014054786324], [122.61106093056476, 42.23012018012929], [122.61091774847789, 42.230085602336075], [122.6107786481434, 42.230037147917], [122.6106449709048, 42.22997528411769], [122.61051800581075, 42.229900607490315], [122.61039897718473, 42.22981383814105], [122.61028903281893, 42.229715812786104], [122.61018923290607, 42.22960747668327], [122.61010053981599, 42.22948987451681], [122.61002380881553, 42.22936414032356], [122.60995977982115, 42.229231486557445], [122.60990907026401, 42.22909319239778], [122.60987216913598, 42.22895059141414], [122.6098494322744, 42.22880505870678], [122.60984107893064, 42.22865799764657], [122.60984718965594, 42.22851082634223], [122.60986770552461, 42.228364963965596], [122.60990242870228, 42.22822181706652], [122.61445851128335, 42.21279052491598], [122.61446686688896, 42.21275603983374], [122.61443455419844, 42.21274137944219], [122.5520379976799, 42.188068534962156], [122.55201011621257, 42.188057185251516], [122.52010078576389, 42.17469305593053], [122.5200437405917, 42.174667757209626], [122.45585538215526, 42.14458811200312], [122.45582093180803, 42.14457404716887], [122.45578562185557, 42.14458578826113], [122.44033761976932, 42.150606485225026], [122.44020091504349, 42.15065232686548], [122.44006044048925, 42.150684831290896], [122.43991749406885, 42.15070369816561], [122.43977339658424, 42.15070875316272], [122.43962947947301, 42.15069994957487], [122.43948707250611, 42.15067736874581], [122.439347491501, 42.150641219318764], [122.43921202616372, 42.15059183530861], [122.43908192817219, 42.150529673015676], [122.43895839961093, 42.15045530680953], [122.43884258186395, 42.15036942382197], [122.43873554506865, 42.15027281759797], [122.4337831559334, 42.145350985293], [122.43368452481938, 42.14524290090689], [122.43359689389482, 42.1451257209076], [122.43352109702953, 42.14500056034517], [122.43345785548397, 42.14486861021031], [122.43340777104588, 42.144731126101284], [122.43337132030389, 42.144589416276], [122.43334885011242, 42.14444482920303], [122.43334057429112, 42.144298740729994], [122.43334657159028, 42.14415254099136], [122.43336678494136, 42.144007621180386], [122.43340102200011, 42.14386536031092], [122.43344895697687, 42.1437271120951], [122.43351013373666, 42.14359419206186], [122.4335839701396, 42.14346786503873], [122.43366976358044, 42.14334933311609], [122.43376669767429, 42.143239724208506], [122.43387385002514, 42.14314008132175], [122.43682995325925, 42.14064863816645], [122.43685365050649, 42.14062659713796], [122.43682132077053, 42.14062512926843], [122.42537383004309, 42.14066547360438], [122.42522571596922, 42.14065866752271], [122.42507899742331, 42.140637271964565], [122.42493510794998, 42.140601495979794], [122.4247954534518, 42.14055168912522], [122.42466139845263, 42.14048833804927], [122.42453425276526, 42.14041206173706], [122.42441525869353, 42.14032360546244], [122.42430557889425, 42.1402238335062], [122.42420628501712, 42.140113720711355], [122.424118347234, 42.1399943429583], [122.42404262475964, 42.13986686665266], [122.4239798574565, 42.13973253732868], [122.42393065860583, 42.139592667479484], [122.4238955089154, 42.139448623733045], [122.42387475182271, 42.13930181349932], [122.42386859013935, 42.139153671218786], [122.42387708406933, 42.13900564434698], [122.42390015062092, 42.138859179211806], [122.42594567392447, 42.12905312056117], [122.42595111297085, 42.129018944153835], [122.4259204996667, 42.129002806134345], [122.40981749700957, 42.121474672292045], [122.4097177715757, 42.12143645518393], [122.36680183594203, 42.10841399089979], [122.36660920755988, 42.108340745223686], [122.31289947322801, 42.083571131155416], [122.31287055214956, 42.08355923260332], [122.31284015867158, 42.08355234629078], [122.29387028919137, 42.080074865539395], [122.29371399507367, 42.080037461908894], [122.2935625995832, 42.079983551907354], [122.29341784053042, 42.07991375434691], [122.272193947753, 42.06823982226853], [122.27213892870097, 42.06821243484137], [122.2364156064848, 42.052222109283655], [122.23624238575779, 42.05213055356906], [122.22801987955772, 42.04707138438717], [122.22798969426566, 42.047054704933004], [122.22795559415903, 42.04705985651254], [122.21360338824933, 42.049920012726076], [122.21346008603281, 42.04994143472608], [122.21331538551023, 42.0499489304656], [122.21317063686143, 42.04994243000296], [122.21302719071528, 42.04992199399305], [122.21288638554722, 42.04988781312135], [122.21274953519007, 42.04984020632467], [122.21261791657487, 42.049779617815204], [122.21249275781608, 42.04970661293564], [122.2123752267521, 42.049621872884046], [122.21226642004844, 42.04952618835769], [122.21216735296485, 42.04942045217517], [122.2120789498821, 42.049305650945634], [122.20064461021096, 42.032872058496594], [122.20062198931141, 42.03284281131272], [122.20058522032433, 42.03283891972377], [122.18468370175533, 42.03196332853888], [122.18452932590156, 42.03194678066673], [122.18437748753522, 42.0319143638994], [122.184229813401, 42.031866425539135], [122.1840878856295, 42.03180347918125], [122.1750258919702, 42.027209182726494], [122.1749917693463, 42.02719400315872], [122.17495508974193, 42.027201030203884], [122.15407895087395, 42.03230843936808], [122.1539406872284, 42.03233545530234], [122.15380049887084, 42.03234938084663], [122.15365962236824, 42.03235009316718], [122.15351930035759, 42.03233758598077], [122.15338077058482, 42.03231196961022], [122.15324525498697, 42.032273470011226], [122.15311394891378, 42.03222242677928], [122.15298801058381, 42.032159290154176], [122.15286855086809, 42.03208461704855], [122.15275662349138, 42.03199906613548], [122.15265321573753, 42.03190339203854], [122.14703062216635, 42.02618839946938], [122.14693352482851, 42.026079599170394], [122.14684745115322, 42.02596188459823], [122.14677321464758, 42.025836368307225], [122.1467115169422, 42.02570423658799], [122.14666294115986, 42.02556673825546], [122.14662794640427, 42.025425172846], [122.14660686342093, 42.025280878335046], [122.1465998914712, 42.02513521849159], [122.14660709644899, 42.024989569988776], [122.14662841025797, 42.02484530939255], [122.14666363145521, 42.02470380015136], [122.14671242715501, 42.0245663797098], [122.14677433617517, 42.02443434686805], [122.14684877339569, 42.024308949506526], [122.14693503528898, 42.024191372791805], [122.14703230656903, 42.0240827279753], [122.14713966789695, 42.023984041890444], [122.1543337740833, 42.01798951937667], [122.15435711413859, 42.01796805024094], [122.1543254428064, 42.01796966538632], [122.14179024505624, 42.01922649988969], [122.14163809605552, 42.019233981144154], [122.14148597286591, 42.01922599222842], [122.14133544440404, 42.01920261553587], [122.14118806313932, 42.019164092161105], [122.14104534908275, 42.019110819413456], [122.14090877411014, 42.019043346719336], [122.14077974678223, 42.01896236995576], [122.1406595978173, 42.018868724273425], [122.14054956636708, 42.018763375483445], [122.14045078723663, 42.01864741009647], [122.14036427918067, 42.01852202411701], [122.14029093439669, 42.0183885107085], [122.13089966806174, 41.9990233082295], [122.13088308197081, 41.99899290473734], [122.13084896645357, 41.99899887149724], [122.11913537357096, 42.001630735054995], [122.11898835534686, 42.001656162482924], [122.11883953833558, 42.00166685871889], [122.11869039489378, 42.00166271793713], [122.1185424006077, 42.00164378110546], [122.11839701969414, 42.00161023557993], [122.1182556905139, 42.001562413251236], [122.11811981134097, 42.00150078726099], [122.11799072652842, 42.001425967320635], [122.09603713819152, 41.98719740943256], [122.09591821628682, 41.98711180524946], [122.09580821408541, 41.98701500643094], [122.09570818127696, 41.98690793667414], [122.09561907241883, 41.98679161768608], [122.09554173782713, 41.986667159434], [122.09547691546278, 41.98653574955362], [122.09542522388945, 41.98639864201615], [122.09538715637102, 41.98625714516239], [122.09536307616457, 41.98611260921793], [122.09535321305411, 41.98596641340871], [122.0953576611578, 41.985819952799815], [122.09537637802985, 41.9856746249832], [122.0954091850656, 41.98553181674118], [122.0954557692058, 41.985392890813195], [122.09551568592396, 41.98525917289193], [122.09773578621714, 41.98088990949892], [122.09774994294537, 41.98085841244561], [122.09772473810243, 41.98083480750483], [122.08194136402335, 41.967407428647256], [122.08191431919535, 41.967386492104005], [122.08188078122284, 41.96737978643775], [122.06896469693649, 41.96541189585321], [122.06892645584443, 41.96540809689557], [122.0688932432561, 41.96542742917895], [122.06510590428071, 41.967905073626355], [122.06497916398028, 41.967979387902886], [122.06484576149079, 41.96804094674668], [122.06470697662922, 41.968089159583656], [122.06456414084913, 41.96812356387666], [122.0644186244672, 41.96814382956291], [122.06427182351685, 41.96814976222047], [122.0641251463552, 41.968141304933496], [122.06398000015182, 41.96811853883825], [122.06383777738874, 41.96808168234471], [122.06369984250159, 41.968031089041226], [122.06356751878957, 41.967967244302315], [122.06344207572023, 41.96789076063213], [122.06332471675064, 41.96780237178834], [122.06321656778182, 41.967702925742685], [122.06311866635728, 41.967593376545864], [122.06303195170916, 41.967474775174665], [122.06295725574753, 41.96734825944928], [122.06289529507943, 41.967215043117484], [122.06284666413389, 41.967076404210296], [122.06281182945924, 41.96693367278106], [122.06279112524719, 41.96678821814533], [122.06226045396232, 41.96106127476361], [122.06225524804803, 41.96102493811084], [122.06222789110352, 41.96100046258247], [122.04254261309987, 41.94508297124731], [122.04243019228969, 41.94498230626946], [122.04232845468957, 41.9448708552172], [122.04223842996886, 41.94474974606811], [122.04216102925282, 41.944620204547796], [122.04209703590125, 41.94448354172446], [122.04204709758021, 41.94434114073984], [122.04201171970718, 41.94419444281065], [122.04199126033572, 41.94404493264227], [122.04198592653172, 41.94389412340229], [122.04211346867686, 41.935374491621225], [122.04211234970475, 41.93533991345852], [122.04208364224993, 41.93532060585684], [122.03436375932174, 41.930643031547895], [122.03433329455727, 41.93062645301296], [122.0343004318915, 41.93061583833825], [122.01485343967856, 41.92530821831989], [122.01481620138378, 41.92530009792431], [122.01478118783456, 41.925315153913175], [122.00441960733762, 41.930420887783576], [122.00427712737952, 41.9304821569382], [122.00412908248512, 41.93052838633371], [122.0039770553825, 41.93055908173787], [122.00382267137299, 41.93057391499021], [122.0036675809553, 41.93057272751045], [122.00351344218025, 41.93055553199376], [122.00336190292478, 41.9305225122751], [121.99706131255607, 41.92880409237772], [121.99692471288603, 41.92875970861669], [121.99679298443114, 41.928702463509694], [121.99666733495917, 41.928632881915206], [121.99654891650196, 41.928551601800194], [121.99643881479304, 41.92845936839091], [121.99633803931275, 41.92835702734014], [121.99624751403287, 41.92824551697379], [121.99616806894504, 41.928125859687675], [121.9916365061297, 41.92053540723819], [121.9915680408841, 41.9204069478525], [121.99151234950607, 41.92027245705713], [121.99146995646736, 41.92013320141489], [121.99144126100308, 41.91999049236137], [121.99142653335186, 41.91984567385456], [121.99142591221087, 41.91970010971814], [121.99143940342971, 41.919555170797764], [121.99146687995524, 41.91941222205111], [121.99150808302815, 41.91927260969346], [121.99156262461983, 41.919137648519765], [121.99162999108654, 41.9190086095226], [121.99170954800674, 41.91888670792263], [121.99722066241691, 41.91127646485623], [121.99723966493112, 41.91124735095333], [121.99721294382188, 41.911225109163766], [121.9725426019083, 41.89263854859074], [121.97251338168117, 41.89261864649986], [121.97247828410954, 41.89261439498592], [121.96268970012734, 41.89190044389054], [121.96254513610623, 41.891882811137215], [121.96240296340326, 41.89185124228043], [121.96226452221227, 41.891806034904654], [121.9621311175519, 41.89174761515811], [121.96200400696391, 41.891676533735726], [121.96188438865879, 41.89159346068796], [121.96177339022087, 41.89149917910454], [121.96167205797919, 41.89139457773273], [121.96158134714413, 41.89128064259946], [121.96150211280323, 41.89115844771655], [121.96143510186057, 41.89102914495651], [121.96138094599617, 41.89089395319441], [121.96134015571135, 41.89075414681811], [121.96131311551656, 41.890611043715225], [121.96130008030674, 41.89046599285003], [121.96130117295857, 41.89032036154742], [121.96131638317212, 41.89017552260378], [121.96134556756802, 41.89003284134634], [121.96138845103897, 41.88989366276283], [121.96144462934308, 41.88975929882296], [121.96151357291444, 41.88963101611112], [121.96159463185506, 41.88951002388685], [121.96168704206126, 41.8893974626858], [121.96178993242633, 41.889294393568385], [121.9619023330522, 41.88920178811771], [121.9620231843921, 41.889120519280915], [121.96215134723845, 41.889051353140324], [121.9622856134616, 41.888994941691955], [121.96240806487789, 41.888950356071625], [121.96244004728958, 41.888936934609404], [121.96243402369447, 41.8889027772294], [121.96008895777274, 41.8785471409312], [121.96007957410664, 41.878513331145086], [121.96004648828298, 41.878501648547314], [121.94170855388616, 41.87300136410091], [121.94167391002198, 41.87299276447217], [121.94163857107833, 41.87299779537659], [121.93366863841497, 41.874526453075404], [121.93352343821903, 41.87454700377777], [121.93337692519778, 41.874553277761756], [121.93323049971801, 41.87454521506083], [121.9330855613098, 41.87452289273802], [121.93294349528982, 41.87448652414939], [121.93280565952057, 41.874436456904746], [121.93267337143193, 41.874373169545215], [121.93254789542925, 41.874297266969364], [121.92551337068346, 41.86955736072387], [121.92539744248987, 41.869470836652965], [121.92529038790673, 41.869373548024925], [121.92519320257789, 41.86926639965687], [121.92510679035978, 41.86915038806488], [121.92503195491524, 41.86902659219598], [121.9249693922392, 41.86889616339362], [121.92491968418574, 41.86876031468977], [121.92488329305654, 41.86862030952333], [121.92486055730143, 41.868477449989676], [121.9248516883706, 41.8683330647308], [121.9248567687481, 41.86818849657842], [121.92487575118471, 41.868045090065266], [121.92490845913738, 41.86790417892039], [121.92495458841105, 41.86776707366511], [121.92714265294623, 41.86217212880591], [121.92715345975904, 41.86213994350882], [121.92711956832731, 41.862141956318986], [121.91393628075195, 41.863573603208856], [121.91379166568943, 41.863582270422306], [121.9136468890029, 41.86357694614463], [121.91350330121027, 41.86355768004221], [121.91336224173911, 41.863524651834695], [121.91322502643209, 41.863478169618546], [121.91309293527246, 41.86341866699305], [121.91296720044392, 41.86334669901552], [121.91284899483655, 41.86326293702364], [121.91273942110573, 41.86316816237298], [121.91263950138621, 41.86306325914829], [121.91255016775744, 41.862949205916564], [121.9124722535488, 41.862827066598626], [121.91240648556607, 41.8626979805446], [121.9123534773116, 41.862563151905746], [121.9123137232614, 41.862423838401774], [121.91228759425253, 41.86228133958848], [121.91227533402375, 41.86213698473512], [121.91227705694195, 41.86199212042465], [121.91229274693526, 41.86184809799235], [121.912322257643, 41.861706260920236], [121.91236531378091, 41.86156793230467], [121.91242151370916, 41.861434402514135], [121.91249033317891, 41.861306917152305], [121.91257113022267, 41.86118666543874], [121.91266315114274, 41.86107476911545], [121.91276553754192, 41.86097227198301], [121.91287733433091, 41.86088013016369], [121.9162215789326, 41.858384951391585], [121.91624800120032, 41.85836314673061], [121.91621957644864, 41.85834402572249], [121.8951004913241, 41.84559182667066], [121.89506539951049, 41.84557313087478], [121.89502570929969, 41.845570752780276], [121.84981683334924, 41.84529335561852], [121.84967336967357, 41.84528559452322], [121.84953130660625, 41.845264143515294], [121.84939194746929, 41.845229199391646], [121.84925657077811, 41.845181082738364], [121.84912641851224, 41.84512023498963], [121.84900268472101, 41.84504721437784], [121.84888650456907, 41.84496269081231], [121.84877894392208, 41.84486743973329], [121.84868098956824, 41.84476233499792], [121.84859354016518, 41.84464834086324], [121.84851739799555, 41.844526503139846], [121.84375120430263, 41.83601871017553], [121.84373276482215, 41.83598913984872], [121.84370476749307, 41.835968389710935], [121.8336367205771, 41.82921435692051], [121.83351593422279, 41.82912421096661], [121.83340480383998, 41.82902239901047], [121.83330445138309, 41.82890994892915], [121.83321588999426, 41.8287879960005], [121.83314001377502, 41.82865777144158], [121.83307758875938, 41.82852058997848], [121.83302924518021, 41.828377836573104], [121.8329954711065, 41.82823095244074], [121.8318074217329, 41.8215407443163], [121.83178869623755, 41.82139302987029], [121.83178470771361, 41.82124418668633], [121.83179549546168, 41.82109568137926], [121.83182095318553, 41.8209489772347], [121.83186083003943, 41.82080551979063], [121.83191473309986, 41.82066672259394], [121.8319821312372, 41.820533953272104], [121.83206236034906, 41.82040852005743], [121.83215462990408, 41.820291658896416], [121.8322580307313, 41.82018452127153], [121.83237154397862, 41.8200881628551], [121.840495119824, 41.81385873968031], [121.84062587699778, 41.813769033031285], [121.84076537352196, 41.81369363116716], [121.84091205046269, 41.81363337673633], [121.8410642686418, 41.813588943108066], [121.84122032695545, 41.81356082684735], [121.8413784813846, 41.81354934216554], [121.86252174392166, 41.8131347110019], [121.86255386522934, 41.81313252501425], [121.8625303797349, 41.81311050255984], [121.84603553012647, 41.799077808082416], [121.84588834942294, 41.79893407536853], [121.83514736219244, 41.78689853947405], [121.8351198324679, 41.78687078871003], [121.83508334848582, 41.78685675625892], [121.82251381419285, 41.782769321084224], [121.8224793408563, 41.782759943479896], [121.82245011622575, 41.78278049272237], [121.7982904815228, 41.80159437594298], [121.79815661944012, 41.801687392780295], [121.79801345446057, 41.801765334924426], [121.79786267727916, 41.80182728192406], [121.79770606848655, 41.80187250222124], [121.77905098845261, 41.806176340162125], [121.77889756540772, 41.80620343237046], [121.77874215979263, 41.80621446474357], [121.77858644809677, 41.80620931826609], [121.77843211011151, 41.80618804845735], [121.77828081080887, 41.806150884772435], [121.77813418238006, 41.80609822812688], [121.75437128578038, 41.796142944822435], [121.75433764420667, 41.79613071729468], [121.75430191373955, 41.796128572153364], [121.72249419566656, 41.79575145285622], [121.72245647719365, 41.79575292705816], [121.72242242930119, 41.79576922422033], [121.70799862923663, 41.80359934154503], [121.7078692508206, 41.80366175006482], [121.70773449608475, 41.80371149701496], [121.7075956007958, 41.80374812619164], [121.7074538386913, 41.80377130168744], [121.70731050979892, 41.80378081097175], [121.70716692851454, 41.80377656683981], [121.7070244115486, 41.803758608212355], [121.70688426585123, 41.803727099778776], [121.70674777662684, 41.80368233048678], [121.70661619554824, 41.80362471089262], [121.6972945422876, 41.798998791727584], [121.69716866310127, 41.798928593300055], [121.69705010234507, 41.7988466376055], [121.69693995464509, 41.7987536813095], [121.69683923695287, 41.79865058264193], [121.67517664572804, 41.774231654398385], [121.67515232745482, 41.774206733209645], [121.67511756452217, 41.77420872885081], [121.65511323381172, 41.776313770725885], [121.6549401085173, 41.77632192036773], [121.6547671988087, 41.77631004531388], [121.63712685771559, 41.774068809887346], [121.63708980713271, 41.77406600713408], [121.63706501181014, 41.7740936801009], [121.62940596126423, 41.78357006803124], [121.629311654914, 41.783676075920184], [121.62920775438897, 41.78377269911153], [121.62909518931528, 41.783859073091385], [121.6289749668432, 41.78393442504832], [121.62884816263576, 41.78399808078795], [121.62871591124463, 41.784049470765105], [121.62857939595884, 41.784088135179715], [121.6284398382177, 41.78411372809078], [121.60498939006602, 41.78727641471061], [121.6048587319012, 41.78728824702917], [121.60472753958963, 41.78728861741388], [121.55414913037148, 41.78521770767769], [121.55401736511068, 41.78520647833123], [121.54007003212752, 41.783395634234736], [121.5399212590845, 41.78336863358948], [121.53977596015582, 41.78332679252709], [121.53963561173704, 41.783270536198394], [121.5395016399211, 41.783200436229], [121.53937540600771, 41.78311720491105], [121.53925819267108, 41.78302168796547], [121.53915119092652, 41.782914855948576], [121.5390554880284, 41.782797794390135], [121.5389720564225, 41.78267169276321], [121.53890174386491, 41.78253783239783], [121.5388452648079, 41.78239757346124], [121.53880319314024, 41.782252341137166], [121.53877595635595, 41.78210361114437], [121.53876383121046, 41.78195289474174], [121.53852509275995, 41.773958591735465], [121.53852231278151, 41.77392332103623], [121.53848873895384, 41.77391216090187], [121.52660581196302, 41.7705963975471], [121.52646391542065, 41.770549059901434], [121.52632743921048, 41.770487824899234], [121.52619774054182, 41.77041330150169], [121.52607610922361, 41.770326230818526], [121.52596375483778, 41.77022747873795], [121.5258617947103, 41.77011802731566], [121.51993339966896, 41.76308096265294], [121.5199080832778, 41.763053818934736], [121.51987120449222, 41.76304961699878], [121.51380568333934, 41.76266718677946], [121.51365641552084, 41.76265023781137], [121.51350959163406, 41.76261844322961], [121.51336668436494, 41.762572121943016], [121.51322912711461, 41.762511738567454], [121.51309829962202, 41.762437898765604], [121.51297551412462, 41.762351343171986], [121.51286200219639, 41.76225293996416], [121.51275890239472, 41.762143676154714], [121.51266724884037, 41.76202464769116], [121.51258796084494, 41.76189704846335], [121.51252183368987, 41.76176215832834], [121.51246953064965, 41.7616213302731], [121.51243157633883, 41.76147597684366], [121.5124083514501, 41.761327555976855], [121.51240008893582, 41.7611775563768], [121.51233818062744, 41.74862362810285], [121.51233625434006, 41.74858783119681], [121.51230967950164, 41.74856377070973], [121.50792915435382, 41.74497073753201], [121.50782292516583, 41.744874769726266], [121.50772632844034, 41.74476911210587], [121.50764024404306, 41.74465472706898], [121.50756545608651, 41.744532656508746], [121.50750264578794, 41.744404012323045], [121.50745238526432, 41.7442699662866], [121.5074151323211, 41.74413173937771], [121.50739122628227, 41.74399059065675], [121.50738088489955, 41.74384780579787], [121.50738420236895, 41.74370468537823], [121.50740114847282, 41.743562533031486], [121.50743156885504, 41.74342264357347], [121.50747518642704, 41.74328629120812], [121.50753160389165, 41.74315471792129], [121.50760030736201, 41.743029122167854], [121.5153054560281, 41.73041336233381], [121.51532232471504, 41.73038254764946], [121.51532325859418, 41.73034743034277], [121.51511675124404, 41.72044004165457], [121.5151143583223, 41.72040536499835], [121.51508070072113, 41.72039668384401], [121.50237261439226, 41.71776279598819], [121.50233520872264, 41.717757021713226], [121.50229977173124, 41.717770316299344], [121.49402608832578, 41.72136749028051], [121.49389067515631, 41.72141874447702], [121.49375095124189, 41.72145670428298], [121.49360821841938, 41.721481016018956], [121.49346380656024, 41.721491453167445], [121.49331906117988, 41.72148791848335], [121.49317533090117, 41.721470444900056], [121.49303395488911, 41.721439195222594], [121.49289625037346, 41.721394460610725], [121.49276350037593, 41.72133665786614], [121.49263694175589, 41.721266325549074], [121.47821074731438, 41.712311755626914], [121.47808947289079, 41.71222795324412], [121.47797700980468, 41.712132651725526], [121.47787444421581, 41.71202677148582], [121.47778276669467, 41.711911335108105], [121.47770286265563, 41.71178745746797], [121.4776355038057, 41.71165633496602], [121.4775813406914, 41.71151923397321], [121.4775408964159, 41.71137747860026], [121.47751456158686, 41.71123243790956], [121.47538986659913, 41.695038093034604], [121.47538344599114, 41.69500287416601], [121.47534764727466, 41.69500308588776], [121.45763958429959, 41.69599195702342], [121.45760478774838, 41.6959956111447], [121.45760475956853, 41.69603059902518], [121.4581399648872, 41.70716286965364], [121.45813981384418, 41.70731000988921], [121.45812524739195, 41.70745642740937], [121.45809640569388, 41.70760071333451], [121.4580535662747, 41.70774147929597], [121.45799714135, 41.70787737079538], [121.45260613737427, 41.71925101658439], [121.45252772598171, 41.71939542933296], [121.45243398825164, 41.71953039831607], [121.45232604917801, 41.719654303702626], [121.45220520419224, 41.71976565844142], [121.43598684263497, 41.73314435346796], [121.43587938334296, 41.733225184681054], [121.43576511706003, 41.73329606769054], [121.43564496203939, 41.73335643287475], [121.43551988385664, 41.733405795134104], [121.4353908876503, 41.733443757789445], [121.41712426590931, 41.73794054514324], [121.41697365443159, 41.73796954619704], [121.41682086877128, 41.73798301543413], [121.41666750637908, 41.73798081202687], [121.39414239722363, 41.73650297107668], [121.39399299167671, 41.736485611449815], [121.39384607578009, 41.73645337647797], [121.39370312674853, 41.7364065902784], [121.39356558191068, 41.73634572327852], [121.37435222850475, 41.72666374448346], [121.37431850534372, 41.72664879871873], [121.3742818820081, 41.72664439885914], [121.36018796907724, 41.72565673086053], [121.36014928384269, 41.72565603875321], [121.36011225883256, 41.72566727151789], [121.3385831774238, 41.73344393211565], [121.33854824036625, 41.733458617185626], [121.33852500062258, 41.733488553177324], [121.33273363321656, 41.74179497199838], [121.3327146710683, 41.74182532271181], [121.33274580407867, 41.74184297106952], [121.34169657351941, 41.74633663385695], [121.34182547851634, 41.746409529188], [121.34194656743904, 41.746494779996326], [121.3420586600619, 41.7465915553621], [121.34216066384415, 41.74669891203831], [121.34225158457862, 41.74681580364436], [121.34233053608203, 41.7469410908649], [121.34239674883239, 41.74707355255449], [121.34244957746941, 41.74721189763981], [121.34248850708464, 41.74735477770342], [121.34251315824014, 41.74750080012654], [121.34252329066685, 41.74764854166251], [121.34290525460034, 41.767652643205835], [121.34290051541731, 41.76780380503805], [121.34288057894976, 41.76795372133681], [121.34284564786171, 41.76810086812903], [121.3427960772449, 41.768243749595015], [121.34273237100909, 41.768380913274214], [121.34265517675956, 41.768510964830206], [121.34256527921394, 41.76863258222478], [121.3424635922251, 41.76874452915718], [121.34235114949142, 41.76884566763163], [121.34222909404872, 41.76893496952568], [121.34209866665076, 41.769011527041535], [121.33675164635295, 41.77179764483188], [121.33660832785165, 41.77186299662786], [121.33645894640989, 41.77191295896282], [121.33630514927677, 41.771946980895414], [121.33614863239377, 41.77196468726126], [121.33599112169344, 41.7719658828099], [121.31225945033883, 41.77089868411874], [121.31222280069977, 41.77089886864156], [121.31219738796551, 41.77092527740947], [121.30821256093567, 41.77550354929553], [121.30811856495495, 41.7756021243381], [121.30801601466614, 41.775691766525], [121.30790575564346, 41.77577173671522], [121.30778869702317, 41.77584137551782], [121.3076658040074, 41.775900108728884], [121.26498542381171, 41.79396578640084], [121.26485151741883, 41.79401509563056], [121.26471353141665, 41.79405145749784], [121.26457271456756, 41.79407454293062], [121.26443034125296, 41.79408414300759], [121.26428769994006, 41.79408017084879], [121.26414608152149, 41.79406266240195], [121.26400676763274, 41.79403177611714], [121.26387101905347, 41.79398779151278], [121.26374006429764, 41.79393110664608], [121.2636150884954, 41.793862234510584], [121.26349722266791, 41.793781798393695], [121.26338753349158, 41.793690526235906], [121.2632870136448, 41.793589244043034], [121.26319657282424, 41.793478868410915], [121.26311702951216, 41.7933603982303], [121.26304910356926, 41.79323490564697], [121.25660671441827, 41.7798481450947], [121.25655113202906, 41.77971706788845], [121.25650822740681, 41.779581311380774], [121.25647838708662, 41.77944209862533], [121.25646187990506, 41.779300683813716], [121.25645885457816, 41.77915834097623], [121.2564693383616, 41.77901635250391], [121.25649323680518, 41.77887599759526], [121.25653033460372, 41.77873854073174], [121.25658029753681, 41.7786052202858], [121.2566426754798, 41.77847723736422], [121.25671690645909, 41.77835574498709], [121.25680232171507, 41.77824183770008], [121.25689815172703, 41.77813654171348], [121.25700353314596, 41.77804080565689], [121.26127890598183, 41.77451218700156], [121.26130368211192, 41.77448962954195], [121.26127236525353, 41.77447771526481], [121.22790767283135, 41.76360679062647], [121.2277741145301, 41.763556120818244], [121.22764598172722, 41.76349297626886], [121.22752443645902, 41.763417929636205], [121.22741058101951, 41.763331661518166], [121.22730544796364, 41.763234954280286], [121.22720999074306, 41.76312868496047], [121.22712507505928, 41.76301381731515], [121.22705147101259, 41.76289139307896], [121.22698984611809, 41.762762522517264], [121.2269407592519, 41.76262837435715], [121.22690465558281, 41.762490165188225], [121.22688186253501, 41.762349148429415], [121.2268725868186, 41.76220660296165], [121.22687691255507, 41.762063821529736], [121.22754608957402, 41.75349327554738], [121.2275471189512, 41.7534566250569], [121.22752435902822, 41.75342787955308], [121.21670197720962, 41.741077302784575], [121.21660879565947, 41.74095955986069], [121.216527852575, 41.740833090834876], [121.21645995904898, 41.74069916299408], [121.21640579541068, 41.740559118366555], [121.21636590440858, 41.740414360273974], [121.21634068577175, 41.74026633926948], [121.21633039220436, 41.740116538602315], [121.21633512685341, 41.73996645935487], [121.21635484227522, 41.739817605401086], [121.21638934091078, 41.739671468336795], [121.21643827706536, 41.73952951253315], [121.2165011603727, 41.73939316046285], [121.21657736070856, 41.739263778446215], [121.22214258372189, 41.730812492936806], [121.22223324720436, 41.73068903266701], [121.22233602881482, 41.7305754622227], [121.22244985677841, 41.730472965881425], [121.23342519422111, 41.72156157681054], [121.23345094927676, 41.72153854066059], [121.23343748174774, 41.7215067190835], [121.21902527677041, 41.691526591304104], [121.21896933909366, 41.69139437338634], [121.21892629760326, 41.69125741342298], [121.21889654657078, 41.691116966003904], [121.2188803585236, 41.69097431766502], [121.21887788174861, 41.69083077510323], [121.21888913893369, 41.69068765320678], [121.21891402696002, 41.6905462630105], [121.21895231784666, 41.690407899686384], [121.21900366083881, 41.690273830679466], [121.21906758562095, 41.69014528409769], [121.21914350662499, 41.6900234374621], [121.21923072839425, 41.689909406920464], [121.21932845195398, 41.68980423702301], [121.21943578213029, 41.689708891154126], [121.21955173575004, 41.689624242707445], [121.2196752506471, 41.689551067085375], [121.21980519539197, 41.689490034596176], [121.21994037965607, 41.68944170431376], [121.2200795651154, 41.689406518956424], [121.22022147679394, 41.68938480083146], [121.22667929580795, 41.68871083063254], [121.22671392344384, 41.68870548437358], [121.22670845819245, 41.68867087531856], [121.22450043661021, 41.678094620794226], [121.22449161636463, 41.6780606906711], [121.22445661203305, 41.67805875501583], [121.21086309764333, 41.67796723586724], [121.21070006785473, 41.677957245216206], [121.21053909087074, 41.67792958774523], [121.21038207541513, 41.677884591392335], [121.21023088323933, 41.67782278968477], [121.20167280099517, 41.67376754275027], [121.20164008005997, 41.67375393468296], [121.20160859531518, 41.673770199674046], [121.19511910987853, 41.67753099270091], [121.19498303263096, 41.67760083890999], [121.19484054985219, 41.677656464155945], [121.19469314307884, 41.67769729004722], [121.19454234504717, 41.67772289207602], [121.19438972375583, 41.67773300403232], [121.19423686616169, 41.67772752077195], [121.1940853616787, 41.6777064993099], [121.19393678565118, 41.6776701582274], [121.19379268297332, 41.677618875399205], [121.19365455202545, 41.677553184064394], [121.19352382909376, 41.67747376728176], [121.19340187343592, 41.677381450827376], [121.17846881939806, 41.66483022269676], [121.1784405828803, 41.66480881204341], [121.17842318312435, 41.66483968218268], [121.17486016305375, 41.671975983569126], [121.17478668557538, 41.67210642462174], [121.17470057120177, 41.67222889144455], [121.17460267777781, 41.67234216406074], [121.1744939804877, 41.67244511408334], [121.17437556214038, 41.672536715955886], [121.17424860238306, 41.67261605716869], [121.17411436594975, 41.672682347349], [121.17397419006254, 41.672734926134424], [121.1738294711105, 41.672773269751275], [121.17368165073931, 41.67279699623222], [121.17353220149008, 41.67280586922137], [121.17338261213025, 41.672799800328725], [121.17323437282302, 41.67277885001074], [121.17308896028277, 41.67274322696802], [121.17294782306452, 41.67269328606637], [121.17281236713383, 41.67262952480169], [121.17268394186102, 41.6725525783441], [121.17256382657915, 41.67246321321055], [121.17245321783975, 41.672362319628995], [121.16714328826819, 41.667009492565306], [121.16711757598765, 41.66698594160586], [121.1670843865532, 41.66699662947318], [121.15733351217536, 41.67066029441017], [121.15719240908336, 41.67070549347108], [121.1570475351747, 41.67073655129236], [121.1569003039704, 41.670753164845756], [121.15675215199144, 41.67075517203442], [121.1566045247427, 41.67074255327439], [121.15645886260931, 41.670715431685714], [121.15631658680297, 41.67067407189118], [121.15617908549528, 41.67061887743439], [121.15604770027355, 41.67055038684247], [121.15592371305095, 41.67046926837165], [121.15580833355914, 41.67037631348718], [121.15570268754492, 41.67027242914113], [121.1556078057865, 41.670158628923225], [121.14721815713389, 41.65902073963713], [121.14713761730262, 41.65890247428067], [121.14706871240327, 41.658777073029476], [121.14701206942014, 41.65864567694346], [121.14696820376308, 41.65850948163117], [121.14693751457759, 41.65836972637062], [121.14692028111284, 41.65822768283275], [121.1469166601808, 41.65808464351015], [121.14711317479228, 41.649314826374976], [121.14711223221711, 41.649279532293185], [121.14707742959598, 41.64927358769619], [121.13955740648925, 41.64836627951909], [121.13941410947827, 41.648341896471756], [121.13927384533154, 41.64830375809869], [121.13913793119592, 41.648252222537295], [121.13900764336951, 41.64818777373091], [121.1233042526589, 41.639448391111316], [121.12318078339189, 41.63937161268942], [121.12306532751069, 41.63928324116991], [121.12295896976619, 41.639184106836055], [121.12286270942892, 41.63907514109174], [121.12277745090051, 41.63895736771062], [121.12270399521653, 41.63883189321737], [121.1226430325204, 41.63869989649148], [121.12259513557932, 41.63856261769123], [121.12256075440283, 41.63842134660194], [121.12254021201487, 41.63827741051799], [121.12253370141879, 41.638132161772376], [121.12254128378407, 41.63798696503102], [121.12256288787158, 41.637843184471244], [121.12259831070288, 41.63770217096484], [121.12390378568034, 41.63339966375056], [121.12391219626801, 41.633366405764434], [121.12389035337632, 41.63333995354892], [121.11129625909363, 41.61946772107885], [121.11127185242118, 41.61944330736632], [121.11124453435247, 41.61946441277171], [121.10657966131262, 41.62344092952351], [121.10646116753838, 41.62353214395531], [121.10633418067876, 41.62361110714029], [121.10619996274873, 41.62367703433014], [121.10605984762681, 41.62372927033028], [121.10591522779869, 41.62376729601128], [121.10576754051853, 41.62379073346805], [121.10561825352531, 41.62379934977554], [121.10546885045618, 41.623793059303544], [121.10532081610191, 41.623771924567755], [121.10517562165074, 41.623736155608434], [121.10503471006753, 41.62368610790302], [121.10489948175332, 41.62362227883332], [121.10477128062797, 41.62354530274248], [121.09352016980844, 41.616002226728014], [121.09348954307139, 41.615983777183516], [121.0934538155963, 41.61598516651034], [121.0669930414557, 41.61830075848873], [121.06695936707287, 41.618305395991975], [121.06697988132503, 41.61833250016057], [121.07136899975549, 41.623570508516686], [121.07145742996362, 41.623687162976786], [121.07153406844235, 41.62381188149324], [121.07159818531527, 41.62394347629319], [121.07164916995708, 41.62408069411662], [121.071686536809, 41.624222228151915], [121.07170993000298, 41.62436673048146], [121.07171912675092, 41.62451282491871], [121.07171403946643, 41.62465912011448], [121.0716947165989, 41.62480422280763], [121.07166134217216, 41.62494675109397], [121.07161423403184, 41.625085347587024], [121.07155384081841, 41.62521869234522], [121.0714807376944, 41.625345515442596], [121.07139562086682, 41.625464609063044], [121.07129930095675, 41.62557483900314], [121.06882895655802, 41.628137956611084], [121.06872241093713, 41.62823822185426], [121.06860660423396, 41.628327630443465], [121.06848263816084, 41.62840533180147], [121.06835169205321, 41.6284705867263], [121.06821501165017, 41.62852277442356], [121.06807389724332, 41.628561398412224], [121.0679296913066, 41.628586091247904], [121.06778376572481, 41.628596618018456], [121.06763750874237, 41.628592878578786], [121.06749231175647, 41.62857490850358], [121.0673495560801, 41.62854287874885], [121.06721059980123, 41.628497094025604], [121.0670767648627, 41.62843798990096], [121.06694932448616, 41.62836612865448], [121.06682949105938, 41.628282193928975], [121.0667184046024, 41.62818698422676], [121.06661712192206, 41.62808140531321], [121.06652660655827, 41.62796646159987], [121.06644771961739, 41.6278432465891], [121.06259882042048, 41.62113181767272], [121.06257947182735, 41.62110170583091], [121.06255021949839, 41.621122330872375], [121.05725658717556, 41.62526950951095], [121.05713475043011, 41.62535554005547], [121.05700497230393, 41.62542904573618], [121.05686853589589, 41.625489299812315], [121.05672679013438, 41.62553570655993], [121.05658113644066, 41.62556780716175], [121.05643301487319, 41.62558528424346], [121.05628388989, 41.625587965011505], [121.05613523586969, 41.62557582296148], [121.05598852253458, 41.62554897814021], [121.05584520041963, 41.625507695958824], [121.05570668653132, 41.625452384568696], [121.05557435033782, 41.6253835908261], [121.05544950022926, 41.62530199488549], [121.05533337058185, 41.625208403474964], [121.0552271095538, 41.62510374192019], [121.05513176773356, 41.624989044995885], [121.04850083082978, 41.61615275884846], [121.04847892929317, 41.61612622431544], [121.04844896956384, 41.61610945686115], [121.03073344075302, 41.607235752265616], [121.03069757426398, 41.60722009834922], [121.03065844296347, 41.607220535894676], [121.01477484582999, 41.608238790368226], [121.01461179393769, 41.60824036219427], [121.01444953482775, 41.608224226164424], [121.01428998592617, 41.608190572959145], [121.01413503263227, 41.60813980026048], [121.00539333666455, 41.60473895703875], [121.00526756497425, 41.60468325983333], [121.00514742425935, 41.604616275466526], [121.00503392480698, 41.60453856722317], [121.00492802105657, 41.60445078856733], [121.00483060357378, 41.60435367764713], [120.99724237508579, 41.59606163589129], [120.99721749793098, 41.59603694908935], [120.99718378988, 41.59604654483489], [120.98448652370685, 41.60033147109456], [120.98435597120559, 41.600369035900265], [120.9842225555014, 41.60039463512065], [120.98408737090368, 41.60040805878444], [120.98395152623075, 41.60040919678733], [120.98381613571507, 41.60039803979514], [120.97716143250798, 41.59954480972971], [120.97701400606557, 41.59951836839432], [120.97686995152566, 41.599477356326965], [120.97673070518883, 41.59942218243984], [120.97659765541536, 41.59935339684601], [120.97647212878245, 41.59927168537455], [120.97635537685757, 41.59917786273242], [120.9762485637197, 41.59907286438139], [120.9761527543528, 41.59895773721104], [120.97606890402736, 41.59883362910065], [120.97599784877585, 41.598701777474304], [120.97594029705702, 41.598563496963024], [120.9758968226922, 41.598420166297274], [120.97586785914403, 41.598273214560244], [120.97380506365944, 41.58411264555741], [120.97379106968646, 41.58396723106854], [120.97379128732132, 41.58382114493817], [120.97380571449976, 41.58367577279031], [120.97383421438029, 41.58353249347685], [120.97387651664211, 41.583392665999234], [120.97393222004911, 41.58325761661826], [120.98171197030001, 41.56672905608896], [120.98172576078822, 41.56669548281602], [120.98169936076152, 41.566670575371184], [120.95708932752846, 41.545682205609616], [120.95697850734386, 41.54557751182928], [120.95687888636613, 41.54546211008861], [120.95679149365343, 41.545337192456856], [120.95671723194923, 41.545204049299905], [120.95665686835714, 41.54506405595111], [120.95661102641702, 41.5449186585045], [120.9565801796639, 41.544769358876984], [120.95656464673652, 41.54461769929396], [120.9565645880859, 41.54446524635855], [120.95658000431786, 41.54431357486898], [120.95661073618683, 41.544164251551365], [120.9573375205191, 41.54136254281371], [120.95734477901755, 41.54132736597735], [120.95731011030941, 41.54131797575347], [120.9407810018013, 41.53772256361021], [120.94064480370508, 41.537686157772505], [120.9405126250382, 41.53763712608427], [120.94038563339686, 41.537575901665434], [120.94026495055788, 41.53750302534003], [120.9401516425694, 41.53741914085886], [120.94004671033413, 41.537324989212934], [120.93995108076774, 41.53722140208794], [120.9398655986111, 41.5371092945176], [120.93979101896825, 41.536989656800706], [120.93652666391557, 41.531159547596715], [120.9365080058133, 41.53112969607722], [120.93647284388335, 41.531128], [120.92728852829912, 41.531128], [120.9271399251938, 41.53112062088861], [120.92699278416698, 41.531098556156124], [120.92684855291202, 41.53106202289339], [120.92670865049358, 41.53101138054441], [120.92657445338571, 41.53094712736991], [120.92644728192896, 41.530869895545], [120.92632838733977, 41.530780444939325], [120.92621893940003, 41.53067965564087], [120.92612001494783, 41.530568519296914], [120.92603258728253, 41.5304481293574], [120.9259575165888, 41.53031967031671], [120.92589554147331, 41.53018440605958], [120.92584727169778, 41.53004366742607], [120.92436430428546, 41.52490172836965], [120.9243528067732, 41.52486820036923], [120.92431843478397, 41.524876854036215], [120.91514376742083, 41.527676841860234], [120.9150033374928, 41.5277123860885], [120.91486013382101, 41.52773421875277], [120.91471549195194, 41.52774213623716], [120.91457076084505, 41.527736064701614], [120.91442729029201, 41.5277160607705], [120.91428641832836, 41.52768231100455], [120.91414945875461, 41.527635130160924], [120.91401768888356, 41.52757495825776], [120.90649357082579, 41.52368961077755], [120.90636608330907, 41.52361562723952], [120.90624647263346, 41.52352948829888], [120.90613589379316, 41.52343202573737], [120.90603541456846, 41.523324180680824], [120.90594600521493, 41.52320699451134], [120.90586852909435, 41.52308159881143], [120.90580373433785, 41.522949204437126], [120.90137138976591, 41.51263820047777], [120.90131996020928, 41.512500268849486], [120.90128229841656, 41.5123579603018], [120.90125876711491, 41.51221264543257], [120.90124959293831, 41.512065723794066], [120.90125486424479, 41.51191861041363], [120.90226156909563, 41.500090311480115], [120.90226280922688, 41.50005028823038], [120.90225125912164, 41.50001194773618], [120.89742666190303, 41.48665131376405], [120.89738466700184, 41.486515069768195], [120.89735579662765, 41.48637545422599], [120.89734031158896, 41.48623372839311], [120.89733835177415, 41.4860911725891], [120.89734993488777, 41.4859490746313], [120.89737495629055, 41.48580871820098], [120.8974131899447, 41.4856713712468], [120.89746429045594, 41.48553827453053], [120.89752779619364, 41.48541063041821], [120.89760313346113, 41.485289592018276], [120.89768962167834, 41.48517625276464], [120.89778647953, 41.485071636538834], [120.89789283202389, 41.48497668842051], [120.8980077183953, 41.484892266149785], [120.89813010078639, 41.48481913237863], [120.90494205178149, 41.481176085977644], [120.90497148978045, 41.48115846406542], [120.9049518150664, 41.481130356536006], [120.89749418307397, 41.47150164106299], [120.89747189095503, 41.47147556385582], [120.89744746513401, 41.47149965407292], [120.89399574959492, 41.475249512650855], [120.89389252001156, 41.47535131315469], [120.8937799446423, 41.47544267220294], [120.89365907517572, 41.475522736311675], [120.89353104078454, 41.47559075751526], [120.89339703757685, 41.475646100353885], [120.89325831742187, 41.47568824781008], [120.89311617625498, 41.47571680613877], [120.89297194197094, 41.47573150854564], [120.87917918469789, 41.47646649187182], [120.87903254038734, 41.47646712770973], [120.87888653478467, 41.476453441143434], [120.87874256337628, 41.476425562985824], [120.8786020022062, 41.47638375968962], [120.87846619472425, 41.47632843080065], [120.87833643894564, 41.47626010513912], [120.87821397504483, 41.476179435745244], [120.87809997350232, 41.47608719363766], [120.87799552391738, 41.475984260444214], [120.87790162459399, 41.47587161997558], [120.87781917299925, 41.47575034882223], [120.87774895718569, 41.47562160606464], [120.8776916482591, 41.475486622195085], [120.87764779396441, 41.475346687356875], [120.87761781345043, 41.475203139013495], [120.87760199326365, 41.47505734916543], [120.87760048460964, 41.474910711236944], [120.8785774411596, 41.44962235032918], [120.8785768295013, 41.449582150093455], [120.87857190197654, 41.449542248306784], [120.87610221069538, 41.435711016162905], [120.87608360606812, 41.43556663730129], [120.87607908428748, 41.43542113492559], [120.87608868794138, 41.43527587943458], [120.87611232657879, 41.4351322389018], [120.87614977756171, 41.43499156619047], [120.87620068816202, 41.43485518621168], [120.87626457888356, 41.434724383445904], [120.88370105392377, 41.421205624151035], [120.88371609920071, 41.42117473661302], [120.88368176789777, 41.42117340920732], [120.87135061539477, 41.42130893735402], [120.87119976179916, 41.42130299752063], [120.87105026933216, 41.42128192404836], [120.87090365232511, 41.42124593040763], [120.87076139598152, 41.421195381207454], [120.87062494133217, 41.42113078850199], [120.87049567063772, 41.42105280660354], [120.8703748933867, 41.4209622254545], [120.86471498837925, 41.4162542809097], [120.8646867717976, 41.41623303881556], [120.86465455709484, 41.41624751690157], [120.85056859313909, 41.42341877603881], [120.85043229122536, 41.42347982510374], [120.85029059403618, 41.42352701733395], [120.8501449062756, 41.423559884892946], [120.84999667220794, 41.423578101950724], [120.84984736134005, 41.4235814879139], [120.84969845385363, 41.423570009216], [120.84955142593148, 41.4235437796502], [120.84940773512346, 41.42350305924126], [120.84926880589722, 41.42344825166779], [120.84913601551683, 41.4233799002604], [120.84901068038943, 41.42329868261545], [120.84272108547577, 41.41876299549225], [120.84260210793911, 41.41866764170769], [120.84249342512167, 41.418560702268515], [120.84239615998254, 41.41844328212046], [120.8423113175083, 41.4183165945006], [120.84223977432906, 41.41818194840165], [120.84218226966067, 41.41804073504686], [120.8421393976669, 41.417894413515256], [120.8421116013202, 41.41774449566586], [120.84209916782477, 41.417592530516394], [120.84210222564901, 41.41744008823824], [120.84301241987126, 41.404624328849636], [120.84301321205002, 41.40458889288072], [120.84298440818606, 41.404568236819685], [120.83311339770269, 41.39819128380732], [120.83308228885403, 41.39817331688375], [120.83305654371294, 41.39819837199343], [120.82241201833932, 41.409643948402454], [120.822386897902, 41.40967399948947], [120.82237633066488, 41.40971171470799], [120.81988862365935, 41.42082108456784], [120.81984735343099, 41.42096928394671], [120.81979112106569, 41.42111247685414], [120.81972051803514, 41.421249157137005], [120.81963628696674, 41.42137788714424], [120.81953931383237, 41.42149731284857], [120.81943061862937, 41.42160617808862], [120.81931134465196, 41.4217033377817], [120.81918274646559, 41.42178776996814], [120.81286522497035, 41.425486510827994], [120.81273907881798, 41.4255525357073], [120.81260724091332, 41.42560630282866], [120.81247089909459, 41.425647327759016], [120.81233128177956, 41.42567524087036], [120.81218964689765, 41.42568979067008], [120.81204727055628, 41.425690846066814], [120.81190543554328, 41.42567839755162], [120.81176541976919, 41.42565255728362], [120.81162848475351, 41.42561355807943], [120.81149586425863, 41.42556175131559], [120.81136875317375, 41.42549760376267], [120.81124829674921, 41.42542169337977], [120.80670928691708, 41.4222506424067], [120.80659444128796, 41.42216183896446], [120.80648871811485, 41.42206234936426], [120.80639310769826, 41.4219531055172], [120.80630850561329, 41.42183513070166], [120.80623570432091, 41.421709529978294], [120.80617538574501, 41.42157747983902], [120.80612811488483, 41.42144021718693], [120.80609433452277, 41.42129902775028], [120.80607436107674, 41.42115523403923], [120.80606838163645, 41.42101018295797], [120.8060764522108, 41.42086523318836], [120.8060984972034, 41.42072174246328], [120.80613431012054, 41.420581054848874], [120.8061835555055, 41.42044448815476], [120.80624577208071, 41.42031332159023], [120.8063203770685, 41.420188783781995], [120.81597437885108, 41.405711922876485], [120.81599255208074, 41.40568150800121], [120.81596377711227, 41.40566083598862], [120.79997977133492, 41.395338226586006], [120.79994958102425, 41.39532069220065], [120.79991469713143, 41.395322114717914], [120.7921950019654, 41.396003211574914], [120.79205287593494, 41.39600898057411], [120.79191084248608, 41.396001261164436], [120.79177017885237, 41.39598012276257], [120.79163214994934, 41.395945755455266], [120.79149799699975, 41.39589846829], [120.79136892637192, 41.39583868649585], [120.79124609873142, 41.39576694765969], [120.79113061860393, 41.39568389689187], [120.79102352444266, 41.39559028102512], [120.79092577929022, 41.395486941898675], [120.79083826211833, 41.395374808788006], [120.7789229753715, 41.37851726082078], [120.77890206860869, 41.37849040187778], [120.77886920651902, 41.378481537420086], [120.7711809073363, 41.37678373815786], [120.77103721294468, 41.37674443031401], [120.77089812630331, 41.376691062805484], [120.77076501931244, 41.37662416203004], [120.77063920489118, 41.37654438787269], [120.77052192402743, 41.37645252719681], [120.77041433353713, 41.37634948608284], [120.77031749465388, 41.37623628089098], [120.77023236256134, 41.37611402823623], [120.77015977697162, 41.37598393397448], [120.7701004538427, 41.375847281308396], [120.77005497831641, 41.37570541813036], [120.76882163557113, 41.37107906797123], [120.76879138408614, 41.37093903279168], [120.76877463012865, 41.37079675029534], [120.76877152653202, 41.370653518415004], [120.76878210160795, 41.37051064374396], [120.76880625888823, 41.370369429616964], [120.76884377800475, 41.37023116422088], [120.7688943166997, 41.37009710884364], [120.76895741394782, 41.36996848636839], [120.76903249416185, 41.369846470118176], [120.76911887244327, 41.36973217315255], [120.76921576083008, 41.36962663811401], [120.7693222754847, 41.36953082771684], [120.7694374447566, 41.369445615964906], [120.7695602180459, 41.369371780178916], [120.76968947538714, 41.36930999390544], [120.76982403766591, 41.36926082077269], [120.769962677375, 41.369224709349005], [120.77449065063163, 41.368273634972844], [120.77452454289882, 41.36826474406864], [120.77451189827438, 41.36823206613374], [120.77009691955182, 41.35831152451822], [120.77008082892587, 41.35827966135457], [120.77004541120634, 41.358275216741546], [120.75976497930934, 41.35749319863937], [120.75961376798413, 41.35747392842616], [120.75946529321823, 41.35743941104104], [120.75932108834061, 41.35739000295204], [120.75918264258429, 41.35732621440649], [120.75905138570664, 41.35724870416165], [120.75892867322405, 41.35715827268151], [120.75881577241317, 41.35705585387029], [120.75871384922357, 41.35694250542783], [120.75862395623669, 41.35681939792645], [120.75854702179562, 41.35668780272227], [120.75848384041792, 41.35654907882563], [120.75303456786519, 41.34276766975228], [120.75298844223798, 41.34263253277665], [120.75295537535217, 41.34249362216967], [120.75293566686098, 41.34235219674394], [120.75292949536345, 41.342209538101415], [120.75293691678586, 41.34206693901952], [120.75295786387504, 41.34192569173592], [120.75299214680778, 41.34178707623827], [120.75303945491099, 41.341652348664844], [120.75309935947702, 41.341522729921465], [120.75317131764871, 41.34139939461753], [120.75325467733867, 41.34128346042173], [120.75658350888894, 41.337090330705465], [120.75660391933943, 41.33706190813937], [120.75658609311769, 41.33703179743448], [120.7485440663066, 41.324830497506454], [120.74846897969212, 41.324703373247345], [120.74840675435054, 41.3245694830543], [120.74835799313693, 41.324430124089844], [120.74832316846243, 41.32428664649935], [120.74830261771741, 41.32414044033051], [120.74829654000277, 41.32399292206618], [120.74830499420095, 41.32384552090112], [120.74832789840552, 41.32369966489562], [120.75154039431631, 41.30824872980416], [120.75158014381222, 41.30809755806191], [120.7516354092254, 41.307951343657045], [120.75170559042459, 41.30781167434273], [120.75178992530692, 41.307680066798476], [120.75554267186897, 41.30244574840607], [120.75556192380655, 41.302415924262114], [120.7555448960697, 41.30238477666444], [120.74926330354388, 41.29211818397591], [120.74924170344697, 41.29208667507639], [120.74920578577226, 41.292073663713396], [120.73813914279943, 41.288702516599166], [120.73799967761929, 41.28865237877701], [120.73786584085582, 41.28858872299622], [120.73773893901385, 41.288512170659935], [120.73762021090003, 41.28842346906654], [120.73751081552962, 41.288323484114585], [120.73741182081234, 41.28821319184997], [120.73732419312748, 41.28809366893782], [120.73724878789018, 41.287966082152174], [120.73718634120092, 41.287831676986045], [120.73713746265977, 41.28769176549295], [120.73360017817627, 41.275692741656755], [120.73356475190411, 41.27554555147018], [120.73354434289303, 41.27539553999046], [120.73353915904254, 41.27524423533265], [120.73354925315874, 41.275093178784964], [120.73357452241639, 41.2749439091082], [120.73361470940627, 41.274797946860936], [120.73366940475744, 41.2746567789101], [120.73373805130724, 41.27452184328478], [120.73381994977704, 41.274394514527515], [120.73391426589544, 41.27427608969232], [120.73402003889677, 41.27416777513203], [120.73717950476366, 41.271243354721996], [120.73728917875277, 41.27115116362277], [120.73740714815153, 41.27106985677419], [120.73753233668144, 41.271000175968744], [120.73766360220121, 41.270942756930204], [120.73779974712691, 41.2708981235137], [120.73793952935804, 41.27086668292642], [120.75323472401948, 41.26818653180709], [120.75327066816953, 41.26817834610638], [120.75328633080974, 41.2681449744218], [120.75559967899498, 41.26249097725148], [120.75566229296982, 41.26235715807348], [120.75573776782173, 41.262230147723606], [120.75582537134126, 41.26211117837625], [120.75592425365429, 41.26200140419705], [120.75603345546688, 41.26190189014593], [120.75615191737188, 41.2618136016455], [120.75627849012655, 41.261737395215164], [120.75641194580174, 41.26167401016169], [120.7565509896946, 41.261624061406934], [120.75669427288891, 41.26158803352222], [120.75684040534138, 41.261566276027416], [120.75698796936705, 41.261559], [120.7640018061485, 41.261559], [120.76403689246064, 41.26155730580191], [120.76405252068317, 41.26152584664946], [120.76971954906082, 41.24858699411236], [120.76973150315894, 41.24855569191419], [120.76969799974297, 41.248555192723174], [120.76431062803253, 41.2487336815344], [120.764176251538, 41.248732110417166], [120.76404255494232, 41.248718518838935], [120.76391061135445, 41.24869301589182], [120.76378147981288, 41.24865580627392], [120.76365619678536, 41.24860718864635], [120.74691666826807, 41.24123227375912], [120.74688149939143, 41.24121885581026], [120.74684435354159, 41.24121276671683], [120.73900773230231, 41.24033155137276], [120.73886595572031, 41.24030869110349], [120.73872701498982, 41.24027237768275], [120.7385921836225, 41.24022294395435], [120.73846269746416, 41.24016084302107], [120.73833974336715, 41.240086644091534], [120.73822444831184, 41.24000102726295], [120.73811786907689, 41.23990477728741], [120.73802098255292, 41.23979877637897], [120.73072118620475, 41.23100114892535], [120.7306959259771, 41.23097365648805], [120.73066051885225, 41.23096181382311], [120.7216861668049, 41.22845601718354], [120.72154759216028, 41.228409944261394], [120.72141415435372, 41.22835061468973], [120.72128711811747, 41.228278590798084], [120.72116768750922, 41.228194555233586], [120.72105699450003, 41.22809930449077], [120.72095608824546, 41.227993741362376], [120.72086592514154, 41.227878866382596], [120.72078735976001, 41.22775576834396], [120.7207211367487, 41.22762561397768], [120.7206678837736, 41.2274896368953], [120.72062810556986, 41.22734912589645], [120.72060217915791, 41.22720541275352], [120.72059035026993, 41.22705985958901], [120.72039350803446, 41.22098536484775], [120.72039618496332, 41.22083490308091], [120.7204139243018, 41.22068546672289], [120.72044654750611, 41.22053855982799], [120.72049372622868, 41.22039566099187], [120.7205549856228, 41.220258208469666], [120.72062970912194, 41.2201275857002], [120.7207171446454, 41.22000510738186], [120.7208164121679, 41.219892006240364], [120.72092651257684, 41.21978942062159], [120.72104633772827, 41.21969838303423], [120.72117468160022, 41.21961980975783], [120.72131025243101, 41.219554491620514], [120.72145168572081, 41.21950308603944], [120.72159755796496, 41.219466110403985], [120.7217464009814, 41.219443936868345], [120.7341013819361, 41.21823297348683], [120.73423803510413, 41.21822585105302], [120.73437476872193, 41.21823121157158], [120.73451044487305, 41.21824901043151], [120.73464393444142, 41.21827909950817], [120.73477412650801, 41.21832122839606], [120.74268033753798, 41.22128438370344], [120.74271367440295, 41.2212950867639], [120.74274159424841, 41.22127395895537], [120.75239110873976, 41.2132166677854], [120.7525224991682, 41.21311862825807], [120.7526638037297, 41.21303551258866], [120.75281333460762, 41.2129683135548], [120.75296930572584, 41.212917833817414], [120.76379400949567, 41.210057510144], [120.76382890029997, 41.21004641208912], [120.76385156041087, 41.21001765353506], [120.769294959574, 41.2023560220904], [120.76931464990273, 41.20232509817212], [120.76929244906644, 41.202295924200364], [120.76540326372522, 41.197689941560824], [120.7653133234734, 41.197572066358326], [120.76523545988996, 41.19744588761751], [120.76517043374751, 41.197312638178275], [120.7651188803894, 41.197173619965355], [120.76508130352195, 41.19703019126776], [120.76505807029314, 41.196883753467525], [120.76504940770513, 41.19673573734736], [120.76505540039646, 41.19658758911109], [120.76507598981505, 41.19644075625339], [120.76511097479026, 41.19629667341691], [120.76516001349849, 41.196156748374996], [120.76522262680295, 41.19602234827691], [120.76529820293514, 41.19589478629002], [120.76538600347217, 41.195775308769306], [120.7654851705516, 41.195665083079845], [120.76559473525322, 41.1955651861909], [120.76571362706598, 41.19547659415335], [120.76584068434752, 41.195400172563055], [120.76597466567414, 41.19533666810354], [120.7661142619701, 41.1952867012504], [120.76625810929819, 41.19525076020894], [120.77143529869689, 41.19422606617231], [120.77146659418513, 41.19421827765928], [120.77143942413879, 41.194200903624115], [120.76393141702914, 41.18989800534796], [120.76389992741, 41.18988192484828], [120.76386731609735, 41.189895587969076], [120.7471586304526, 41.197864479497945], [120.74702419024457, 41.197920753854035], [120.74688492335677, 41.197963715542215], [120.74674214452882, 41.19799295898556], [120.7465972016546, 41.19800820811333], [120.74645146305747, 41.19800931896716], [120.74630630457281, 41.19799628106012], [120.74616309655947, 41.19796921747569], [120.746023190963, 41.19792838370579], [120.73624038125143, 41.19454931949323], [120.73611195562835, 41.194498223041954], [120.7359887784863, 41.194435522326856], [120.73587189568067, 41.19436174971847], [120.73576229962381, 41.19427753159502], [120.7272531808972, 41.18709164305429], [120.7272232256125, 41.1870688532632], [120.72718596134848, 41.18706355531217], [120.69829580736352, 41.18444733318538], [120.6982611559238, 41.184445910155986], [120.69826674224916, 41.18448013792631], [120.7008450769108, 41.1965148407567], [120.70086902061531, 41.196661946654345], [120.70087824756068, 41.1968107025268], [120.70087266665256, 41.196959639760465], [120.70085233298926, 41.19710728795126], [120.70081744731776, 41.19725218942135], [120.70076835405186, 41.19739291361028], [120.70070553787181, 41.19752807119843], [120.70062961893932, 41.1976563278232], [120.7005413467749, 41.197776417252776], [120.70044159285806, 41.197887153887116], [120.7003313420236, 41.197987444463], [120.70021168273863, 41.198076298847404], [120.7000837963565, 41.19815283981273], [120.69994894545376, 41.19821631169737], [120.69980846136521, 41.19826608786611], [120.69966373104006, 41.19830167689659], [120.6995161833491, 41.19832272743105], [120.69936727497796, 41.198329031645066], [120.6992184760458, 41.1983205272994], [120.69907125559129, 41.19829729835442], [120.6989270670694, 41.19825957414118], [120.69057970047356, 41.195626156511736], [120.69043465720809, 41.19557202087186], [120.6902959664387, 41.19550322343838], [120.69016510557445, 41.195420497078764], [120.69004346861603, 41.1953247230389], [120.68993235130606, 41.19521692155565], [120.67675038795761, 41.181036235694684], [120.67672510225458, 41.18101151349737], [120.67669128338602, 41.1810011772525], [120.66419141495928, 41.177824508494666], [120.66415446075585, 41.177817117225366], [120.66412392009167, 41.177839196895874], [120.65765954226518, 41.18303927514744], [120.6575313165376, 41.18313173187301], [120.6573940725683, 41.18321018043071], [120.65724933468536, 41.183273749515664], [120.65709871044959, 41.183321733084874], [120.65694387279973, 41.183353598199055], [120.65678654147167, 41.18336899094183], [120.6414811378477, 41.18405524721291], [120.64133467591168, 41.18405465653562], [120.64118896976417, 41.184039784878486], [120.64104540856422, 41.18401077402752], [120.64090536102097, 41.18396790057151], [120.6407701623444, 41.18391157326499], [120.64064110151557, 41.18384232913119], [120.6405194089974, 41.18376082834205], [120.64040624500356, 41.18366784792422], [120.64030268843689, 41.18356427435083], [120.64020972660332, 41.18345109508991], [120.64012824579878, 41.18332938918991], [120.64005902285936, 41.18320031699203], [120.64000271775498, 41.18306510906761], [120.63995986729718, 41.18292505448586], [120.63637908931618, 41.16878788527455], [120.63636850875939, 41.16875336588273], [120.63633504868812, 41.16873980268872], [120.61555957276323, 41.16148957563911], [120.61542123404382, 41.16143342871158], [120.61528916207926, 41.1613638077741], [120.61516466526712, 41.16128140254053], [120.61504897696014, 41.161187029374936], [120.61494324324786, 41.161081623204105], [120.61484851160267, 41.16096622825553], [120.61476572050269, 41.16084198771255], [120.61184454158304, 41.15594672099433], [120.61177592739034, 41.15581787731953], [120.61172016185782, 41.1556829743716], [120.61167777311233, 41.15554328974742], [120.61164916259602, 41.15540014632867], [120.61163460126446, 41.155254899753494], [120.61163422702057, 41.15510892557798], [120.61164804340865, 41.15496360624893], [120.61330399988077, 41.143500612224344], [120.61330732450983, 41.14346639140971], [120.61328918278231, 41.14343718533106], [120.60284956963294, 41.12825775896657], [120.60277168132411, 41.128131572625], [120.60270663305784, 41.127998312336445], [120.60265506056041, 41.12785928047334], [120.60261746785746, 41.12771583581455], [120.60259422234797, 41.12756938026587], [120.60258555121376, 41.12742134515895], [120.6025915391991, 41.12727317726269], [120.60344286213854, 41.11782283269475], [120.60344435823652, 41.117788236846124], [120.6034331448285, 41.11775547451181], [120.59866693483771, 41.105696257203626], [120.59865164459119, 41.10566264549267], [120.59861572650208, 41.10565407638389], [120.56091664592608, 41.09865140756755], [120.56081611876937, 41.09862914017889], [120.53858793640411, 41.092898518760165], [120.53844894851176, 41.092855396586245], [120.53831479330944, 41.0927990091958], [120.53818673347527, 41.09272988731086], [120.53806597431726, 41.092648681511406], [120.537953652429, 41.09255615611206], [120.53785082499189, 41.092453181968295], [120.5377584598249, 41.09234072827989], [120.5376774262754, 41.092219853468784], [120.53760848703676, 41.09209169521706], [120.53755229096991, 41.09195745975909], [120.5375093669961, 41.09181841052831], [120.53748011911875, 41.09167585626574], [120.53746482262095, 41.091531138701974], [120.53607114649331, 41.06701276238231], [120.53606720416067, 41.06697612836719], [120.53603590908699, 41.066956680709445], [120.52755757673465, 41.06226303463892], [120.52752478720586, 41.06224695338544], [120.52748930421455, 41.062255597299], [120.50776607965453, 41.06811099186049], [120.50773005824256, 41.06812374008627], [120.50770216868098, 41.068149859652536], [120.497725175136, 41.07850923010715], [120.49761937198733, 41.07860893246503], [120.497504414067, 41.0786979242792], [120.49738138120624, 41.078775369625156], [120.49725142908643, 41.07884054103756], [120.49711577838345, 41.07889282634347], [120.49697570330149, 41.07893173441269], [120.49683251960418, 41.078956899771065], [120.49668757225523, 41.078968086033484], [120.49654222278478, 41.07896518812433], [120.47755783646885, 41.07766437305246], [120.47741280549786, 41.07764731045366], [120.47727012096176, 41.07761622608498], [120.47713113520012, 41.07757141455872], [120.47699716549623, 41.077513300590866], [120.47686948159199, 41.07744243497566], [120.47674929365358, 41.07735948936526], [120.47663774080173, 41.07726524990397], [120.45699339911064, 41.058958715680646], [120.45689478219833, 41.05885773760594], [120.45680609303885, 41.05874793733291], [120.45672811690048, 41.0586302870511], [120.45666154419668, 41.05850582845528], [120.456606964373, 41.05837566352217], [120.45656486068812, 41.0582409447533], [120.45487281189352, 41.051772355014776], [120.45484340657578, 41.05163335049894], [120.45482728496881, 41.05149218739497], [120.45482459171515, 41.05135013221373], [120.45483535097858, 41.051208459469755], [120.45743512869008, 41.03020926973935], [120.45743767671979, 41.03017794814488], [120.4574349512412, 41.03014675274127], [120.45553048277763, 41.01544856451159], [120.45551898310546, 41.0153087885446], [120.45552058829675, 41.015168549510214], [120.45553528431887, 41.015029073382], [120.45556294269876, 41.01489157946422], [120.45902775591571, 41.00104992937311], [120.45903481581749, 41.00101409629675], [120.45900186477398, 41.00099834573145], [120.45312557120202, 40.998547449755215], [120.45298870298296, 40.99848205428845], [120.45285913931276, 40.998403169994546], [120.45273820516574, 40.99831160357851], [120.45262713726699, 40.99820829143825], [120.452527071445, 40.99809429008856], [120.45243903101633, 40.997970765356705], [120.45236391632059, 40.99783898046021], [120.45230249551328, 40.997700283088605], [120.4522553967102, 40.99755609162141], [120.45222310156419, 40.99740788062316], [120.4522059403394, 40.99725716576382], [120.45220408853396, 40.997105488318965], [120.45221756508525, 40.99695439940797], [120.45224623217621, 40.99680544413161], [120.4522897966447, 40.99666014577117], [120.45437078223452, 40.99081233334721], [120.45438106674442, 40.990778280172535], [120.45436153823199, 40.990748547580026], [120.44489139963815, 40.97775248411882], [120.44486538932509, 40.97772064324206], [120.44483303422592, 40.9776952754397], [120.4253086410576, 40.964057793132895], [120.4252006072341, 40.96397478619332], [120.42510055051498, 40.96388231937767], [120.42500929632189, 40.963781155494395], [120.4189831120725, 40.956457518764246], [120.41895684371787, 40.956428819230055], [120.41891970707262, 40.95641721926037], [120.40663115928663, 40.95327849118628], [120.40659411475508, 40.95327102248534], [120.40655815280205, 40.95328263354739], [120.39996161395726, 40.95579145515962], [120.39992723826805, 40.95580656880579], [120.39990455312736, 40.95583649362315], [120.38871375192434, 40.97226960635525], [120.38862742890039, 40.9723841803799], [120.38853055581926, 40.97248998433889], [120.38842401869815, 40.97258605053176], [120.38830879194315, 40.97267150032122], [120.38818592943718, 40.9727455521694], [120.38805655490106, 40.97280752878586], [120.38792185161562, 40.97285686332223], [120.38778305159936, 40.9728931045567], [120.38764142434016, 40.972915921020935], [120.38197226827864, 40.97355292478497], [120.38193654130357, 40.97355871040738], [120.38190399079303, 40.97357453299956], [120.33952800472258, 40.99678592170812], [120.33949881327372, 40.99680387050815], [120.33952915508853, 40.99681979766677], [120.3441874459666, 40.9989743851729], [120.344317353169, 40.999042365949904], [120.34444000285316, 40.999122704746625], [120.34455422318214, 40.99921463397879], [120.34465892285598, 40.99931727532317], [120.3447531015383, 40.99942964810937], [120.34483585941385, 40.99955067868945], [120.34490640578565, 40.999679210695994], [120.34496406662961, 40.999814016090376], [120.34500829103439, 40.999953806895874], [120.34503865646491, 41.000097247503476], [120.34505487279952, 41.0002429674327], [120.3450567851018, 41.00038957442565], [120.345044375101, 41.000535667749105], [120.34501776136646, 41.00067985157765], [120.34497719817492, 41.00082074832982], [120.34492307308089, 41.00095701182999], [120.34485590321403, 41.00108734017021], [120.3447763303381, 41.00121048814907], [120.34468511471954, 41.0013252791688], [120.34458312786346, 41.00143061647684], [120.34447134418704, 41.001525493644635], [120.34435083170968, 41.001609004183365], [120.34422274184865, 41.00168035020486], [120.34408829841819, 41.00173885004491], [120.34394878593667, 41.001783944776086], [120.34380553735392, 41.00181520354796], [120.33944710075593, 41.00254521306277], [120.33929733780225, 41.002562614571495], [120.3391465844967, 41.002564893971574], [120.33899636390024, 41.0025520282342], [120.33884819369187, 41.00252414734195], [120.33870357083553, 41.002481532975544], [120.33856395645624, 41.002424615668005], [120.33843076107838, 41.002353970455026], [120.33830533037514, 41.00227031106534], [120.33818893157317, 41.00217448270993], [120.33808274064981, 41.00206745354289], [120.3379878304522, 41.00195030488012], [120.33790515985827, 41.0018242202748], [120.3378355640892, 41.00169047355997], [120.33506557950345, 40.99564301333997], [120.33504942411032, 40.995611935646444], [120.33502272479807, 40.99563460647536], [120.32943959012135, 41.00087615888984], [120.32933035835912, 41.00096928714324], [120.32921272504261, 41.001051548022836], [120.32908776740281, 41.001122188221885], [120.32895662974346, 41.00118056085043], [120.328820512962, 41.00122613135919], [120.32868066355236, 41.00125848243472], [120.32853836219014, 41.00127731782099], [120.32839491200478, 41.00128246503231], [120.3282516266461, 41.001273876932935], [120.3214720619004, 41.00054066761064], [120.32132066505743, 41.00051641191203], [120.32117253529455, 41.00047682761808], [120.32102922035996, 41.00042232832911], [120.32089221769363, 41.00035348348622], [120.32076295878117, 41.000271012421436], [120.32064279419687, 41.00017577684165], [120.32053297949203, 41.000068771825056], [120.32043466207622, 40.99995111542393], [120.32034886922851, 40.99982403698258], [120.32027649736375, 40.999688864292416], [120.32021830266639, 40.99954700971838], [120.31839169927505, 40.99435311006126], [120.31837738688442, 40.99431821192906], [120.31834785317622, 40.99429474952824], [120.30593384427308, 40.98542650804603], [120.3058240966492, 40.98534011567161], [120.30572286045458, 40.985243889811244], [120.30563101343776, 40.985138664772364], [120.30554935194027, 40.98502535288802], [120.3054785839921, 40.984904936606654], [120.30541932317286, 40.984778459974], [120.30537208329183, 40.984647019580876], [120.30533727393313, 40.984511755055394], [120.30531519690447, 40.98437383918208], [120.30407402278333, 40.973353717439906], [120.30406851819471, 40.97331962313059], [120.3040340648008, 40.97331723858234], [120.29203996700164, 40.973063100076004], [120.29189218227634, 40.97305265057213], [120.29174614922533, 40.973027673278985], [120.29160329245079, 40.97298841185858], [120.2914650055693, 40.972935249319455], [120.29133263761649, 40.972868704280316], [120.2912074798869, 40.9727894259107], [120.29109075333687, 40.972698187598134], [120.29098359667368, 40.97259587940347], [120.29088705524711, 40.97248349937803], [120.29080207085171, 40.97236214382727], [120.29072947253921, 40.97223299661598], [120.29066996853092, 40.97209731761922], [120.29062413930872, 40.97195643043189], [120.2905924319523, 40.971811709456524], [120.29057515577773, 40.97166456649558], [120.29057247932, 40.97151643697882], [120.29087192190791, 40.96196439051843], [120.29087142861032, 40.961930443193175], [120.29085326597061, 40.96190181422119], [120.27950272859076, 40.945690034576906], [120.27948014006692, 40.945661008982015], [120.27944354651636, 40.9456647020337], [120.26718698884822, 40.94753067812158], [120.26704881721786, 40.94754520550992], [120.26690989415093, 40.94754688656054], [120.2667714114496, 40.94753570685193], [120.26663455713815, 40.947511762293296], [120.25708033556644, 40.945379884588576], [120.25704608186538, 40.945373959740586], [120.25703284321241, 40.94540610251459], [120.25280160537575, 40.957275673237376], [120.25274515742097, 40.95741232237253], [120.25267553106835, 40.95754275062391], [120.2525934027567, 40.957665690845815], [120.25249957038477, 40.95777994864079], [120.25239494555937, 40.9578844139635], [120.25228054473897, 40.95797807190511], [120.25215747935842, 40.958060012553425], [120.25202694503113, 40.95812943983291], [120.25189020993335, 40.95818567923879], [120.2517486024835, 40.95822818439005], [120.2516034984362, 40.95825654233767], [120.25145630751646, 40.95827047757652], [120.25130845972382, 40.95826985472199], [120.25116139143952, 40.958254679825295], [120.25101653147166, 40.958225100314635], [120.25087528717398, 40.95818140356296], [120.25073903077295, 40.95812401409601], [120.25060908603633, 40.95805348946796], [120.23915799062297, 40.95108707026412], [120.23912471478583, 40.95106910406512], [120.23908785687034, 40.95107756336253], [120.21927757303321, 40.95671153152433], [120.21913585498545, 40.95674449880189], [120.2189916095615, 40.95676358031423], [120.21884619400474, 40.95676859651834], [120.21870097656874, 40.95675950021542], [120.21855732364281, 40.956736376995], [120.21841658689544, 40.956699444429596], [120.21828009055598, 40.9566490500275], [120.21814911895468, 40.956585667963004], [120.21802490443805, 40.95650989461475], [120.2179086157734, 40.956422442954256], [120.2178013471516, 40.956324135837384], [120.2085395187927, 40.94697006365002], [120.20844419945455, 40.94686417894518], [120.20835935555108, 40.94674972869838], [120.20828575246283, 40.94662774537023], [120.20822405416644, 40.94649932937758], [120.20817481724487, 40.946365639166636], [120.20391776310134, 40.93286097152033], [120.20390674186142, 40.932830652660506], [120.20388830326033, 40.932804181563675], [120.19684423617082, 40.92357083631876], [120.19682216037182, 40.92354454049043], [120.19678809715185, 40.923540238333764], [120.1799122768998, 40.9222049495116], [120.17987532211231, 40.92220387336787], [120.17984084911245, 40.92221723101307], [120.16928162865236, 40.92692655590777], [120.16924870303357, 40.92694328349527], [120.16924169442716, 40.92697954350085], [120.16689125736974, 40.94361179759588], [120.16688797758917, 40.9436480186322], [120.16691880673429, 40.94366731330102], [120.17522640235622, 40.94830476054185], [120.17535046514134, 40.94838217837917], [120.17546639978289, 40.94847130892989], [120.17557310438158, 40.94857130505384], [120.17566956476492, 40.948681216339125], [120.1757548641264, 40.94879999813535], [120.17582819173937, 40.948926521482456], [120.17588885066245, 40.94905958384091], [120.17593626436368, 40.94919792052123], [120.17596998220014, 40.9493402167042], [120.17598968370112, 40.94948511993759], [120.17599518161391, 40.94963125299046], [120.1759864236837, 40.94977722694308], [120.1759634931501, 40.94992165438789], [120.17592660795611, 40.9500631626161], [120.17587611867656, 40.95020040666455], [120.17377639169239, 40.9551490813977], [120.17376445917735, 40.955181552664335], [120.17379864023266, 40.95518688403598], [120.1889980223884, 40.956798089613336], [120.1891458674736, 40.95682126885826], [120.18929066711469, 40.95685906450018], [120.18943098004387, 40.95691110033896], [120.1895654096519, 40.95697685843422], [120.18969261788943, 40.95705568426067], [120.1898113385852, 40.957146793222954], [120.189920390049, 40.95724927846509], [120.19001868683358, 40.95736211989697], [120.1901052505388, 40.95748419434781], [120.19017921955007, 40.95761428674569], [120.19023985761446, 40.957751102211766], [120.19028656116907, 40.95789327894895], [120.19327141254448, 40.96878501533077], [120.19328244482986, 40.96881877637595], [120.19331392844522, 40.96883521722301], [120.20362351029655, 40.973599584477554], [120.20375701206773, 40.97366962570025], [120.20388280884856, 40.973752714000945], [120.20399962989615, 40.97384801005871], [120.20410629513637, 40.973954551235295], [120.20420172708461, 40.974071261299294], [120.2042849617299, 40.97419696129772], [120.204355158273, 40.97433038146531], [120.20441160761979, 40.974470174051056], [120.20445373954412, 40.97461492693266], [120.20448112844814, 40.97476317788112], [120.20449349766133, 40.97491342933152], [120.20500480898444, 40.9909547856527], [120.20500246499016, 40.991099043814145], [120.20498627245128, 40.991242409476484], [120.20495638117333, 40.99138355628997], [120.20491306769598, 40.99152117843256], [120.20485673273454, 40.991654002690794], [120.20478789747283, 40.99178080023887], [120.19962303429426, 41.00029122700193], [120.19953664555167, 41.00041839024698], [120.19943769493553, 41.000536043471755], [120.19932722180135, 41.00064295087264], [120.1992063865347, 41.00073798951777], [120.19907645836265, 41.000820161142116], [120.19893880202221, 41.00088860263296], [120.1987948634253, 41.000942595095935], [120.19864615447135, 41.00098157140607], [120.19849423716654, 41.001005122164756], [120.19834070721686, 41.001013], [120.18859488385353, 41.001013], [120.18855828205298, 41.001014850003045], [120.18854369809101, 41.001048471757336], [120.17899822833911, 41.026503057762355], [120.17894190899648, 41.026633963447836], [120.17887342123113, 41.0267589338157], [120.17879338320348, 41.0268768409019], [120.17870251732492, 41.02698662049454], [120.17860164373742, 41.02708728173927], [120.17849167291104, 41.02717791608259], [120.17837359742617, 41.02725770547236], [120.17824848301466, 41.027325929741345], [120.17811745894065, 41.027381973107396], [120.17798170780806, 41.027425329731386], [120.17784245488649, 41.027455608282864], [120.17770095705218, 41.027472535472086], [120.17755849144366, 41.02747595851677], [120.17109617549652, 41.02732408176693], [120.1709540404401, 41.027313971254195], [120.17081350609146, 41.02729041932038], [120.17067584066984, 41.02725363850439], [120.17054228650454, 41.02720396072606], [120.17041404882373, 41.02714183429084], [120.17029228487827, 41.02706781984414], [120.17017809349831, 41.026982585311984], [120.17007250517712, 41.026886899873375], [120.15378677646926, 41.010654678637366], [120.15375563159806, 41.01062693458733], [120.15371909876325, 41.010606807806845], [120.14621966133704, 41.00700715708609], [120.14618686516856, 41.006993378471186], [120.14617058625684, 41.00702500813955], [120.1276790501017, 41.04782384173884], [120.12759043549555, 41.04799056994679], [120.1201262384695, 41.06012405062654], [120.12004066964555, 41.06024861807542], [120.11994300079272, 41.06036394312968], [120.11983422331815, 41.0604688551594], [120.11971544138926, 41.060562289234134], [120.11958786072566, 41.0606432969327], [120.11945277636028, 41.060711055970344], [120.11931155949385, 41.06076487854544], [120.11916564357631, 41.06080421832124], [120.10878207908056, 41.06304941499055], [120.10874903627565, 41.063058233101195], [120.10875653290115, 41.06309160054987], [120.1107511526344, 41.070331258072265], [120.11076256440612, 41.07036589540744], [120.11079138623349, 41.07038823988757], [120.1181273481365, 41.07551605561777], [120.11824333174528, 41.07560588012363], [120.11834998640195, 41.075706604617004], [120.1184462919837, 41.07581726569544], [120.11853132735376, 41.07593680491577], [120.1186042791719, 41.07606407891778], [120.11866444967377, 41.07619787036019], [120.11871126334485, 41.07633689956416], [120.11874427242509, 41.076479836753094], [120.1187631611916, 41.07662531477156], [120.11876774897844, 41.076771942161805], [120.11875799190467, 41.07691831647263], [120.11873398329408, 41.077063037673476], [120.11869595278247, 41.077204721545336], [120.11864426412141, 41.077342012920425], [120.1185794116989, 41.07747359864401], [120.1132528745023, 41.08706736639086], [120.11317181221219, 41.08719726945167], [120.11307792900531, 41.0873182316092], [120.11297220318227, 41.08742899238938], [120.11285573644838, 41.08752839762056], [120.11272974243364, 41.087615411460476], [120.1125955340461, 41.0876891271901], [120.1124545097908, 41.087748776662046], [120.11230813919691, 41.08779373830495], [120.11215794750458, 41.08782354360051], [120.11200549977134, 41.08783788196562], [120.09947294863262, 41.08837354896565], [120.09943920473114, 41.08837652661039], [120.09940668710198, 41.08838551150668], [120.08523323409342, 41.092996188825005], [120.08520093630024, 41.09300838623519], [120.08517756012616, 41.09303379250886], [120.07902327979215, 41.100381811110424], [120.07891783432189, 41.10049525628107], [120.07880125280799, 41.10059722345502], [120.07867477819356, 41.100686625501126], [120.07853975889776, 41.100762509252384], [120.07839763443954, 41.10082406566813], [120.07824992009012, 41.100870638459746], [120.07809819071778, 41.10090173108771], [120.0779440639973, 41.1009170120555], [120.06333915258313, 41.10160646783406], [120.06318875143789, 41.101606019206365], [120.06303915125906, 41.10159051139398], [120.062891856074, 41.10156010030698], [120.06274834673651, 41.1015150916877], [120.06261006603883, 41.10145593803691], [120.06247840420627, 41.101383234064535], [120.06235468492041, 41.10129771071065], [120.06224015201128, 41.10120022779685], [120.06213595695233, 41.10109176538196], [120.0620431472839, 41.100973413908804], [120.06196265608163, 41.10084636324131], [120.05673884911245, 41.09160657124437], [120.05671989864513, 41.09157653909028], [120.05668535791617, 41.09156829357489], [120.02923754805002, 41.08640370549206], [120.02909667061553, 41.08637008294054], [120.02895969256333, 41.08632303040883], [120.02882789095065, 41.08626298657139], [120.0287024945743, 41.086190511221666], [120.02858467251458, 41.08610628005305], [120.02847552323588, 41.08601107835938], [120.02271035856711, 41.08047037127135], [120.02268440322811, 41.08044766808445], [120.022649936821, 41.08044875486104], [120.01570152554629, 41.080994681045105], [120.0155485712994, 41.080998870195245], [120.01539598607165, 41.080987455341166], [120.01524535760053, 41.08096055526102], [120.01509825326238, 41.08091844986569], [119.99995298371314, 41.07573419182235], [119.99980531970292, 41.07567471765596], [119.99966479021522, 41.075599929291435], [119.99953297803904, 41.07551066907299], [119.99941136778001, 41.075407942341904], [119.99930132913913, 41.07529290611328], [119.99920410148583, 41.07516685604459], [119.9946631756784, 41.068585082196876], [119.9945866268195, 41.068461763743834], [119.99452235508919, 41.06833162415207], [119.99447096227566, 41.0681958819428], [119.99443292957938, 41.068055808095586], [119.99440861310755, 41.06791271414792], [119.99439824053985, 41.067767939915065], [119.99440190899652, 41.0676228409451], [119.99441958412915, 41.06747877582667], [119.99445110044218, 41.0673370934683], [119.99449616284248, 41.067199120468274], [119.99455434940245, 41.06706614869345], [119.99462511531047, 41.06693942318331], [119.9947077979722, 41.066820130492374], [119.99480162321449, 41.06670938758031], [119.9949057125341, 41.06660823135362], [119.99501909132343, 41.066517608956865], [119.99514069799572, 41.06643836890441], [119.9952693939251, 41.06637125313561], [120.00459158118444, 41.062069881264875], [120.00462438562177, 41.062052684561046], [120.00463460262809, 41.062017083008925], [120.00881936663922, 41.04405874585972], [120.00885991672357, 41.04391675749024], [120.00891423120306, 41.04377944418525], [120.0089817837099, 41.04364813666364], [120.00906191958505, 41.043524107441584], [120.00915386222259, 41.04340855850039], [120.00925672059596, 41.04330260963802], [120.00936949789293, 41.04320728761697], [120.00949110117588, 41.04312351621382], [120.00962035197352, 41.04305210726677], [120.00975599770166, 41.042993752808066], [120.01806692608545, 41.0398937098435], [120.018099348743, 41.039879790947474], [120.01810282673173, 41.03984467872771], [120.01871866318523, 41.02759987935566], [120.01873301790839, 41.02745504143158], [120.01876134237367, 41.02731227656547], [120.02340047146866, 41.0087093011417], [120.02344663845186, 41.008558454244024], [120.0235083925914, 41.00841329018812], [120.02358505085417, 41.00827541456438], [120.02367576535971, 41.00814635234931], [120.02377953275814, 41.008027531038515], [120.02389520532775, 41.00792026485785], [120.02974247850693, 41.00304395145471], [120.02976784634653, 41.00302065439479], [120.02975104166947, 41.002990589746], [120.02367813778238, 40.99324930216272], [120.02365670157901, 40.99321851405176], [120.023623005515, 40.99320202181577], [120.0169162723635, 40.99033143564197], [120.01677888858997, 40.990264148115], [120.01664907263162, 40.99018321771607], [120.01652817468475, 40.99008948619012], [120.01641745219078, 40.98998392842469], [120.01631805675775, 40.989867642310266], [120.01623102218267, 40.989741837321276], [120.01615725369909, 40.98960782193655], [120.01609751856193, 40.989466990029996], [120.01605243806742, 40.98932080637315], [120.016022481091, 40.9891707914003], [120.0160079592107, 40.98901850539468], [120.01600902346641, 40.9888655322602], [120.01629295281427, 40.983973274131074], [120.01629332720597, 40.983938829111345], [120.01626568941157, 40.9839182681804], [120.0076774685138, 40.978136697952735], [120.00755421039509, 40.97804417631729], [120.00744109658784, 40.97793949545245], [120.00733932121275, 40.977823760453944], [120.00724995869285, 40.977698193113866], [120.00717395241108, 40.97756411902246], [120.00711210475112, 40.9774229535741], [120.0070650686268, 40.97727618702525], [120.00703334058943, 40.977125368762096], [120.0070172555858, 40.976972090944024], [120.00636401875705, 40.964695938109344], [120.0063601280196, 40.96465859219611], [120.00634183182763, 40.96462580341109], [119.99630698852856, 40.948606120586845], [119.99628890826826, 40.94857982125023], [119.99626669831244, 40.94855706446541], [119.97999170112767, 40.93323625292703], [119.97996615909523, 40.93321429956559], [119.97993566748778, 40.93319999546223], [119.9674277259863, 40.92800858289824], [119.96739523642076, 40.92799686383432], [119.9673667017792, 40.92801632360214], [119.95999120961788, 40.93357398963141], [119.95996334257862, 40.933597201536095], [119.95994335327775, 40.93362746359551], [119.95234637296043, 40.94644624818205], [119.95226786030793, 40.946565412384274], [119.95217837900944, 40.94667657641135], [119.95207873894402, 40.94677873413774], [119.95196984193593, 40.946870960952296], [119.95185267359231, 40.94695242212679], [119.95172829438269, 40.94702238037083], [119.95159783004084, 40.947080202505], [119.95146246137594, 40.94712536519159], [119.95132341358534, 40.94715745967128], [119.9511819451655, 40.94717619546273], [119.95103933652152, 40.94718140299169], [119.93971096368631, 40.947055813208934], [119.93956507346815, 40.94704707528576], [119.9394207261159, 40.94702418098612], [119.9392792919868, 40.946987347656346], [119.93914211378147, 40.946936924972555], [119.93901049379707, 40.946873391620954], [119.93888568156396, 40.94679735075352], [119.93876886198328, 40.94670952426191], [119.93866114407821, 40.94661074592429], [119.93856355046542, 40.946501953489815], [119.93847700764692, 40.946384179776175], [119.9327558218512, 40.937745948100805], [119.9327326620669, 40.93771468968641], [119.9326969264708, 40.937699313365144], [119.91778818067459, 40.9321953712189], [119.9176466068157, 40.93213467480714], [119.91751200418474, 40.932059779255454], [119.91738579222401, 40.93197147436945], [119.91726930189259, 40.93187069136191], [119.91716376163083, 40.93175849303273], [119.91707028440591, 40.93163606256126], [119.91698985597513, 40.93150469102916], [119.91692332449068, 40.93136576380541], [119.90801982122453, 40.91002512782762], [119.90800503195254, 40.90999396487068], [119.90797131103811, 40.910001227953245], [119.8954400466496, 40.91333479331753], [119.89529609160704, 40.91336561267377], [119.89514980876612, 40.91338217218618], [119.89500260718084, 40.91338431234699], [119.86893505772223, 40.91248321187188], [119.86890075395475, 40.91248363070338], [119.86887821416926, 40.91250949345549], [119.8596725543636, 40.92412692504258], [119.85958139476388, 40.924231623750785], [119.8594809462055, 40.92432744639551], [119.85937206905903, 40.92441357222845], [119.85925569588831, 40.92448926355726], [119.85913282346274, 40.92455387206412], [119.85046288776184, 40.92861219929326], [119.85033546990765, 40.92866484710948], [119.85020375644882, 40.92870557384375], [119.85006886004811, 40.92873403545289], [119.84993192025647, 40.92874999150457], [119.84979409388662, 40.92875330720843], [119.83490112951945, 40.928426813977424], [119.83486529172357, 40.928427802945414], [119.83485282942624, 40.928461418668256], [119.83295157024031, 40.93448976330218], [119.83289904791374, 40.93463110106455], [119.8328326015161, 40.934766451846215], [119.83275290245008, 40.93489444800528], [119.83266075602899, 40.93501379621406], [119.83255709333947, 40.93512329052743], [119.8324429618335, 40.935221824568245], [119.83231951474436, 40.93530840270661], [119.83218799943401, 40.93538215012016], [119.83204974478916, 40.93544232163362], [119.83190614779356, 40.93548830924842], [119.8317586594124, 40.93551964828611], [119.83160876993108, 40.93553602208372], [119.83145799389672, 40.93553726519341], [119.83130785481457, 40.935523365054294], [119.83115986975382, 40.93549446211928], [119.83101553401852, 40.93545084843594], [119.83087630603839, 40.93539296469549], [119.8200236560274, 40.93022676182961], [119.81989770279927, 40.93015926561054], [119.81977874388716, 40.930080090282964], [119.81966785890694, 40.929989954405386], [119.81956605419919, 40.92988967600917], [119.81947425369619, 40.929780165174485], [119.81939329053665, 40.92966241577082], [119.81932389950462, 40.92953749643708], [119.8192667103609, 40.92940654088314], [119.81922224212761, 40.9292707376008], [119.81919089837777, 40.9291313190776], [119.8191729635727, 40.92898955061131], [119.81916860048038, 40.92884671882671], [119.81917784869819, 40.92870411999876], [119.8192006242936, 40.928563048288204], [119.82603451937678, 40.896137494158225], [119.82604025538429, 40.896101805539374], [119.82604251846519, 40.89606572981694], [119.82618050500744, 40.886412628112616], [119.82617941619154, 40.88637847943992], [119.82616053964716, 40.886350058540266], [119.81585370252921, 40.87227463782447], [119.81583100698545, 40.8722466306269], [119.8157957075697, 40.8722393202185], [119.80315691218445, 40.87026134311346], [119.80301143544544, 40.87023112754592], [119.80286966170776, 40.870186667795366], [119.80273298202144, 40.870128400090245], [119.80260273745489, 40.87005689613934], [119.80248020593663, 40.86997285752233], [119.80236658971666, 40.86987710880603], [119.80226300357015, 40.86977058945396], [119.80217046385961, 40.869654344608534], [119.80208987856257, 40.869529514836394], [119.80202203836268, 40.86939732493741], [119.79528576838536, 40.85449766554226], [119.79527003280715, 40.85446687085664], [119.795235809261, 40.8544718377441], [119.78702369935264, 40.85606749352453], [119.78687425111583, 40.85608879387004], [119.78672341877045, 40.856094965076956], [119.7865727299787, 40.856085944641976], [119.78642371094882, 40.85606182392599], [119.78627787097736, 40.85602284722876], [119.78613668716264, 40.85596940931459], [119.78600158944451, 40.85590205141408], [119.78587394612147, 40.85582145574242], [119.78575504999235, 40.85572843858978], [119.7856461052625, 40.85562394205373], [119.78554821534742, 40.85550902449749], [119.78546237169705, 40.85538484983061], [119.78538944375421, 40.855252675720585], [119.78118673910944, 40.846637264674484], [119.7811703680787, 40.84660741884491], [119.78114149089221, 40.84662544361386], [119.76433038386385, 40.858272009925045], [119.764201736563, 40.85835183995452], [119.76406569717136, 40.85841829479293], [119.76392365165596, 40.85847069739952], [119.76377704717407, 40.85850851389742], [119.76362737732966, 40.858531359012794], [119.76347616695654, 40.858539], [119.74731171906734, 40.858539], [119.74727501581027, 40.85854084705144], [119.74725379931225, 40.85857085373231], [119.74220439445966, 40.86653307721965], [119.74212234048741, 40.866649795462926], [119.74202956844441, 40.86675818988489], [119.74192691764972, 40.86685727982902], [119.74181531679665, 40.86694616881748], [119.74169577555061, 40.867024052661584], [119.74156937541471, 40.86709022673747], [119.74143725994514, 40.86714409236083], [119.74130062440544, 40.867185162203334], [119.74116070495263, 40.86721306470149], [119.74101876745374, 40.86722754741827], [119.74087609603326, 40.867228479326904], [119.74073398145555, 40.86721585199631], [119.74059370944714, 40.86718977966738], [119.74045654906467, 40.86715049821939], [119.74032374121352, 40.86709836303601], [119.7401964874212, 40.867033845790104], [119.72806573740668, 40.86013960557224], [119.72803258267808, 40.86012290529066], [119.72799548262834, 40.86012421744308], [119.71600767768996, 40.86115227666815], [119.71585656709802, 40.86115758688182], [119.7157056896326, 40.86114765713889], [119.71555657838374, 40.861122588337054], [119.71541074849463, 40.86108263520442], [119.71526968176607, 40.86102820371114], [119.71513481159964, 40.860959846944326], [119.71500750843262, 40.86087825948798], [119.71488906581283, 40.8607842703653], [119.71478068725466, 40.86067883461477], [119.71468347400992, 40.860563023585875], [119.70648310809932, 40.84972865621427], [119.70640400000781, 40.84961333647319], [119.70633597531726, 40.849491150654444], [119.70627962529021, 40.84936316078267], [119.7062354397144, 40.84923047933063], [119.70620380264563, 40.849094259549744], [119.70618498906951, 40.84895568544618], [119.70546239081922, 40.84079429761655], [119.7054571856869, 40.840757243446596], [119.70542450562634, 40.84073901932599], [119.69590568361467, 40.836053153302586], [119.69578066916763, 40.83598403023768], [119.69566279706763, 40.8359033284526], [119.695553136368, 40.835811779880636], [119.69545268164794, 40.83571021483111], [119.69536234399197, 40.83559955445885], [119.69528294272696, 40.83548080240967], [119.69521519799095, 40.83535503571768], [119.69515972420189, 40.83522339503705], [119.69511702448511, 40.83508707429666], [119.69508748611018, 40.83494730987172], [119.69507137697845, 40.834805369370294], [119.69506884319337, 40.83466254013658], [119.69533748900355, 40.82567955069665], [119.69534911246002, 40.825532738436834], [119.69537507670641, 40.82538777360564], [119.69541513145957, 40.82524605359604], [119.69546889061046, 40.82510894452242], [119.69553583594609, 40.82497776805193], [119.69561532214485, 40.82485378866421], [119.69570658299705, 40.824738201462374], [119.6958087387909, 40.82463212065283], [119.6959208047925, 40.82453656880481], [119.69604170073814, 40.82445246699329], [119.69617026124764, 40.82438062592029], [119.69630524705799, 40.82432173810004], [119.69644535696933, 40.8242763711835], [119.69658924038785, 40.82424496248646], [119.6967355103449, 40.82422781477403], [119.69688275686669, 40.8242250933421], [119.69702956056585, 40.824236824424005], [119.71236856135747, 40.82622427869275], [119.71240296692217, 40.826227032511476], [119.71239908672773, 40.82619273571155], [119.71116010480863, 40.818594438922304], [119.71115220845986, 40.81855778820575], [119.71113052400935, 40.818527203700626], [119.69916075963759, 40.80333488708663], [119.69913681605381, 40.80330738473421], [119.69910592725047, 40.803288005456075], [119.6921240455539, 40.79937079291038], [119.69200164086656, 40.7992941451541], [119.69188717473725, 40.79920608102254], [119.69178170828154, 40.79910741688141], [119.69168621918689, 40.79899906735983], [119.69160159264932, 40.79888203687164], [119.69152861316762, 40.79875741030435], [119.69146795727085, 40.798626342962066], [119.69142018724688, 40.79849004985573], [119.6913857459299, 40.79834979443975], [119.69136495259532, 40.79820687689968], [119.691358, 40.79806262209926], [119.691358, 40.79130074139072], [119.69135631932465, 40.79126549399776], [119.691338660049, 40.79123494316572], [119.68443276654077, 40.78050227394293], [119.68441104890316, 40.7804720398568], [119.68437392865543, 40.780474840386546], [119.67048930381273, 40.782240130057474], [119.67045197538584, 40.78224684300734], [119.67042543152597, 40.782273933571346], [119.66068002770602, 40.79330194159017], [119.66065849416279, 40.7933287136385], [119.66065120475062, 40.793362288934674], [119.65818376234675, 40.80796148317325], [119.65815441454042, 40.80809678590963], [119.65811271669746, 40.808228806416004], [119.65805902404877, 40.80835641998772], [119.65799379401092, 40.80847853946352], [119.65791758228947, 40.80859412448731], [119.65783103814475, 40.80870219037102], [119.65773489886071, 40.80880181648343], [119.6576299834639, 40.808892154093115], [119.64783314454158, 40.81656972740283], [119.64780708921975, 40.81659215369869], [119.64778567550871, 40.81661886152497], [119.63835699072735, 40.829544033073255], [119.63826215463358, 40.82966118766982], [119.63815603984689, 40.829768233156535], [119.63803971784762, 40.82986408865542], [119.63791436318215, 40.82994778627797], [119.63778124160298, 40.83001848089827], [119.63764169728806, 40.830075458686515], [119.60933659428018, 40.84000492065426], [119.6091924351895, 40.840047509928674], [119.60904473734658, 40.84007545696637], [119.60889498401124, 40.840088481108396], [119.60874467908567, 40.840086451559436], [119.6085953320114, 40.84006938870131], [119.60844844261072, 40.840037463888244], [119.60830548602468, 40.83999099772609], [119.60816789789888, 40.839930456852635], [119.60803705996604, 40.83985644925133], [119.60791428616987, 40.83976971814564], [119.58566543241527, 40.82231773356717], [119.58563829108778, 40.82229834191525], [119.58560697553737, 40.8222868517398], [119.57296262384368, 40.81827997198036], [119.57292824401476, 40.81827088280326], [119.57289731706813, 40.81828843585811], [119.54950268902454, 40.83310757611861], [119.54937205234734, 40.83318144018342], [119.54923468874912, 40.83324188092616], [119.5490919731993, 40.83328829335269], [119.53556923728182, 40.83694907069774], [119.5354288612965, 40.83697993833052], [119.53528617540363, 40.836997228905524], [119.53514248966441, 40.83700078367047], [119.53499912332008, 40.8369905699875], [119.53485739267936, 40.83696668163289], [119.53471859903284, 40.836929337936], [119.529368314594, 40.8352109928411], [119.52923428394647, 40.835160774102995], [119.52910564987813, 40.835098009362916], [119.52898358359568, 40.83502327009063], [119.52886919650642, 40.83493723678344], [119.52876353009903, 40.83484069277024], [119.52866754646078, 40.834734517079404], [119.52858211951786, 40.83461967643522], [119.52850802707827, 40.83449721645592], [119.5284459437499, 40.834368252133444], [119.52839643479831, 40.834233957681406], [119.52835995100001, 40.834095555844], [119.52833682453816, 40.83395430676296], [119.52832726597798, 40.833811496504005], [119.5283313623497, 40.83366842534733], [119.52834907635606, 40.83352639594857], [119.53131505295016, 40.81643327324846], [119.53131934580648, 40.816399229404546], [119.53130501702367, 40.81636810392505], [119.52716840174023, 40.80837177250984], [119.52715180279095, 40.80834292179302], [119.52712815384359, 40.80831949923508], [119.51581853627691, 40.79807747056802], [119.51571885132022, 40.797978304384344], [119.5156288899223, 40.79787023973029], [119.51554944258486, 40.79775422618303], [119.51548120742125, 40.79763128316769], [119.51542478402214, 40.79750249099942], [119.50528629085747, 40.771051675174846], [119.5052715062545, 40.77101816660635], [119.5052425778863, 40.770995704234146], [119.49467604497994, 40.763599031768685], [119.49464526922937, 40.763579657847245], [119.49461020612638, 40.763570010336785], [119.47898606492618, 40.76008249659201], [119.47894808353814, 40.76007606975059], [119.47891074364533, 40.7600855366683], [119.46505117254638, 40.76437724142256], [119.46491269436781, 40.76441298475046], [119.46477144155722, 40.76443537749331], [119.46462869818374, 40.76444421608822], [119.46448576186658, 40.7644394201873], [119.46434393197889, 40.76442103338803], [119.46420449783575, 40.76438922283699], [119.46406872697357, 40.76434427771032], [119.46393785362739, 40.76428660658504], [119.46381306751107, 40.764216733724766], [119.46369550300201, 40.76413529431391], [119.46358622882909, 40.76404302868346], [119.45604923672991, 40.757037133563806], [119.45594520899489, 40.75693031880603], [119.45585229953338, 40.75681370408098], [119.45577142633886, 40.7566884416024], [119.45570338848026, 40.756555769028246], [119.45564885820676, 40.7564169972321], [119.45560837430564, 40.756273497350975], [119.45558233677873, 40.75612668723781], [119.45557100289028, 40.75597801745236], [119.45557448462493, 40.75582895692889], [119.45559274758135, 40.75568097846235], [119.4556256113121, 40.755535544156444], [119.45567275110656, 40.75539409097722], [119.4557337011992, 40.75525801655515], [119.45580785937162, 40.75512866537581], [119.45589449290277, 40.755007315495654], [119.45599274580863, 40.754895165914185], [119.45610164729975, 40.75479332472719], [119.45622012137312, 40.7547027981782], [119.45634699744372, 40.75462448071627], [119.45648102191043, 40.75455914615838], [119.45960425038572, 40.75322442302137], [119.45963481575286, 40.75320955297808], [119.45960952625235, 40.75318684172457], [119.43236357158055, 40.73102715517505], [119.43225358353774, 40.730928303358915], [119.43215386376114, 40.73081910163151], [119.43206538148492, 40.730700611387576], [119.43198899671948, 40.73057398430232], [119.42606641648197, 40.719562589722194], [119.42600057266932, 40.719423508598986], [119.42594932438699, 40.71927841352652], [119.42591321097113, 40.719128831483175], [119.42589261247879, 40.71897633666815], [119.42588774568821, 40.718822533934606], [119.42608725562103, 40.7086878130197], [119.42608610691403, 40.70865044804667], [119.42607038519891, 40.708616532144866], [119.41950489218475, 40.69614219491019], [119.4194877873927, 40.69611299963905], [119.41946145759611, 40.696091857752485], [119.4049369153567, 40.68546980290072], [119.40490183065336, 40.68544704505349], [119.40486442191389, 40.685428351679434], [119.39034748453572, 40.67916358710855], [119.39031578645479, 40.679151594637325], [119.39028204988747, 40.67915482445522], [119.37498932895345, 40.681327985068705], [119.37483483386892, 40.68134183868476], [119.37467973415463, 40.68133966326446], [119.37452568838862, 40.68132148207095], [119.36404630379184, 40.67953115440635], [119.36391669083, 40.679503063136714], [119.36379006572689, 40.67946363316623], [119.36366741833287, 40.6794131727258], [119.36354970740382, 40.67935207627343], [119.34600644318358, 40.66923785240627], [119.34586655134153, 40.669146456807944], [119.34573769328951, 40.669040068437845], [119.3331380420387, 40.65739838288914], [119.33301853744081, 40.65727452017934], [119.33291400848717, 40.65713778314102], [119.32365357554355, 40.64346390508435], [119.32363278987259, 40.64343609368626], [119.3236072159816, 40.64341260977522], [119.29646096330514, 40.62071957357165], [119.29635324511779, 40.62062019400893], [119.29625573947114, 40.62051077666916], [119.29616937719766, 40.62039236609913], [119.29609498275022, 40.620266092699076], [119.29603326633143, 40.620133161931285], [119.29598481711383, 40.61999484281226], [119.29595009761529, 40.61985245579813], [119.29592943928365, 40.61970736017895], [119.29592303933258, 40.61956094110233], [119.29593095885888, 40.6194145963502], [119.29647117682673, 40.61418501027158], [119.29647309133475, 40.61414914893542], [119.29644050448884, 40.614134055948846], [119.27782474396334, 40.606609044482475], [119.27778983717997, 40.60659692441224], [119.27775339027714, 40.6066030074137], [119.26594769181168, 40.609185193355216], [119.26591316930781, 40.60919452647907], [119.26589516807888, 40.6092254273888], [119.26102358365515, 40.61861073529116], [119.26094745253155, 40.618740944308925], [119.26085862972072, 40.61886284937264], [119.26075801333322, 40.618975217868446], [119.26064662072754, 40.61907691360919], [119.26052557822338, 40.619166908322754], [119.26039610971301, 40.61924429204914], [119.2602595242863, 40.61930828234131], [119.26011720299405, 40.61935823217675], [119.25997058488397, 40.61939363649967], [119.25982115244997, 40.61941413732773], [119.25967041664231, 40.61941952737172], [119.25951990159002, 40.61940975213149], [119.25937112919004, 40.61938491044704], [119.2515953625142, 40.617680765207666], [119.25145738621329, 40.61764355731493], [119.25132357685209, 40.61759338818348], [119.2511951489371, 40.617530713168144], [119.2510732681307, 40.617456101132056], [119.25095904067115, 40.61737022928347], [119.25085350333188, 40.61727387702914], [119.25075761401138, 40.617167918900094], [119.25067224303893, 40.61705331661408], [119.25059816527514, 40.61693111034663], [119.25053605307896, 40.61680240928998], [119.24894845933645, 40.6130680767266]], [[119.91309393241501, 46.64980774816836], [119.95214762778178, 46.60422444714564], [119.95216973962114, 46.604195865956235], [119.95215116068964, 46.60416487174531], [119.90804090675886, 46.53827616454011], [119.90796628313863, 46.53815214440404], [119.90790396011073, 46.53802150934351], [119.9078545179629, 46.537885475697436], [119.90781841704941, 46.5377453100708], [119.90779599350473, 46.53760231754131], [119.90778745611378, 46.537457829507886], [119.90779288436792, 46.53731319129405], [119.90781222772486, 46.53716974962162], [119.90784530607921, 46.537028840071486], [119.90789181143947, 46.536891774648005], [119.9079513107957, 46.536759829563], [119.90802325015125, 46.536634233353], [119.90810695968108, 46.536516155440324], [119.9082016599684, 46.53640669524469], [119.94896696965824, 46.4936443055602], [119.94899071018001, 46.493616752354065], [119.948973409505, 46.493584760508284], [119.91087531513425, 46.43088786601721], [119.91080451574021, 46.430757171927645], [119.91074699885209, 46.43062011242662], [119.91070332924733, 46.43047803334701], [119.91067393573235, 46.43033232981061], [119.91065910693185, 46.43018443252897], [119.91065898845476, 46.43003579375473], [119.91067358146445, 46.429887873021535], [119.91070274266728, 46.42974212281231], [119.91074618571973, 46.429599974296885], [119.91080348403996, 46.429462823278875], [119.9108740749967, 46.4293320164898], [119.91095726543384, 46.42920883836508], [119.91105223847677, 46.42909449843173], [119.91115806155356, 46.42899011943164], [119.9112736955522, 46.42889672629697], [119.91139800502391, 46.428815236086], [119.91152976933262, 46.42874644897825], [119.9116676946407, 46.42869104041725], [119.91181042661363, 46.4286495544781], [119.91195656371862, 46.42862239852505], [119.98450822391597, 46.418829828832244], [119.98454064655233, 46.41882385224055], [119.98451868571972, 46.41879926222603], [119.96173705099672, 46.395636503544715], [119.96170929716388, 46.39561104612698], [119.96167175815893, 46.39561407572611], [119.90143356698852, 46.403609312118434], [119.9012966172819, 46.40362113547369], [119.9011591602648, 46.40362037237273], [119.90102235027156, 46.403607029223906], [119.90088733620293, 46.4035812180801], [119.9007552518779, 46.40354315569772], [119.90062720651208, 46.403493161716426], [119.83993916584132, 46.37653167175303], [119.83980929857208, 46.37646626434715], [119.83968637457228, 46.3763885898556], [119.83957154897986, 46.37629937819891], [119.83946590083063, 46.37619946771433], [119.8393704229184, 46.37608979727784], [119.8392860124655, 46.37597139748137], [119.83921346269143, 46.37584538094814], [119.83915345535891, 46.37571293187715], [119.83910655436712, 46.375575294915066], [119.83907320045275, 46.375433763460045], [119.83905370704825, 46.37528966750748], [119.83904825733649, 46.37514436115179], [119.83905690252935, 46.374999209861734], [119.83907956138648, 46.37485557764892], [119.8391160209787, 46.37471481424992], [119.83916593868895, 46.37457824244255], [119.83922884543195, 46.374447145615555], [119.83930415006222, 46.37432275570831], [119.83939114492922, 46.374206241634155], [119.83948901252727, 46.37409869829584], [119.83959683317772, 46.37400113629658], [119.87410577156095, 46.345693156032404], [119.87413122748895, 46.34567011364313], [119.87410397114357, 46.34564923189029], [119.83863061730591, 46.321115680108036], [119.83851874404864, 46.32103027972605], [119.83841536748692, 46.32093476984478], [119.83832139774114, 46.320829991326875], [119.83823766211474, 46.32071686663547], [119.8381648978106, 46.32059639171286], [119.83810374544085, 46.320469627212276], [119.83805474338689, 46.32033768915998], [119.83801832305957, 46.32020173912984], [119.83799480510105, 46.320062974016935], [119.83798439656184, 46.319922615500104], [119.83571954726226, 46.23633674554446], [119.83572260474544, 46.23619214293675], [119.83573957485991, 46.236048507016534], [119.83577029982692, 46.2359071732316], [119.83581449398258, 46.23576945562573], [119.83587174643398, 46.23563663462148], [119.83594152487929, 46.235509945115474], [119.83602318055692, 46.23539056499707], [119.8361159542773, 46.235279604196926], [119.8362189834814, 46.235178094367534], [119.83633131026036, 46.235086979291445], [119.83645189026157, 46.23500710610653], [119.83657960239852, 46.23493921742972], [119.8891304558393, 46.210176335378215], [119.88916001901683, 46.210160630587154], [119.88913518361026, 46.21013818455209], [119.85917931034258, 46.18556789801946], [119.85907095750738, 46.18546981649969], [119.85897266416842, 46.185361655781634], [119.85888536347116, 46.18524444268649], [119.85880988420269, 46.18511928997398], [119.85874694292366, 46.184987385778406], [119.85869713716559, 46.18484998232911], [119.85866093975828, 46.18470838406245], [119.85863869434094, 46.18456393523822], [119.8586306120999, 46.184418007177875], [119.85863676976373, 46.18427198524599], [119.85865710887481, 46.18412725569829], [119.85869143634426, 46.1839851925213], [119.85873942628507, 46.1838471443884], [119.85880062310586, 46.18371442185625], [119.87931918874756, 46.14437623053094], [119.87933401273712, 46.144344103981936], [119.87931591688431, 46.14431369993722], [119.85550714544554, 46.10839261674562], [119.85543385865344, 46.10826968854832], [119.85537262077297, 46.10814033547498], [119.85532398926739, 46.10800573505799], [119.8552884068411, 46.107867112597596], [119.83396556014819, 46.004556629375685], [119.83395639246956, 46.00452122779899], [119.83392465085707, 46.00450306773295], [119.81007892125385, 45.99239594214207], [119.80995351980005, 45.99232448475916], [119.80983556661793, 45.9922413058615], [119.80972615378003, 45.992147175563034], [119.80962629428788, 45.992042965371525], [119.80953691269313, 45.99192964011967], [119.80945883653756, 45.991808249032196], [119.80939278869123, 45.99167991601158], [119.8093393806598, 45.991545829232344], [119.80929910692288, 45.99140723014035], [119.8092723403559, 45.991265401958806], [119.80925932877781, 45.99112165780755], [119.80926019265661, 45.99097732854544], [119.80927492399408, 45.99083375044863], [119.80930338639973, 45.99069225283858], [119.8093453163537, 45.990554145774496], [119.8094003256464, 45.99042070792416], [119.8094679049729, 45.99029317472528], [119.80954742864833, 45.99017272694724], [119.80963816040067, 45.990060479758846], [119.80973926018771, 45.98995747240354], [119.8098497919745, 45.98986465857754], [119.82988316870689, 45.974623933885965], [119.82991017311765, 45.97460125070445], [119.82990687353927, 45.97456613834645], [119.80795159001514, 45.820980104403], [119.80794406855941, 45.82094195195907], [119.80791839165957, 45.82091274788244], [119.75132284552717, 45.76299749483507], [119.75129373391201, 45.76297070905484], [119.75125962913953, 45.76295066339103], [119.70147793792577, 45.73714333517546], [119.70135408812358, 45.73707142977428], [119.7012376600094, 45.73698804119924], [119.70112971484669, 45.7368939295524], [119.7010312365753, 45.73678995267859], [119.70094312284266, 45.73667705834596], [119.70086617682146, 45.736556275606944], [119.70080109988874, 45.73642870541823], [119.70074848523261, 45.73629551060534], [119.70070881244523, 45.736157905263276], [119.70068244315131, 45.73601714368983], [119.70066961771177, 45.7358745089524], [119.70067045303281, 45.73573130119262], [119.70068494150037, 45.73558882577534], [119.70071295104938, 45.73544838138996], [119.7087986450097, 45.703054479113554], [119.70880588194473, 45.70301747105543], [119.70878364181503, 45.70298701869543], [119.68166249750091, 45.66960492193043], [119.68163814265178, 45.66957781435732], [119.6816017365272, 45.669576210214515], [119.59670832108404, 45.670055119635], [119.59654460129606, 45.67004708685379], [119.59638273554317, 45.670021237819164], [119.59622465676826, 45.66997788121105], [119.59607225269144, 45.66991753477851], [119.56618070690105, 45.65614753274547], [119.56604952823024, 45.65607906764702], [119.56592573348863, 45.65599801102895], [119.56581052735386, 45.6559051516735], [119.56570503092567, 45.65580139321831], [119.56561027081622, 45.6556877453629], [119.56552716915986, 45.655565314042995], [119.56545653463964, 45.65543529066843], [119.56539905461771, 45.655298940529214], [119.5653552884466, 45.6551575904827], [119.56532566202586, 45.65501261604159], [119.5593847911139, 45.616290745772346], [119.55937719883327, 45.616253887166344], [119.55935260606175, 45.61622540216741], [119.49639308317957, 45.550394136061826], [119.49636914156217, 45.55037123583494], [119.49633877265995, 45.55035815787607], [119.39700317902137, 45.51268782126586], [119.39688499695191, 45.51263710786499], [119.30540850658387, 45.46864847789842], [119.30528364348844, 45.46858098298309], [119.30516571897137, 45.46850198827142], [119.30505578892127, 45.468412201077], [119.30495483764476, 45.46831242534864], [119.30486376905314, 45.46820355447183], [119.30478339856876, 45.46808656326944], [119.30471444582378, 45.46796249927322], [119.30465752821668, 45.467832473344274], [119.30461315538408, 45.46769764972644], [119.30458172463749, 45.46755923562179], [119.3045635174058, 45.46741847038137], [119.3045586967154, 45.467276614408135], [119.30456730573044, 45.467134937871414], [119.31340905205776, 45.385601405667366], [119.31341117864615, 45.385565528682044], [119.31339017314106, 45.385536366219625], [119.24903838261065, 45.304814132749826], [119.24895176631718, 45.30469371663812], [119.24887746668266, 45.30456533444868], [119.2488162102724, 45.304430241612245], [119.24876859610391, 45.304289759181984], [119.24873508978922, 45.30414526091511], [119.2487160189817, 45.30399815983913], [119.24871157017196, 45.303849894434045], [119.24872178686432, 45.30370191456564], [119.2487465691512, 45.30355566730751], [119.24878567469023, 45.30341258279028], [119.24883872107404, 45.3032740602166], [119.24890518956977, 45.30314145417855], [119.2489844301917, 45.30301606141125], [119.2490756680573, 45.30289910811231], [119.24917801096478, 45.302791737951], [119.24929045811778, 45.30269500088448], [119.32140288033665, 45.24661568302721], [119.3215192377989, 45.24653374776543], [119.321642836369, 45.24646320813397], [119.32177256352547, 45.24640469906617], [119.32190725158287, 45.24635874720727], [119.32204568820224, 45.24632576617395], [119.32218662730351, 45.24630605283138], [119.32232880028153, 45.24629978462105], [119.32247092742494, 45.246307017963694], [119.32261172943494, 45.24632768775135], [119.32274993894036, 45.24636160793346], [119.32288431190538, 45.2464084731915], [119.33765924523516, 45.25236180197872], [119.33769217158908, 45.25237329968365], [119.33772673126732, 45.25236861239736], [119.49199837650127, 45.22399573561247], [119.49203382175453, 45.22398737939236], [119.4920527019357, 45.22395623888569], [119.50745232567027, 45.1954560318024], [119.50753347395904, 45.195322896246175], [119.50762800389575, 45.19519890345539], [119.50773489413184, 45.195085393109935], [119.50785298977199, 45.19498359163214], [119.507981014852, 45.19489459893589], [119.65674957962032, 45.10256512089542], [119.6567804801035, 45.102543693177786], [119.65679703354044, 45.102509929726025], [119.68244190625933, 45.04268551800979], [119.68251366323248, 45.04254031676005], [119.68260065732596, 45.042403698701875], [119.71283369737225, 45.00014737671547], [119.71285247214136, 45.00011837471128], [119.71285941735064, 45.00008453136235], [119.71770105053317, 44.96927897517915], [119.7177291953738, 44.969141925223255], [119.71776998698734, 44.969008093736925], [119.71782307048994, 44.968878645043546], [119.71788798405933, 44.96875470533653], [119.71796416295258, 44.968637352881544], [119.71805094441932, 44.968527608635696], [119.75766120009196, 44.92297507515498], [119.75775744047874, 44.92287426472078], [119.75786262217962, 44.92278282203111], [119.75797583712794, 44.922701536539385], [119.75809610790358, 44.922631110008744], [119.7582223961712, 44.92257215045352], [119.7583536116446, 44.92252516689005], [119.84895421272927, 44.894760354205516], [119.8489869831006, 44.8947485968499], [119.8490083570773, 44.89472111438684], [119.86463579248354, 44.87254661225068], [119.86472191540985, 44.872435804929], [119.86481801720765, 44.87233353144548], [119.86492325664791, 44.87224068705313], [119.865036712515, 44.87215808446725], [119.86515739167072, 44.87208644675127], [119.86528423774757, 44.87202640098738], [119.92554191360163, 44.846881310470174], [119.92557971289068, 44.84686296827115], [119.92561244549334, 44.84683662820191], [119.99415034464296, 44.78499808700959], [119.99426388973488, 44.78490529447784], [119.99438595274074, 44.7848240321591], [119.99451536712114, 44.78475507666624], [119.99465089608053, 44.784699086997435], [120.02439465085338, 44.77408161839526], [120.02442892949179, 44.774067411628884], [120.0244549625102, 44.77404097038777], [120.08134449808706, 44.71016151242212], [120.08136724742913, 44.710133292263365], [120.08137047396583, 44.71009718825579], [120.08221128625772, 44.68909821644932], [120.08222427968414, 44.68895236095426], [120.08225143293977, 44.6888084673989], [120.08229248725225, 44.68866790709869], [120.08234705137113, 44.68853201960296], [120.08241460529663, 44.688402099928865], [120.0824945052352, 44.68827938621984], [120.08258598973494, 44.68816504794595], [120.08268818694226, 44.6880601747588], [120.12587608744596, 44.64786759742528], [120.12599592950457, 44.647767196940784], [120.12612557085143, 44.64767981560706], [120.12626360315652, 44.64760640267188], [120.12640852693646, 44.64754775564038], [120.12655876784392, 44.64750451161159], [120.18018297691604, 44.635055130948906], [120.18021517010037, 44.635046011222876], [120.18019566172185, 44.63501882678457], [120.16021998534107, 44.60982534362823], [120.16013635848361, 44.60970883826519], [120.16006423993352, 44.60958487913629], [120.1600042889169, 44.60945459933544], [120.15995705343798, 44.609319189732986], [120.15992296527004, 44.6091798880901], [120.15990233600847, 44.609037967744584], [120.15989535422261, 44.608894725971446], [120.15990208373204, 44.6087514721247], [120.1599224630232, 44.60860951566871], [120.1599563058117, 44.608470154208575], [120.16000330274512, 44.60833466162888], [120.16006302423074, 44.60820427644927], [120.16013492436238, 44.60808019050336], [120.16021834591052, 44.60796353804427], [120.16031252632986, 44.607855385376624], [120.21441792048115, 44.55141445722908], [120.21451833711261, 44.551318956250356], [120.21462713870079, 44.55123312996522], [120.2147433966151, 44.551157710908136], [120.2148661185846, 44.55109334278702], [120.28625953886234, 44.51775715728624], [120.28629075729776, 44.51774072138812], [120.28630807560145, 44.517709983694346], [120.3250052634316, 44.440640332693086], [120.32501994481834, 44.44060706554113], [120.32500317359529, 44.44057480143423], [120.31259852266959, 44.419359281274964], [120.31252884968616, 44.419225008266054], [120.31247305504749, 44.41908440057126], [120.31243170621148, 44.418938888237406], [120.31240522371537, 44.41878995119386], [120.3123938768987, 44.41863910420088], [120.31239778116395, 44.41848788144381], [120.3124168968029, 44.41833782092972], [120.31245102940045, 44.4181904488451], [120.31249983181192, 44.418047264033845], [120.31256280769367, 44.41790972275328], [120.31263931655116, 44.41777922386338], [120.31272858025308, 44.41765709459964], [120.3128296909453, 44.41754457707452], [120.33881601696365, 44.39140712883928], [120.33892218406092, 44.39131012218929], [120.33903715297487, 44.391223728372886], [120.33915986692438, 44.39114874151215], [120.33928919793686, 44.39108585087773], [120.33942395721644, 44.391035634553155], [120.33956290607124, 44.39099855412113], [120.33970476729925, 44.390974950420755], [120.37816835953237, 44.386457186172464], [120.37820262379608, 44.386451489216874], [120.37821148363162, 44.38641790352981], [120.3885274069579, 44.338038652155234], [120.38856691130046, 44.33789081489835], [120.38862127224192, 44.337747771773216], [120.38868992403111, 44.33761101147399], [120.38877215218758, 44.33748195730751], [120.38886710093742, 44.33736195238049], [120.4542283724767, 44.26289757229347], [120.4543238325733, 44.26279839218853], [120.45442798296433, 44.26270838097088], [120.45453994650342, 44.26262829670793], [120.45465878024241, 44.26255881386305], [120.45478348337289, 44.26250051761531], [120.45491300565492, 44.26245389893111], [120.49663964543784, 44.24956507336833], [120.4967812346567, 44.24952879154873], [120.49692568287227, 44.24950646241208], [120.49707161854062, 44.24949829797482], [120.49721765599428, 44.24950437575873], [120.49736240859937, 44.24952463805492], [120.56083568801547, 44.261588098699164], [120.56087104085144, 44.261593028168875], [120.56088898699903, 44.2615621727244], [120.57403761540061, 44.23615252577433], [120.5741124210335, 44.236024003498244], [120.5741995848604, 44.235903519783804], [120.57429825020195, 44.235792258790916], [120.57440744733758, 44.23569131403505], [120.57452610303615, 44.23560167763977], [120.57465305110422, 44.23552423058576], [120.57478704384776, 44.23545973405219], [120.57492676433498, 44.235408821935614], [120.57507083933963, 44.23537199461972], [120.57521785283764, 44.235349614057405], [120.57536635992425, 44.235341900213385], [120.64552017443911, 44.23518008724638], [120.64555643559544, 44.23517817341895], [120.64556390047464, 44.235142637384], [120.65317916149645, 44.18692175852018], [120.65320794698988, 44.186782622670705], [120.6532497677241, 44.18664683454372], [120.65330424847627, 44.1865156124538], [120.65337090043563, 44.186390133748226], [120.6534491255893, 44.18627152424365], [120.65353822208765, 44.18616084812508], [120.65363739054148, 44.186059098397784], [120.65374574119427, 44.18596718797792], [120.65386230190524, 44.18588594150168], [120.6539860268715, 44.185816087926504], [120.65411580601125, 44.185758253990755], [120.6542504749236, 44.1857129585905], [120.65438882533579, 44.18568060812391], [120.65452961594397, 44.18566149284497], [120.68887544117612, 44.18264620956651], [120.6889106944559, 44.18264136773632], [120.68892316336267, 44.18260803961863], [120.7057492254893, 44.129913742552276], [120.70580082239762, 44.129775896088816], [120.70586568071852, 44.12964377006319], [120.70594317597045, 44.12951863663694], [120.70603256199854, 44.129401700644095], [120.70613297815879, 44.12929408799059], [120.7062434576048, 44.12919683481353], [120.7063629365968, 44.1291108775049], [120.7064902647439, 44.12903704369562], [120.70662421608043, 44.12897604428675], [120.7452390958918, 44.113631472630765], [120.74526989623116, 44.113617463266515], [120.74524558912772, 44.11359392419435], [120.70885870534373, 44.081634213705705], [120.70874979969147, 44.08152832187439], [120.70865216198493, 44.08141195865301], [120.70856679348881, 44.08128631733455], [120.7084945696484, 44.08115268635796], [120.70843623111178, 44.0810124360953], [120.69295376304888, 44.03773125846964], [120.69290953471041, 44.03758431266952], [120.6928805514383, 44.037433617002584], [120.69286711658063, 44.03728074869751], [120.69286937075091, 44.0371273077225], [120.69288729035627, 44.036974900039496], [120.69292068784443, 44.03682512079567], [120.6929692136667, 44.03667953762814], [120.6930323599364, 44.036539674256524], [120.69310946574464, 44.03640699453527], [120.69319972407756, 44.03628288713245], [120.77473303284279, 43.935450166911906], [120.77475359899485, 43.93542215973924], [120.7747686217571, 43.93539082788758], [120.79583862339535, 43.88562731674312], [120.79585190100399, 43.88559070921667], [120.79584907525603, 43.88555187082052], [120.78702459816795, 43.815437657831886], [120.78701327924458, 43.8152859287342], [120.7870173892034, 43.81513383354904], [120.78703688575781, 43.814982937155854], [120.78707156831133, 43.81483479209994], [120.78712108002154, 43.81469092261859], [120.78718491147153, 43.8145528089585], [120.78726240591124, 43.81442187214578], [120.78735276601458, 43.81429945936526], [120.78745506208304, 43.81418683009958], [120.78756824161114, 43.81408514317058], [120.78769114011548, 43.81399544481642], [120.78782249311593, 43.813918657927], [120.83628368365561, 43.78879579000842], [120.83631672624654, 43.788776438880994], [120.8363423145286, 43.78874795171214], [120.87605486821617, 43.739670535287694], [120.87616038674618, 43.73955331514528], [120.87627763004564, 43.73944782234604], [120.87640530193924, 43.73935522315843], [120.94004223114874, 43.69812447066785], [120.9400782694055, 43.69809792386262], [120.94011087135291, 43.69806725462952], [120.98456578021192, 43.65091375073249], [120.98458846359414, 43.65088719624253], [120.98456196556137, 43.65086444693437], [120.93404059495987, 43.61162098846141], [120.93401015882944, 43.61159969526877], [120.93397479254689, 43.61158833814927], [120.86395675222812, 43.59290423319227], [120.86383832875971, 43.592867323976385], [120.86372335978925, 43.59282075634901], [120.86361263152095, 43.59276484875839], [120.80224725351223, 43.55852611170495], [120.80221238709402, 43.55850898293283], [120.80217393648051, 43.558503450096836], [120.76243171558835, 43.55489186983804], [120.76227835568088, 43.55486989961497], [120.76212807989874, 43.554832228124006], [120.76198249131403, 43.55477925722706], [120.76184314299792, 43.554711551993], [120.76171152145334, 43.55462983466971], [120.68262005253382, 43.499671532888186], [120.68250551874787, 43.499583474583915], [120.68239998768651, 43.49948480620924], [120.68230443831462, 43.499376443066964], [120.68221975700138, 43.49925939039393], [120.68214672929783, 43.499134734035934], [120.68208603264962, 43.49900363037477], [120.68203823011265, 43.49886729560102], [120.68200376512988, 43.49872699443197], [120.68198295741769, 43.4985840283794], [120.681976, 43.498439723676036], [120.681976, 43.47416934603851], [120.68197409288662, 43.47413206968982], [120.68194327819401, 43.47411100744963], [120.60281275247947, 43.42576340030588], [120.6027805275895, 43.42574584366141], [120.6027438306064, 43.42574574011365], [120.5426021629338, 43.4285613183774], [120.54245111344605, 43.42856077613111], [120.54230088435598, 43.4285450451972], [120.54215299906949, 43.428514285096014], [120.48012987628617, 43.412316803174214], [120.48000750467294, 43.412279199376236], [120.4798887851429, 43.41223129811808], [120.47977458244159, 43.41217344830946], [120.42821077289015, 43.38322489086953], [120.42808748995083, 43.38314758367735], [120.42797227795474, 43.38305869452701], [120.42786622117913, 43.38295905996755], [120.42777031774013, 43.38284961767464], [120.42768547019925, 43.382731397626], [120.42761247706937, 43.38260551240812], [120.4275520252997, 43.382473146745525], [120.42750468381082, 43.382335546351186], [120.42747089814057, 43.3821940062029], [120.4274509862509, 43.38204985835609], [120.42744513553558, 43.3819044594076], [120.42745340105655, 43.3817591777286], [120.42747570502578, 43.381615380586595], [120.42751183753728, 43.381474421277915], [120.42756145854261, 43.3813376263916], [120.4276241010511, 43.3812062833247], [120.42769917552476, 43.381081628166385], [120.42778597542654, 43.380964834064905], [120.42788368386967, 43.38085700018695], [120.42799138130539, 43.3807591413732], [120.42810805417713, 43.380672178587524], [120.4282326044591, 43.38059693024966], [120.42836385999006, 43.38053410453291], [120.42850058550464, 43.38048429269946], [120.42864149425868, 43.38044796353588], [120.4287852601389, 43.38042545894135], [120.42893053014319, 43.38041699070997], [120.42907593711392, 43.3804226385375], [120.65953851776645, 43.40060410771028], [120.65971772163934, 43.400630784247156], [120.65989240203032, 43.40067887194496], [120.74494861465156, 43.42972391659076], [120.74498365144878, 43.429733961988646], [120.74501335848268, 43.429712843766396], [120.76836688919936, 43.41129296087667], [120.7683929095327, 43.411270264997135], [120.76836340525317, 43.41125233016568], [120.71427195170084, 43.38192898467466], [120.71413492608643, 43.38184490236981], [120.71400768627541, 43.38174663801472], [120.71389169387729, 43.38163532037654], [120.6311272000242, 43.29321064987155], [120.63110513838534, 43.29318895175082], [120.6310798862624, 43.29317125095809], [120.5742216792649, 43.25670307063267], [120.57411555733526, 43.256628333596694], [120.46939599183229, 43.17588118452585], [120.46928142694118, 43.175783287164876], [120.46917726288024, 43.175674388790384], [120.46908455096609, 43.175555588501936], [120.46900422693011, 43.17542808533804], [120.46893710147413, 43.1752931661744], [120.46888385208814, 43.17515219273558], [120.46884501621247, 43.17500658785132], [120.46029638020782, 43.13497755785929], [120.46028758210808, 43.13494415005738], [120.46025670883989, 43.134928647506165], [120.38200534366881, 43.10014816169301], [120.38187751542026, 43.10008387783477], [120.38175639365156, 43.10000770702207], [120.3816430804349, 43.09992034232387], [120.38153860679344, 43.09982257866089], [120.38144392332009, 43.09971530557277], [120.34904579320413, 43.059274664728505], [120.34896101232529, 43.05915771380211], [120.34888787373357, 43.05903315031225], [120.34882705567782, 43.05890212939523], [120.34877912215268, 43.05876586607012], [120.34874451766848, 43.05862562397132], [120.34872356312897, 43.0584827036303], [120.34871645285557, 43.05833843041513], [120.34872325278518, 43.05819414223973], [120.34874389985885, 43.05805117715675], [120.34877820260645, 43.05791086094917], [120.34882584292238, 43.057774494835705], [120.3488863790154, 43.057643343403974], [120.38615212038168, 42.98616817501231], [120.3862293563253, 42.98603678554661], [120.38631952632605, 42.9859139118161], [120.38642169948555, 42.98580082234638], [120.38653482098705, 42.98569868465216], [120.38665772298518, 42.98560855318405], [120.38678913666246, 42.985531358442614], [120.38692770532849, 42.98546789737205], [120.38707199842607, 42.98541882513266], [120.38722052629998, 42.98538464833716], [120.38737175557605, 42.98536571982044], [120.38752412499126, 42.985362234997005], [120.4284579241755, 42.98650696316146], [120.4284921750014, 42.98650622714807], [120.42847794223606, 42.98647506484411], [120.4043437107072, 42.939876654849414], [120.40428226743578, 42.93974217614356], [120.404234361703, 42.939602301776006], [120.4042004589354, 42.93945839069137], [120.40418088851413, 42.93931184105288], [120.40417584057496, 42.939164076658514], [120.40418536416097, 42.939016533108195], [120.40420936674607, 42.93887064385623], [120.404247615134, 42.93872782628464], [120.40429973772382, 42.938589467932665], [120.40436522812031, 42.938456913016125], [120.40444345005376, 42.93833144936777], [120.42067074583547, 42.91495461847253], [120.4206897645351, 42.914924087507096], [120.42066841742462, 42.91489513665784], [120.39774821526498, 42.88684249072989], [120.39766082662169, 42.88672412948676], [120.39758545374157, 42.88659777645832], [120.39752282175054, 42.8864646472258], [120.39747353320062, 42.886326022560965], [120.39743806227307, 42.8861832361045], [120.39741675021644, 42.88603766153565], [120.3974098020637, 42.88589069935676], [120.3974172846597, 42.88574376341966], [120.39743912601796, 42.885598267323765], [120.39747511601338, 42.88545561081644], [120.39752490840368, 42.88531716632677], [120.39758802416041, 42.88518426576205], [120.3976638560775, 42.88505818769415], [120.39775167461282, 42.88494014505903], [120.39785063490685, 42.88483127348764], [120.3979597849106, 42.88473262038056], [120.39807807454478, 42.8846451348315], [120.42412631182196, 42.86728944610741], [120.42415830961768, 42.867265537501524], [120.42417736828651, 42.86723043411834], [120.44639566432626, 42.82045370787049], [120.44641242997312, 42.82041213891027], [120.44642409261735, 42.82036886018451], [120.45964616369719, 42.756182745725376], [120.45968621187082, 42.75602968726354], [120.4597421585133, 42.75588169833779], [120.4598133812307, 42.75574042529196], [120.45989908768614, 42.755607439757235], [120.48021366746072, 42.727465396297774], [120.48023087873396, 42.72743932523508], [120.48024585529079, 42.727411909345655], [120.53665854701138, 42.613039035649685], [120.53672583052517, 42.612917216777056], [120.53680411425263, 42.61280215780534], [120.5368927243654, 42.61269484910638], [120.53699089815059, 42.612596214341416], [120.53709779057586, 42.612507102510676], [120.53721248156305, 42.61242828064559], [120.53733398390774, 42.61236042720655], [120.56488364548709, 42.5986111453968], [120.56491618528081, 42.598592768937166], [120.56492123060953, 42.59855574087891], [120.56978207423506, 42.540990255573995], [120.56980056478253, 42.54085026704421], [120.5698321367959, 42.54071263748058], [120.56987651049539, 42.54057858650666], [120.56993329265727, 42.54044930203386], [120.5700019800985, 42.54032592973457], [120.57008196413572, 42.54020956288962], [120.57017253597927, 42.540101232700046], [120.57027289301408, 42.540001899148926], [120.65304801919189, 42.465448499563045], [120.65307179766957, 42.46542507006896], [120.65308849677852, 42.46539616510507], [120.66468838225128, 42.443063693613425], [120.66475872363611, 42.44294247427214], [120.66484007155404, 42.44282834909799], [120.66493171585438, 42.44272231438039], [120.66503285650118, 42.442625295780694], [120.66514261055733, 42.44253814025141], [120.66526001989236, 42.44246160864245], [120.66538405954685, 42.4423963690591], [120.76865142989112, 42.39409970025871], [120.76868316660133, 42.39408289978034], [120.76868306082852, 42.394046990677374], [120.76727926866928, 42.36725544730897], [120.76727914433731, 42.367100882118336], [120.76729492644965, 42.36694712471675], [120.76732644743248, 42.36679580769439], [120.76737337259719, 42.366648537729596], [120.76743520369419, 42.3665068785292], [120.76751128420327, 42.36637233422515], [120.7676008063045, 42.366246333403694], [120.76770281945564, 42.366130213936735], [120.76781624048498, 42.3660252087763], [120.86777463632268, 42.28262405820215]], [[121.00084158957127, 42.26218078675072], [121.01218575511807, 42.259023808331094], [121.01221732420578, 42.259013339925964], [121.01219136974223, 42.25899254183414], [121.00838338255849, 42.25623480610263], [121.00827094399204, 42.25614484434644], [121.0081676498114, 42.256044515581614], [121.00807445195503, 42.25593474441796], [121.00799220931569, 42.25581654248448], [121.00792167982503, 42.25569099910651], [121.0078635134687, 42.25555927126664], [121.00781824629621, 42.25542257294223], [121.0077862954807, 42.25528216391762], [121.0077679554745, 42.255139338174224], [121.00776339529543, 42.25499541196545], [121.00777265696918, 42.25485171168639], [121.00779565514202, 42.25470956164998], [121.0078321778674, 42.25457027188247], [121.00788188855921, 42.25443512605041], [121.00794432909369, 42.25430536963069], [121.00801892403139, 42.25418219843247], [121.00810498592033, 42.25406674757678], [121.00820172163138, 42.253960081035586], [121.00830823966764, 42.253863181826326], [121.00842355838024, 42.25377694295268], [121.00854661501506, 42.25370215917483], [121.02685572532421, 42.24374597694039], [121.02699288343447, 42.243680173613015], [121.02713600120077, 42.24362860104207], [121.02728360658215, 42.24359178967839], [121.02743418138014, 42.24357011814607], [121.02758617685434, 42.24356380934814], [121.02773802965189, 42.24357292817388], [121.02788817788745, 42.24359738083141], [121.02803507720803, 42.243636915812374], [121.02817721667738, 42.243691126478836], [121.03648341243525, 42.24735165695943], [121.03661781784429, 42.247419127947104], [121.03674479159187, 42.247499718365795], [121.0368630573295, 42.24759261811531], [121.0369714262422, 42.24769689336126], [121.03706880899854, 42.247811495921994], [121.03715422670062, 42.247935273805034], [121.03722682072409, 42.24806698278694], [121.03728586134903, 42.24820529892036], [121.03733075509521, 42.248348831842414], [121.03736105068772, 42.24849613875072], [121.03737644359327, 42.24864573890652], [121.03737677908137, 42.24879612851921], [121.03736205377967, 42.248945795862504], [121.03733241570787, 42.24909323647041], [121.0372881627898, 42.24923696826021], [121.03722973985874, 42.24937554643052], [121.03715773418583, 42.249507577984424], [121.03707286957683, 42.24963173573205], [121.03697599909637, 42.24974677163156], [121.03686809649291, 42.24985152933449], [121.03675024641052, 42.24994495580954], [121.03170005934437, 42.253551533200785], [121.0316735242378, 42.25357252976264], [121.03170463615169, 42.25358583451033], [121.04872187688356, 42.259891614491266], [121.0487579904401, 42.25990292486271], [121.04879399825484, 42.2598912822364], [121.06712214072724, 42.25290702350218], [121.06726657518752, 42.25286020760229], [121.0674150024284, 42.252828232675235], [121.06756590169464, 42.2528114263296], [121.06771772690303, 42.252809960759784], [121.06786892248343, 42.25282385098172], [121.06801793931672, 42.25285295467902], [121.06816325060676, 42.25289697366113], [121.06830336752367, 42.25295545691852], [121.06843685445806, 42.25302780524365], [121.06856234372997, 42.2531132773703], [121.06867854960188, 42.25321099756848], [121.0687842814521, 42.25331996461694], [121.0688784559736, 42.25343906206149], [121.07482464044305, 42.261795762831945]], [[121.40631516616196, 42.47573300724223], [121.4113735555203, 42.47586478241383], [121.41152852295279, 42.475876875893405], [121.41168140683011, 42.475904941485084], [121.41183056544051, 42.47594867781234], [121.41197439707527, 42.47600761522171], [121.41281617335972, 42.47640466169126]], [[121.47124826726017, 42.48968462833877], [121.47938348284318, 42.49636276957364], [121.4794134807997, 42.49638493900236], [121.47945019191212, 42.496378331794894], [121.49702051733814, 42.492283269835376], [121.49705509391433, 42.4922734189226], [121.49708107331826, 42.49224856634378], [121.505274223435, 42.48361090174392], [121.50537771360807, 42.483511746510324], [121.50549019480643, 42.48342292108439], [121.50561064010289, 42.48334523642159], [121.50573794985993, 42.48327940176481], [121.50587096176913, 42.48322601816914], [121.5060084614627, 42.483185573014396], [121.50614919360045, 42.4831584355554], [121.50629187333071, 42.48314485355087], [121.50643519802075, 42.483144951001314], [121.50657785914953, 42.48315872701705], [121.50671855425415, 42.48318605582625], [121.50685599882104, 42.48322668792326], [121.5069889380133, 42.48328025234649], [121.50711615812705, 42.48334626006522], [121.50723649767227, 42.48342410844433], [121.50734885797691, 42.483513086746264], [121.50745221321755, 42.483612382619825], [121.50805797695449, 42.48425275351725]], [[121.55035977679945, 42.489948285348895], [121.55075357478401, 42.490071758000184]], [[121.78237208904758, 42.49502046114425], [121.7830634246733, 42.49518718243738], [121.78320363098076, 42.49522831492496], [121.78333917012729, 42.49528289358326], [121.78346875601567, 42.49535040052898], [121.78359115903761, 42.4954301952055], [121.78370521774134, 42.49552152046099], [121.78380984985216, 42.49562350973283], [121.78390406254202, 42.495735195270186], [121.78547799729618, 42.49779696863262]], [[121.86993699906967, 42.54028658940438], [121.8702252939621, 42.547364523192]], [[121.90991224839038, 42.61486898419249], [121.90224851463731, 42.62079993257861], [121.90222321977603, 42.620821528937356], [121.90225364127475, 42.620834973829844], [121.90522728067081, 42.62198176424816]], [[122.2260613047981, 42.72780622694872], [122.23803481192745, 42.718871288437946], [122.23806083849287, 42.71884996896115], [122.23807758926392, 42.71882087049861], [122.24083636325068, 42.71348896483224], [122.24091162115549, 42.71335973528336], [122.2409993728752, 42.71323864166574], [122.24109874619558, 42.713126887597646], [122.24120875338873, 42.71302558386626], [122.24132830103068, 42.71293573738695], [122.24145620086945, 42.71285824119491], [122.25741109174726, 42.70424768061441], [122.25744059871248, 42.704229924703526], [122.2574501141486, 42.7041968280297], [122.25893956976701, 42.69792412640175], [122.25898167366105, 42.697779533208795], [122.25903806406797, 42.69763989062449], [122.25910817257419, 42.69750660624169], [122.2591912924882, 42.6973810235628], [122.25928658596386, 42.69726440845727], [122.25939309244596, 42.69715793640171], [122.25950973835248, 42.69706268063109], [122.25963534789634, 42.69697960132059], [122.25976865493729, 42.69690953590705], [122.25990831574455, 42.69685319064764], [122.26005292254156, 42.696811133500795], [122.26020101769636, 42.69678378840125], [122.28804706300795, 42.69307617477504]], [[122.35803499561369, 42.68181456320294], [122.36055689025213, 42.6833906822876], [122.36059163190872, 42.683409886208366], [122.36063121328476, 42.683412900832174], [122.36869773600259, 42.68359360189263]], [[122.47136474389868, 42.8386716086139], [122.48658696489473, 42.83690371450497], [122.48673753097438, 42.836893867948326], [122.50078481064935, 42.836683328543046]], [[122.59973307056784, 42.78403084481347], [122.61783286757523, 42.77856412128901], [122.61787195190051, 42.77854988968586], [122.61790690905828, 42.778527348165774], [122.62455044069303, 42.77369751068772], [122.62466808885628, 42.77362015102182], [122.62479247236682, 42.77355416351899], [122.62492249523412, 42.77350012962029], [122.62505701177706, 42.77345852543902], [122.62519483671909, 42.773429717565485], [122.62533475563208, 42.77341395983685], [122.62547553563712, 42.773411391100474], [122.62561593626789, 42.773422033990464], [122.62575472040086, 42.77344579472826], [122.6258906651561, 42.773482463948945], [122.65340484417395, 42.78230868479408], [122.6534371993445, 42.782317479279506], [122.6534707280643, 42.78231732122152], [122.67591778219332, 42.78120004300577]]]}, "properties": {"kind": "regime_border", "name": "辽", "province": "中京道"}}, {"type": "Feature", "geometry": {"type": "MultiLineString", "coordinates": [[[119.22275033873473, 40.567563040193036], [119.22065278460549, 40.56908807208178], [119.22062558123461, 40.56910989522868], [119.22062086575194, 40.56914445007427], [119.22021437912571, 40.57374203801822]], [[119.24894845933645, 40.6130680767266], [119.25082501431054, 40.61748210290913], [119.25084019512045, 40.61751355866816], [119.2508739178371, 40.617522652630065], [119.2604571428754, 40.619622922353635], [119.26049302244867, 40.61962891344498], [119.26051138306006, 40.61959751081932], [119.26558806755517, 40.60981706918772], [119.2656615867242, 40.60969086618138], [119.26574703124882, 40.60957241154772], [119.26584359102884, 40.60946282835601], [119.26595035058027, 40.60936315556532], [119.26606629771497, 40.60927433817414], [119.26619033313732, 40.60919721826082], [119.26632128086649, 40.60913252699984], [119.2664578993861, 40.609080877729546], [119.26659889341494, 40.60904276013706], [119.2773371302767, 40.60669405333736], [119.2774848936708, 40.60666939157263], [119.27763438008039, 40.60665959174475], [119.27778409847994, 40.606664751600356], [119.27793255553003, 40.606684819673376], [119.2780782704723, 40.6067195957984], [119.2782197898991, 40.606768733107195], [119.29542918170124, 40.6137252509708], [119.29556414568005, 40.613787761148245], [119.29569225537625, 40.61386333034568], [119.29581225116986, 40.61395121553997], [119.29592295321972, 40.61405055261271], [119.29602327306398, 40.61416036484658], [119.29611222432239, 40.61427957252876], [119.2961889323946, 40.61440700356704], [119.29625264305967, 40.614541405014265], [119.29630272989175, 40.61468145538775], [119.29633870041934, 40.61482577766256], [119.29636020096746, 40.61497295281091], [119.29636702013508, 40.615121533754554], [119.29635909087374, 40.615270059592966], [119.29585276711013, 40.62017153244832], [119.2958508339563, 40.62020725515557], [119.29587712793163, 40.62023151367529], [119.32347227271741, 40.643299803325796], [119.3235750706131, 40.64339420024953], [119.32366865010017, 40.64349774283095], [119.32375220106366, 40.64360953470485], [119.33298685211656, 40.65724534343669], [119.33301287658936, 40.657279386725286], [119.3330426295339, 40.65731022470475], [119.34583029313399, 40.66912562781166], [119.34586238244144, 40.669152121531404], [119.34589721947516, 40.66917488162588], [119.36375326221837, 40.67946943179734], [119.3637825018668, 40.67948460828776], [119.36381469800577, 40.67949158621966], [119.37471874950403, 40.68135446517723], [119.3747570282901, 40.68135898301654], [119.3747954187273, 40.68135554053564], [119.38989813801565, 40.6792093799632], [119.39003460714191, 40.67919631489876], [119.39017169913609, 40.67919576402182], [119.39030826885241, 40.679207731933914], [119.39044317550771, 40.679232118665645], [119.39057529221066, 40.679268720511736], [119.39070351537464, 40.6793172317326], [119.40474807949124, 40.685378144265265], [119.40489830417921, 40.6854532124532], [119.40503919608554, 40.68554460260829], [119.41920877482684, 40.69590706637035], [119.41931511181336, 40.6959925174509], [119.41941324580165, 40.69608727589226], [119.41950236513894, 40.69619055796034], [119.4195817327314, 40.69630150942331], [119.41965069214055, 40.696419212616796], [119.42590806163514, 40.70830811983352], [119.42597164442799, 40.708445284751086], [119.42602109695245, 40.70858815334098], [119.42605591683713, 40.708735274249726], [119.42607575035862, 40.70888515292593], [119.42608039603492, 40.70903626680302], [119.42588075766272, 40.71917751219121], [119.42588196055736, 40.71921552666502], [119.42589823476659, 40.71924990248877], [119.43211347685995, 40.73080542058333], [119.43213242106484, 40.730836825398576], [119.43215969922697, 40.73086134166234], [119.45771125550365, 40.75164293969273], [119.45782041842386, 40.75174097352909], [119.45791948149429, 40.75184920330457], [119.45800749691571, 40.75196659351631], [119.45808362258883, 40.75209202101773], [119.45814713017107, 40.752224285764434], [119.45819741204512, 40.752362122295736], [119.45823398713245, 40.75250421184218], [119.45825650549598, 40.752649194943004], [119.45826475168828, 40.752795684452984], [119.45825864681278, 40.75294227881412], [119.45823824927872, 40.75308757546523], [119.4582037542422, 40.75323018426116], [119.45815549173915, 40.75336874077317], [119.45809392352749, 40.753501919343265], [119.45801963866933, 40.75362844576766], [119.457933347895, 40.75374710948784], [119.45783587680305, 40.753856775172785], [119.45772815796118, 40.753956393581376], [119.45761122198385, 40.754045011601136], [119.45748618767168, 40.75412178136731], [119.45735425130717, 40.754185968374884], [119.45439329769013, 40.7554513427564], [119.45436211648543, 40.755466543042395], [119.45438631885828, 40.75549139382468], [119.46419579724876, 40.76460964363546], [119.46422242697768, 40.76463212844283], [119.4642561736192, 40.76462341792045], [119.4785668970653, 40.760192010959], [119.47871801706344, 40.76015369696079], [119.47887229759259, 40.76013127521629], [119.47902807206533, 40.76012498793232], [119.47918365775622, 40.76013490302612], [119.47933737397912, 40.7601609133917], [119.49435599970843, 40.76351326812195], [119.49449735779032, 40.76355216238564], [119.49463424363935, 40.76360467081732], [119.49476534954724, 40.76367029178944], [119.49488942302304, 40.76374839840673], [119.50489688313381, 40.770753714654404], [119.50501413552787, 40.770844759088746], [119.50512181443098, 40.77094694747736], [119.5052188652018, 40.77105927895479], [119.50530433729435, 40.77118065331096], [119.50537739356787, 40.771309881766946], [119.50543731848607, 40.77144569861832], [119.51554041185187, 40.797804158158314], [119.51555438440744, 40.79783605194273], [119.51557907015157, 40.797860609219164], [119.52695211988116, 40.80816008227169], [119.52704733716999, 40.808254388053285], [119.52713375728126, 40.80835681596403], [119.52721069039383, 40.80846654840557], [119.52727752241346, 40.80858270947343], [119.53108907474441, 40.81595067423601], [119.53114717785344, 40.81607702133517], [119.53119333005927, 40.81620820645111], [119.53122713466706, 40.81634310200047], [119.53124830111405, 40.81648054850739], [119.53125664746698, 40.81661936456964], [119.53125210198596, 40.816758357013136], [119.531234703741, 40.81689633114773], [119.52813212099689, 40.834776724283074], [119.52812786188285, 40.834810873497744], [119.52816008789667, 40.83482294797308], [119.53510676906274, 40.837054006086724], [119.53514104112246, 40.83706322729707], [119.53517570390608, 40.837055605209336], [119.54927476266116, 40.833238809910505], [119.54931023984619, 40.83322727239938], [119.54934271438434, 40.833208910776584], [119.572337987866, 40.81864273847333], [119.57246426444779, 40.81857106829546], [119.57259687886271, 40.818511942950195], [119.57273458852025, 40.818465916439116], [119.57287610308767, 40.81843342002837], [119.5730200965804, 40.81841475820774], [119.57316521978652, 40.81841010583755], [119.57331011290869, 40.818419506510295], [119.57345341830548, 40.81844287214213], [119.57359379321235, 40.818479983798234], [119.58538007147521, 40.82221494791143], [119.5855061603148, 40.82226121191993], [119.58562760543572, 40.82231856901673], [119.58574343318526, 40.82238655935712], [119.5858527149464, 40.82246463784732], [119.60853141296474, 40.84025379195123], [119.60856134157758, 40.84027493442433], [119.60859648329156, 40.84026455242141], [119.63804641983155, 40.8299334815631], [119.63808083355953, 40.82991942998309], [119.6381042215675, 40.82989053789646], [119.6476832954793, 40.816759207657455], [119.64776958380317, 40.816651672475736], [119.6478653814413, 40.81655251450746], [119.64796987903179, 40.81646257150481], [119.65805974231306, 40.80855536126677], [119.65808555158176, 40.80853313814496], [119.65809277116482, 40.80849985356724], [119.66058561901689, 40.79375034211252], [119.66061511533456, 40.79361448100622], [119.66065706359704, 40.7934819343494], [119.66071110345435, 40.793353840763366], [119.66077677068553, 40.793231300616036], [119.66085350118652, 40.79311536656936], [119.66094063581595, 40.793007034536636], [119.67007678542699, 40.78266846539848], [119.67018480668553, 40.78255821930647], [119.6703035851148, 40.78245965725575], [119.6704318630997, 40.782373822812254], [119.67056828244472, 40.782301624783166], [119.67071139875439, 40.782243827594584], [119.67085969672638, 40.78220104319783], [119.67101160619539, 40.78217372459016], [119.68347337135712, 40.78058933714212], [119.6836263474445, 40.78057779589146], [119.68377970229514, 40.78058193999088], [119.68393183182523, 40.78060172609331], [119.68408114476776, 40.78063694723714], [119.68422607931703, 40.78068723501103], [119.68436511946517, 40.78075206340745], [119.68449681085939, 40.78083075432473], [119.68461977601453, 40.780922484659946], [119.6847327287214, 40.78102629491852], [119.68483448750054, 40.78114109925052], [119.68492398796036, 40.781265696808546], [119.69111942969973, 40.790894230292054], [119.6911909349085, 40.79101793545794], [119.69125034538409, 40.79114788297942], [119.69129712205, 40.79128289374372], [119.69133084046592, 40.79142174269538], [119.69135119467902, 40.79156316995215], [119.691358, 40.79170589223687], [119.691358, 40.7989048734944], [119.69135969338308, 40.79894000837981], [119.69138950642665, 40.79895867680621], [119.69887812974575, 40.80316019875838], [119.69900266445582, 40.80323833039583], [119.69911895253937, 40.80332827776049], [119.6992258769358, 40.80342917682011], [119.69932241053189, 40.803540058340694], [119.71091415750509, 40.81825258606109], [119.71100186106911, 40.818376286226005], [119.71107662750049, 40.818508209031776], [119.71113769273127, 40.81864700630672], [119.71118443271156, 40.81879125962621], [119.71121636978688, 40.81893949480814], [119.71208087536344, 40.82424124283641], [119.71209738794562, 40.8243871965342], [119.71209954624578, 40.82453406548601], [119.71208732956809, 40.82468044137219], [119.71206085505771, 40.82482492060103], [119.71202037657751, 40.82496611776782], [119.71196628227379, 40.82510267893936], [119.71189909085436, 40.82523329463682], [119.71181944661467, 40.82535671239223], [119.7117281132597, 40.82547174875838], [119.71162596658081, 40.8255773006568], [119.71151398605785, 40.82567235595516], [119.71139324546695, 40.82575600317255], [119.7112649025841, 40.825827440219605], [119.71113018808337, 40.82588598208976], [119.71099039373595, 40.82593106742768], [119.71084686002345, 40.825962263912125], [119.71070096328407, 40.82597927240143], [119.710554102515, 40.82598192980197], [119.71040768595746, 40.82597021063205], [119.69542353472868, 40.82402873375701], [119.69538866001947, 40.8240259469194], [119.6953858987494, 40.82406082366208], [119.69504106816143, 40.835591282775326], [119.69504168380809, 40.835625986721325], [119.69507205920488, 40.83564278190438], [119.70470177038683, 40.840383235753336], [119.70483599886605, 40.840458088613246], [119.7049618634963, 40.84054628345506], [119.7050780429655, 40.840646894419706], [119.70518331763523, 40.84075886530512], [119.70527658234444, 40.84088102065411], [119.70535685801114, 40.8410120780942], [119.70542330191087, 40.84115066179981], [119.70547521652335, 40.84129531693549], [119.70551205685511, 40.84144452492867], [119.70553343616066, 40.84159671941136], [119.70621991495453, 40.84935015594594], [119.70622456369522, 40.849384396914715], [119.70624411090942, 40.84941289184663], [119.71516017232707, 40.861192839956246], [119.71518386234405, 40.86122106209046], [119.71522068667299, 40.86121976803785], [119.72756876383528, 40.86016081231545], [119.72771919524362, 40.86015549186608], [119.72786940245217, 40.86016527502998], [119.72801787284658, 40.86019006328887], [119.72816311130255, 40.860229607020415], [119.72830365524199, 40.86028350801192], [119.72843808936143, 40.860351223470445], [119.74140797207546, 40.86772236597366], [119.74143845670551, 40.86773782157886], [119.74145811336909, 40.86770986082109], [119.74683219555943, 40.85923566540835], [119.74691924505827, 40.85911255053198], [119.74701821470849, 40.85899879686669], [119.74712810448167, 40.85889555382441], [119.74724780400818, 40.85880386461358], [119.74737610379677, 40.858724655698175], [119.74751170745573, 40.85865872743634], [119.74765324479216, 40.858606745993264], [119.74779928565697, 40.858569236609945], [119.7479483543956, 40.85854657829601], [119.74809894475871, 40.858539], [119.76390712504084, 40.858539], [119.76394441110031, 40.85853711585477], [119.763976133467, 40.85851743104638], [119.77973470379492, 40.84760005160289], [119.77985644726395, 40.847524060893015], [119.77998489565168, 40.84746005251911], [119.78011887316666, 40.847408612401324], [119.78025715340492, 40.847370211412425], [119.78039847057617, 40.84734520106758], [119.78054153109065, 40.84733381030659], [119.78068502540037, 40.847336143398245], [119.78082763998647, 40.847352178985886], [119.78096806938291, 40.84738177028289], [119.78110502812642, 40.84742464641629], [119.78123726252343, 40.84748041490635], [119.78136356212615, 40.84754856525922], [119.78148277081266, 40.847628473639865], [119.78159379736996, 40.84771940858261], [119.78169562548267, 40.84782053768675], [119.7817873230361, 40.84793093523624], [119.78186805064881, 40.84804959067348], [119.78193706935598, 40.8481754178498], [119.78587744335812, 40.856253059409966], [119.7858950302198, 40.85628493371907], [119.78593107025281, 40.85627979705655], [119.79410670682395, 40.85469122823576], [119.79424853465255, 40.854670644662704], [119.79439167951328, 40.85466369014669], [119.79453483472791, 40.85467042817105], [119.79467669352368, 40.85469079722866], [119.79481596096204, 40.854724611383375], [119.79495136575927, 40.854771561967326], [119.79508167189125, 40.85483122039853], [119.79520568987633, 40.854903042093184], [119.79532228763334, 40.85498637143681], [119.79543040081562, 40.855080447768906], [119.79552904252685, 40.85518441232659], [119.79561731232967, 40.855297316083636], [119.7956944044653, 40.855418128413596], [119.79575961520874, 40.85554574649768], [119.80234068811602, 40.87010213231703], [119.80235723595942, 40.8701343765874], [119.8023927212071, 40.87014174688526], [119.81521979343725, 40.87214918940035], [119.81536359080506, 40.87217896942539], [119.81550378713564, 40.872222667500616], [119.81563903875411, 40.872279864813336], [119.81576804937696, 40.872350013170944], [119.8158895825358, 40.87243244025498], [119.81600247342809, 40.87252635606475], [119.81610564008074, 40.87263086048889], [119.81619809372013, 40.87274495193223], [119.82588420073219, 40.88597267928765], [119.82596075603458, 40.886088041601894], [119.82602634841425, 40.88620997116188], [119.8260804190481, 40.88633742917233], [119.82612250727406, 40.886469329737544], [119.82615225451588, 40.88660454911292], [119.82616940733787, 40.88674193527877], [119.82617381960429, 40.88688031775518], [119.82604407994532, 40.89595649360959], [119.8260350010627, 40.89610121987555], [119.82601198971636, 40.896244393183494], [119.8189643715297, 40.929684023470124], [119.81895887437717, 40.92971807275391], [119.81898927464086, 40.929734363744515], [119.83239894278903, 40.936117787696034], [119.83243190904973, 40.93613149334971], [119.8324443452332, 40.936098027537014], [119.83452554950665, 40.929499128919254], [119.83457715655615, 40.92935992438683], [119.83464227174294, 40.92922650324213], [119.83472025719318, 40.92910017248991], [119.83481034895483, 40.92898216967686], [119.83491166448142, 40.92887365076847], [119.83502321127752, 40.928775678825104], [119.8351438966213, 40.928689213588164], [119.83527253826901, 40.92861510207839], [119.83540787603621, 40.92855407029837], [119.83554858414276, 40.92850671612056], [119.8356932842002, 40.92847350343047], [119.83584055871458, 40.9284547575824], [119.83598896497236, 40.92845066221228], [119.85011052350525, 40.928760244183906], [119.85014470432883, 40.92875942189214], [119.8501762324446, 40.92874638034367], [119.85942155052483, 40.924418721246596], [119.85945201932103, 40.92440270021161], [119.85947456581968, 40.9243767841958], [119.8684295606342, 40.91307568880269], [119.86852169913755, 40.91296996662215], [119.86862330833061, 40.91287331128012], [119.86873350007305, 40.91278656761662], [119.86885131120657, 40.91271049383615], [119.86897571197375, 40.912645754880465], [119.86910561501881, 40.91259291661647], [119.86923988489195, 40.91255244089012], [119.86937734797405, 40.91252468148955], [119.8695168027349, 40.91250988105268], [119.8696570302356, 40.91250816894641], [119.89518819551363, 40.913390727746155], [119.89522479574009, 40.913390195616216], [119.89526058874571, 40.91338253268638], [119.90674032091162, 40.91032869579067], [119.90688060320507, 40.910298480658696], [119.9070231308244, 40.91028180871275], [119.90716659935202, 40.910278832535056], [119.90730969575914, 40.91028957936367], [119.90745111042258, 40.91031395084326], [119.90758954911057, 40.91035172392523], [119.90772374482755, 40.910402552909055], [119.9078524694098, 40.91046597260615], [119.90797454476558, 40.9105414025973], [119.9080888536571, 40.910628152544696], [119.90819434992554, 40.91072542850987], [119.90829006806547, 40.9108323402199], [119.90837513206124, 40.91094790921521], [119.90844876340428, 40.91107107780444], [119.90851028821807, 40.91120071874452], [119.91716016260351, 40.931933436529334], [119.91717646324228, 40.93196747458678], [119.91721114974204, 40.93198234559537], [119.93227379144993, 40.93754310232589], [119.93241889639972, 40.93760553812014], [119.93255663061619, 40.9376828877192], [119.93268546655494, 40.93777429327564], [119.93280397535814, 40.93787874105409], [119.93291084270128, 40.93799507267418], [119.93300488336972, 40.93812199795747], [119.93889581240214, 40.94701651940497], [119.93891694050762, 40.94704527205584], [119.93895255737311, 40.94704740528614], [119.95186930606663, 40.947190604286206], [119.95190406354706, 40.94718933507432], [119.95192319914717, 40.947160291621465], [119.95981093571304, 40.933850898719285], [119.95989151974622, 40.933728901516055], [119.95998359823847, 40.93361532926915], [119.96008629635799, 40.933511261021124], [119.96019863837661, 40.93341768551764], [119.96670975048502, 40.92851135712813], [119.9668267791977, 40.928431547063866], [119.96695081452776, 40.92836313213238], [119.9670807503355, 40.928306722453975], [119.96721542786113, 40.92826282108678], [119.9673536460585, 40.928231819540585], [119.96749417230596, 40.92821399428533], [119.96763575339882, 40.928209504285576], [119.96777712672531, 40.928218389582874], [119.96791703152654, 40.92824057093867], [119.96805422013982, 40.92827585054096], [119.96818746912527, 40.92832391376835], [119.97971361262937, 40.933107831745154], [119.97983640004193, 40.9331654332948], [119.97995348264303, 40.933233890228195], [119.98006390323361, 40.93331264288137], [119.98016675907937, 40.933401047418585], [119.99614944274164, 40.94844668346309], [119.99623878180589, 40.94853827934769], [119.99631998981243, 40.948637155705555], [119.99639247588195, 40.948742593100256], [120.0061559380321, 40.964329041463266], [120.00622994023055, 40.96446166152873], [120.00629015303916, 40.96460108471482], [120.00633595922557, 40.964745881815716], [120.00636688923757, 40.964894568538384], [120.0063826260163, 40.965045620717895], [120.007054951298, 40.97768049914132], [120.00705887975805, 40.97771793436966], [120.00708898323863, 40.97774053104147], [120.01558564301398, 40.983460462535604], [120.01569897614061, 40.98354477586958], [120.01580387573232, 40.983639376142], [120.01589941153317, 40.98374342443193], [120.01598473632592, 40.983855998032844], [120.01605909344515, 40.98397609863526], [120.01612182348744, 40.98410266117978], [120.01617237015898, 40.984234563302124], [120.01621028520884, 40.98437063528629], [120.01623523240407, 40.98450967043771], [120.01624699051142, 40.984650435784275], [120.01624545525931, 40.98479168301038], [120.01595021727225, 40.989878795185014], [120.01594995991492, 40.98991578700693], [120.01598318193193, 40.989932058414446], [120.02322468427604, 40.99303153412593], [120.0233613552016, 40.99309842648339], [120.02349054597076, 40.99317882097662], [120.02361092715141, 40.9932718903095], [120.02372125996614, 40.99337667675603], [120.02382040903977, 40.99349210201572], [120.02390735408301, 40.99361697830985], [120.02907879089865, 41.001912260793574], [120.0291486889949, 41.00203731298635], [120.02920633849774, 41.00216846301342], [120.0292512135465, 41.002304514565324], [120.02928290480504, 41.002444226622465], [120.02930112319564, 41.00258632477524], [120.02930570253584, 41.00272951284884], [120.02929660105433, 41.00287248472653], [120.02927390177197, 41.00301393626367], [120.02923781174452, 41.00315257718366], [120.02918866017387, 41.00328714284749], [120.02912689540528, 41.003416405789345], [120.02905308083757, 41.00353918691319], [120.02896788978413, 41.00365436624809], [120.02887209933101, 41.00376089316426], [120.02876658324871, 41.00385779595656], [120.02354930923522, 41.00820872371728], [120.02352082087945, 41.008235141710145], [120.02350945066915, 41.008272292956164], [120.01873480955412, 41.02741867355931], [120.01872774930648, 41.02745425959065], [120.01872417120188, 41.0274903623589], [120.01815055373676, 41.038895713141194], [120.01813622314522, 41.039040388387804], [120.01810795409942, 41.03918299678127], [120.0180660121562, 41.03932219867147], [120.01801079131428, 41.03945668640866], [120.01794281031319, 41.03958519662743], [120.01786270776017, 41.0397065221146], [120.01777123613127, 41.03981952314973], [120.01766925470251, 41.03992313821149], [120.01755772147804, 41.04001639394954], [120.01743768419074, 41.04009841432806], [120.0173102704598, 41.04016842885516], [120.0171766771981, 41.04022577982082], [120.00903660937938, 41.04326209042382], [120.00900351129302, 41.04327632913919], [120.00899361691441, 41.04331097485471], [120.00479245095157, 41.06133969871586], [120.00475065246914, 41.06148534713791], [120.00469437287859, 41.06162603538784], [120.00462418649629, 41.06176032778419], [120.00454080955325, 41.0618868539133], [120.00444509288619, 41.06200432261392], [120.00433801325502, 41.06211153515316], [120.00422066337532, 41.062207397459154], [120.00409424076743, 41.0622909312858], [120.00396003553621, 41.06236128419542], [119.99368396740279, 41.06710278843483], [119.99365349095164, 41.06711868210341], [119.99367161846796, 41.06714788511571], [119.99946238357194, 41.07554121897228], [119.99948632245591, 41.07557225436053], [119.99952267951576, 41.07558689777855], [120.01535578509805, 41.08100660356188], [120.01539224764977, 41.08101704016881], [120.01543016021037, 41.08101600180988], [120.02201364916692, 41.080498747021444], [120.02215418695747, 41.08049431565788], [120.02229452223534, 41.08050306307682], [120.02243342188957, 41.08052491241562], [120.02256966542389, 41.080559671686515], [120.02270205568101, 41.08060703546352], [120.02282942936202, 41.08066658756624], [120.02295066724813, 41.08073780471676], [120.02306470403506, 41.080820061137665], [120.02317053769387, 41.080912634050634], [120.02877187830723, 41.08629589531409], [120.02879882506149, 41.08631939869107], [120.02883360485716, 41.08632769942053], [120.05603576541867, 41.091446066057], [120.05617678827632, 41.09147973083996], [120.0563139022443, 41.09152685327382], [120.05644582632692, 41.091586993114326], [120.05657132801527, 41.09165958850131], [120.05668923480208, 41.09174396120788], [120.05679844513591, 41.09183932297682], [120.05689793871247, 41.09194478288491], [120.05698678600687, 41.092059355666436], [120.05706415695778, 41.09218197091812], [120.06239848324897, 41.10161724784646], [120.06241803988058, 41.10164811684866], [120.0624545822567, 41.101648225849964], [120.07856229666865, 41.10088782707274], [120.07860004983246, 41.10088408401716], [120.07862587857969, 41.1008562957525], [120.08492353129846, 41.093337094999164], [120.08501813322023, 41.093234277390685], [120.08512189131459, 41.09314070794016], [120.08523390537704, 41.09305719845549], [120.08535320357436, 41.09298447346438], [120.08547875087623, 41.09292316392834], [120.08560945803514, 41.09287380176847], [120.09924395360923, 41.088438449321025], [120.09937490938145, 41.088402317857565], [120.09950859701316, 41.08837818252948], [120.09964391997478, 41.088366241299006], [120.11280672984279, 41.087803635745196], [120.11284385359058, 41.087800144097024], [120.11286359370696, 41.087768510380094], [120.11921818700924, 41.076323083451214], [120.11923374249366, 41.07629152133534], [120.11920592269665, 41.07626997605367], [120.11120414201476, 41.070676754961106], [120.11108701415397, 41.07058595013029], [120.11097941880364, 41.07048403009468], [120.11088240630731, 41.070371989795554], [120.11079692369896, 41.07025092296797], [120.11072380545802, 41.07012201146377], [120.11066376536326, 41.069986513714376], [120.11061738952479, 41.069845752445985], [120.10916834088405, 41.06458629586024], [120.10913689008959, 41.064446308505715], [120.10911895781206, 41.06430395666934], [120.10911470811673, 41.064160542750955], [120.10912417988477, 41.06401737886756], [120.10914728645744, 41.06387577484856], [120.109183816429, 41.0637370262519], [120.10923343558086, 41.0636024025108], [120.1092956899394, 41.063473135319526], [120.10937000992952, 41.06335040736441], [120.10945571558564, 41.063235341503244], [120.10955202277295, 41.063128990492096], [120.10965805036147, 41.06303232735348], [120.10977282828779, 41.062946236474005], [120.10989530643016, 41.06287150551296], [120.11002436421637, 41.06280881819593], [120.11015882087598, 41.062758748059274], [120.11029744624338, 41.062721753202716], [120.11975404843962, 41.06067698988828], [120.11978982723724, 41.06066734371739], [120.11981080883874, 41.06063679959569], [120.12761524233846, 41.04795024499981], [120.12765950567672, 41.04786696361556], [120.1455530223181, 41.00838757143134], [120.14562132668837, 41.008254857118644], [120.14570248250983, 41.00812958817422], [120.14579568621086, 41.00801300495971], [120.14590001492671, 41.00790626183421], [120.14601443563728, 41.0078104157243], [120.14613781539572, 41.007726415658794], [120.14626893254629, 41.007655093371845], [120.14640648882087, 41.00759715506743], [120.1465491221937, 41.007553174426846], [120.14669542036773, 41.00752358692833], [120.14684393475854, 41.007508685535136], [120.1469931948376, 41.00750861779475], [120.14714172269295, 41.0075233843779], [120.14728804766277, 41.00755283907194], [120.1474307208973, 41.007596690228596], [120.1475683297048, 41.00765450365173], [120.15352748563811, 41.01051483553149], [120.1536746611336, 41.010595917903196], [120.15381184445275, 41.01069295250748], [120.15393731409867, 41.01080472166884], [120.17047175468477, 41.02728483762936], [120.17049770349222, 41.02730835275863], [120.17053263382499, 41.02731083746285], [120.17858836303878, 41.02750016246345], [120.1786228737088, 41.02749933326988], [120.17863651642767, 41.02746762285952], [120.18819200693589, 41.001986314837616], [120.18825227069867, 41.00184738322025], [120.18832623587849, 41.00171523607657], [120.18841314856584, 41.001591220351024], [120.18851212288037, 41.00147660010642], [120.18862215000038, 41.00137254363969], [120.18874210844561, 41.001280111573664], [120.1888707755081, 41.001200246046444], [120.18900683971506, 41.00113376110837], [120.18914891419637, 41.00108133442461], [120.18929555082057, 41.001043500367906], [120.18944525495543, 41.0010206445718], [120.18959650070225, 41.001013], [120.19914654175399, 41.001013], [120.19918392045727, 41.00101108204675], [120.19920495283037, 41.000980122633116], [120.2050002757644, 40.99143085294425], [120.20501727148282, 40.99139954609121], [120.20501785022495, 40.99136392813873], [120.20446520149957, 40.97402569461374], [120.20446219665409, 40.9739891941198], [120.20442976514943, 40.973972179047855], [120.19391408069383, 40.96911256559293], [120.19378553832692, 40.969045440347905], [120.19366407844664, 40.968966216386306], [120.1935508362407, 40.96887563415072], [120.19344687009284, 40.968774540240375], [120.19335315169093, 40.96866387949867], [120.19327055694545, 40.96854468618247], [120.19319985780297, 40.968418074295734], [120.19314171503146, 40.968285227177844], [120.19309667204459, 40.96814738644387], [120.19002589443646, 40.95694210484407], [120.19001458229498, 40.95690766799277], [120.18997877250423, 40.95690205371138], [120.17577565296739, 40.95539645662993], [120.17563011939274, 40.95537375710921], [120.17548751376293, 40.95533689352359], [120.17534921113153, 40.955286221324684], [120.17521654506103, 40.955222229111634], [120.17509079476424, 40.955145533919804], [120.17497317276964, 40.955056875271154], [120.1748648132298, 40.95495710804348], [120.1747667609854, 40.954847194227405], [120.17467996149063, 40.95472819365052], [120.17460525169665, 40.95460125375814], [120.1745433519815, 40.954467598549265], [120.17449485920399, 40.95432851677432], [120.17446024094848, 40.95418534950858], [120.17443983101634, 40.954039477221066], [120.1744338262073, 40.95389230646357], [120.17444228442184, 40.95374525630818], [120.17446512410288, 40.953599744664096], [120.1745021250222, 40.95345717460566], [120.17455293040395, 40.9533189208434], [120.17638771168562, 40.94899467495911], [120.17639982588592, 40.9489617451588], [120.17637005874641, 40.94894316982566], [120.16778402647407, 40.944150294307505], [120.1676567113727, 40.94407061312573], [120.16753800291059, 40.94397859939422], [120.16742909124429, 40.94387517563143], [120.1673310683089, 40.943761378751404], [120.16724491687043, 40.94363834966779], [120.1671715006727, 40.94350732185519], [120.16711155577755, 40.943369608982486], [120.1670656831852, 40.94322659174214], [120.16703434280868, 40.94307970400758], [120.16701784886276, 40.94293041845733], [120.16701636671375, 40.942780231810126], [120.16702991122149, 40.94263064981898], [120.16913084703634, 40.92776392611765], [120.16915961110104, 40.927615111205746], [120.16920324629658, 40.92746995880607], [120.16926130709308, 40.92732995097296], [120.16933320067048, 40.927196517233035], [120.1694181929714, 40.92707101998922], [120.16951541619615, 40.92695474061017], [120.16962387766321, 40.92684886634708], [120.1697424699449, 40.926754478211436], [120.16986998217448, 40.92667253993755], [120.17000511240964, 40.92660388814248], [120.17952631165265, 40.922357512115774], [120.17966569456077, 40.92230350383564], [120.17980976081732, 40.92226363651671], [120.17995707971701, 40.92223830607669], [120.1801061882529, 40.92222776406927], [120.1802556056454, 40.92223211518589], [120.19615510819182, 40.92349015347447], [120.19629397647844, 40.923507692424835], [120.19643060531003, 40.923538099302185], [120.19656380498246, 40.92358110933674], [120.19669241565127, 40.92363634801591], [120.19681531743102, 40.92370333434547], [120.19693144014674, 40.923781485037736], [120.19703977265264, 40.92387011959068], [120.19713937163664, 40.92396846621338], [120.19722936983435, 40.924075668546465], [120.20374885677106, 40.932621395459826], [120.20382306562544, 40.932727932271376], [120.20388778368353, 40.93284048723237], [120.20394252607626, 40.93295821707873], [120.20398688267251, 40.93308023977602], [120.20827328583665, 40.94667801142237], [120.20828547561504, 40.9467111096339], [120.20830907419843, 40.946737323926655], [120.21839939132617, 40.956928136274804], [120.21842550654073, 40.95695206975512], [120.21846000868283, 40.95694404366591], [120.23849480693006, 40.951246224473564], [120.23864525703937, 40.95121169451705], [120.23879845920989, 40.95119280938436], [120.238952791027, 40.95118976906951], [120.23910661811311, 40.9512026057695], [120.23925831143573, 40.95123118354337], [120.239406264559, 40.95127519975183], [120.2395489106558, 40.95133418826217], [120.23968473910062, 40.95140752438469], [120.25215140301076, 40.95899177757064], [120.25218208884682, 40.9590084316286], [120.25219541876486, 40.958976162580434], [120.25659971381089, 40.94662112758812], [120.25665483327826, 40.946487300333374], [120.2567225940133, 40.946359408298505], [120.25680236515181, 40.94623864218052], [120.25689340401068, 40.94612612633288], [120.25699486300236, 40.94602290829763], [120.25710579752608, 40.945929949052555], [120.25722517476218, 40.94584811406434], [120.25735188328791, 40.94577816523089], [120.25748474342497, 40.94572075378798], [120.25762251822243, 40.94567641424607], [120.2577639249731, 40.945645559414], [120.2579076471556, 40.94562847655558], [120.25805234669153, 40.94562532471518], [120.25819667640313, 40.945636133237], [120.25833929255579, 40.94566080149182], [120.26687508215977, 40.94756543175524], [120.26690905561148, 40.947571375881495], [120.26694335608148, 40.94756776952434], [120.27856049834529, 40.94579914000693], [120.27871117653311, 40.94578393343838], [120.27886262009312, 40.94578399780581], [120.27901328530014, 40.945799332453106], [120.27916163636303, 40.945829781068035], [120.27930616107967, 40.945875033275605], [120.27944538625145, 40.94593462780184], [120.2795778927001, 40.94600795717573], [120.27970232973406, 40.94609427392145], [120.27981742891653, 40.946192698177654], [120.27992201699517, 40.94630222666626], [120.28001502786162, 40.94642174291928], [120.29058687124527, 40.961521327162195], [120.29066051604543, 40.96163750997825], [120.29072320785595, 40.96175995074039], [120.29077441945253, 40.96188761974882], [120.29081372015696, 40.962019443335365], [120.29084077945899, 40.96215431289276], [120.29085536979585, 40.9622910941978], [120.29085736846604, 40.9624286369499], [120.29052616123838, 40.97299395716322], [120.29052679968893, 40.97302929243916], [120.29056205271726, 40.97303178509633], [120.30275806522116, 40.97329020189874], [120.3029014128585, 40.97330012310881], [120.30304315348715, 40.973323714839076], [120.30318198643361, 40.9733607606016], [120.30331663770659, 40.9734109204484], [120.3034458716876, 40.97347373409098], [120.30356850246963, 40.97354862512411], [120.30368340473943, 40.97363490631521], [120.30378952410398, 40.97373178591066], [120.30388588676595, 40.97383837490128], [120.30397160845979, 40.97395369518028], [120.30404590256607, 40.974076688518785], [120.30410808732985, 40.974206226276586], [120.3041575921168, 40.97434111975906], [120.30419396264949, 40.97448013112513], [120.30421686517619, 40.974621984746214], [120.3053860898531, 40.98500328263514], [120.30539150562868, 40.9850371151508], [120.30541842811489, 40.985058308297646], [120.31799318884615, 40.99404138665821], [120.3181129964968, 40.99413656519464], [120.31822248443875, 40.99424345400376], [120.31832051337327, 40.99436094083259], [120.31840606324056, 40.99448780314834], [120.31847824383429, 40.994622720859695], [120.3185363040648, 40.99476429005332], [120.32051927454219, 41.00040281548877], [120.3205333962232, 41.00043723829936], [120.32057013458636, 41.000443124252115], [120.3289013019746, 41.00134413926174], [120.32893641199264, 41.00134624365207], [120.32896317766622, 41.00132342391191], [120.33352859443373, 40.997037324316175], [120.33364259472464, 40.99694052477815], [120.33376566753644, 40.996855558314834], [120.3338965894588, 40.99678326953884], [120.33403405905702, 40.99672437703968], [120.33417670980894, 40.99667946624068], [120.33432312368893, 40.99664898357944], [120.33447184526385, 40.99663323207011], [120.3346213961608, 40.99663236829121], [120.33477028976297, 40.99664640082918], [120.33491704598744, 40.99667519019299], [120.33506020599798, 40.996718450200795], [120.33519834670663, 40.996775750824725], [120.33533009492005, 40.99684652246559], [120.33545414098975, 40.996930061615], [120.3355692518307, 40.99702553784862], [120.33567428317888, 40.99713200208107], [120.3357681909659, 40.99724839600027], [120.33585004169754, 40.99737356258775], [120.33591902173328, 40.99750625761991], [120.33829829354241, 41.00270070949242], [120.33831507859077, 41.002732966411294], [120.3383511982926, 41.002728769530215], [120.34855882710805, 41.00101905872191], [120.34858979741156, 41.00101230058417], [120.34856171151063, 41.00099760315914], [120.3421940567204, 40.99805238788309], [120.34206086069264, 40.99798247003953], [120.3419353375679, 40.99789956267067], [120.34181874981238, 40.99780449962885], [120.34171227002356, 40.99769823702379], [120.34161696913671, 40.997581843606355], [120.34153380565367, 40.99745649001946], [120.3414636160027, 40.99732343702417], [120.34140710612593, 40.997184022819425], [120.34136484437927, 40.99703964958289], [120.34133725581611, 40.99689176936838], [120.34132461791224, 40.99674186950166], [120.3413270577751, 40.996591457621385], [120.34134455086547, 40.99644204651588], [120.34137692124415, 40.99629513890804], [120.34142384334157, 40.99615221234147], [120.34148484523226, 40.99601470431992], [120.34155931338123, 40.99588399784935], [120.34164649881475, 40.99576140752821], [120.34174552465328, 40.995648166325616], [120.34185539493069, 40.995545413180665], [120.34197500461148, 40.99545418154734], [120.34210315070472, 40.99537538900043], [120.38167669501688, 40.97369903395166], [120.38180791340366, 40.97363524954444], [120.38194470781912, 40.973584514906], [120.38208578408376, 40.97354731002472], [120.38222980750855, 40.973523986887145], [120.38829034053387, 40.97284300680699], [120.38832504517643, 40.972837415812435], [120.3883461979525, 40.97280934035148], [120.3996604194503, 40.95619499130031], [120.39975243276423, 40.9560736130972], [120.39985628077177, 40.95596219178211], [120.3999708927253, 40.955861876188926], [120.40009508689315, 40.95577370064355], [120.40022758274412, 40.95569857429926], [120.4003670141507, 40.95563727176272], [120.4061499100876, 40.95343789802307], [120.40629580300798, 40.95339079346928], [120.40644574199769, 40.953358826571275], [120.40659816078849, 40.95334233125643], [120.40675146720807, 40.95334147983542], [120.4069040598119, 40.95335628120223], [120.40705434461198, 40.95338658074123], [120.41848265203227, 40.956305587117264], [120.41863344632378, 40.95635268908887], [120.41877845041282, 40.95641538939384], [120.4189160558809, 40.95649299254607], [120.41904473637672, 40.95658463775366], [120.41916306454684, 40.956689308467034], [120.41926972786815, 40.95680584365471], [120.42511834737034, 40.96391368550524], [120.42514110202066, 40.963938911182126], [120.42516793741105, 40.9639595138433], [120.44466137217663, 40.977575372191495], [120.44479169039997, 40.97767754733606], [120.444909951694, 40.977793464831855], [120.44501471471114, 40.97792171189708], [120.45391656469792, 40.99013790136508], [120.45399654229321, 40.99025966902449], [120.45406433024917, 40.990388620843596], [120.45411928913623, 40.99052354044691], [120.45416090053871, 40.990663155166075], [120.45418877194497, 40.9908061480447], [120.45420264044988, 40.990951170260914], [120.45420237523474, 40.99109685385054], [120.45418797880126, 40.99124182461079], [120.45415958694798, 40.99138471506286], [120.45411746748931, 40.991524177351046], [120.45182572199975, 40.99796424969563], [120.45181530974808, 40.997998977150104], [120.45184802233223, 40.99801460718258], [120.4578459399756, 41.00051623036358], [120.45798323812495, 41.00058185873935], [120.45811318019311, 41.00066106053508], [120.4582344287663, 41.00075302057543], [120.4583457359076, 41.00085679237229], [120.45844595600104, 41.0009713078664], [120.45853405754292, 41.00109538842025], [120.45860913375824, 41.00122775694904], [120.45867041193374, 41.00136705106497], [120.45871726137085, 41.00151183709939], [120.45874919987715, 41.001660624858765], [120.45876589872924, 41.00181188296223], [120.45876718605612, 41.00196405460319], [120.4587530486081, 41.00211557357259], [120.45872363189328, 41.0022648803789], [120.4555025186316, 41.015132968752006], [120.45549565349586, 41.01516709636227], [120.45549850784998, 41.01520179040411], [120.45741458162868, 41.029989545412995], [120.45742550892196, 41.03011504889443], [120.45742586649861, 41.03024102667712], [120.45741565183647, 41.0303665901681], [120.4548043666612, 41.051458729158796], [120.45480169659497, 41.051493887291166], [120.45480899394822, 41.05152838326442], [120.45666606535957, 41.05862784346525], [120.45667646664285, 41.05866112435462], [120.45670082893889, 41.0586860699516], [120.47700027583187, 41.07760309578553], [120.47702773894106, 41.077626296524656], [120.4770634440019, 41.077630497152455], [120.49720371911889, 41.079010514024624], [120.49723931535146, 41.07901122372551], [120.49726522664976, 41.07898680651708], [120.5074546409113, 41.06840687413814], [120.50756749184006, 41.06830118523003], [120.50769062277716, 41.068207674536794], [120.50782272549867, 41.06812733557745], [120.50796239645854, 41.06806102192585], [120.50810815170078, 41.06800943814177], [120.52692194856982, 41.06242403279729], [120.52706656995176, 41.06238880198169], [120.52721397104797, 41.062368078292025], [120.52736270034718, 41.06236206580185], [120.52751129325878, 41.062370823718325], [120.52765828653526, 41.06239426579911], [120.52780223268125, 41.06243216120164], [120.5279417142076, 41.06248413675636], [120.52807535758984, 41.06254968064138], [120.5353448950179, 41.06657413195631], [120.53547331570283, 41.066653936258824], [120.53559305009067, 41.06674626326132], [120.53570288164813, 41.06685017489687], [120.53580169445738, 41.0669646153956], [120.53588848455395, 41.067088422011565], [120.53596237012735, 41.06722033683659], [120.53602260048049, 41.06735901958094], [120.53606856365695, 41.067503061191], [120.53609979265862, 41.06765099816567], [120.53611597019052, 41.0678013274259], [120.537524934148, 41.09258865630733], [120.53752863379741, 41.092623658061164], [120.53756224975858, 41.092634087698585], [120.5608410667338, 41.09863557198411], [120.56089131550125, 41.09864670239774], [120.59783700754868, 41.10550942800392], [120.59798441801445, 41.10554459625333], [120.59812752757044, 41.105594459127005], [120.5982648754401, 41.10565850765463], [120.59839505965867, 41.105736088067225], [120.59851675138374, 41.105826408470456], [120.59862870845909, 41.10592854692778], [120.59872978809405, 41.10604146087105], [120.59881895852826, 41.106163997742435], [120.5988953095634, 41.106294906759004], [120.59895806185389, 41.10643285167999], [120.60331509161418, 41.117456782392054], [120.60336036823581, 41.11758906758252], [120.60339313090894, 41.1177249938542], [120.60341309497188, 41.11786338019845], [120.60342008696493, 41.11800302423204], [120.6034140461375, 41.118142712644186], [120.60254632817109, 41.12777505472094], [120.60254485472635, 41.12781151392977], [120.60256402045789, 41.12784256420656], [120.6129764161484, 41.14298241578924], [120.61305018735028, 41.143101178874055], [120.61311258061791, 41.1432262945833], [120.61316305391014, 41.14335667597505], [120.61320116874059, 41.1434911903618], [120.61322659398691, 41.14362866915069], [120.61323910876743, 41.14376791799561], [120.61323860436009, 41.14390772717312], [120.61322508514691, 41.14404688209189], [120.61157722084259, 41.15545385986677], [120.61157381935487, 41.15548963635994], [120.6115907116376, 41.15552135667459], [120.61502586175976, 41.16127792843129], [120.6150462293184, 41.16130849302752], [120.61508026222754, 41.16132230581465], [120.635608253866, 41.16848616578057], [120.63574539871759, 41.16854175807788], [120.63587639832411, 41.16861059351151], [120.63599997766855, 41.16869200210729], [120.6361149339551, 41.16878519151667], [120.63622014831606, 41.16888925472862], [120.63631459670178, 41.169003178897576], [120.6363973598476, 41.169125855201436], [120.6364676322212, 41.1692560896337], [120.63652472986266, 41.169392614624726], [120.63656809704156, 41.169534101378986], [120.640251004199, 41.184074483930154], [120.64026132490477, 41.184108216641654], [120.64029660085345, 41.18410835890867], [120.65723749159167, 41.18334877145887], [120.65727623735263, 41.18334498071013], [120.65730781531906, 41.18332221152463], [120.66357033870845, 41.17828450912677], [120.66369539481774, 41.17819409859506], [120.66382907797151, 41.17811701481526], [120.66396997332107, 41.17805407361108], [120.66411658968674, 41.1780059411269], [120.66426737533988, 41.17797312677757], [120.66442073442579, 41.17795597785696], [120.66457504385365, 41.177954675862345], [120.66472867047452, 41.17796923457351], [120.66487998836608, 41.17799949990691], [120.6762976958742, 41.18090115242746], [120.67643464140102, 41.18094300783421], [120.67656697167024, 41.180997731249995], [120.67669348065601, 41.181064823938925], [120.67681301538622, 41.18114367443457], [120.67692448645043, 41.181233564112695], [120.67702687792848, 41.18133367374066], [120.69017563090871, 41.1954786330724], [120.69020309118262, 41.19550527391044], [120.69023893553317, 41.1955186523796], [120.70134944396928, 41.199023782824256], [120.70138271439811, 41.19903248740584], [120.7013771895664, 41.19899854381423], [120.6986857342701, 41.186435836127664], [120.69866193609468, 41.18629002319514], [120.6986525977464, 41.1861425763922], [120.69865780981873, 41.185994926134], [120.69867752174815, 41.18584850480945], [120.69871154230472, 41.18570473288529], [120.69875954144726, 41.185565005125845], [120.69882105352511, 41.185430677062044], [120.69889548179552, 41.18530305184115], [120.69898210421285, 41.185183367584614], [120.69908008043319, 41.18507278537677], [120.69918845996685, 41.18497237800091], [120.69930619139919, 41.184883119531925], [120.69943213259066, 41.184805875886646], [120.69956506175697, 41.184741396423334], [120.69970368932188, 41.184690306672], [120.6998466704277, 41.18465310226602], [120.69999261798202, 41.18463014413382], [120.70014011611424, 41.18462165499751], [120.70028773391127, 41.18462771721212], [120.72675288756189, 41.18702433720265], [120.72690404575137, 41.18704582773], [120.72705223633076, 41.18708257270499], [120.72719592400348, 41.18713419143919], [120.72733362012428, 41.18720014914782], [120.72746389812214, 41.18727976249022], [120.72758540827985, 41.18737220664949], [120.73594958608881, 41.19443569364516], [120.7359767947952, 41.194456601935656], [120.73600867819634, 41.19446928732205], [120.74656954049111, 41.19811709739771], [120.74660389442515, 41.19812712416342], [120.74663690632866, 41.198113305949065], [120.7631904621715, 41.19021840064451], [120.76332397634913, 41.190162462376804], [120.76346226087666, 41.19011965449363], [120.76360402785653, 41.19009037568145], [120.76374795695766, 41.190074898625234], [120.76389270771234, 41.190073367468834], [120.76403693200048, 41.19008579647251], [120.76417928660516, 41.1901120698801], [120.76431844572257, 41.19015194299715], [120.7644531133097, 41.1902050444698], [120.76458203515492, 41.19027087974338], [120.76799138437156, 41.192224804753415], [120.7681139565947, 41.19230318423385], [120.76822835892402, 41.192393069715905], [120.76833351509838, 41.19249361558522], [120.76842843584151, 41.192603875937856], [120.7685122281689, 41.192722813479065], [120.7685841037887, 41.19284930928184], [120.76864338651762, 41.19298217331343], [120.76868951864242, 41.19312015563078], [120.76872206616655, 41.19326195813962], [120.76874072289313, 41.19340624680651], [120.76874531330556, 41.193551664209025], [120.76873579421864, 41.19369684230594], [120.768712255185, 41.193840415307356], [120.76867491765243, 41.19398103252359], [120.76862413288073, 41.194117371072075], [120.76856037863705, 41.19424814832259], [120.76848425470129, 41.194372133963874], [120.7683964772235, 41.19448816157797], [120.76829787198662, 41.19459513961356], [120.76818936663771, 41.194692061654905], [120.768071981961, 41.1947780158899], [120.76794682227464, 41.19485219368813], [120.76781506504162, 41.19491389720816], [120.76767794979256, 41.19496254596268], [120.76753676646464, 41.1949976822795], [120.76379738419584, 41.1957377986663], [120.76376414741777, 41.19574610305703], [120.76378492864623, 41.19577333882149], [120.76856676281629, 41.2014364901604], [120.76865888356649, 41.20155754542739], [120.76873826974283, 41.20168730846254], [120.76880410488104, 41.20182444468991], [120.7688557118855, 41.20196754370241], [120.76889255999276, 41.202115133767364], [120.7689142702306, 41.202265696962925], [120.76892061931532, 41.20241768478944], [120.76891154194844, 41.20256953409531], [120.76888713148807, 41.20271968315361], [120.76884763898887, 41.20286658772397], [120.76879347061997, 41.203008736934635], [120.76872518348762, 41.2031446688214], [120.76864347990558, 41.203272985363455], [120.76414453805776, 41.209605284960794], [120.76405243810015, 41.209722171485396], [120.76394920960968, 41.209829357028184], [120.76383586857777, 41.209925786651816], [120.7637135305251, 41.21001051128043], [120.76358339952243, 41.210082697040605], [120.76344675634003, 41.210141633468474], [120.76330494584208, 41.21018674050225], [120.75268665376498, 41.212992521874675], [120.75264804305708, 41.2130050181523], [120.75261551730799, 41.2130292878735], [120.74338422097908, 41.22073736919356], [120.74326962144939, 41.220824090193666], [120.74314724877938, 41.220899446107154], [120.74301822627314, 41.220962745214166], [120.74288373827608, 41.22101340646873], [120.7427450193034, 41.2210509648324], [120.74260334270795, 41.221075075543055], [120.74246000899173, 41.221085517279526], [120.74231633386806, 41.22108219419325], [120.74217363618415, 41.22106513678807], [120.74203322581494, 41.221034501640226], [120.74189639163926, 41.220990569961096], [120.73448005041459, 41.21821101212005], [120.73444775898251, 41.218200562926356], [120.73441393575693, 41.218202338779], [120.72038546555873, 41.219577327843815], [120.72034985960819, 41.21958263215592], [120.72034921923823, 41.21961862534084], [120.72062481687989, 41.22812348925419], [120.72062767707934, 41.22815868369352], [120.72066118412789, 41.22816982402618], [120.7302454189761, 41.23084591065046], [120.73038900966266, 41.23089393760535], [120.7305270271879, 41.23095619542726], [120.73065806531436, 41.23103204978167], [120.73078078891645, 41.231120727801226], [120.73089394758394, 41.23122132596044], [120.73099638836207, 41.23133281928149], [120.7383840615344, 41.240236354834984], [120.73840786512875, 41.24026239769959], [120.7384426975503, 41.240268014131615], [120.74665442540848, 41.2411914096064], [120.7468038691621, 41.24121590701277], [120.74695008122134, 41.241255348008515], [120.74709157129163, 41.24130933058368], [120.76393823970372, 41.24873144797153], [120.7639693224123, 41.248743510000835], [120.76400259485759, 41.248743886970026], [120.76735563551162, 41.24863279750517], [120.76749961653441, 41.248634942779965], [120.76764272841554, 41.24865088412901], [120.76778365229079, 41.248680474642946], [120.76792108945976, 41.248723441626936], [120.76805377335421, 41.24877938911374], [120.76818048121028, 41.24884780151278], [120.76830004533691, 41.24892804836161], [120.76841136387702, 41.24901939013606], [120.76851341096159, 41.24912098506536], [120.76860524616384, 41.2492318968896], [120.76868602316577, 41.24935110348794], [120.76875499755751, 41.24947750629809], [120.7688115336975, 41.24960994044023], [120.76885511057036, 41.24974718545209], [120.76888532658835, 41.24988797653627], [120.76890190329223, 41.25003101621614], [120.76890468791747, 41.25017498629286], [120.768893654802, 41.25031855999342], [120.76886890562281, 41.250460414197654], [120.76883066845883, 41.25059924163161], [120.7687792956891, 41.250733762914905], [120.7644314037429, 41.26066078797814], [120.76436703008874, 41.26079037025123], [120.76429047086272, 41.26091314735724], [120.76420243842405, 41.26102797689435], [120.7641037518865, 41.26113379041029], [120.76399532949685, 41.26122960334404], [120.76387818009088, 41.26131452418679], [120.7637533937065, 41.26138776277715], [120.76362213144118, 41.26144863765339], [120.76348561464852, 41.26149658239419], [120.76334511357373, 41.26153115088902], [120.76320193553455, 41.261552021489045], [120.763057412757, 41.261559], [120.75601795824734, 41.261559], [120.7559821841521, 41.261560763934646], [120.75596700458317, 41.26159320585265], [120.753585623654, 41.26741348017234], [120.75352134938852, 41.26755042646536], [120.75344360813247, 41.267680202293185], [120.75335319061702, 41.26780148766443], [120.75325101650756, 41.26791304894685], [120.7531381250496, 41.26801375141503], [120.7530156644982, 41.26810257079202], [120.75288488043871, 41.268178603667565], [120.75274710311758, 41.26824107668702], [120.75260373391193, 41.26828935441736], [120.7524562310757, 41.26832294581037], [120.73753930120917, 41.27093681422876], [120.73750478227137, 41.270944578417875], [120.73747769850279, 41.27096734482236], [120.73336479377384, 41.274774273917515], [120.73333910530327, 41.274800579641656], [120.73334770907495, 41.27483632686206], [120.73735551683497, 41.288431439459806], [120.7373674410941, 41.288465571838955], [120.73740146459221, 41.28847780330846], [120.74869796372509, 41.291918969753084], [120.74884417170102, 41.29197193434678], [120.74898411050488, 41.29203975139174], [120.74911627613531, 41.2921216920199], [120.74923924813368, 41.292216875569046], [120.74935170485047, 41.29232427904785], [120.74945243764985, 41.29244274813047], [120.74954036389957, 41.29257100956279], [120.7550448628973, 41.30156752580159], [120.75511505402179, 41.30169592130851], [120.7551724007357, 41.30183054506034], [120.7552163572971, 41.30197011590567], [120.75524650539192, 41.302113305613865], [120.75526255811481, 41.30225875151529], [120.75526436269948, 41.302405069469174], [120.75525190197254, 41.30255086703582], [120.75522529451693, 41.30269475672781], [120.75518479354338, 41.30283536921408], [120.75513078448076, 41.30297136635122], [120.75506378130812, 41.303101453917925], [120.75498442166338, 41.303224393931515], [120.75162778485834, 41.30790621975555], [120.75160688878856, 41.30793882880597], [120.75159703985993, 41.30797628537404], [120.74820851822416, 41.324273840080444], [120.74820289686424, 41.32430963739888], [120.74822132530971, 41.32434083740029], [120.75600806544841, 41.33615481839359], [120.75608173421831, 41.33627925410542], [120.75614307837053, 41.33641020535217], [120.75619152777705, 41.33654645508261], [120.75622663215266, 41.33668673700179], [120.75624806523989, 41.33682974733991], [120.75625562784118, 41.33697415696943], [120.7562492496703, 41.33711862375792], [120.75622899000551, 41.33726180504168], [120.7561950371386, 41.33740237010443], [120.75614770662503, 41.33753901254484], [120.75608743835112, 41.33767046241816], [120.75601479244573, 41.33779549803896], [120.75593044407456, 41.33791295733539], [120.75273820842845, 41.341934025372915], [120.75271789217975, 41.34196228061183], [120.75272913382076, 41.34199521591182], [120.7588149781924, 41.35738653833708], [120.75883031586194, 41.35742021441952], [120.75886702334478, 41.35742489238275], [120.7691893474836, 41.358210097169284], [120.76933489612321, 41.35822836224644], [120.76947796471211, 41.358260756665786], [120.76961718500466, 41.35830697062121], [120.76975122555865, 41.358366562142564], [120.76987880446865, 41.35843896132253], [120.76999870162554, 41.35852347576688], [120.77010977038516, 41.35861929721631], [120.7702109485343, 41.35872550927622], [120.77030126844922, 41.35884109618077], [120.77037986634961, 41.35896495250716], [120.77044599055942, 41.35909589374746], [120.77377212893873, 41.36656979029019], [120.77382571099355, 41.3667082642251], [120.77386534034385, 41.36685135713842], [120.77389062869126, 41.366997666969716], [120.7739013282542, 41.367145760138364], [120.77389733419562, 41.36729418559017], [120.77387868565035, 41.367441489015135], [120.7738455653415, 41.36758622709716], [120.77379829779024, 41.36772698165605], [120.77373734613593, 41.36786237354312], [120.77366330759827, 41.36799107615454], [120.77357690762548, 41.36811182842968], [120.77347899278631, 41.368223447207306], [120.77337052247503, 41.36832483881848], [120.77325255951109, 41.36841500980265], [120.77312625972536, 41.36849307664178], [120.77299286063497, 41.36855827441729], [120.77285366931785, 41.368609964304945], [120.7727100496056, 41.36864763983419], [120.76844907151656, 41.369542633432474], [120.76841601929269, 41.3695512425306], [120.76842323135959, 41.36958462743995], [120.77028040038051, 41.37655099119276], [120.77029145599171, 41.37658547972469], [120.77032638971214, 41.376595035902994], [120.77833643738923, 41.37836388655687], [120.77847001970906, 41.378399920017756], [120.77859971366347, 41.37844810844648], [120.77872441583669, 41.37850804186344], [120.77884306528222, 41.378579210364556], [120.7789546525492, 41.378661008459396], [120.77905822827073, 41.37875274022263], [120.77915291124081, 41.37885362521482], [120.77923789591163, 41.37896280512231], [120.79131546294539, 41.39604994451938], [120.79133679701577, 41.3960772792198], [120.79137144309362, 41.396075872910245], [120.79943701209119, 41.395364260135906], [120.79957857537049, 41.39535848737968], [120.79972005181912, 41.39536609666626], [120.79986017924793, 41.39538702010902], [120.79999770750308, 41.39542107103842], [120.80013140961944, 41.3954679456674], [120.80026009276692, 41.395527225801644], [120.80038260889242, 41.395598382570476], [120.81471625146695, 41.40485517311939], [120.81483692102128, 41.40494186244275], [120.81494842223239, 41.40504006458148], [120.81504966109102, 41.405148816011966], [120.81513964427837, 41.40526704970481], [120.8152174889122, 41.40539360559409], [120.81528243120933, 41.405527241959554], [120.81533383397961, 41.405666647609856], [120.81537119287778, 41.405810454747574], [120.81539414135194, 41.405957252389456], [120.81540245424003, 41.40610560021054], [120.81539604997903, 41.40625404267606], [120.8153749914052, 41.40640112332264], [120.81533948513761, 41.40654539904856], [120.8152898795508, 41.40668545427298], [120.81522666135673, 41.406819914825064], [120.81515045082926, 41.406947461426874], [120.80552614783873, 41.42137978688573], [120.80550830948215, 41.42140956438317], [120.80553576953983, 41.4214307976479], [120.8120068040568, 41.425951603079184], [120.81203607811763, 41.42597005128712], [120.81206673493115, 41.425954005515024], [120.81971278849366, 41.421477444453906], [120.81974429759437, 41.42145675689726], [120.81975440961715, 41.42142044511628], [120.82229624857982, 41.41006933781236], [120.82233903350146, 41.40991663539372], [120.82239770075358, 41.40976930334797], [120.82247159460375, 41.40962898842686], [120.82255988912962, 41.40949725895074], [120.8226615974504, 41.40937558727918], [120.83222574266374, 41.39909169476318], [120.83233282838671, 41.398987479193856], [120.8324497515845, 41.3988944351034], [120.83257535195098, 41.39881348582981], [120.8327083830707, 41.398745434686234], [120.83284752478791, 41.398690956989135], [120.83299139630743, 41.398650593356706], [120.83313856989709, 41.39862474434394], [120.83328758505608, 41.39861366646769], [120.83343696300852, 41.398617469661026], [120.83358522137826, 41.39863611618235], [120.8337308888995, 41.398669420989926], [120.83387252001718, 41.39871705357811], [120.83400870923211, 41.39877854125727], [120.83413810504872, 41.39885327384452], [120.84226988716645, 41.404106635955614], [120.8423882039017, 41.40419148421441], [120.84249773730049, 41.40428740351076], [120.84259745540841, 41.40439349015373], [120.8426864187445, 41.404508744662074], [120.8427637891525, 41.40463208118071], [120.84282883769734, 41.40476233771097], [120.84288095153279, 41.40489828705822], [120.84291963967526, 41.405038648393685], [120.84294453762953, 41.40518209932166], [120.84295541082284, 41.40532728833821], [120.8429521568148, 41.40547284756428], [120.84204570215778, 41.41823595295128], [120.84204495734282, 41.41827308434939], [120.84207393750718, 41.41829631031646], [120.84972269709957, 41.42381214732472], [120.84975316271631, 41.42383188916162], [120.84978629406545, 41.423817049767], [120.8638066749776, 41.416679179399054], [120.86393942067814, 41.41661952019052], [120.8640773231182, 41.41657300611522], [120.86421908413678, 41.41654007503893], [120.8643633692497, 41.416521036962244], [120.86450882021192, 41.41651607110235], [120.86465406780354, 41.41652522420597], [120.86479774471908, 41.41654841010927], [120.86493849843889, 41.416585410549], [120.86507500396105, 41.416635877217125], [120.86520597627467, 41.416699335039674], [120.86533018245629, 41.41677518664889], [120.86544645327629, 41.416862718006655], [120.87076996514041, 41.421290848621375], [120.87079966653488, 41.42131312422721], [120.87083676426748, 41.42131458494381], [120.88114993547471, 41.4212012358485], [120.881298670029, 41.42120698660882], [120.88144610236444, 41.42122744987716], [120.88159078076141, 41.42126242415816], [120.88173128061749, 41.421311565071136], [120.88186621847497, 41.42137438874106], [120.88199426564343, 41.42145027656309], [120.88211416128286, 41.421538481293844], [120.88222472481881, 41.421638134409214], [120.88232486756708, 41.42174825465646], [120.88241360345367, 41.42186775771631], [120.88249005872434, 41.42199546687992], [120.88255348054824, 41.4221301246355], [120.88260324443068, 41.422270405050696], [120.88263886036246, 41.4224149268286], [120.88265997764474, 41.42256226690893], [120.88266638834232, 41.422710974480495], [120.88265802933108, 41.422859585266835], [120.88263498291958, 41.423006635944496], [120.88259747603854, 41.423150678551934], [120.88254587800637, 41.423290294747126], [120.88248069689257, 41.423424109773514], [120.87602655097727, 41.435157094098884], [120.87601082019913, 41.435189299546586], [120.87601540091534, 41.4352248476165], [120.87855050459292, 41.449422414632615], [120.8785702864131, 41.44958260255845], [120.87857274194918, 41.44974398862456], [120.87753841611881, 41.476517343995624], [120.87753877471873, 41.476552199136464], [120.87757363137676, 41.476552048000805], [120.89354578477207, 41.47570092982361], [120.89358120857165, 41.47569731892681], [120.89360656165675, 41.47567231682225], [120.89626961040987, 41.472779246377335], [120.89637272216615, 41.47267755134764], [120.8964851604537, 41.472586274051196], [120.89660587715208, 41.47250626535118], [120.89673374697173, 41.47243827106783], [120.89686757794355, 41.47238292502612], [120.89700612253009, 41.47234074314742], [120.89714808925484, 41.47231211864022], [120.89729215474101, 41.47229731833469], [120.8974369760477, 41.47229648019543], [120.89758120318844, 41.47230961203537], [120.89772349171545, 41.4723365914429], [120.89786251525217, 41.47237716692302], [120.89799697785743, 41.472430960241695], [120.8981256261059, 41.47249746995163], [120.89824726077214, 41.47257607606664], [120.89836074800951, 41.47266604584103], [120.89846502991956, 41.47276654060002], [120.89855913441353, 41.47287662355766], [120.9038867049369, 41.479755169024095], [120.90396976127096, 41.47987382428625], [120.9040409867609, 41.479999936757665], [120.90409971735009, 41.480132330653895], [120.9041454054756, 41.48026977162687], [120.90417762517332, 41.48041097827312], [120.90419607604929, 41.48055463408066], [120.90420058608049, 41.480699399703255], [120.90419111321854, 41.48084392544751], [120.90416774578178, 41.480986863856494], [120.90413070163181, 41.48112688227249], [120.9040803261424, 41.48126267526175], [120.90401708897937, 41.48139297678544], [120.90394157972177, 41.48151657200332], [120.90385450236509, 41.48163230860004], [120.90375666875771, 41.48173910752855], [120.9036489910317, 41.481835973070346], [120.90353247309888, 41.4819220021189], [120.90340820129092, 41.48199639259955], [120.89701744768051, 41.48541418171118], [120.8969880115194, 41.485431772293055], [120.89699811238985, 41.48546454253215], [120.90215336254099, 41.49974084523333], [120.90220000757452, 41.49989568309852], [120.9022297131304, 41.50005464253863], [120.90224213395712, 41.500215876054725], [120.90223712569421, 41.50037750971753], [120.90122612280634, 41.512256308524016], [120.90122481864475, 41.51229270550106], [120.90123754271094, 41.51232683084229], [120.90600143832093, 41.52340912503201], [120.90601738530229, 41.52344170931404], [120.90604876193153, 41.52345991779517], [120.91452780354749, 41.527838374210155], [120.91456016712458, 41.52785315283907], [120.91459465767065, 41.5278444229347], [120.92289702715837, 41.52531064895075], [120.92304117592637, 41.52527435732307], [120.92318820890524, 41.52525251120948], [120.9233366821691, 41.525245325148035], [120.92348513764779, 41.52525286970889], [120.9236321174459, 41.52527507080127], [120.92377617815977, 41.52531171040109], [120.9239159050524, 41.525362428692006], [120.92404992594672, 41.525426727599], [120.924176924701, 41.52550397567966], [120.92429565413387, 41.52559341432526], [120.9244049482722, 41.525694165210524], [120.92450373380142, 41.52580523891926], [120.92459104060595, 41.525925544660765], [120.92466601129611, 41.526053900981886], [120.92472790962809, 41.52618904736938], [120.92477612773416, 41.52632965662868], [120.92614968605743, 41.531092238146], [120.92616134041165, 41.53112621837212], [120.92619721945208, 41.531128], [120.93562974755226, 41.531128], [120.93577412017939, 41.53113496398419], [120.93591715226161, 41.53115579127396], [120.93605751570135, 41.53119028848144], [120.93619390718027, 41.53123813528928], [120.9363250602609, 41.53129888742493], [120.93644975714591, 41.53137198078585], [120.9365668399858, 41.53145673667735], [120.93667522162986, 41.53155236811452], [120.93677389572065, 41.5316579871296], [120.93686194603846, 41.53177261301706], [120.93693855500858, 41.531895181439744], [120.94010377171307, 41.53754823043217], [120.94012206013959, 41.53757756800352], [120.94015545864852, 41.537586495446185], [120.95582200664192, 41.540994283402256], [120.95596767168865, 41.54103373763846], [120.95610863507959, 41.54108762887163], [120.95624346995552, 41.541155411604116], [120.95637081149135, 41.54123639972576], [120.95648937071098, 41.54132977345887], [120.95659794753469, 41.54143458765614], [120.95669544292647, 41.541549781367664], [120.95678087001883, 41.54167418858001], [120.95685336410192, 41.541806550018926], [120.95691219137638, 41.54194552589588], [120.95695675638093, 41.542089709469714], [120.95698660801988, 41.54223764128592], [120.95700144412903, 41.54238782394957], [120.95700111453438, 41.542538737282186], [120.95698562257215, 41.542688853709336], [120.95695512505503, 41.542836653723015], [120.95638457629194, 41.54503608398566], [120.95637711600084, 41.545072332852214], [120.95640401806912, 41.54509774770997], [120.98085624144018, 41.56595153123573], [120.98096568522816, 41.5660547873855], [120.98106423379555, 41.56616848855107], [120.98115089553463, 41.56629149065744], [120.98122479844437, 41.566422556042355], [120.98128519890466, 41.56656036590988], [120.98133148915868, 41.566703533600275], [120.98136320342822, 41.56685061854273], [120.98138002260043, 41.567000140750565], [120.98138177743876, 41.56715059571304], [120.98136845028579, 41.56730046953392], [120.98134017524096, 41.56744825416448], [120.98129723681124, 41.5675924625777], [120.98124006704836, 41.56773164373089], [120.97375556263437, 41.58363293622087], [120.973741813667, 41.58366626972112], [120.97374526772282, 41.58370216158409], [120.97602659896359, 41.59936292325174], [120.97603358819312, 41.599398384356626], [120.97606916384986, 41.5994047649479], [120.9841252961112, 41.60043767866961], [120.98415888079394, 41.60044044624931], [120.98419119589511, 41.600431134902394], [120.9962917519215, 41.59634757946872], [120.99643057531827, 41.59630806030486], [120.99657255436561, 41.596282067038025], [120.99671637441959, 41.59626984035086], [120.9968607037896, 41.59627149345542], [120.9970042060691, 41.59628701104491], [120.99714555250988, 41.59631624943541], [120.99728343432561, 41.59635893789634], [120.99741657481033, 41.596414681157206], [120.9975437411601, 41.59648296306762], [120.997663755888, 41.596563151376564], [120.997775507727, 41.59665450358663], [120.99787796191966, 41.59675617382913], [121.00504377218284, 41.60458661778728], [121.00506793253194, 41.60461070210628], [121.00509906515632, 41.60462447453239], [121.01440598075412, 41.608245209106435], [121.01444434358874, 41.60825777924672], [121.01448471144806, 41.60825739009912], [121.03029305609039, 41.60724395985935], [121.03045148849708, 41.60724218835215], [121.03060922392336, 41.607257138302714], [121.03076450246492, 41.60728864290967], [121.03091559162966, 41.60733635066612], [121.03106080566772, 41.60739972928143], [121.04816409576743, 41.61596676363741], [121.04828514445269, 41.6160345739127], [121.04839940964138, 41.616113278958856], [121.04850591367965, 41.61620220537489], [121.04860374531813, 41.61630059230568], [121.04869206750854, 41.61640759795187], [121.0560286057522, 41.626184157764364], [121.05605133053437, 41.62621149584763], [121.05608037039859, 41.62619099041372], [121.06121583812859, 41.622167722311566], [121.06133943447422, 41.62208057780565], [121.06147117735267, 41.622006321253465], [121.0616097276578, 41.62194570743894], [121.06175367708909, 41.62189935247378], [121.06190156246636, 41.62186772753502], [121.06205188060237, 41.62185115407571], [121.06220310358195, 41.62184980055749], [121.06235369429264, 41.62186368073826], [121.0625021220487, 41.621892653532306], [121.06264687814983, 41.621936424444435], [121.06278649121643, 41.621994548563336], [121.0629195421455, 41.622066435083894], [121.06304467853515, 41.622151353312496], [121.06316062843119, 41.62224844009416], [121.0632662132559, 41.622356708586125], [121.06336035978784, 41.622475058288664], [121.0634421110705, 41.622602286231135], [121.06742379314471, 41.629545252217376], [121.0674423433106, 41.629574226073686], [121.06746739738055, 41.62955064882672], [121.07220958891655, 41.624630365390786], [121.07223269720402, 41.62460391992233], [121.07221148174955, 41.62457593313546], [121.06880507684644, 41.62051070280973], [121.06871537237191, 41.62039218202799], [121.06863783858044, 41.620265364917024], [121.06857323682175, 41.620131496768344], [121.06852220145838, 41.619991892111756], [121.06848523363647, 41.619847921807185], [121.0684626963647, 41.619700999583415], [121.06845481094979, 41.61955256815586], [121.06846165482321, 41.61940408505968], [121.06848316078099, 41.6192570083374], [121.06851911764349, 41.61911278222155], [121.06856917232925, 41.61897282295287], [121.06863283332194, 41.61883850487343], [121.068709475497, 41.61871114693116], [121.06879834625998, 41.61859199972834], [121.0688985729368, 41.618482233241146], [121.06900917134297, 41.618382925331055], [121.06912905544796, 41.61829505116062], [121.06925704803946, 41.61821947361783], [121.06939189228324, 41.61815693484284], [121.06953226406462, 41.61810804894054], [121.06967678499086, 41.61807329595025], [121.06982403592629, 41.61805301713195], [121.09296318696151, 41.61602810160079], [121.09310828291552, 41.61602245928487], [121.09325324458212, 41.616030872775205], [121.09339671353057, 41.61605326322929], [121.09353734531834, 41.616089420826945], [121.09367382208985, 41.616139006736596], [121.09380486492606, 41.61620155629039], [121.09392924582909, 41.616276483338666], [121.10568392946865, 41.624157169400824], [121.1057148699693, 41.62417574707542], [121.10574346766457, 41.624153733070536], [121.11016557573522, 41.6203841584924], [121.11027974904354, 41.62029595042829], [121.11040186872424, 41.62021911950684], [121.11053080496907, 41.62015437654064], [121.11066536490536, 41.62010232050879], [121.11080430363201, 41.62006343301536], [121.11094633573687, 41.62003807383372], [121.11109014718899, 41.62002647757809], [121.1112344074955, 41.62002875153293], [121.11137778201089, 41.62004487466041], [121.1115189442847, 41.62007469779505], [121.11165658833332, 41.62011794502371], [121.11178944072252, 41.62017421623828], [121.11191627234882, 41.62024299083731], [121.11203590981074, 41.620323632542465], [121.11214724626466, 41.62041539528511], [121.11224925166492, 41.620517430108684], [121.1233422262696, 41.63273619860815], [121.12343177529465, 41.632844644419514], [121.12351077403397, 41.63296100042956], [121.12357852801769, 41.63308424376439], [121.12363444162739, 41.633213291004346], [121.12367802333219, 41.633347007708224], [121.12370889000975, 41.63348421838604], [121.12372677031424, 41.63362371683262], [121.1237315070617, 41.63376427673129], [121.12372305861189, 41.63390466243421], [121.12370149923424, 41.63404363982491], [121.12366701845508, 41.63417998716723], [121.12225756005606, 41.63882519679186], [121.12224902285857, 41.638859182221815], [121.12227877998063, 41.63887768646119], [121.13923322831336, 41.64831331815465], [121.1392655498742, 41.64832930649427], [121.1393010987295, 41.64833535539519], [121.1457635797717, 41.64911506867675], [121.14590873122636, 41.64913986183523], [121.14605075226724, 41.649178767740175], [121.14618827421265, 41.64923141144854], [121.14631997173939, 41.64929728562365], [121.14644457565525, 41.649375755424515], [121.14656088513041, 41.64946606462385], [121.14666777926999, 41.64956734289605], [121.14676422791639, 41.64967861420458], [121.14684930157706, 41.649798806208295], [121.14692218038216, 41.64992676059573], [121.14698216198586, 41.65006124424796], [121.14702866833487, 41.65020096112237], [121.14706125123934, 41.650344564742916], [121.14707959669211, 41.65049067117624], [121.14708352789481, 41.650637872368975], [121.14690580182032, 41.65856921732957], [121.14690669382145, 41.658604454455585], [121.14692653446488, 41.658633588621], [121.15626070000697, 41.67102539508283], [121.15628361614999, 41.67105288047215], [121.15631769581582, 41.67104196385176], [121.16620920874236, 41.66732545724133], [121.16634584747885, 41.6672814559888], [121.16648606658461, 41.667250717463936], [121.16662858188606, 41.66723352318046], [121.16677208818028, 41.667230030609375], [121.1669152711885, 41.66724027173682], [121.1670568195927, 41.66726415277113], [121.16719543704514, 41.66730145500177], [121.16732985404072, 41.66735183680241], [121.16745883954349, 41.66741483675962], [121.16758121226096, 41.66748987789866], [121.16769585146277, 41.66757627296762], [121.16780170724465, 41.667673230731495], [121.17389962458957, 41.67382041150972], [121.17392552431049, 41.67384403636631], [121.17394272951688, 41.673813492786415], [121.1775898194525, 41.66650880955469], [121.17766371430277, 41.6663777074676], [121.17775037400062, 41.66625466965674], [121.17784892624086, 41.66614093460463], [121.1779583790095, 41.66603764715345], [121.17807763056929, 41.66594584698121], [121.17820548054958, 41.66586645813644], [121.17834064202917, 41.665800279736885], [121.17848175449028, 41.665747977925676], [121.17862739751328, 41.66571007916602], [121.17877610507455, 41.66568696494186], [121.17892638030317, 41.665678867917975], [121.17907671054834, 41.66568586959795], [121.17922558260544, 41.66570789950378], [121.17937149794777, 41.66574473588532], [121.17951298781058, 41.66579600795235], [121.17964862797537, 41.66586119960695], [121.17977705310597, 41.66593965463844], [121.17989697049177, 41.66603058332873], [121.19417870838656, 41.67803438040633], [121.19420819989718, 41.67805670451776], [121.19424110631299, 41.67803981419671], [121.20095795013762, 41.67414726221169], [121.20108686748179, 41.67408066362664], [121.20122161655691, 41.67402683296703], [121.2013609364079, 41.6739862739695], [121.20150352330724, 41.673959366177066], [121.20164804295507, 41.67394636138753], [121.20179314296522, 41.67394738129712], [121.2019374655206, 41.67396241636172], [121.2020796600794, 41.67399132588619], [121.2022183960132, 41.674033839340936], [121.20235237505865, 41.6740895588935], [121.21049407183467, 41.67794750159032], [121.21053150224994, 41.67796280174434], [121.21057186328493, 41.67796527511451], [121.22328220651373, 41.67805084826044], [121.22342745416857, 41.678058880106086], [121.223571240782, 41.67808094368652], [121.22371221403183, 41.678116831492375], [121.2238490480558, 41.678166205996575], [121.22398045592128, 41.6782286028288], [121.224105201729, 41.678303435142915], [121.2242221122368, 41.678389999136286], [121.22433008789397, 41.67848748066909], [121.22442811318265, 41.67859496292139], [121.22451526616885, 41.678711435015806], [121.22459072717321, 41.67883580152497], [121.22465378648025, 41.67896689277402], [121.22470385101319, 41.679103475841494], [121.22474044991196, 41.679244266155045], [121.22637653257279, 41.68708097698385], [121.226399543659, 41.68722669616347], [121.22640812932458, 41.687373970994116], [121.2264022065229, 41.68752137692961], [121.22638183254351, 41.6876674881556], [121.22634720445791, 41.6878108913811], [121.2262986572134, 41.68795019950882], [121.22623666039323, 41.68808406505213], [121.22616181367445, 41.68821119316894], [121.22607484102737, 41.6883303541863], [121.22597658371289, 41.68844039549467], [121.22586799214517, 41.6885402526968], [121.22575011669855, 41.68862895990326], [121.22562409754761, 41.688705659075325], [121.22549115363861, 41.68876960832439], [121.22535257089895, 41.68882018908816], [121.22520968979876, 41.688856912113756], [121.22506389238501, 41.68887942219014], [121.21813771756173, 41.689602272337126], [121.21810444333745, 41.689607364615426], [121.2181175591206, 41.68963836593044], [121.2329397450319, 41.720471332037256], [121.23299555252284, 41.72060319604675], [121.23303853259527, 41.72073978047639], [121.23306829360347, 41.72087984073285], [121.23308456435724, 41.721022100550144], [121.23308719659322, 41.72116526361933], [121.23307616632576, 41.721308025400795], [121.23305157406558, 41.72144908501155], [121.23301364390383, 41.721587157079234], [121.23296272147014, 41.72172098345479], [121.23289927078316, 41.721849344677], [121.23282387002226, 41.721971071084575], [121.23273720625903, 41.7220850534744], [121.23264006919656, 41.722190253208915], [121.23253334397336, 41.72228571168039], [121.22229974758957, 41.730594846542665], [121.22227145821986, 41.73062031969354], [121.2222489258588, 41.73065100295542], [121.215969658088, 41.7401866288583], [121.21595127388535, 41.74021784374974], [121.21597375500032, 41.740246250577094], [121.2271325165246, 41.75298070618559], [121.22722529640676, 41.75309788603981], [121.22730595415953, 41.75322371748136], [121.22737368896887, 41.75335695118719], [121.22742782832671, 41.75349626434055], [121.22746783470804, 41.75364027376462], [121.22749331090773, 41.75378754965543], [121.2275040039842, 41.75393662977778], [121.22749980777076, 41.75408603398308], [121.22678778144252, 41.76320537642011], [121.22678673734511, 41.76323983938937], [121.2268189741393, 41.763252069495366], [121.25871170960762, 41.77364339932989], [121.25884781395685, 41.77369517926629], [121.25897825602065, 41.77375991274825], [121.2591018064228, 41.773836989682664], [121.25921730073892, 41.77392568364322], [121.25932365047069, 41.774025158716704], [121.25941985330472, 41.77413447738125], [121.25950500255898, 41.77425260934218], [121.25957829572802, 41.774378441242206], [121.25963904204636, 41.774510787154504], [121.25968666899865, 41.77464839975969], [121.25972072771562, 41.77478998210143], [121.25974089720432, 41.77493419980984], [121.25974698737359, 41.77507969367752], [121.25973894082541, 41.775225092469654], [121.25971683339607, 41.77536902584751], [121.25968087344123, 41.77551013728341], [121.25963139987239, 41.77564709684561], [121.25956887896265, 41.775778613732506], [121.2594938999523, 41.77590344843802], [121.25940716949539, 41.776020424433575], [121.25930950499969, 41.77612843925651], [121.25920182692295, 41.77622647490045], [121.25612446701211, 41.77876633048904], [121.2560990243206, 41.778789444459015], [121.25611244381719, 41.77882109099573], [121.26365352125573, 41.79449083642865], [121.26366979317213, 41.794520898651385], [121.26370187095466, 41.794509086439035], [121.30795362559627, 41.77577828010347], [121.30798410890559, 41.77576371147539], [121.3080073674131, 41.7757393014947], [121.31174657728874, 41.77144322557432], [121.31185048778873, 41.77133524237784], [121.31196465442272, 41.77123816641576], [121.31208793766754, 41.77115296662541], [121.31221910700502, 41.771080493405286], [121.31235685320411, 41.771021470127124], [121.31249980138861, 41.77097648591572], [121.31264652476013, 41.77094598976873], [121.31279555883924, 41.77093028607514], [121.31294541608285, 41.77092953157712], [121.33635463379728, 41.771982229726035], [121.33639354306108, 41.77198193439425], [121.3364289464803, 41.77196579079094], [121.34288944842453, 41.76859948238012], [121.34292112668163, 41.76858088806092], [121.34292227773624, 41.768544173816615], [121.34250670721349, 41.74678003797424], [121.34250424300474, 41.74674410719525], [121.3424728932768, 41.74672637903227], [121.33426028275214, 41.742603303072514], [121.33412874339179, 41.74252873740554], [121.33400537919242, 41.74244130791209], [121.33389144367915, 41.74234190297847], [121.33378809457058, 41.742231532675525], [121.33369638201502, 41.74211131849515], [121.33361723791971, 41.741982481954565], [121.33355146648161, 41.74184633218431], [121.33349973601574, 41.741704252625915], [121.33346257216438, 41.74155768697453], [121.33344035255591, 41.741408124509285], [121.33343330296765, 41.74125708496043], [121.33344149503168, 41.741106103067146], [121.33346484550701, 41.74095671298276], [121.33350311712539, 41.74081043268593], [121.33355592100224, 41.74066874855626], [121.33362272058818, 41.740533100270866], [121.33370283712097, 41.74040486617561], [121.33827441022225, 41.73384796895458], [121.3383686988899, 41.73372651216002], [121.33847492594303, 41.73361534598272], [121.33859197518998, 41.7335156385127], [121.3387186167238, 41.733428437436416], [121.33885351984557, 41.73335465902814], [121.3389952670469, 41.73329507852204], [121.35985081197127, 41.72576171045219], [121.36000023925047, 41.725716376731576], [121.36015356976822, 41.72568682321539], [121.36030914185389, 41.72567337018045], [121.3604652695446, 41.72567616341974], [121.37401815896486, 41.72662591777361], [121.37416584157455, 41.726643660088314], [121.37431104086203, 41.72667594181458], [121.374452329038, 41.726722445516245], [121.37458831677229, 41.7267827139081], [121.39380439882764, 41.73646606772215], [121.39383850184082, 41.73648115915075], [121.393875545611, 41.7364854633151], [121.41686071267037, 41.737993488021786], [121.41689882682476, 41.73799403562021], [121.41693625731222, 41.737986828177604], [121.43569034155665, 41.733370039695416], [121.43572234520722, 41.73336062125133], [121.43574894510483, 41.733340597613335], [121.45243128542022, 41.71957916168651], [121.45246119921526, 41.71955159709362], [121.45248060905939, 41.7195158493681], [121.4581422349994, 41.70757126013734], [121.45815619509375, 41.707537639212475], [121.45815623246331, 41.70750123523699], [121.45767447643723, 41.6974807098943], [121.45767459441299, 41.697334232153054], [121.45768899858989, 41.69718846431611], [121.45771755161132, 41.69704479640889], [121.45775998119898, 41.69690459843212], [121.45781588274913, 41.69676920729766], [121.457884723191, 41.69663991407989], [121.45796584607002, 41.69651795170414], [121.45805847780768, 41.696404483189674], [121.45816173507835, 41.696300590559254], [121.45827463323248, 41.696207264521135], [121.45839609568621, 41.69612539502173], [121.45852496418748, 41.69605576275922], [121.45866000986098, 41.6959990317389], [121.45879994492662, 41.69595574294128], [121.45894343497966, 41.69592630916339], [121.45908911171533, 41.695911011082366], [121.47399518702949, 41.69507861130805], [121.47414473507278, 41.69507772684689], [121.47429362792056, 41.69509173824963], [121.47444038555147, 41.69512050624044], [121.47458354916861, 41.695163744860395], [121.4747216957002, 41.69522102430992], [121.47485345194517, 41.69529177522113], [121.47497750822306, 41.695375294317394], [121.47509263139246, 41.695470751404066], [121.47519767710858, 41.69557719762076], [121.47529160119839, 41.695693574873175], [121.47537347003976, 41.69581872635076], [121.47544246984182, 41.69595140802561], [121.47549791473435, 41.6960903010183], [121.47553925358523, 41.69623402470784], [121.47556607547895, 41.696381150455224], [121.47760220307772, 41.71190043803973], [121.4776086485128, 41.711935936669825], [121.47763833036213, 41.71195644725751], [121.49327422789531, 41.721661899261804], [121.4933051399696, 41.72167907800324], [121.49333821477684, 41.72166655911253], [121.50189853197772, 41.71794476450226], [121.50204230190305, 41.71789082759684], [121.50219083277156, 41.71785187169493], [121.50234256804701, 41.717828305036754], [121.50249591761244, 41.717820374590204], [121.5026492744338, 41.717828163462784], [121.50280103140106, 41.71785159003062], [121.51394565458732, 41.72016143329957], [121.5140852022691, 41.720197426208216], [121.51422065181144, 41.720246644766156], [121.51435075292206, 41.7203086346523], [121.51447430467834, 41.72038282365743], [121.51459016661278, 41.7204685269661], [121.51469726924013, 41.72056495347791], [121.51479462392962, 41.72067121310995], [121.5148813320306, 41.72078632501285], [121.51495659316777, 41.72090922662471], [121.51501971262915, 41.72103878347926], [121.51507010777878, 41.721173799677764], [121.51510731343483, 41.72131302892801], [121.51513098616351, 41.721455186048416], [121.51514090744934, 41.721598958831144], [121.5153148566529, 41.72994433913097], [121.51531107566132, 41.73008651838715], [121.51529384543456, 41.73022770038342], [121.51526332088568, 41.73036661578466], [121.51521977645395, 41.73050201563419], [121.51516360363739, 41.73063268258282], [121.515095307473, 41.730757441833845], [121.50693866527781, 41.74411243905012], [121.5069221466933, 41.744142636419426], [121.50694768770023, 41.74416571025099], [121.51179277376536, 41.748139789703444], [121.51190132082628, 41.74823806669447], [121.5119997685395, 41.748346458941235], [121.51208717877132, 41.74846393354602], [121.51216271856707, 41.74858937106296], [121.5122256680885, 41.74872157616554], [121.51227542747338, 41.74885928903718], [121.51231152255164, 41.74900119737634], [121.51233360936398, 41.749145948901784], [121.51234147743943, 41.749292164238824], [121.51240681467905, 41.76254142013545], [121.51240879159239, 41.76257730947849], [121.51244450584743, 41.76258136473818], [121.51926923227438, 41.76301166273871], [121.51941964481934, 41.763028800610016], [121.519567563926, 41.76306101207058], [121.5197114829469, 41.763107969026784], [121.51984993597786, 41.76316919319301], [121.51998151278922, 41.76324406096329], [121.52010487318982, 41.763331809763116], [121.52021876067779, 41.76343154581676], [121.52032201523869, 41.76354225325086], [121.52613589103188, 41.770443382411855], [121.52616104126513, 41.77047038050284], [121.52619604250775, 41.77048205715397], [121.53746077155388, 41.77362532108225], [121.53759964523353, 41.773671483496], [121.53773335957318, 41.77373095906], [121.53786064179852, 41.77380318164968], [121.53798028035993, 41.773887463806545], [121.5380911364649, 41.7739830032818], [121.53819215491767, 41.774088890672665], [121.53828237416319, 41.77420411807861], [121.53836093543987, 41.77432758869515], [121.53842709095372, 41.774458127253936], [121.53848021099638, 41.77459449120962], [121.53851978993899, 41.774735382567215], [121.53854545104512, 41.77487946023715], [121.53855695005677, 41.77502535280062], [121.53880087091748, 41.78319319198127], [121.53880378272783, 41.783229385986694], [121.53883951004246, 41.78323587009517], [121.55405019851301, 41.78521074123747], [121.5541160491076, 41.78521635318053], [121.60482621356648, 41.78729265757454], [121.60485893313583, 41.78729256520001], [121.6048915194878, 41.787289614201136], [121.62899582732337, 41.78403874362592], [121.62903012951745, 41.784032453089864], [121.6290533092759, 41.78400639718531], [121.63656317746194, 41.77471458956372], [121.63666497710776, 41.774600975465276], [121.63677778986953, 41.774498288503914], [121.63690044894587, 41.774407590751764], [121.63703168569678, 41.7743298202788], [121.63717014276496, 41.77426578145056], [121.63731438811473, 41.77421613660871], [121.6374629298433, 41.77418139922061], [121.63761423161118, 41.77416192856862], [121.63776672853236, 41.77415792603404], [121.63791884335957, 41.77416943301437], [121.65489698035837, 41.77632653428115], [121.6549400270159, 41.776329490629756], [121.65498312734441, 41.77632746173939], [121.67438584199093, 41.774285727506324], [121.67452805199567, 41.77427756363412], [121.67467039517018, 41.7742829259959], [121.67481158787423, 41.77430176623426], [121.67495035684239, 41.77433391444933], [121.67508545066634, 41.774379080730874], [121.67521565107992, 41.774436857772685], [121.67533978394539, 41.77450672454567], [121.67545672984173, 41.7745880509964], [121.67556543415942, 41.77468010372894], [121.67566491661098, 41.774782052618534], [121.69700907413743, 41.798842029822914], [121.69703406327282, 41.798867609703734], [121.69706529524375, 41.79888502668356], [121.7072818137275, 41.803955027394004], [121.7073139652539, 41.80396910660601], [121.70734557856487, 41.80395385723133], [121.72211292033964, 41.795937244538905], [121.72225065008205, 41.795871319637655], [121.7223943684235, 41.79581973850856], [121.72254258608591, 41.79578303565993], [121.72269376716707, 41.7957615914242], [121.72284634505642, 41.79575562801679], [121.75404574913726, 41.79612553500953], [121.75418976150661, 41.79613418104495], [121.75433227713742, 41.79615662233334], [121.75447197764508, 41.79619265127467], [121.7546075706871, 41.79624193457215], [121.77854405174787, 41.806269939755445], [121.77858017779532, 41.80628291320466], [121.7786179778881, 41.806276238275295], [121.79798926202065, 41.80180716778823], [121.79802803496617, 41.801795972221946], [121.79806117631887, 41.80177294326744], [121.82185075404578, 41.78324723529522], [121.82197046928766, 41.783163057754386], [121.82209781775404, 41.78309094696718], [121.82223158722348, 41.783031589351296], [121.8223705043535, 41.78298554992786], [121.82251324680132, 41.782953266943025], [121.82265845581126, 41.78293504769634], [121.82280474914862, 41.78293106561557], [121.82295073425699, 41.78294135860588], [121.82309502151406, 41.78296582868899], [121.8232362374592, 41.78300424293583], [121.83473558412992, 41.78674366819792], [121.83488329400312, 41.786800480296186], [121.83502419610147, 41.78687253874352], [121.83515672197663, 41.78695904142307], [121.83527939641998, 41.78705902543229], [121.8353908538839, 41.787171377801606], [121.84592271515905, 41.79897258300676], [121.84599621879481, 41.79904436467918], [121.85954341184613, 41.81056939374152], [121.8596491602172, 41.810668554467576], [121.85974484253906, 41.810777460210595], [121.85982956511467, 41.810895093763456], [121.8599025366138, 41.81102035639911], [121.85996307546426, 41.81115207813294], [121.86001061621789, 41.81128902865073], [121.86004471483209, 41.81142992880008], [121.86006505281716, 41.811573462538064], [121.86007144021123, 41.811718289223364], [121.8600638173544, 41.8118630561382], [121.8600422554461, 41.81200641112307], [121.86000695587997, 41.81214701520626], [121.85995824836287, 41.81228355511015], [121.8598965878353, 41.81241475551761], [121.85982255022213, 41.81253939098373], [121.85973682705337, 41.812656297381814], [121.85964021900502, 41.81276438277662], [121.85953362842062, 41.8128626376233], [121.85941805088312, 41.81295014419678], [121.85929456591587, 41.813026085163614], [121.85916432689964, 41.813089751216], [121.85902855029967, 41.81314054769695], [121.85888850430365, 41.81317800015452], [121.85874549697654, 41.81320175877332], [121.85860086404281, 41.81321160164183], [121.8409256628198, 41.81355822219], [121.84088671809494, 41.813561050234554], [121.84085451980513, 41.813583140041175], [121.83167755717116, 41.82062033459617], [121.83164995994179, 41.82064376115989], [121.83165451246589, 41.820679673351385], [121.83310040781046, 41.82882187770447], [121.83310869017701, 41.82885789788472], [121.83313831043726, 41.828880004244596], [121.84343624450044, 41.83578825416803], [121.8435493039744, 41.83587204786335], [121.84365401323915, 41.835966068062774], [121.84374945067503, 41.83606948722859], [121.84383477627024, 41.836181395096176], [121.84390923901437, 41.83630080668592], [121.84892643495954, 41.845256645897045], [121.84894498574458, 41.84528632965087], [121.84897993830536, 41.84528822051386], [121.89465321904684, 41.84556846721717], [121.89481398037667, 41.84557809945717], [121.89497278242655, 41.84560491165904], [121.89512779459808, 41.8456485947438], [121.89527722998085, 41.84570864515256], [121.89541936595117, 41.84578437065128], [121.91434196223169, 41.85721027820947], [121.91446372059563, 41.85729218368019], [121.91457689318625, 41.85738559444003], [121.91468039688627, 41.85748961650214], [121.91477324111442, 41.85760325432428], [121.91485453730583, 41.85772542033668], [121.91492350741602, 41.85785494535057], [121.91497949136715, 41.85799058974794], [121.9150219533653, 41.85813105534528], [121.9150504870283, 41.858274997817816], [121.91506481927495, 41.85842103956537], [121.91506481293864, 41.85856778289667], [121.91505046808, 41.858713823405964], [121.91502192198637, 41.858857763413816], [121.91497944785789, 41.85899822534365], [121.91492345219284, 41.85913386490579], [121.91485447089724, 41.859263383963004], [121.91477316415597, 41.85938554295427], [121.9146803101145, 41.85949917275804], [121.91457679743162, 41.85960318588128], [121.91446361677454, 41.85969658686728], [121.90850104594978, 41.86414532848792], [121.90847726143504, 41.86416493145218], [121.90850802796338, 41.86416308752207], [121.92469575647637, 41.86240517159653], [121.92484199481336, 41.86239648651018], [121.92498838292926, 41.86240210802777], [121.92513352453632, 41.86242198252982], [121.92527603523637, 41.86245592044818], [121.9254145557255, 41.862503598074206], [121.92554776475946, 41.862564560646376], [121.92567439175602, 41.86263822668791], [121.92579322891413, 41.862723893553046], [121.92590314273426, 41.862820744129074], [121.92600308482996, 41.86292785463015], [121.92609210192767, 41.863044203408606], [121.92616934495929, 41.86316868069971], [121.9262340771608, 41.863300099206846], [121.92628568109973, 41.86343720542633], [121.92632366456435, 41.86357869160356], [121.92634766525858, 41.86372320820679], [121.92635745425754, 41.863869376799286], [121.92635293819127, 41.8640158031872], [121.92633416013517, 41.86416109071778], [121.9263012991992, 41.86430385360098], [121.92625466881944, 41.86444273012749], [121.92453017934314, 41.86885230003505], [121.92451905694371, 41.86888535798918], [121.92454700881822, 41.86890622012717], [121.93303057789112, 41.87462250139503], [121.93306138139134, 41.87464113495813], [121.93309702704609, 41.874636089901294], [121.94131279073144, 41.87306028105325], [121.94145556666184, 41.87303995526008], [121.94159963464702, 41.873033434538044], [121.94174366297987, 41.87304077916208], [121.94188632031985, 41.87306192124142], [121.9420262879993, 41.8730966653471], [121.95924236014362, 41.8782604581601], [121.95937818140906, 41.87830841662201], [121.9595087764953, 41.87836918136234], [121.95963294117458, 41.87844219206453], [121.95974953051444, 41.87852677549107], [121.95985746943526, 41.878622151691395], [121.9599557626236, 41.878727441193924], [121.96004350371008, 41.87884167311572], [121.96011988362713, 41.878963794115094], [121.96018419806941, 41.87909267810451], [121.96023585398831, 41.8792271366344], [121.96027437506045, 41.87936592985187], [121.96215017082902, 41.8876493041353], [121.96217524417746, 41.88779148498817], [121.96218653235893, 41.88793541776651], [121.96218393079941, 41.888079769072746], [121.96216746359981, 41.88822320163202], [121.96213728331276, 41.8883643866808], [121.96209366952935, 41.888502016276526], [121.96203702628898, 41.88863481541449], [121.96196787833635, 41.88876155383948], [121.96188686626014, 41.888881057442916], [121.9617947405587, 41.88899221913981], [121.96169235468729, 41.88909400912487], [121.96158065715169, 41.88918548441259], [121.96146068272124, 41.889265797573174], [121.96133354284268, 41.889334204583065], [121.96120041534367, 41.88939007171768], [121.95573923178557, 41.89137853591064], [121.95571182487409, 41.89139005082136], [121.95574133380974, 41.89139365008333], [121.97207337417845, 41.89258486202289], [121.97221549672557, 41.89260207791456], [121.97235533074736, 41.892632764257975], [121.97249160249852, 41.892676641531835], [121.97262307068236, 41.89273331005894], [121.9727485377578, 41.89280225364679], [121.97286686084774, 41.89288284428961], [121.99606639655646, 41.910361303940746], [121.99617817401793, 41.910454343894806], [121.99628041602205, 41.91055777119554], [121.99637216146515, 41.910670613597205], [121.99645254791423, 41.91079181034942], [121.99652081971402, 41.91092022216857], [121.99657633509037, 41.911054641947366], [121.9966185721831, 41.91119380610203], [121.99664713395161, 41.91133640645028], [121.99666175190727, 41.91148110250868], [121.99666228863715, 41.91162653409351], [121.99664873909586, 41.91177133410688], [121.99662123065289, 41.91191414138789], [121.99658002189535, 41.91205361350785], [121.9965255001972, 41.91218843938954], [121.99645817807772, 41.91231735163168], [121.99637868838383, 41.91243913842287], [121.99115135710292, 41.91965750818902], [121.99113205050769, 41.91968709084309], [121.99114866541407, 41.919718264917606], [121.99645958313545, 41.92861415140752], [121.9964791015184, 41.92864354928215], [121.99651266186477, 41.92865445365984], [122.00387256758543, 41.930661790701784], [122.00390979853485, 41.930669903157344], [122.00394480374928, 41.93065485023395], [122.0143062580206, 41.92554917856201], [122.01444877315272, 41.925487896392966], [122.01459685553303, 41.925441661387104], [122.01474892126798, 41.92541096807542], [122.01490334385792, 41.92539614475449], [122.01505847159422, 41.925397349974986], [122.01521264522599, 41.92541457084585], [122.01536421570746, 41.92544762317213], [122.03413131744844, 41.930569682346956], [122.03426367494015, 41.93061249269299], [122.03439149733448, 41.930667380458914], [122.03451368528887, 41.93073387357992], [122.04137861093216, 41.934893418500536], [122.04149635983275, 41.93497261217639], [122.04160609834399, 41.93506257828686], [122.04170684435782, 41.93516251167758], [122.0417976962448, 41.9352715179917], [122.04187784092325, 41.935388621673965], [122.041946561136, 41.93551277470149], [122.04200324186947, 41.935642865963075], [122.04204737585772, 41.93577773120309], [122.04207856812235, 41.93591616344107], [122.04209653950723, 41.936056923773585], [122.04210112917693, 41.936198752461856], [122.04197556506527, 41.94458625445229], [122.04197686909097, 41.94462312478467], [122.0420043540955, 41.944647735685145], [122.06176493112918, 41.960626113722434], [122.06187645597997, 41.96072589203092], [122.06197748404807, 41.960836286019195], [122.06206700983462, 41.96095619697254], [122.06214414231921, 41.961084431457024], [122.06220811382781, 41.9612197131974], [122.06225828767323, 41.9613606957794], [122.06229416449183, 41.96150597605017], [122.06231538721356, 41.961654108083415], [122.06301760898243, 41.96923240452902], [122.06302240386967, 41.96926609035939], [122.06305175564829, 41.96924887992052], [122.06844597003042, 41.9657200314602], [122.06858119721097, 41.96564131883025], [122.06872388816241, 41.96557712100434], [122.068872490276, 41.96552813651381], [122.06902538662412, 41.96549489835498], [122.06918091355395, 41.96547776818956], [122.06933737878953, 41.965476932409494], [122.06949307984524, 41.96549240010884], [122.08149362578196, 41.9673207995552], [122.08162932099812, 41.9673479307967], [122.08176193847598, 41.96738745168389], [122.08189034953492, 41.967439025862475], [122.08201346129434, 41.96750221439504], [122.0821302259749, 41.96757647949673], [122.08223964981596, 41.96766118911224], [122.09685056502049, 41.98009112284657], [122.09695500426363, 41.98018893270623], [122.09704964863089, 41.98029624891144], [122.09713363688692, 41.980412094917], [122.09720620476386, 41.980535416559036], [122.09726669191579, 41.98066509164765], [122.09731454792781, 41.980799940178485], [122.0973493373246, 41.980938735070424], [122.09737074353308, 41.98108021333163], [122.09737857176317, 41.98122308755243], [122.09737275078037, 41.98136605762033], [122.09735333355384, 41.981507822550654], [122.09732049677453, 41.98164709232512], [122.09727453924725, 41.98178259963061], [122.0972158791717, 41.98191311139136], [122.09492060399673, 41.986430322541544], [122.09490623069499, 41.98646239986635], [122.09493475863302, 41.98648293528273], [122.1184886796197, 42.00174870063766], [122.11852034775237, 42.001767056071984], [122.11855641545512, 42.0017608180092], [122.12972420306605, 41.999251588473186], [122.12986560227529, 41.99922685793411], [122.13000871795182, 41.9992157566248], [122.13015223945271, 41.999218386210245], [122.13029485241852, 41.99923472260889], [122.13043525081011, 41.99926461621318], [122.13057214886923, 41.999307793259675], [122.13070429289347, 41.999363858336125], [122.13083047271746, 41.99943229800266], [122.13094953279558, 41.99951248549379], [122.13106038278434, 41.99960368645832], [122.13116200752759, 41.99970506568448], [122.13125347635336, 41.9998156947487], [122.13133395159682, 41.99993456051807], [122.13140269627154, 42.00006057442855], [122.1407313716053, 42.01929671152187], [122.14074911342135, 42.01932900789258], [122.14078591766861, 42.01932719820643], [122.1494919527531, 42.018454292529164], [122.14963863597399, 42.018446812113616], [122.14978534760382, 42.01845371295261], [122.14993068104168, 42.01847492888421], [122.15007324290004, 42.01851025650021], [122.15021166636397, 42.018559357096315], [122.15034462429554, 42.0186217599195], [122.15047084195768, 42.01869686668134], [122.15058910923581, 42.01878395729412], [122.15069829223981, 42.018882196774705], [122.15079734417527, 42.01899064324993], [122.15088531537963, 42.01910825698686], [122.15096136242701, 42.01923391036124], [122.15102475621472, 42.0193663986686], [122.15107488895345, 42.01950445167443], [122.15111127999445, 42.01964674579252], [122.15113358043783, 42.019791916774935], [122.15114157647763, 42.01993857279171], [122.1511351914516, 42.020085307775105], [122.15111448657636, 42.02023071490027], [122.15107966036034, 42.02037340007325], [122.15103104670062, 42.02051199529682], [122.15096911168173, 42.020645171786285], [122.15089444910703, 42.02077165270914], [122.15080777480556, 42.020890225426804], [122.15070991976907, 42.02099975312076], [122.15060182218485, 42.02109918569186], [122.1459160244225, 42.025003648519316], [122.14589048636408, 42.0250271229961], [122.14591358292526, 42.02505300334274], [122.15322628614969, 42.03248588001416], [122.15325150716902, 42.03250921480443], [122.15328522949603, 42.03250262565248], [122.17445256804943, 42.02732397362334], [122.17460175286328, 42.0272953929327], [122.17475306327653, 42.02728204664473], [122.17490494765372, 42.02728407162093], [122.17505584847356, 42.0273014470959], [122.17520421830083, 42.02733399489019], [122.17534853565476, 42.02738138123755], [122.17548732061125, 42.027443120207515], [122.18433435681592, 42.03192843641921], [122.18436952722551, 42.031944034840606], [122.18440778233193, 42.031948135485855], [122.19989220917486, 42.03280076019512], [122.20004262046167, 42.032816679559424], [122.20019066391573, 42.03284766531537], [122.20033483429822, 42.03289340241384], [122.20047366574994, 42.03295342582071], [122.20060574669556, 42.033027125245155], [122.20072973419583, 42.0331137513448], [122.20084436760196, 42.03321242334467], [122.20094848137339, 42.033322137992556], [122.20104101692841, 42.03344177975958], [122.212619299115, 42.05008224839938], [122.21264075905822, 42.050110116521054], [122.21267554582515, 42.050104916307546], [122.22741240047138, 42.04716810599075], [122.22755107968948, 42.04714715541045], [122.2276911094757, 42.047139249000494], [122.22783126560549, 42.047144455883476], [122.22797032274973, 42.04716273053769], [122.22810706518726, 42.04719391319512], [122.22824029743352, 42.047237731238255], [122.22836885469214, 42.04729380158339], [122.22849161303829, 42.047361634029905], [122.23628423755441, 42.05215630427262], [122.2363707553652, 42.05220203321124], [122.27211083378987, 42.06819985911361], [122.27222091817299, 42.06825465700477], [122.29359577165773, 42.08001162309873], [122.29363172666748, 42.08002895929925], [122.29367054673732, 42.08003824955003], [122.31268500296457, 42.0835239037659], [122.31280726204696, 42.083551642009255], [122.31292677785977, 42.08358949255562], [122.3130427155615, 42.08363719101147], [122.3666561592362, 42.10836239818691], [122.3667523595327, 42.1083989777173], [122.40966641247797, 42.12142087071616], [122.40986611772529, 42.12149740241655], [122.42487740867575, 42.12851516238512], [122.42500428322359, 42.128582045199074], [122.42512419004332, 42.128660739647884], [122.42523603289554, 42.128750526273265], [122.4253387892651, 42.128850584207505], [122.42543151970935, 42.12895999867822], [122.42551337644693, 42.12907776937153], [122.42558361110855, 42.129202819577436], [122.42564158157894, 42.129334006033496], [122.42568675786725, 42.12947012937707], [122.42571872695257, 42.12960994511035], [122.42573719655984, 42.129752174978165], [122.42574199783202, 42.129895518654266], [122.42573308687383, 42.130038665629485], [122.42571054515307, 42.130180307193], [122.42352957392184, 42.14063569128549], [122.42352412931402, 42.140670262782486], [122.42355909002512, 42.14067186928381], [122.43272814447812, 42.14063955482975], [122.43287462372858, 42.140646205438614], [122.43301975377783, 42.14066712600796], [122.43316214780171, 42.14070211662639], [122.43330044512082, 42.14075084293287], [122.43343332420277, 42.140812839311764], [122.43355951529038, 42.14088751334217], [122.43367781253524, 42.140974151458934], [122.43378708552031, 42.14107192577125], [122.43388629006202, 42.14117990197381], [122.43397447818818, 42.14129704827474], [122.4340508071965, 42.14142224525515], [122.43411454770728, 42.14155429656601], [122.43416509063317, 42.14169194036012], [122.4342019529994, 42.14183386135], [122.43422478255903, 42.14197870337644], [122.43423336115885, 42.142125082367556], [122.43422760682404, 42.14227159956466], [122.43420757454147, 42.14241685488838], [122.43417345573435, 42.14255946031751], [122.43412557643289, 42.14269805315248], [122.43406439415897, 42.14283130903705], [122.43399049355412, 42.142957954613436], [122.43390458079284, 42.1430767796902], [122.43380747683466, 42.143186648806505], [122.43370010957915, 42.143286512082334], [122.43264898786178, 42.14417241145754], [122.43262351083767, 42.144196102997746], [122.4326469618144, 42.14422180162691], [122.43940241771642, 42.15093557556215], [122.43942840938371, 42.150959034381394], [122.43946160529312, 42.1509479026891], [122.45522196645338, 42.1448054670487], [122.4553659959387, 42.14475757507041], [122.45551412797751, 42.14472448378284], [122.45566484582051, 42.14470653201333], [122.45581660624201, 42.14470390357311], [122.45596785534111, 42.14471662537524], [122.45611704445247, 42.14474456715901], [122.45626264600331, 42.14478744282371], [122.45640316915447, 42.14484481335811], [122.52005787182476, 42.17467437932128], [122.52008639132455, 42.174687027313006], [122.55201705828115, 42.18806009269899], [122.55203099866365, 42.188065767411366], [122.6131936133585, 42.21225068665303], [122.6133284572763, 42.212311865855405], [122.61345661219438, 42.212386041956265], [122.61357682927003, 42.21247249212509], [122.61368793701313, 42.21257037392315], [122.61378885270206, 42.212678733512924], [122.61387859293465, 42.21279651495298], [122.61395628321122, 42.21292257048794], [122.61402116645635, 42.21305567173312], [122.61407261039645, 42.21319452164488], [122.61411011372114, 42.21333776716001], [122.6141333109684, 42.21348401238109], [122.61414197608595, 42.21363183217917], [122.61413602463404, 42.21377978608141], [122.61411551460829, 42.213926432308135], [122.61408064587462, 42.21407034182269], [122.6093394337222, 42.23012866134831], [122.60933127843751, 42.230162281650166], [122.60936584537401, 42.23016368174795], [122.61956941965474, 42.23007554833957], [122.61971394651815, 42.230081273846984], [122.61985725001625, 42.230100892794745], [122.61999799769431, 42.230134222763304], [122.6201348808619, 42.230180953846244], [122.62026662676135, 42.2302406515318], [122.62039201040197, 42.230312760743054], [122.62050986595018, 42.23039661099909], [122.62597105024177, 42.23469322364041], [122.62600016293288, 42.234713898129], [122.62603211397999, 42.23469795718038], [122.6313348537666, 42.23171868218964], [122.63146359622019, 42.23165427322661], [122.63159792001794, 42.231602502083746], [122.63173658799982, 42.23156384558786], [122.63187832299467, 42.23153865977617], [122.63202181958324, 42.23152717661709], [122.63216575612152, 42.23152950187376], [122.63230880691347, 42.2315456141299], [122.63244965442098, 42.2315753649871], [122.63258700139882, 42.231618480431585], [122.63271958284263, 42.231674563357956], [122.63284617763998, 42.23174309722667], [122.63296561981709, 42.23182345082148], [122.63307680927788, 42.23191488406315], [122.6331787219361, 42.23201655482576], [122.63327041914744, 42.23212752669294], [122.63335105635475, 42.232246777582546], [122.63626137900175, 42.237030393188114], [122.63628097805213, 42.23705939264503], [122.63631574086922, 42.23706347159395], [122.64506587057424, 42.237668570689294], [122.64510047325635, 42.23766933555954], [122.64512833577356, 42.23764880239675], [122.65058102429133, 42.233221028802575], [122.65070029208226, 42.23313357153838], [122.65082759277415, 42.23305828466794], [122.65096168880177, 42.2329959000994], [122.65110127653843, 42.23294702430998], [122.65124499896928, 42.23291213245011], [122.65139145888368, 42.232891563724166], [122.6515392324583, 42.23288551809289], [122.65168688309895, 42.23289405432943], [122.6518329754065, 42.23291708944799], [122.65197608913138, 42.23295439951057], [122.6521148329805, 42.23300562180401], [122.69153463675119, 42.249810824596814], [122.69165315224906, 42.24986760741345], [122.69176624289351, 42.24993454557628], [122.69187304064035, 42.25001112529143], [122.6919727257475, 42.25009675875984], [122.70370028224185, 42.26109987090056], [122.70372701657023, 42.261122688853135], [122.70375577505911, 42.26114289609443], [122.73415455311158, 42.28043482020019], [122.73427097451616, 42.28051670248805], [122.73437911085486, 42.280609250771484], [122.73447798848476, 42.280711631760035], [122.73456671712695, 42.2808229236311], [122.73464449788247, 42.280942124329854], [122.73471063042537, 42.28106816059162], [122.73476451930847, 42.28119989760537], [122.7348056793246, 42.28133614923136], [122.73483373987528, 42.281475688681], [122.73484844830772, 42.28161725956264], [122.7348496721894, 42.28175958719391], [122.73483740050072, 42.28190139007882], [122.73481174373406, 42.282041391446086], [122.73429723243282, 42.28425163502025], [122.73429098199817, 42.28428592402123], [122.73432314174593, 42.284299361064875], [122.76946738916914, 42.29702338294828], [122.76950550897101, 42.29703492670992], [122.76954464093214, 42.29704234744728], [122.78102598636717, 42.298591147792614], [122.78116709645822, 42.29861710727365], [122.78130508078331, 42.298656430021246], [122.78143867688078, 42.2987087562593], [122.78156666243824, 42.298773607238736], [122.80527117073403, 42.31224667828776], [122.80540638778717, 42.312333427973435], [122.8055315516281, 42.31243414129108], [122.80564522653526, 42.31254766298465], [122.8057461085736, 42.31267269087661], [122.81074028165312, 42.3195897643779], [122.81076667551548, 42.31962229471085], [122.81079966565167, 42.319648111554876], [122.8262936938192, 42.33042492065759], [122.8263246552145, 42.3304442680638], [122.82636066971757, 42.330450258532345], [122.83843611639224, 42.33185260585472], [122.83858784553668, 42.33187817129688], [122.8387361573909, 42.33191914591099], [122.83887949136317, 42.33197509854714], [122.8390163392409, 42.332045440451175], [122.83914526106052, 42.33212943145979], [122.85831631566603, 42.34607014147187], [122.85834551226527, 42.346089330832505], [122.85838044692514, 42.34608982326916], [122.8709443529035, 42.345672739543325], [122.87105682324264, 42.34567322479482], [122.87116894106082, 42.34568213588358], [122.9002236217733, 42.349091598867275], [122.9003648069319, 42.34911504088148], [122.90050311535035, 42.34915183161978], [122.90063728794398, 42.34920163615929], [122.90076610327843, 42.34926400110657], [122.90088838868891, 42.349338358725014], [122.90100303095551, 42.3494240321033], [122.90110898643735, 42.34952024131754], [122.90120529057332, 42.34962611053136], [122.90129106666289, 42.349740675968974], [122.90136553384718, 42.349862894688904], [122.90283862941125, 42.35256257589808], [122.9029019903136, 42.35269339889819], [122.90295239106159, 42.35282974047625], [122.90298935835273, 42.35297032027811], [122.90301254503522, 42.35311381814939], [122.90302173336798, 42.353258886532736], [122.90301683706535, 42.35340416312247], [122.90299790210747, 42.3535482836577], [122.90296510630839, 42.35368989473378], [122.90291875764635, 42.353827666511854], [122.90285929137156, 42.35396030520707], [122.89573538734612, 42.36798681253937], [122.89566464482746, 42.368111053662275], [122.89558239527953, 42.36822799541032], [122.89548938590698, 42.36833657541394], [122.89538646166321, 42.36843580726674], [122.89527455757425, 42.36852478948656], [122.89515469024452, 42.368602713705094], [122.89502794862136, 42.36866887201163], [122.89489548410228, 42.36872266338411], [122.89475850007508, 42.368763599149176], [122.89461824098551, 42.36879130742158], [122.89447598103193, 42.368805536482625], [122.89433301258981, 42.36880615706691], [122.88345946230544, 42.36833466776857], [122.88342164383103, 42.36833496979418], [122.88339094750707, 42.368357061962776], [122.87532282163157, 42.37481692354416], [122.875296216299, 42.37484046448086], [122.87531113082612, 42.374872706942135], [122.88136764950566, 42.386436084243215], [122.88142869691637, 42.38656777546753], [122.88147672984793, 42.386704750656534], [122.88151129851218, 42.38684572715234], [122.88153207920254, 42.38698938482817], [122.88153887732527, 42.38713437845025], [122.88153162922163, 42.38727935027479], [122.88151040276405, 42.38742294276211], [122.8814753967205, 42.38756381128887], [122.88142693889328, 42.387700636739346], [122.88136548304932, 42.38783213785782], [122.88129160467112, 42.38795708324649], [122.88120599556778, 42.388074302896484], [122.88110945739686, 42.388182699143975], [122.88100289415742, 42.38828125694893], [122.88088730372492, 42.38836905340007], [122.88076376850694, 42.388445266357195], [122.88063344530727, 42.38850918214982], [122.8804975544935, 42.388560202260074], [122.88035736856926, 42.38859784892739], [122.88021420025827, 42.38862176962226], [122.87366127214686, 42.38939296660063], [122.87362762443783, 42.389398505524035], [122.87359993400463, 42.38941840748106], [122.86566776671694, 42.395692247356344], [122.86564051612514, 42.39571605570044], [122.8656276406649, 42.39574987366196], [122.86241624422166, 42.405609002997224], [122.8623629635365, 42.40574856012048], [122.86229606607795, 42.40588212565534], [122.8622162153208, 42.406008374927204], [122.8621242032079, 42.40612605582261], [122.86202094229584, 42.40623400120744], [122.86190745670443, 42.40633114050229], [122.86178487195964, 42.40641651030027], [122.86165440383093, 42.406489263921856], [122.86151734627349, 42.40654867981208], [122.86137505859506, 42.40659416869678], [122.86122895197461, 42.406625279426834], [122.86108047546658, 42.40664170345266], [122.86093110162942, 42.40664327788423], [122.86078231192111, 42.40662998710668], [122.8515500959054, 42.405339282513395], [122.85139672140984, 42.405309626567636], [122.85124726293874, 42.40526418015499], [122.85110334149948, 42.4052034361814], [122.8509665180455, 42.40512805346822], [122.85083827654641, 42.405038849606655], [122.85072000789303, 42.40493679209034], [122.85061299481201, 42.40482298782199], [122.846214874281, 42.39962837894946], [122.84618932206774, 42.399601162646185], [122.84615280586702, 42.39960892214666], [122.83219516315795, 42.40333235288289], [122.83216021774491, 42.40334356955653], [122.83214066961584, 42.40337463185355], [122.82828656606183, 42.410235728797396], [122.82827097838945, 42.41026687726379], [122.82829029652271, 42.410295860228004], [122.8320230530356, 42.41535434820607], [122.83210532511396, 42.41547825973223], [122.83217492100174, 42.41560971000266], [122.83223115640865, 42.41574740655383], [122.83227347840914, 42.415889995506646], [122.83230147087897, 42.41603607487831], [122.83231485858673, 42.41618420836701], [122.83231350989992, 42.41633293947417], [122.8322974380793, 42.41648080582522], [122.83226680114845, 42.41662635354819], [122.83222190034003, 42.41676815156861], [122.83216317713398, 42.41690480568038], [122.83209120891674, 42.41703497225405], [122.83200670330416, 42.417157371447814], [122.831910491184, 42.4172707997914], [122.83180351854641, 42.417374142018964], [122.83168683718252, 42.41746638203475], [122.83156159434299, 42.417546612903735], [122.83142902145777, 42.417614045768865], [122.83129042202833, 42.41766801760739], [122.83114715881116, 42.417707997749936], [122.83100064041868, 42.41773359309822], [122.83085230746926, 42.417744551990126], [122.83070361842267, 42.41774076667411], [122.8178166991871, 42.41677175952491], [122.8177829594284, 42.416770882387134], [122.81779805665262, 42.416801068717], [122.8248469656005, 42.42931997080467], [122.82486618114105, 42.429350496762176], [122.82490038645345, 42.42936194524137], [122.83058304819575, 42.43095903783168], [122.83072577346837, 42.43100700001803], [122.83086297136609, 42.4310690291372], [122.83099325949053, 42.43114450018724], [122.8311153250658, 42.431232652726045], [122.83122793816595, 42.431332598533544], [122.83132996410767, 42.43144333056134], [122.83142037488322, 42.4315637330797], [122.8314982595187, 42.43169259291953], [122.83156283325282, 42.43182861169627], [122.83161344544425, 42.43197041889229], [122.83164958612736, 42.43211658566617], [122.83167089115062, 42.43226563924965], [122.83167714584584, 42.4324160777871], [122.83166828719104, 42.432566385468206], [122.83164440444553, 42.43271504780113], [122.83160573825052, 42.432860566872485], [122.83155267820443, 42.433001476440204], [122.83148575893738, 42.43313635670732], [122.83140565472412, 42.43326384862779], [122.83131317269027, 42.43338266760009], [122.8266268320594, 42.438817203391665], [122.82660395907578, 42.43884661912506], [122.82660577391893, 42.43888383693108], [122.8272583749829, 42.44542674946884], [122.82726577767622, 42.44557881454003], [122.827257728014, 42.445730846736225], [122.82723430892061, 42.44588127988353], [122.82719576165003, 42.44602856428079], [122.82714248330058, 42.446171182663974], [122.82203251749665, 42.45798344117983], [122.82202004011486, 42.45801663587066], [122.82204323071902, 42.45804346437105], [122.82439067973476, 42.46050569153692], [122.82448605837193, 42.46061600686083], [122.82457027404008, 42.46073506263076], [122.82464253074939, 42.46086173355513], [122.82470214554368, 42.46099482236539], [122.82474855495575, 42.46113307113243], [122.82478132033299, 42.461275173156245], [122.82480013198355, 42.46141978531659], [122.82480481210341, 42.461565540767936], [122.824795316457, 42.46171106185856], [122.8247717347953, 42.461854973151894], [122.82473429000753, 42.46199591442684], [122.81855483510333, 42.48139997676918], [122.81854586737406, 42.48143359163541], [122.81856804758485, 42.4814603949498], [122.82417603009802, 42.48761579133879], [122.8242679689909, 42.487727010740336], [122.82434879553306, 42.487846549794156], [122.82441776171919, 42.48797330223191], [122.82447422930508, 42.48810609502933], [122.82451767571423, 42.48824369926196], [122.82454769887394, 42.48838484147813], [122.82456402093636, 42.48852821548408], [122.82456649084976, 42.488672494432066], [122.82455508575644, 42.4888163430996], [122.82452991120428, 42.4889584302462], [122.82449120016996, 42.48909744093329], [122.82443931090283, 42.48923208869325], [122.8243747236096, 42.48936112743495], [122.82429803601023, 42.48948336297564], [122.82420995780636, 42.48959766409247], [122.82411130411344, 42.489702972991324], [122.82400298791727, 42.489798315096145], [122.8238860116248, 42.48988280806806], [122.82376145778741, 42.489955669970975], [122.82363047908252, 42.490016226507976], [122.8234942876462, 42.49006391726154], [122.82335414385543, 42.49009830087991], [122.82321134466409, 42.490119059161565], [122.82306721160033, 42.490126], [122.81948392022058, 42.490126], [122.81945314326074, 42.490127515974606], [122.81947968176553, 42.49014317570657], [122.83434637820018, 42.49795627917597], [122.83438268870607, 42.49797294208409], [122.8344217145302, 42.49798149137688], [122.87151054314133, 42.504043694896275], [122.87154310714885, 42.50404756116817], [122.87157588463057, 42.50404856083227], [122.88205682960243, 42.50390858988692], [122.88210065953416, 42.503905418264885], [122.88214381325074, 42.50389711893577], [122.89945364788706, 42.49949779350872], [122.89959849994882, 42.499468490802585], [122.89974553248956, 42.49945358441641], [122.8998933182632, 42.499453219046615], [122.90004042271202, 42.49946739823985], [122.9072779260001, 42.50052701645026], [122.90742023005855, 42.50055493540453], [122.90755917309323, 42.500596465468014], [122.90769345645528, 42.50065121847465], [122.90782182504806, 42.50071868266846], [122.90794307905809, 42.50079822748672], [122.90805608516922, 42.500889109453595], [122.9081597871554, 42.50099047912915], [122.90825321575271, 42.501101389048735], [122.90833549771882, 42.50122080257859], [122.9084058639948, 42.501347603604856], [122.90846365689323, 42.50148060696552], [122.90850833624539, 42.50161856952765], [122.90853948445002, 42.50176020180648], [122.91154580888958, 42.519473521861194], [122.91155356970168, 42.5195086489594], [122.91158714968881, 42.519521553520555], [122.91663696006137, 42.521181400020176], [122.91677417922322, 42.52123408386312], [122.91690558328912, 42.52129994475558], [122.91702991050637, 42.521378350295834], [122.91714596707476, 42.52146854762741], [122.91725263860955, 42.52156967066808], [122.91734890084187, 42.521680748426064], [122.9174338294538, 42.521800714323575], [122.91750660895381, 42.52192841643815], [122.91756654050714, 42.52206262856355], [122.91761304864606, 42.52220206198388], [122.91764568679558, 42.52234537784792], [122.91766414156152, 42.522491200024916], [122.91766823573965, 42.5226381283183], [122.91765793001737, 42.52278475191046], [122.91683561377641, 42.52965147283319], [122.91683305282399, 42.52968937708123], [122.91685624605788, 42.5297194663547], [122.92180426931557, 42.53549463367228], [122.92183355415374, 42.535525124378296], [122.92186895564593, 42.53554823323511], [122.94333392465511, 42.54788114535053], [122.94336508232976, 42.54789711874076], [122.9433975163037, 42.547883928319266], [122.94866958338788, 42.54544026459219], [122.94880778767104, 42.545384370614556], [122.94895085760943, 42.54534247129055], [122.94909738001792, 42.54531498048422], [122.94924590760932, 42.54530216973826], [122.94939497329011, 42.54530416559186], [122.94954310465172, 42.545320948330826], [122.94968883851442, 42.54535235218226], [122.94983073537995, 42.54539806695204], [122.9499673936503, 42.54545764108875], [122.95009746347215, 42.54553048614394], [122.95753059283575, 42.55019313410966], [122.95766636089937, 42.55028918167004], [122.95779066193758, 42.55039966856], [122.9579019679812, 42.55052323662062], [122.96689013295692, 42.56168883554171], [122.96691295960119, 42.5617146389214], [122.96694493183108, 42.561727470391176], [122.97261893996479, 42.56370376781232], [122.97275830342963, 42.563760292391144], [122.97289130641204, 42.56383048790393], [122.97301661195402, 42.56391364873903], [122.97313296047292, 42.56400893895622], [122.97323918242294, 42.56411540068962], [122.97333421005142, 42.56423196377627], [122.97341708813207, 42.56435745651349], [122.9734869835669, 42.56449061743694], [122.9735431937607, 42.56463010800098], [122.97358515368353, 42.56477452603386], [122.97361244155046, 42.564922419832456], [122.97362478306135, 42.56507230275495], [122.97362205415826, 42.56522266816464], [122.97360428227233, 42.565372004574854], [122.97357164604819, 42.56551881084249], [122.97352447354811, 42.56566161125769], [122.97346323895432, 42.56579897037777], [122.9733885578025, 42.56592950745643], [122.97015393021601, 42.570978105596396], [122.97006522028671, 42.57110218805497], [122.96996436765603, 42.571216619934134], [122.96985241518088, 42.57132021796207], [122.96973052049505, 42.57141191089336], [122.96959994403878, 42.571490750586094], [122.96946203602532, 42.57155592180602], [122.93027166606832, 42.58769272609647], [122.93023814188759, 42.58770853214548], [122.93021341391788, 42.58773614064771], [122.92289667984618, 42.596775979008456], [122.92287599468962, 42.59680420771767], [122.92289041989113, 42.59683609265612], [122.92600916703813, 42.60293167994625], [122.92606974777557, 42.60306596783556], [122.9261168633615, 42.60320555073037], [122.92615005932397, 42.603349082228796], [122.9261690154582, 42.60349517784111], [122.92617354891533, 42.603642428344436], [122.9261636159661, 42.60378941337593], [122.9261393124227, 42.603934715133455], [122.92610087271454, 42.604076932051576], [122.92604866762701, 42.60421469232088], [122.92598320072489, 42.604346667120325], [122.92590510349498, 42.60447158343489], [122.92581512925497, 42.604588236334976], [122.9257141458869, 42.60469550059899], [122.92560312746568, 42.60479234156715], [122.92548314486332, 42.60487782512166], [122.92535535541936, 42.60495112669719], [122.9252209917773, 42.60501153923443], [122.90365506175361, 42.613460911463584], [122.90351585118653, 42.6135077304196], [122.90337272916365, 42.61354071046209], [122.9032270678497, 42.61355953539897], [122.90308026375448, 42.6135640247485], [122.9029337243441, 42.613554135469585], [122.90278885454701, 42.613529962374464], [122.9026470432845, 42.61349173721971], [122.90250965015449, 42.613439826484246], [122.89206872080113, 42.608899099964496], [122.89203398687636, 42.608886035881625], [122.8919990874185, 42.60889865109593], [122.88690165969399, 42.61103779118114], [122.8867616849254, 42.61108851874217], [122.88661737086316, 42.611125120282146], [122.88647013923946, 42.61114723521535], [122.8863214405293, 42.61115464567312], [122.8861727396609, 42.61114727865018], [122.88602550158377, 42.611125206723905], [122.87352363238037, 42.60861116543056], [122.8734886531099, 42.60860587900725], [122.87346449354717, 42.60863172104983], [122.8630883197435, 42.620868294267254], [122.86297725148653, 42.62098580182247], [122.86285418026834, 42.621090671543996], [122.8627205361318, 42.62118168488372], [122.84261052625027, 42.6333443279474], [122.84257957898942, 42.633365256480396], [122.8425661350742, 42.633400113296055], [122.83869934274664, 42.64516947606166], [122.83868997225454, 42.64520346713217], [122.83871518573045, 42.645228114233824], [122.84056732411297, 42.64687099442427], [122.84067461466934, 42.64697622631044], [122.84077083693279, 42.64709166585899], [122.84085502504506, 42.64721615431269], [122.84092633394408, 42.64734844208338], [122.84098404784656, 42.647487201295014], [122.84102758743282, 42.647631039112646], [122.8410565156619, 42.647778511723374], [122.84107054215852, 42.64792813882902], [122.84106952612771, 42.64807841850508], [122.84105347776818, 42.64822784227665], [122.84102255816991, 42.64837491026023], [122.84097707769712, 42.64851814621922], [122.84091749287295, 42.648656112382035], [122.840844401797, 42.64878742387418], [122.84075853814167, 42.648910762619295], [122.84066076378775, 42.64902489056973], [122.84055206017308, 42.649128662133805], [122.84043351844103, 42.64922103567501], [122.84030632848786, 42.64930108396771], [122.8401717670188, 42.649368003504456], [122.84003118473278, 42.64942112256142], [122.8398859927644, 42.64945990794099], [122.82512895151429, 42.65261947388451], [122.82499935541068, 42.65264133299555], [122.8248683433456, 42.65265176417997], [122.8247369210824, 42.65265068735887], [122.79274120110817, 42.65098488474897], [122.79270654446137, 42.650984756788446], [122.7927022316976, 42.65101914428039], [122.7918570763377, 42.66205389698619], [122.79183827521426, 42.662202038591076], [122.7918048375602, 42.66234757669823], [122.79175709477121, 42.66248906890099], [122.79169552001899, 42.66262511289105], [122.7916207235618, 42.66275436035654], [122.79153344669629, 42.662875530344934], [122.79143455441056, 42.66298742195839], [122.7913250268114, 42.66308892625568], [122.79120594941071, 42.66317903724272], [122.7697987817421, 42.67776187214061], [122.76967990884988, 42.67783499404275], [122.76955475448334, 42.67789675132259], [122.7694244020664, 42.67794660936585], [122.76928998002097, 42.67798413656634], [122.76915265199847, 42.67800900806231], [122.75627430452305, 42.679727156478044], [122.75623885292063, 42.67973366092122], [122.75621291081768, 42.679758683534814], [122.7473715335219, 42.6891619074364], [122.74734894304368, 42.68918835695064], [122.74736065785888, 42.6892211085859], [122.75094477788744, 42.69790952358318], [122.75096047529111, 42.69794278351443], [122.75099013507202, 42.69796453044325], [122.76780604486608, 42.709052928808546], [122.76783873058834, 42.709072164745606], [122.76787569396734, 42.70908065511194], [122.77780646510408, 42.710833996514], [122.77795829939446, 42.71086902250108], [122.77810568080555, 42.71091961095004], [122.77824701889729, 42.71098521594473], [122.77838078844502, 42.7110651295206], [122.79240436374332, 42.72046419421036]], [[119.2825364440681, 40.53390685151745], [119.27650778386115, 40.53501406070721], [119.276470551807, 40.53502289008753], [119.27643441758343, 40.53503547983363], [119.27477200391967, 40.5357119789474]], [[119.42069470045978, 40.538635640603], [119.40654820050906, 40.53780043373801]], [[119.59228413960942, 40.39429961575765], [119.5948337997227, 40.39822377702613]], [[119.69909237791069, 40.20707830086148], [119.69632416544677, 40.20879777810715], [119.69625830199206, 40.20884375646949], [119.67998224267339, 40.221555525822794]], [[119.75396028114865, 40.091892828745486], [119.75272574550443, 40.09281972991739]], [[119.8389209748581, 40.044909980273474], [119.83559135386514, 40.049443851552034], [119.83549914455658, 40.0495573663414], [119.83539631921101, 40.049661362073515], [119.83528385527082, 40.049754850180484], [119.8351628218014, 40.04983694197831], [119.83503436932887, 40.04990685711464], [119.83489971890323, 40.04996393098662], [119.8347601504913, 40.05000762105855], [119.83461699080961, 40.05003751201912], [119.83447160071267, 40.05005331972933], [119.83432536225706, 40.05005489392345], [119.83417966556367, 40.050042219637426], [119.83403589560353, 40.05001541735112], [119.82440899197375, 40.04773006941567], [119.82437532310324, 40.047723716216815], [119.82434626951262, 40.04774187784797], [119.81794201242415, 40.05217281029534], [119.81781821025896, 40.05224984749626], [119.81768751315605, 40.052314500212525], [119.81755115615692, 40.05236615749875], [119.81741042778714, 40.05240433121181], [119.81726665788015, 40.05242866062357], [119.81712120501088, 40.05243891582968], [119.81697544365764, 40.052434999922056], [119.8168307512138, 40.05241694990465], [119.81668849497193, 40.05238493634374], [119.81655001920335, 40.05233926175621], [119.81641663245522, 40.05228035775079], [119.81628959518527, 40.052208780949556], [119.8161701078509, 40.05212520772803], [119.81605929956525, 40.0520304278237], [119.81328105882248, 40.049409783891434]], [[123.19210748384467, 42.935220955770774], [123.19754987782609, 42.941564666176674]], [[123.2537447636663, 42.98885288177749], [123.25938108520393, 42.99326359015005], [123.25941186605235, 42.993285258393975], [123.25944771960083, 42.99329672558481], [123.27285408549406, 42.99684754709672], [123.27288624727014, 42.996854567158856], [123.27291890167106, 42.99685873263381], [123.30304217584812, 42.999360607914426]], [[123.52715917782194, 43.016222601764476], [123.5370801276415, 43.00764057581945], [123.53719295927392, 43.007552037929194], [123.53731373099659, 43.007474680794495], [123.53744133869104, 43.00740921162924], [123.53757461574307, 43.00735622896519], [123.53771234370805, 43.00731621718013], [123.53785326345032, 43.007289542069536], [123.5379960866543, 43.00727644750242], [123.53813950760265, 43.00727705319186], [123.5382822151133, 43.00729135360051], [123.54248233806726, 43.00791626278944]], [[123.64782539141927, 43.21031335157098], [123.64639273016002, 43.21319929883083], [123.64637830442103, 43.213232432630136], [123.64640646435669, 43.21325508144075], [123.65787713793353, 43.2215693551165], [123.65790768787954, 43.22158928459328], [123.65794354321832, 43.22159598369173], [123.66323369109463, 43.22231744358035]], [[123.72850465432295, 43.424816245688184], [123.7315928555051, 43.42610172560606]], [[123.75282096645691, 43.46150764735042], [123.75311184621646, 43.46379631999087], [123.75312342549603, 43.463951202455306], [123.75311892719405, 43.46410645200534], [123.75309839953765, 43.464260404182426], [123.75306206260754, 43.464411408437385], [123.75301030597852, 43.46455784582625], [123.7529436845428, 43.46469814636726], [123.75286291256086, 43.46483080587291], [123.75276885600373, 43.4649544020766], [123.7526625232688, 43.465067609881054], [123.74628712978156, 43.47118695978359], [123.746263007652, 43.47121255599355], [123.74629349692962, 43.47123009016146], [123.76305700212323, 43.47978284451139]], [[123.85991911909588, 43.44048453491382], [123.85727827408721, 43.438173993555004]], [[124.37378151753788, 43.02908730771262], [124.36984149825471, 43.02552131823331], [124.3697711015375, 43.02546492641558], [124.36464390876094, 43.02184189486839]], [[124.38004560685955, 42.97168073634996], [124.38243571090798, 42.971156822636395]], [[124.38983534224948, 43.09953025521157], [124.3966130314952, 43.092748110477245], [124.39672472968988, 43.09264703941079], [124.39684600193219, 43.09255768119681], [124.39697562515943, 43.09248093703658], [124.3971122920869, 43.092417580915345], [124.40875446526374, 43.087715413576944]], [[125.28276108607054, 42.31484790376059], [125.28515756655236, 42.315058753580054], [125.28530464644464, 42.315079070944606], [125.28544899716233, 42.31511382954527], [125.28558920437057, 42.3151626888205], [125.2857238943322, 42.315225170051704], [125.28585174736756, 42.315300661053584], [125.28597151078453, 42.31538842217237], [125.29797131425488, 42.32513008873392], [125.29800286497077, 42.3251530551055], [125.29804105045018, 42.32516110315124], [125.3161649955438, 42.327993674283256], [125.31632190739279, 42.328026876523595], [125.31647437723119, 42.32807664263145], [125.31662066190746, 42.328142403642715], [125.31675908898355, 42.32822340772732], [125.33496708414448, 42.3402292412172], [125.33508897794486, 42.340318745542646], [125.33520124019755, 42.34042006834101], [125.33530272986287, 42.34053217976184], [125.33539241539432, 42.34065394029852], [125.33546938522328, 42.34078411237033], [125.33553285702416, 42.340921372901214], [125.34269882177679, 42.35872277901886], [125.3427143976364, 42.35875644633349], [125.34274951961743, 42.358768385425144], [125.36485600489269, 42.36505501338653], [125.36497030733211, 42.36509253420858], [125.36508123532366, 42.36513909428201], [125.40635918862343, 42.384446652641], [125.40639191256878, 42.384460074303526], [125.40642328563509, 42.384443742483796], [125.41153797511163, 42.381458937294354], [125.41166119449727, 42.381394492179126], [125.41178985225757, 42.38134173452006], [125.41192284272547, 42.381301117709214], [125.41205902299923, 42.38127299080187], [125.41219722276432, 42.38125759551677], [125.41233625435103, 42.3812550641589], [125.4392360498993, 42.382012846087], [125.439403145059, 42.382026930017105], [125.43956762408523, 42.38205957660052], [125.43972743141786, 42.382110377839844], [125.4495991702547, 42.385868037376426], [125.44974223574982, 42.38593121891099], [125.44987794502305, 42.386008953300866], [125.45000482278533, 42.38610039549923], [125.45012148975464, 42.38620455144231], [125.4502266776499, 42.38632028885586], [125.45031924297857, 42.38644634956399], [125.45039817946738, 42.38658136316678], [125.45321427535247, 42.3920316953383], [125.45323333838593, 42.3920643520569], [125.45326921083404, 42.39207631148761], [125.47909124309838, 42.399231850255894], [125.47926089525839, 42.39928998712297], [125.47942239660878, 42.39936795547891], [125.51755322665429, 42.42067600934214], [125.51762673975216, 42.420711970904], [125.54454737037076, 42.43210438295765], [125.54458975316196, 42.43211937907844], [125.5446336313527, 42.432129171370924], [125.56222620086763, 42.43495594747963], [125.56237856302457, 42.43498862692714], [125.56252671271045, 42.43503693679911], [125.56266905108245, 42.435100355731684], [125.56280404201394, 42.435178199302875], [125.56293022867234, 42.43526962741887], [125.56304624924158, 42.43537365338039], [125.56315085161872, 42.43548915453127], [125.56324290692686, 42.43561488437418], [125.57364060985545, 42.45148431191453], [125.57371992727501, 42.45162047236106], [125.57378452281398, 42.45176420244347], [125.57383368359827, 42.451913915961676], [125.57386686709123, 42.452067960682584], [125.57690722529377, 42.47095313044109], [125.57691466783541, 42.47098838484945], [125.57693189949981, 42.471020028718605], [125.58397979631198, 42.48259108664282], [125.58404877083274, 42.48271763808098], [125.58410528129725, 42.48285022510302], [125.58414880598205, 42.482987623621305], [125.58417894305272, 42.483128565126854], [125.58419541427376, 42.48327174840064], [125.58581359681448, 42.507579899624666], [125.58581765177664, 42.507615096449], [125.58584510266111, 42.50763749529092], [125.60010803422725, 42.51817212861063], [125.600139658179, 42.51819306750088], [125.60017748851023, 42.518195783654775], [125.61431787058707, 42.51848369238187], [125.61446257954046, 42.51849365351949], [125.61460564977749, 42.518517545206926], [125.61474574343849, 42.51855514403136], [125.61488155049796, 42.51860609840359], [125.6150118010147, 42.51866993184576], [125.61513527700714, 42.51874604744693], [125.61525082384274, 42.51883373344487], [125.61535736103505, 42.51893216988175], [125.61545389234743, 42.51904043627165], [125.61553951510892, 42.519157520208076], [125.61561342865514, 42.519282326831046], [125.61567494181541, 42.5194136890652], [125.61572347937594, 42.51955037853323], [125.61575858745864, 42.51969111704246], [125.61577993776541, 42.51983458853738], [125.61578733064803, 42.519979451406115], [125.61578069697518, 42.52012435102598], [125.61576009877876, 42.520267932430606], [125.61572572867395, 42.520408852980374], [125.61567790805796, 42.52054579491748], [125.61408875897912, 42.52447498079616], [125.61407734235583, 42.52450773189806], [125.61411100744131, 42.524516076715585], [125.62316222726167, 42.52629495646944], [125.62329691350585, 42.52632795948637], [125.62342797642856, 42.52637325952824], [125.62355429590292, 42.52643046943906], [125.6236747923419, 42.526499100275394], [125.62378843592488, 42.52657856548505], [125.6238942553991, 42.5266681859201], [125.62399134638034, 42.52676719564114], [125.63411338762847, 42.53809204057298], [125.63421128873006, 42.538213783031566], [125.63429599669269, 42.53834504769924], [125.63436659268525, 42.53848441074221], [125.63442231094984, 42.538630360483225], [125.63446254710792, 42.53878131379884], [125.63448686471604, 42.538935633291615], [125.634495, 42.539091645051], [125.634495, 42.5475066465444], [125.63449670291521, 42.547541758371025], [125.63452961184564, 42.54755411727749], [125.64704174027717, 42.55157299582387], [125.64707577552322, 42.55158215281465], [125.6471066269402, 42.551565110557306], [125.6645981277853, 42.54077706902645], [125.66472805520847, 42.540705549550744], [125.66486441031437, 42.54064721040615], [125.66500586008515, 42.54060262192058], [125.66515102169708, 42.54057221999443], [125.66529847603928, 42.54055630183925], [125.6654467815869, 42.540555023072145], [125.66559448849364, 42.540568396194416], [125.66574015276558, 42.540596290469416], [125.66588235037774, 42.5406384332006], [125.66601969119549, 42.54069441239742], [125.66615083256457, 42.54076368080302], [125.666274492437, 42.54084556124418], [125.6663894619045, 42.54093925325153], [125.66649461701682, 42.54104384088488], [125.67599863233673, 42.55148080871889], [125.6760954270908, 42.55159861466025], [125.67617976259395, 42.55172563822949], [125.67625076747437, 42.551860566992886], [125.67630770809498, 42.552002006838606], [125.67634999613354, 42.552148496380994], [125.67637719466133, 42.552298522059864], [125.67638902265752, 42.55245053377896], [125.67638535791282, 42.55260296092182], [125.67636623829213, 42.55275422857976], [125.67553441262513, 42.55741606147593], [125.67552986746382, 42.55745140163984], [125.6755541046133, 42.5574775195696], [125.68982488439477, 42.57142846968481], [125.68985184885649, 42.571452377238145], [125.68988686541695, 42.57146089156618], [125.70052512253858, 42.57350504047737], [125.70066284967471, 42.5735383193526], [125.70079682232718, 42.573584445006645], [125.70092584508787, 42.5736430058706], [125.70104876671553, 42.57371347941896], [125.70116449040793, 42.573795236831984], [125.70127198358838, 42.573887548606535], [125.70137028711927, 42.573989591065256], [125.70145852386011, 42.57410045370609], [125.70153590649419, 42.574219147326424], [125.70160174455353, 42.57434461284961], [125.70165545057984, 42.57447573077479], [125.7087102580847, 42.59432415112798], [125.70872455074742, 42.59435870300168], [125.70875603123848, 42.594378879494364], [125.7239566005844, 42.60306699040344], [125.72408064372712, 42.60314620592407], [125.72419632651915, 42.60323719653674], [125.72430253522823, 42.60333908623238], [125.7243982473336, 42.60345089407134], [125.72448254137012, 42.60357154362737], [125.7245546057998, 42.6036998733509], [125.7246137468247, 42.60383464775179], [125.72465939506662, 42.603974569293996], [125.72469111104861, 42.60411829088754], [125.72470858942611, 42.60426442885757], [125.72471166192665, 42.604411576265655], [125.7247002989698, 42.60455831645502], [125.72467460995206, 42.604703236689396], [125.7246348421936, 42.60484494175406], [125.72458137855716, 42.60498206738823], [125.72451473376216, 42.60511329341942], [125.72443554942912, 42.6052373564734], [125.72434458790255, 42.60535306213727], [125.72424272491153, 42.60545929645859], [125.72413094113863, 42.605555036669976], [125.72401031277835, 42.60563936103575], [125.72388200117624, 42.605711457725874], [125.72374724164796, 42.60577063263189], [125.72360733158636, 42.60581631604934], [125.72346361797092, 42.605848068162665], [125.70343425168906, 42.60925259110652], [125.70328494137607, 42.609270326235816], [125.70313460566747, 42.60927302421627], [125.70298475514345, 42.60926065793845], [125.70283689550902, 42.60923335165928], [125.70269251246464, 42.609191379753526], [125.70255305677784, 42.609135163956836], [125.70241992970584, 42.60906526912815], [125.70229446891562, 42.60898239757396], [125.70217793504303, 42.608887381991465], [125.70207149902583, 42.608781177101655], [125.70197623033805, 42.60866485005619], [125.70189308624389, 42.60853956971462], [125.70182290217906, 42.608406594899634], [125.70176638335631, 42.60826726174834], [125.70172409767939, 42.608122970286686], [125.70169647003672, 42.607975170362], [125.70168377803216, 42.607825347074765], [125.70168614919557, 42.60767500585633], [125.70194554539425, 42.60374518695997], [125.70194611570518, 42.60371005346863], [125.70191116058142, 42.603713634919934], [125.68282199626915, 42.60663349404734], [125.68278706009642, 42.60664058782737], [125.68276711476996, 42.60667013510897], [125.68028944416109, 42.61075494341009], [125.6802722567405, 42.61078676328442], [125.68029567276693, 42.610814324153914], [125.68657165969765, 42.61749401057978], [125.6866688662033, 42.6176084444086], [125.68675414545811, 42.61773202294486], [125.68682664299402, 42.617863507975215], [125.6868856324113, 42.61800158206608], [125.68693052265684, 42.618144861763795], [125.6869608639462, 42.61829191145635], [125.68697635227036, 42.61844125775773], [125.6869768324418, 42.6185914042707], [125.68696229964937, 42.61874084658019], [125.6869328995065, 42.618888087327], [125.68688892659226, 42.61903165121081], [125.68683082149974, 42.61917009977217], [125.68675916642144, 42.61930204580537], [125.68667467931597, 42.61942616725771], [125.68657820671432, 42.619541220476044], [125.68647071523787, 42.61964605266773], [125.68635328191333, 42.619739613451216], [125.68622708338113, 42.61982096538046], [125.68609338410603, 42.61988929333785], [125.68078631256336, 42.62227447759966], [125.68075526862228, 42.62229023163317], [125.68074043981872, 42.62232172802082], [125.6761943037908, 42.63329400276557], [125.67612829500571, 42.6334327571705], [125.67604843763706, 42.6335640307218], [125.67595556965291, 42.633686445925576], [125.67585066554565, 42.633798718241295], [125.67573482610646, 42.63389966956089], [125.67560926687437, 42.63398824057101], [125.66501145533536, 42.64067851133774], [125.66498103204637, 42.64069996879826], [125.66498351551441, 42.64073711488168], [125.66572341494609, 42.646982511691895], [125.66573346265926, 42.64712570028171], [125.6657297778019, 42.64726919366351], [125.66571239411734, 42.647411677825104], [125.66568147079322, 42.647551847996034], [125.66563729100376, 42.64768842059577], [125.66558025931663, 42.647820144987804], [125.66551089798818, 42.647945814932136], [125.66542984218103, 42.648064279631186], [125.66533783414765, 42.64817445426795], [125.66523571643336, 42.648275329940056], [125.66512442416088, 42.64836598289853], [125.66500497646713, 42.6484455830069], [125.66487846717067, 42.64851340134293], [125.65775386950133, 42.65190435575093], [125.65772388700951, 42.6519204541468], [125.65774747899378, 42.65194498018282], [125.66160508116174, 42.655584227511085], [125.66170490918647, 42.655687896747885], [125.66179434245495, 42.65580065594115], [125.6618725576666, 42.65592146705756], [125.66193883479144, 42.65604921793976], [125.66199256369862, 42.65618273254463], [125.66203324977305, 42.656320781769644], [125.66206051846875, 42.65646209476768], [125.66207411875688, 42.656605370646126], [125.66207392543649, 42.65674929044256], [125.66205994028726, 42.65689252926684], [125.65927562653579, 42.67591755426671], [125.65927205260456, 42.675955657254576], [125.65928781239288, 42.67599053188326], [125.66348619180738, 42.68412969369762], [125.66354894044356, 42.68426814112742], [125.6635973552514, 42.684412228214086], [125.6636309390628, 42.68456047533808], [125.66364934700815, 42.68471136016074], [125.66365239005759, 42.68486333325708], [125.66364003696232, 42.6850148340267], [125.66361241457531, 42.68516430671952], [125.66356980654884, 42.68531021641159], [125.6635126504215, 42.68545106476717], [125.66344153312534, 42.685585405425], [125.66335718495854, 42.685711858850894], [125.65880853655914, 42.69183466418322], [125.65878831262614, 42.69186496308315], [125.65880949334147, 42.691894601033354], [125.66853873092012, 42.70415320148162], [125.66856090505115, 42.70417866402073], [125.66859305085949, 42.704188841665186], [125.67354088879166, 42.705512472187245], [125.67368301473411, 42.70555818434535], [125.6738198925656, 42.70561779847255], [125.67395016632051, 42.70569072400785], [125.67407254545577, 42.70577623852223], [125.67418581763555, 42.70587349487526], [125.67428886074109, 42.70598152960727], [125.67438065398683, 42.70609927248371], [125.6744602880328, 42.70622555709733], [125.67452697399283, 42.706359132423096], [125.67458005124954, 42.706498675211286], [125.67461899399878, 42.70664280309616], [125.67464341645835, 42.706790088290205], [125.67465307668976, 42.706939071728364], [125.67464787899496, 42.707088277522104], [125.67397947552088, 42.71496945281347], [125.6739593299811, 42.715118160866574], [125.67392442649385, 42.71526411179808], [125.67387511440315, 42.71540584480602], [125.67381188726661, 42.715541941305005], [125.67373537791563, 42.71567103912467], [125.67364635212132, 42.715791846143425], [125.67354570093013, 42.715903153221106], [125.67343443174542, 42.71600384630112], [125.67331365824451, 42.71609291756084], [125.6731845892321, 42.71616947549879], [125.67304851654143, 42.716232753857525], [125.67290680210458, 42.71628211929301], [125.67276086432108, 42.71631707771368], [125.66153398841652, 42.71841888809737], [125.66149687097001, 42.718427837313826], [125.66146644674906, 42.71845090590916], [125.64429708871765, 42.73292032832165], [125.6442711978287, 42.73294441125517], [125.64428662914283, 42.732976226351646], [125.64754285859166, 42.73892866523472], [125.64756099400043, 42.73895836585944], [125.64759570765189, 42.73896081178913], [125.6571969964053, 42.739179090545534], [125.65723647273938, 42.73917788184262], [125.657271908996, 42.73916044298882], [125.66787901033372, 42.73321804351738], [125.66800889044328, 42.73315332647089], [125.6681444162289, 42.733101462221235], [125.66828431934158, 42.733062936151846], [125.6684272904661, 42.733038108817745], [125.66857199157451, 42.73302721257121], [125.66871706844843, 42.73303034938725], [125.68614771527177, 42.73425262329004], [125.68629215093553, 42.734269821219165], [125.68643424178065, 42.734300927833665], [125.68657265168397, 42.73434565062866], [125.70723570575731, 42.742147673485576], [125.7072710178658, 42.742159013832584], [125.70730652825897, 42.742148310541474], [125.71635539334343, 42.73891637062716], [125.71649397375909, 42.73887429861367], [125.71663596559512, 42.73884578713491], [125.7167800451982, 42.73883110197596], [125.71692486945281, 42.73883038003244], [125.71706908830167, 42.738843628034324], [125.71721135733118, 42.73887072248325], [125.71735035030402, 42.738911410803716], [125.73133380817885, 42.7437491708924], [125.73136824624174, 42.74375925453366], [125.73140412985119, 42.74375909152511], [125.75604758368883, 42.742457358715185], [125.75619862315226, 42.742456995360875], [125.75634893345193, 42.74247182321808], [125.75649699057159, 42.74250169194516], [125.75664129334024, 42.74254629869909], [125.75678037865279, 42.74260519120602], [125.76859120556779, 42.7483236693187], [125.76862739829237, 42.74833888152211], [125.76866664450942, 42.74833785249922], [125.78349008109399, 42.74716097381152], [125.78362931984591, 42.74715640899413], [125.78376838157156, 42.74716478181073], [125.78390606673884, 42.74718602003827], [125.78404118768972, 42.747219940478], [125.78417257888484, 42.747266250535695], [125.7842991069573, 42.74732455074559], [125.79559550794781, 42.75318015740762], [125.79562816633836, 42.753195113112945], [125.79566293755184, 42.75318610165839], [125.80985508920598, 42.74875903368556], [125.81000012054398, 42.74872162611066], [125.81014815943149, 42.748698868618675], [125.81029772986058, 42.748690988111065], [125.8104473405532, 42.7486980631597], [125.81059549982986, 42.748720023223456], [125.81074073048227, 42.74875664935156], [125.81088158450171, 42.74880757636663], [125.81101665751632, 42.748872296505574], [125.81114460279314, 42.74895016448229], [125.81126414466571, 42.74904040392134], [125.81137409125292, 42.74914211509881], [125.81147334634252, 42.74925428391286], [125.8115609203209, 42.74937579199477], [125.81163594003986, 42.74950542785951], [125.81169765752225, 42.749641898984756], [125.81174545741968, 42.74978384469785], [125.8117788631477, 42.749929849742266], [125.8117975416376, 42.750078458388295], [125.81180130665726, 42.750228188947254], [125.81179012066788, 42.750377548544535], [125.81150386022945, 42.75266122691306], [125.81150108556308, 42.75269937304659], [125.811524434142, 42.75272966611742], [125.81989545648376, 42.762493539088716], [125.81991940018611, 42.762518884700306], [125.81995094786144, 42.762504037307075], [125.82902887325716, 42.75768411966967], [125.82915745411134, 42.75762347730707], [125.82929119845303, 42.75757527997033], [125.8294289049292, 42.757539960590044], [125.82956933659712, 42.75751783642109], [125.8297112320351, 42.75750910619289], [125.82985331667322, 42.75751384832437], [125.82999431424211, 42.75753202021953], [125.83013295823689, 42.75756345865006], [125.83026800329361, 42.757607881221574], [125.83039823637561, 42.75766488891014], [125.83052248766961, 42.75773396964655], [125.84138525872723, 42.764466326438644], [125.84150826727203, 42.764551330157865], [125.84162220195475, 42.76464815795577], [125.8417259306832, 42.76475584771976], [125.84181842277488, 42.76487332940919], [125.84189875919819, 42.76499943568765], [125.84196614170418, 42.765132913521995], [125.84201990075829, 42.7652724366329], [125.84205950219301, 42.765416618673186], [125.84208455251557, 42.76556402700305], [125.84209480281778, 42.76571319692522], [125.84209015124931, 42.76586264623865], [125.84207064402963, 42.766010889966196], [125.84203647498886, 42.76615645510978], [125.84198798364174, 42.766297895286634], [125.84192565181412, 42.766433805101], [125.84185009885539, 42.7665628341086], [125.8417620754844, 42.76668370023509], [125.84166245633008, 42.766795202515205], [125.8415522312409, 42.76689623302589], [125.8414324954493, 42.76698578789501], [125.84130443868918, 42.76706297727616], [125.84116933337431, 42.76712703419045], [125.8410285219552, 42.76717732214749], [125.83602191698101, 42.76868855484271], [125.83598502281089, 42.76870185309222], [125.83595410688167, 42.76872598250453], [125.81106316633556, 42.790360693485475], [125.8109641775269, 42.790439651580975], [125.81085888211915, 42.79050997968483], [125.81074803043171, 42.790571176649436], [125.79014515064726, 42.800835484423054], [125.79011329648631, 42.80085336834395], [125.79009372189556, 42.80088421242944], [125.78724254773627, 42.80590898109636], [125.78716264108255, 42.80603479965233], [125.78707064232334, 42.80615206691394], [125.78696745980874, 42.806259625042486], [125.7868541123116, 42.806356412062435], [125.78673171896884, 42.80644147234684], [125.7866014882315, 42.806513966052705], [125.75888553611415, 42.82018495145367], [125.75885422921098, 42.82020232368109], [125.75883459063252, 42.820232260994295], [125.75354860750134, 42.82920840255406], [125.75353192985187, 42.82924017857109], [125.75354249372768, 42.829274475272925], [125.75683812537983, 42.838368462561064], [125.75688156932561, 42.83850970618988], [125.75691090459011, 42.83865453913283], [125.75692584646296, 42.83880155572898], [125.75692624992739, 42.838949329124155], [125.75691211106762, 42.83909642511917], [125.75688356710687, 42.83924141608927], [125.75684089507556, 42.8393828948398], [125.75678450912261, 42.83951948826357], [125.75671495649598, 42.83964987066742], [125.7566329122314, 42.83977277663862], [125.75653917260087, 42.839887013326134], [125.75643464738454, 42.83999147201777], [125.75632035104096, 42.84008513890066], [125.7561973928613, 42.84016710490068], [125.75606696620326, 42.84023657450542], [125.74166157893704, 42.84702071523301], [125.74162899528314, 42.84703814042999], [125.74163051779476, 42.847075059448876], [125.74237197080333, 42.85509692959568], [125.74237823888099, 42.855252173622986], [125.74236841468414, 42.85540723323078], [125.74234260361547, 42.855560444801974], [125.74230108259906, 42.855710164546856], [125.73611984397395, 42.87421752597466], [125.73611125128781, 42.874247305529806], [125.73610770941771, 42.8742779899216], [125.73524180149937, 42.88599309773992], [125.73524093811224, 42.88603044087414], [125.7352615596242, 42.88606158583112], [125.74027021284958, 42.892852205229], [125.74034966366314, 42.89297145304197], [125.74041737349184, 42.893097737846176], [125.7404727244467, 42.89322990722413], [125.74051521142019, 42.893366755058445], [125.7405444466956, 42.893507032538274], [125.74056016348511, 42.89364945955538], [125.74056221836453, 42.893792736385834], [125.74055059258194, 42.8939355555507], [125.74052539222893, 42.89407661374749], [125.74048684727241, 42.89421462374351], [125.74043530945605, 42.89434832612254], [125.74037124909044, 42.89447650077773], [125.74029525076122, 42.89459797804569], [125.74020800799445, 42.89471164938033], [125.7401103169278, 42.89481647746898], [125.73768520905334, 42.89718144094974], [125.7376611143262, 42.89720734887729], [125.73767560844495, 42.897239624210066], [125.74353306604986, 42.90874551340168], [125.74359290383804, 42.90887872193781], [125.74363950504315, 42.90901711775664], [125.74367242798782, 42.90915938916875], [125.74369136063456, 42.90930418775257], [125.74369612354334, 42.90945014113447], [125.7436866715722, 42.90959586599587], [125.74366309430516, 42.90973998118406], [125.74362561520309, 42.90988112080251], [125.74357458948582, 42.910017947156575], [125.74077016389761, 42.91654801952913], [125.74075778557842, 42.91658112645998], [125.74076537428374, 42.91661564751415], [125.74539155775554, 42.933714101301824], [125.74540237738695, 42.93374759763476], [125.74543606274138, 42.93375781358526], [125.75485316678646, 42.93612495449277], [125.7549961145196, 42.93616856359096], [125.75513401315578, 42.93622618107089], [125.7552654937717, 42.93629723496236], [125.75538925115592, 42.93638101991154], [125.75550405676567, 42.93647670418311], [125.75560877092272, 42.93658333791682], [125.75570235412697, 42.93669986255688], [125.7557838773755, 42.93682512136017], [125.7593617637193, 42.94297202047021], [125.75943024838959, 42.943104398390105], [125.75948525782273, 42.943242919240554], [125.75952624891512, 42.94338621541666], [125.7595528169651, 42.94353287216714], [125.75956469966852, 42.94368144156205], [125.75956177970842, 42.94383045678803], [125.75954408591333, 42.943978446630105], [125.75951179297263, 42.944123949996815], [125.75946521971186, 42.944265530345454], [125.75940482594493, 42.944401789864976], [125.75933120793454, 42.94453138327641], [125.75442003969323, 42.95225605288103], [125.75440298802154, 42.952285903137195], [125.75442286083755, 42.95231395431306], [125.7574885974118, 42.9562342322884], [125.75757531220512, 42.95635739479792], [125.75764923766823, 42.95648863307371], [125.75770962835456, 42.95662662374056], [125.75775587529893, 42.95676997533374], [125.75778751215826, 42.956917242330256], [125.75780421991408, 42.95706693972512], [125.75780583008938, 42.957217558005766], [125.75779232644756, 42.95736757837368], [125.75776384515608, 42.95751548805953], [125.75772067341344, 42.95765979557759], [125.75766324655314, 42.95779904576555], [125.7575921436538, 42.95793183445797], [125.75750808169997, 42.958056822645624], [125.75741190835221, 42.95817274997765], [125.7490059725981, 42.9673278907699], [125.74898396849365, 42.96735425432965], [125.74899854954339, 42.96738534469584], [125.75113581914415, 42.97143331532507], [125.75119725326815, 42.97156468674528], [125.75124571357183, 42.971701376908086], [125.75128074705685, 42.971842108058034], [125.75130202623642, 42.97198556466526], [125.7513093521965, 42.972130405722794], [125.75130265645534, 42.97227527728208], [125.75128200160351, 42.97241882510942], [125.75124758071895, 42.972559707345155], [125.75119971556198, 42.97269660704708], [125.7511388535676, 42.97282824450102], [125.75106556366296, 42.97295338918335], [125.75098053094912, 42.97307087126376], [125.73661702344504, 42.99102022875137], [125.73659578827461, 42.99104961456888], [125.73659447298064, 42.991085846167536], [125.73678750910175, 43.00612375801317], [125.73678990576568, 43.006161261452355], [125.73681340720509, 43.00619058608892], [125.74208665489947, 43.01212360890342], [125.74211196570243, 43.01214942875661], [125.74214643363298, 43.0121603495315], [125.77226732759837, 43.02010805974618], [125.77230488778721, 43.02011591017881], [125.7723413913828, 43.020104082897134], [125.80962700885534, 43.00584499918333], [125.80965653656924, 43.005832032580756], [125.8096268227128, 43.00581949841136], [125.80904050826732, 43.00560503253038], [125.80890676068346, 43.005548631196575], [125.80877909082818, 43.00547956648271], [125.80865869423191, 43.00539848512695], [125.80854669831655, 43.00530614639408], [125.80844415183806, 43.00520341496561], [125.80835201506568, 43.005091252842675], [125.80827115078971, 43.00497071033765], [125.80820231624215, 43.00484291623878], [125.8081461560058, 43.0047090672399], [125.8081031959783, 43.004570416734374], [125.80807383844737, 43.00442826307799], [125.80805835832382, 43.004283937430856], [125.80805690056712, 43.004138791292114], [125.80806947882809, 43.003994183844185], [125.80809597532091, 43.003851469225054], [125.80813614192624, 43.00371198384782], [125.80818960251459, 43.0035770338862], [125.80825585646848, 43.003447883043236], [125.80833428337039, 43.003325740717635], [125.80842414881245, 43.00321175067874], [125.80852461127363, 43.00310698035593], [125.80863472999992, 43.003012410843056], [125.8087534738138, 43.00292892771116], [125.8088797307704, 43.00285731271583], [125.80901231857003, 43.00279823647666], [125.82152760813887, 42.99793314667009], [125.82156267326927, 42.99791736952078], [125.82158524918128, 42.99788624380783], [125.83170545995155, 42.98228566304458], [125.83172421298671, 42.982253298195694], [125.83173249576153, 42.98221682141656], [125.8343047684454, 42.96749438215351], [125.83433530228864, 42.96735764056784], [125.83437846149458, 42.96722434443221], [125.8344338695121, 42.96709565671551], [125.83450104292278, 42.96697270017957], [125.83457939565874, 42.96685654758338], [125.8346682441158, 42.9667482123236], [125.83476681311774, 42.96664863959295], [125.83487424267952, 42.96655869813372], [125.83498959551035, 42.96647917265822], [125.8351118651913, 42.96641075700244], [125.8500607137442, 42.95894052007852], [125.85020568690493, 42.95887739094643], [125.85035650005663, 42.958829873602994], [125.85051147732973, 42.958798496071594], [125.85066889658201, 42.9587836070264], [125.85082700853542, 42.95878537191781], [125.85098405621447, 42.958803771133965], [125.86140020677897, 42.960584879542495], [125.86143506698292, 42.96058911654442], [125.86145281861428, 42.96055881694716], [125.86432221449522, 42.955068119696534], [125.86433645066622, 42.95503734243752], [125.86430301878319, 42.955031666396934], [125.85597758555161, 42.95402894536172], [125.85583122257819, 42.95400391463558], [125.85568805154266, 42.953964535557084], [125.85554947543571, 42.953911194017714], [125.8554168522205, 42.9538444127327], [125.85529148152538, 42.9537648461188], [125.85517459190837, 42.953673273881336], [125.85506732881794, 42.95357059337359], [125.85497074336836, 42.953457810803265], [125.8548857820394, 42.95333603137224], [125.85481327740139, 42.95320644844625], [125.8547539399565, 42.95307033186066], [125.85470835117628, 42.95292901547676], [125.85467695780358, 42.95278388411079], [125.85466006747471, 42.952636359963506], [125.8546578457048, 42.95248788868353], [125.8546703142659, 42.95233992520079], [125.85469735097352, 42.95219391946912], [125.85473869088409, 42.95205130225755], [125.85479392889114, 42.95191347112965], [125.85486252369516, 42.95178177674822], [125.85494380310801, 42.951657509639595], [125.85503697063997, 42.95154188754729], [125.85514111330481, 42.9514360434988], [125.85525521056655, 42.951341014702635], [125.85537814434016, 42.95125773238429], [125.85550870994798, 42.95118701266079], [125.855645627925, 42.9511295485432], [125.86546646641666, 42.947568521844474], [125.86549682343546, 42.94755580063423], [125.86546781616094, 42.9475402457055], [125.85812774999322, 42.94405549025312], [125.85799656447493, 42.94398502656188], [125.85787301203769, 42.94390190275517], [125.85775831034687, 42.94380693805585], [125.85765358983976, 42.94370106838417], [125.84347386570536, 42.9278653813579], [125.843379423105, 42.9277486427319], [125.8432971251927, 42.92762304669218], [125.8432277966781, 42.927489851840086], [125.84317213230412, 42.92735039292487], [125.843130689885, 42.92720606746814], [125.84310388471636, 42.927058321759255], [125.8430919854135, 42.92690863636199], [125.84309511121967, 42.92675851127782], [125.8431132308111, 42.92660945091431], [125.84314616261085, 42.92646294900945], [125.84319357660844, 42.926320473662834], [125.84325499766695, 42.92618345262381], [125.84332981028422, 42.926053258983956], [125.843417264761, 42.9259311974173], [125.84351648471356, 42.92581849110614], [125.84362647585607, 42.925716269483516], [125.84374613596425, 42.92562555691509], [125.84387426592092, 42.925547262433994], [125.84400958173224, 42.925482170631376], [125.84415072739478, 42.925430933793955], [125.84429628848399, 42.9253940653675], [125.84444480632821, 42.9253719348115], [125.85771356201197, 42.92406946023918], [125.85775839409717, 42.92406228486799], [125.8578020233414, 42.924049719405126], [125.88734123234524, 42.91355828217834], [125.88746962458971, 42.913519056534774], [125.8876010097961, 42.913491467640384], [125.88773433552691, 42.91347573649104], [125.88786853380037, 42.91347198909827], [125.88800252964542, 42.9134802554799], [125.89227373282337, 42.91393634089997], [125.8923076740145, 42.91393839471031], [125.89233761491049, 42.91392237656459], [125.90688898020446, 42.9052630545502], [125.90691840630578, 42.90524350225612], [125.90689830843809, 42.905214446045704], [125.90356234708467, 42.90086962175375], [125.90348041613208, 42.90075161718969], [125.90341014953417, 42.90062631609893], [125.9033521917998, 42.90049486778529], [125.90330707453687, 42.900358477937004], [125.90327521157612, 42.900218397567706], [125.90325689517536, 42.90007591154175], [125.90325229333877, 42.89993232678897], [125.90360658283325, 42.877603849346514], [125.90361641343766, 42.87745456389172], [125.90364106622862, 42.87730700025225], [125.90368029596249, 42.87716262637727], [125.90373371238556, 42.87702287848447], [125.90380078411631, 42.87688914677271], [125.90388084393149, 42.876762761592445], [125.9039730954036, 42.87664498021154], [125.9040766208237, 42.87653697430804], [125.90419039033068, 42.87643981831451], [125.9043132721562, 42.876354478729596], [125.90444404388346, 42.87628180450344], [125.90458140460764, 42.87622251859241], [125.90472398787722, 42.87617721076713], [125.90487037528729, 42.87614633174559], [125.90501911058968, 42.876130188709375], [125.90516871417964, 42.87612894224789], [125.91152931625606, 42.87639343300964], [125.91156567744679, 42.876393115964746], [125.91157833069009, 42.87635902590541], [125.91948806501118, 42.851246210302534], [125.91953816977679, 42.85111038632559], [125.91960113482278, 42.850980025122645], [125.91967637363284, 42.85085634100195], [125.91976318536112, 42.85074048607506], [125.9198607613606, 42.85063353952497], [125.9398249060298, 42.83076861143853], [125.93992598130679, 42.83067680576513], [125.94003498620646, 42.83059457179932], [125.95116744451889, 42.82296562094528], [125.95128658218513, 42.82289190847782], [125.9514120773284, 42.82282963263662], [125.95154283522322, 42.822779336669385], [125.98017581607519, 42.81327517779561], [125.98033132697675, 42.81323268680044], [125.98049049983777, 42.81320713048038], [125.9806514960967, 42.81319880402937], [125.98081245613048, 42.813207803623946], [125.98097152073446, 42.81323402531229], [125.99427444317638, 42.816168934782134], [125.99431018456083, 42.8161749684828], [125.99433183529825, 42.81614589791916], [126.00708894186829, 42.79710261113929], [126.00717364073316, 42.79698829895135], [126.00726878866296, 42.7968825253938], [126.00737352969955, 42.796786242013745], [126.00748692158449, 42.79670031498393], [126.00760794423559, 42.79662551731055], [126.00773550892372, 42.79656252187927], [126.00786846806709, 42.79651189540184], [126.00800562555496, 42.796474093318], [126.00814574750795, 42.79644945569819], [126.00828757337815, 42.796438204184355], [126.00842982728906, 42.79644043999599], [126.01798338124676, 42.79704462093419], [126.01802043575198, 42.79704509931254], [126.01805122704877, 42.797024479874295], [126.02896660654177, 42.78889217029176], [126.02909289378543, 42.78880767901927], [126.02922708080482, 42.7887363972764], [126.02936779070734, 42.788679056484895], [126.02951357966911, 42.78863624501844], [126.02966295175008, 42.78860840216536], [126.02981437424376, 42.78859581362108], [126.05495566613472, 42.78778410849413], [126.05498946038509, 42.78778146484252], [126.05501685306804, 42.78776157674627], [126.05991535326483, 42.783853575900324], [126.06003595761601, 42.783766773597776], [126.06016455848882, 42.78369232989581], [126.06029989387723, 42.78363097533691], [126.06044063568697, 42.783583312015175], [126.0605854027687, 42.7835498076677], [126.0607327744716, 42.783530791084544], [126.06088130458481, 42.783526448882206], [126.06102953552957, 42.78353682367225], [126.06117601266295, 42.78356181364318], [126.06131929855282, 42.78360117355954], [126.06145798708384, 42.78365451716848], [126.0615907172562, 42.78372132099022], [126.06171618654155, 42.78380092945512], [126.06763854179064, 42.78798389991413], [126.06766733968385, 42.78800229744292], [126.06770099279105, 42.7879963597585], [126.0778281711971, 42.785720168650265], [126.07798131008516, 42.7856939952924], [126.07813633480023, 42.78568380208797], [126.07829158233613, 42.78568969838319], [126.0784453872964, 42.78571162092635], [126.0785960997596, 42.7857493345464], [126.08989075695996, 42.78920621340261], [126.08992571650307, 42.78921506104417], [126.08995667952664, 42.78919657478981], [126.0986640461848, 42.78339955593896], [126.09879289901937, 42.78332277998787], [126.09892877524263, 42.7832592563576], [126.09907031623726, 42.78320962021669], [126.09921610674434, 42.78317436787359], [126.09936468901431, 42.78315385181413], [126.099514577383, 42.78314827717701], [126.09966427312662, 42.78315769970266], [126.1348486777966, 42.787146262062954], [126.13498770653116, 42.787168675378446], [126.13512402067146, 42.78720402790179], [126.13525641875397, 42.78725200803826], [126.13538373383108, 42.78731219289423], [126.13550484375644, 42.7873840520045], [126.13561868107546, 42.7874669520078], [126.13572424243381, 42.787560162229184], [126.13582059742092, 42.787662861120154], [126.13590689677055, 42.787774143499725], [126.13598237984613, 42.78789302853263], [126.13819890506265, 42.791775552802065], [126.13821913265127, 42.791807104621654], [126.1382565017832, 42.791809971787124], [126.14911447201985, 42.79208402755167], [126.14915264089268, 42.79208302955181], [126.14918870787525, 42.79207049832594], [126.1663243026806, 42.785111394515624], [126.1664622979745, 42.78506304402726], [126.166604345247, 42.7850283591135], [126.1667490947036, 42.78500766936536], [126.16689517087252, 42.78500117138576], [126.16704118567498, 42.7850089269213], [126.19051457708557, 42.787407385506], [126.19065822807984, 42.78742913631307], [126.1907991009454, 42.78746468264214], [126.19093587406277, 42.78751369101009], [126.19106726427482, 42.78757570163772], [126.19119203892498, 42.787650132763204], [126.19130902742153, 42.78773628609999], [126.19499621011205, 42.79073756571129], [126.19502546888229, 42.7907590658548], [126.19506132517571, 42.79075335113444], [126.21724827546288, 42.78608152239119], [126.2172826408504, 42.78607252006094], [126.21729452952687, 42.78603904348448], [126.21934470451015, 42.77923275726417], [126.2193975355881, 42.779085614285464], [126.2194653950868, 42.77894476945093], [126.21954754583558, 42.77881175278486], [126.2196430954152, 42.778688009272656], [126.21975100585234, 42.77857488316367], [126.21987010489536, 42.77847360336842], [126.21999909874867, 42.77838527010861], [126.22718094626282, 42.77399876833621], [126.2273101900371, 42.773928293651885], [126.22744571944241, 42.77387082701272], [126.22758622914179, 42.77382692190251], [126.22773036583108, 42.77379700118862], [126.2278767412732, 42.77378135304921], [126.22802394566872, 42.77378012819766], [126.22817056123425, 42.77379333843099], [126.2422468328966, 42.77576189422885], [126.24238931466215, 42.77578889850849], [126.2425285228642, 42.77582953545121], [126.24266315635249, 42.77588342523192], [126.24279195673564, 42.77595006415398], [126.24291372014312, 42.77602882935718], [126.24302730847752, 42.776118984639446], [126.2431316600522, 42.776219687338], [126.24322579951456, 42.776329996205554], [126.24330884696252, 42.77644888020793], [126.24338002616875, 42.77657522816096], [126.24668809748728, 42.78317427714691], [126.24670504210692, 42.783204429199536], [126.24673940976949, 42.783208318953], [126.26040952919763, 42.78410356240923], [126.2605552362896, 42.78412029011518], [126.26069861327547, 42.78415116749723], [126.26083828944749, 42.78419589936248], [126.26097292947831, 42.784254058066885], [126.26110124618693, 42.784325087603605], [126.26122201284436, 42.78440830891849], [126.26133407490134, 42.78450292640199], [126.26143636102604, 42.784608035495275], [126.27010092832025, 42.79442984685483], [126.27012478383, 42.79445447951056], [126.27015868674897, 42.7944596219975], [126.28739067047894, 42.79625898929972], [126.28754238027292, 42.79628273348465], [126.28769086758724, 42.796321863593185], [126.299228375978, 42.80000333688312], [126.29936007925019, 42.80005226861688], [126.29948662656005, 42.80011330831574], [126.29960690766214, 42.80018592045628], [126.29971986728668, 42.800269467985835], [126.29982451439791, 42.80036321791162], [126.29991993088873, 42.8004663477315], [126.31210204821322, 42.814937735101104], [126.31212578209038, 42.814963353657475], [126.31216063479081, 42.81496556648992], [126.32592704858148, 42.81518441257951], [126.325963576142, 42.815183193236784], [126.32599683511094, 42.81516804099394], [126.34440658328823, 42.80565959037468], [126.34452556999537, 42.80560458174502], [126.3446489050214, 42.80556017164296], [126.34477564642737, 42.80552669923901], [126.34490482625897, 42.8055044201699], [126.35433011319812, 42.80430020436879], [126.35447006340331, 42.80428894805509], [126.35461045299326, 42.80429082623715], [126.35475005198265, 42.804305822459796], [126.35488763731283, 42.80433380533769], [126.35502200356723, 42.80437452970644], [126.35515197353239, 42.80442763877054], [126.35527640851171, 42.80449266722934], [126.3553942183019, 42.80456904535363], [126.35550437074443, 42.8046561039772], [126.36600041754642, 42.8137812812567], [126.36603082943263, 42.81380504976005], [126.36606904541696, 42.81381046853454], [126.38399416658226, 42.81540281679806], [126.38402937451697, 42.81540424857498], [126.38405571046168, 42.81538083775124], [126.3946484844284, 42.80501392886911], [126.39467412214502, 42.80498612300487], [126.39467898692598, 42.804948615772126], [126.39554404811675, 42.793831933902666], [126.3955450582144, 42.793794447827366], [126.39552773278727, 42.79376119041141], [126.38751330592623, 42.78011365083413], [126.38744145630228, 42.779975302710106], [126.3873843536011, 42.779830244606586], [126.38734261459712, 42.77968004331689], [126.38731669011926, 42.77952632118663], [126.38730686018157, 42.779370738590536], [126.38731323095858, 42.77921497599849], [126.38733573363862, 42.77906071582452], [126.38906696762616, 42.770379507378706], [126.3891046454818, 42.77023072282716], [126.38915732991569, 42.77008656730694], [126.38922446934613, 42.76994855005996], [126.3893053608542, 42.769818116063206], [126.38939915754304, 42.76969663090055], [126.38950487740455, 42.76958536646568], [126.3981336409903, 42.76138804105923], [126.39815753352781, 42.76136303182795], [126.39813300360338, 42.761338647451595], [126.39251732072954, 42.75627292735149], [126.39241162305069, 42.75616758401089], [126.39231691563545, 42.75605225958059], [126.39223413584388, 42.75592809547615], [126.39216410298322, 42.75579632060316], [126.39210751019885, 42.75565823919427], [126.39206491761392, 42.75551521790063], [126.39203674678558, 42.755368672265575], [126.39202327653264, 42.755220052714336], [126.392024640176, 42.755070830198605], [126.3920408242191, 42.75492248163787], [126.39207166848149, 42.7547764753017], [126.39211686768422, 42.75463425627767], [126.39217597447133, 42.75449723216869], [126.4003694332225, 42.73783469085304], [126.40038364816324, 42.7378017113278], [126.4003535383161, 42.7377821381131], [126.39080405624067, 42.732233404059905], [126.3906829366427, 42.73215500215685], [126.39056990984791, 42.73206532630128], [126.39046602157093, 42.731965206166855], [126.39037223297755, 42.731855568056844], [126.39028941179218, 42.73173742633405], [126.3902183242696, 42.731611874036], [126.39015962810575, 42.731480072762245], [126.39011386635272, 42.73134324192737], [126.3900814623945, 42.73120264747903], [126.39006271602985, 42.731059590185524], [126.38906586563336, 42.71895778889669], [126.38906142892523, 42.718923511683585], [126.38904482839712, 42.71889319610693], [126.38328381517465, 42.70944435314165], [126.38321377775998, 42.70931575159897], [126.38315661374983, 42.709180933676656], [126.38311286794507, 42.709041184255184], [126.38308295726455, 42.70889783521465], [126.3830671667716, 42.70875225274123], [126.38306564695732, 42.70860582430684], [126.38307841230628, 42.708459945445796], [126.3831053411585, 42.708316006454716], [126.38314617686888, 42.708175379142325], [126.3832005302532, 42.708039403755414], [126.38770074909222, 42.69820367492224], [126.38776894481343, 42.698072200295535], [126.38784977397405, 42.69794809195315], [126.38794244853526, 42.69783255988157], [126.38804606497223, 42.69772673045349], [126.388159613083, 42.69763163544627], [126.3882819858374, 42.69754820198273], [126.38841199016993, 42.69747724349217], [126.3885483586115, 42.69741945177997], [126.38868976164656, 42.69737539028278], [126.404222053696, 42.69336502297707], [126.40425551595416, 42.69335464288278], [126.40426287080763, 42.69332038831806], [126.40491336537663, 42.689374558858766], [126.40494505246741, 42.689228264347044], [126.40499116251038, 42.6890858564125], [126.40505123632828, 42.68894875319486], [126.40512467568851, 42.68881832000793], [126.40521074926053, 42.68869585574342], [126.40530859989862, 42.68858257993616], [126.40541725317759, 42.68847962061967], [126.40553562709641, 42.68838800309282], [126.40566254285311, 42.68830863970967], [126.42212181927287, 42.679125422150726], [126.42226014678053, 42.67905731843824], [126.42240473460154, 42.67900377427852], [126.43493128776544, 42.67508425270684], [126.43508610964258, 42.67504472698791], [126.43524425759631, 42.67502189453662], [126.43540393702717, 42.675016014446435], [126.43556333595714, 42.675027153442265], [126.43572064559118, 42.67505518512326], [126.46577201676166, 42.68207982251742], [126.46584260496302, 42.682092794245726], [126.48464166918107, 42.68462410801702], [126.48467761329137, 42.68462716983036], [126.48470924642889, 42.6846098291737], [126.49177927137585, 42.680272110432014], [126.49191520416846, 42.680198080054694], [126.49205804224029, 42.68013845198991], [126.49220626463753, 42.680093861163165], [126.49235829307354, 42.680064782381955], [126.49251250873462, 42.68005152527999], [126.49266726951726, 42.6800542310202], [126.49282092751346, 42.68007287079159], [126.4929718465578, 42.68010724611605], [126.49311841964945, 42.68015699096176], [126.50709632685624, 42.68572059712734], [126.50712979900926, 42.685732080567696], [126.50716016622133, 42.68571391227512], [126.51383764243326, 42.68126737243251], [126.51397014465991, 42.681188651832755], [126.51411002519237, 42.68112394318162], [126.51425580727934, 42.68107392962337], [126.51440595186547, 42.68103913916276], [126.52770995958078, 42.67866906421362], [126.52774312905538, 42.67866156353535], [126.52776511730802, 42.678635621465624], [126.53317222105136, 42.67162532566669], [126.5332690633027, 42.6715119090921], [126.53337668933716, 42.67140866967259], [126.53349403524791, 42.67131662795235], [126.53361994104502, 42.671236693783875], [126.53375316212221, 42.67116965733387], [126.53389238156004, 42.67111618127226], [126.54156544965534, 42.66859889726238], [126.54171925519556, 42.66855734331264], [126.54187660053063, 42.66853233690396], [126.54203571060411, 42.66852416014057], [126.54219479045108, 42.66853290526681], [126.56224479343247, 42.670707770000156], [126.56239241304985, 42.67073127429144], [126.5625369603289, 42.6707693543028], [126.56267699981856, 42.67082163187427], [126.56281114083315, 42.67088758785466], [126.56293805126279, 42.670966567257], [126.56305647080211, 42.671057785763075], [126.56316522346599, 42.671160337512184], [126.5632632292678, 42.67127320409694], [126.56334951494449, 42.671395264676754], [126.56342322362161, 42.671525307108524], [126.56348362332278, 42.67166203998403], [126.5635301142386, 42.67180410545446], [126.56741195184267, 42.686028180904884], [126.56742365319337, 42.68606381338516], [126.5674536685119, 42.686086300624034], [126.58364851878427, 42.69697915274155], [126.58368158201152, 42.69699896848801], [126.58372012229555, 42.696999666559634], [126.59592087836646, 42.696583817224095], [126.59607150839375, 42.69658625267063], [126.59622113444138, 42.696603784994764], [126.59636824725892, 42.69663623735119], [126.5965113629464, 42.696683282398936], [126.59664903792219, 42.696744445603265], [126.5967798834841, 42.69681911002216], [126.596902579817, 42.69690652252935], [126.59701588930552, 42.69700580141095], [126.59711866901769, 42.69711594525912], [126.6028204807429, 42.70387729610214], [126.60284403754413, 42.70390272724966], [126.60287369425143, 42.70392067567153], [126.61897009695812, 42.712665581046494], [126.61900457776011, 42.71268207750374], [126.61904244006016, 42.71268732203004], [126.62813717604716, 42.71347329858752], [126.62828137356112, 42.713492844923174], [126.62842299857178, 42.71352627153875], [126.62856071823153, 42.71357326385292], [126.62869323644642, 42.71363337961616], [126.62881930607388, 42.71370605307283], [126.62893774065962, 42.71379060028551], [126.64868739476306, 42.729389196936815], [126.64871543236828, 42.729409281303816], [126.64874963610424, 42.72940485484197], [126.66174350589205, 42.727099474806145], [126.6617792342679, 42.72709129738478], [126.66180905896057, 42.72706999304814], [126.67267943281993, 42.71846355416857], [126.67278926162429, 42.71838439178834], [126.6729057807262, 42.718315454515405], [126.67302804093265, 42.718257303929605], [126.67315504628218, 42.7182104137398], [126.67328576215824, 42.718175165924904], [126.67341912371744, 42.71815184762221], [126.68284098937866, 42.716939633116105], [126.68287567295214, 42.71693345220422], [126.68288707661353, 42.71690011888072], [126.6854832962647, 42.70791306711535], [126.68552942823727, 42.707777882177695], [126.68558820961312, 42.70764769816901], [126.68565910735941, 42.707523695605204], [126.68574147857144, 42.70740699894848], [126.68583457630241, 42.707298666410665], [126.6859375563369, 42.70719968035729], [126.68604948484612, 42.70711093839945], [126.68616934685613, 42.707033245254195], [126.68629605545146, 42.70696730544732], [126.68642846163148, 42.7069137169247], [126.6865653647295, 42.70687296563007], [126.68670552330056, 42.70684542109845], [126.68684766637885, 42.70683133310519], [126.70084033306901, 42.706114877428476], [126.70087655616922, 42.706111239297876], [126.70091017549116, 42.70609727182915], [126.72008180331504, 42.697008193493154], [126.72020650444533, 42.69695582219484], [126.72033541606461, 42.69691489641819], [126.72046749008564, 42.69688574890115], [126.72060165270996, 42.696868616621124], [126.73442201304859, 42.69573403643763], [126.73445799939441, 42.695729281054135], [126.73447990543511, 42.69570033703685], [126.7502141057994, 42.67262226171544], [126.75030342683147, 42.672504217002476], [126.75040394814138, 42.672395551150984], [126.75051469074982, 42.672297322460146], [126.75063457613201, 42.67221048758141], [126.7507624367215, 42.67213589220164], [126.75947177499978, 42.66761532657615], [126.75960218412827, 42.66755537479352], [126.7597377262534, 42.66750816156075], [126.75987716036612, 42.667474119157085], [126.76001920982273, 42.6674535592711], [126.76016257403376, 42.66744667014691], [126.76030594037196, 42.667453514860576], [126.76044799619063, 42.66747403074264], [126.76058744084203, 42.6675080299519], [126.77362125375271, 42.67135513949864], [126.77376367684279, 42.67140509478954], [126.77390035882337, 42.67146910966176], [126.77402991587336, 42.67154653600403], [126.77415103630722, 42.67163658992222], [126.77426249385498, 42.67173835967573], [126.77436316007741, 42.67185081490832], [126.77445201579091, 42.67197281707986], [126.77452816138593, 42.67210313099331], [126.78447501562952, 42.69128025483574], [126.78449343091008, 42.69131185424603], [126.78452023897917, 42.69133673340876], [126.79694715130606, 42.7017809137088], [126.79697779120144, 42.70180405902945], [126.79701588036065, 42.70180892986145], [126.80657798200453, 42.702529489870294], [126.80673186996148, 42.70254913139989], [126.806882906189, 42.70258456233211], [126.80702947511679, 42.702635403677355], [126.80717000895939, 42.702701111607375], [126.80730300448603, 42.70278098327238], [126.80742703910016, 42.702874164319155], [126.80754078605626, 42.70297965802967], [126.80764302865153, 42.70309633598258], [126.81207069821951, 42.708710139763205], [126.81215710153138, 42.70883165634462], [126.81223101388377, 42.70896115065347], [126.81229170496312, 42.70909734318172], [126.81233857509268, 42.70923888823749], [126.81237116115784, 42.70938438724168], [126.81238914118204, 42.709532402546934], [126.81239233750814, 42.70968147164286], [126.8123807185539, 42.70983012160674], [126.81087754044678, 42.72153480754842], [126.81084971309971, 42.72168802777843], [126.81080615017592, 42.72183753721558], [126.8107473212024, 42.721981724427216], [126.81067386024567, 42.72211903534435], [126.81058655907773, 42.722247990011596], [126.81048635864222, 42.72236719853834], [126.80048687845768, 42.733081272188514], [126.8004629944557, 42.73310960795469], [126.80046701125752, 42.73314644850969], [126.80171323186495, 42.740910066077554], [126.80172063700695, 42.7409452087162], [126.80174357628742, 42.74097284258312], [126.81273993708459, 42.75298322982039], [126.81282977556587, 42.75309107810607], [126.81290913971236, 42.75320685175461], [126.81297733456904, 42.75332953698994], [126.81303376298521, 42.753458059514394], [126.81307793084345, 42.753591293915896], [126.81310945138631, 42.753728073522645], [126.81312804860305, 42.75386720061912], [126.81313355964645, 42.754007456933934], [126.81304228743355, 42.76612384319683], [126.81304388565198, 42.76616070201865], [126.81307774480234, 42.76617535415117], [126.81801766388807, 42.76802089313616], [126.81814808157007, 42.7680767805487], [126.8182726352051, 42.768144740585925], [126.81839021033292, 42.76822416516637], [126.81849975493441, 42.76831434362802], [126.81860028884466, 42.76841446908707], [126.81869091252312, 42.768523645657645], [126.81877081510235, 42.76864089646784], [126.81883928164339, 42.76876517240042], [126.81889569953275, 42.76889536147992], [126.82212596653181, 42.7774355421138], [126.82214022506282, 42.777468283487245], [126.822175823263, 42.77747112450411], [126.83276133438333, 42.777794383493024], [126.83290435687279, 42.77780561481882], [126.83304565226665, 42.777830458064265], [126.83318392808411, 42.77786868597911], [126.85375189859467, 42.78462911998313], [126.8537852146453, 42.78463838042789], [126.85381979276394, 42.78463811814155], [126.86903940548913, 42.783814925223055], [126.86907466775199, 42.783811331810476], [126.8691086159895, 42.78380114078701], [126.8787480272053, 42.78040050221108], [126.87888458883751, 42.780359511107754], [126.87902442550039, 42.78033167125042], [126.87916627373242, 42.780317234179634], [126.879308851897, 42.78031633033817], [126.87945087176239, 42.780328967892466], [126.87959105014123, 42.78035503265887], [126.8797281204845, 42.780394289135245], [126.89811194172408, 42.78661889151472], [126.89824823135551, 42.78667258967675], [126.89837863329721, 42.78673932564788], [126.8985019038997, 42.78681846296401], [126.89861686752542, 42.786909246888804], [126.89872242776083, 42.78701081161171], [126.89881757787302, 42.78712218850516], [126.89890141041084, 42.78724231536245], [126.89897312585943, 42.78737004652808], [126.89903204026517, 42.7875041638239], [126.8990775917586, 42.78764338816691], [126.89910934591296, 42.787786391767995], [126.8991269998874, 42.78793181079504], [126.89913038531512, 42.78807825837993], [126.89911946990912, 42.78822433784513], [126.8973384078984, 42.80258047042633], [126.89733577800126, 42.80261514268286], [126.89736454479315, 42.80263467607506], [126.90785099020562, 42.809046428175776], [126.90788288695326, 42.80906380246724], [126.9079128324888, 42.809043246849605], [126.91317156171536, 42.805032429724974], [126.9132914046849, 42.8049499020531], [126.91341868008648, 42.804879374568195], [126.91355219022157, 42.804821510954376], [126.91369067872098, 42.80477685572508], [126.91383284236768, 42.804745829098984], [126.91397734336047, 42.80472872304567], [126.91412282190296, 42.80472569853806], [126.9464671438434, 42.805623008076424], [126.94661419615932, 42.80563434139486], [126.94675942462214, 42.80566006145138], [126.94690142517422, 42.805699919586445], [126.94703882496509, 42.805753530454666], [126.94717029562409, 42.80582037575027], [126.94729456610295, 42.80589980921806], [126.94741043496421, 42.80599106290134], [126.94751678199658, 42.8060932545665], [126.9476125790451, 42.80620539623234], [126.94769689995124, 42.80632640372182], [126.94776892950692, 42.806455107143805], [126.95025476569297, 42.81145931888039], [126.95027197703321, 42.81149011115308], [126.95030705358808, 42.81148636554506], [126.9721083870618, 42.808079253030165], [126.9721414860469, 42.80807253045544], [126.97217156023109, 42.80805715907743], [126.97954679453905, 42.803855373592114], [126.9796695104958, 42.80379274249445], [126.97979745539617, 42.80374163512805], [126.97992954984807, 42.80370248265418], [126.98006467945218, 42.8036756153781], [126.98020170420351, 42.80366125996241], [126.98033946810882, 42.8036595375149], [126.98047680893914, 42.8036704625668], [126.99000913222963, 42.804871355356894], [126.99004526250573, 42.8048740987605], [126.9900700919609, 42.80484770896579], [126.9992301274002, 42.79409113845887], [126.999332596832, 42.79398229811665], [126.9994453907169, 42.79388419743328], [126.9995673888259, 42.79379781071005], [126.9996973795169, 42.79372399590936], [126.99983407176832, 42.79366348613371], [126.99997610800105, 42.7936168823448], [127.01616424962072, 42.78918553860755], [127.0163087953105, 42.78915354511049], [127.01645579078134, 42.789135956141166], [127.01660380416405, 42.789132943032094], [127.01675139367407, 42.789144535133694], [127.01689712165573, 42.78917061952838], [127.01703956858637, 42.78921094213049], [127.0171773469037, 42.789265110161324], [127.01730911452195, 42.78933259597513], [127.01743358790507, 42.78941274219889], [127.04130727340221, 42.80650799757243], [127.04133843938354, 42.80652802027801], [127.0413751496581, 42.806523062166846], [127.05268202569724, 42.80441146212735], [127.05283271797967, 42.80439115982308], [127.0529846914097, 42.80438621774824], [127.05313638435247, 42.80439668668613], [127.05328623805525, 42.804422459061], [127.05343271266484, 42.804463270043385], [127.05357430305067, 42.80451870027148], [127.07265960637626, 42.81312993289537], [127.07269287256477, 42.81314302779209], [127.0727241768935, 42.81312576063813], [127.09412158693652, 42.799921349663975], [127.09425689582935, 42.799847176404306], [127.09439910890784, 42.79978729644748], [127.09454672123096, 42.79974234346101], [127.09469817072117, 42.79971279315077], [127.094851854695, 42.79969895822691], [127.0950061468229, 42.799700985094724], [127.09515941433972, 42.79971885230529], [127.09531003532302, 42.79975237078248], [127.0954564158568, 42.79980118582378], [127.10401499101776, 42.80315367828995], [127.10404940245861, 42.803165259750905], [127.10408540470276, 42.80316996250831], [127.12476689093067, 42.804852961411385], [127.12490605266035, 42.80487086991247], [127.12504293226237, 42.80490170294618], [127.12517633208881, 42.804945190734415], [127.12530508493852, 42.80500095277445], [127.13053216298206, 42.80756142501406], [127.13056554949434, 42.80757574828353], [127.13059085524894, 42.80754968232833], [127.13516745813246, 42.802335542724705], [127.13527447593546, 42.80222552079637], [127.13539217656162, 42.80212701091121], [127.13551932767835, 42.80204104447364], [127.13565459800583, 42.80196852155741], [127.13579657125563, 42.80191020148181], [127.13594376095928, 42.80186669486152], [127.1360946260318, 42.801838457213464], [127.13624758690682, 42.8018257841875], [127.13640104207481, 42.80182880847099], [127.13655338485097, 42.80184749839948], [127.13670302019729, 42.80188165828832], [127.14959336122224, 42.80552735485395], [127.14963113829191, 42.80553594083112], [127.1496697241912, 42.805532483321784], [127.15872976851004, 42.80424178240418], [127.15887688124545, 42.80422817385378], [127.15902461913986, 42.80422910343463], [127.1591715489814, 42.80424456212882], [127.15931624539719, 42.80427439997088], [127.15945730468091, 42.80431832750258], [127.15959335841019, 42.80437591858099], [127.15972308672178, 42.804446614512514], [127.1598452311156, 42.80452972947279], [127.15995860666348, 42.80462445715991], [127.1600621135042, 42.80472987861639], [127.16015474751332, 42.80484497114402], [127.16023561004424, 42.8049686182251], [127.16030391664594, 42.8050996203538], [127.16035900467308, 42.8052367066727], [127.16040033971426, 42.805378547301345], [127.16171964205826, 42.810905983018586], [127.1617294083003, 42.81093965555181], [127.16176259179089, 42.81095097257124], [127.16898648828726, 42.81303357137804], [127.16913498283745, 42.81308494651406], [127.16927728829492, 42.813151573781816], [127.1694118430922, 42.81323272205701], [127.16953717071247, 42.813327500871274], [127.16965189589197, 42.81343487018358], [127.18060373641624, 42.824817655353925], [127.18070297824514, 42.82493180140683], [127.18079022000717, 42.8250553616632], [127.18086457461791, 42.82518707974798], [127.18092528603106, 42.825325616336315], [127.18097173692587, 42.82546956277207], [127.18100345498425, 42.82561745539112], [127.1810201176933, 42.825767790404086], [127.18137187922092, 42.831628664642075], [127.18137560832294, 42.831663338372884], [127.18139735760046, 42.83169059901734], [127.1917041056339, 42.843427650954624], [127.19172923800846, 42.84345352296946], [127.19175883696035, 42.8434329098804], [127.20166754095278, 42.83576479766154], [127.20169462592631, 42.835741598972206], [127.20167666375262, 42.83571079093288], [127.19398520797735, 42.823907081269674], [127.19390501000845, 42.823768322336534], [127.19384007435649, 42.823621798902074], [127.19379114231982, 42.82346918366191], [127.19375877250127, 42.823312218855065], [127.19374333443116, 42.82315269637473], [127.19290717368968, 42.803731879152835], [127.19290857755355, 42.803575875046306], [127.19292617738074, 42.80342086053677], [127.19295978278608, 42.80326851248519], [127.19300903024492, 42.80312047890831], [127.19307338702558, 42.802978361151254], [127.2024547841182, 42.784836358716], [127.20246932441239, 42.78480466928697], [127.20246791463254, 42.78476983177015], [127.2007884598823, 42.76562674708567], [127.2007827583606, 42.76548497590367], [127.20079047754915, 42.76534330025465], [127.20081154838152, 42.76520298776263], [127.20084578232928, 42.76506529385493], [127.20089287308872, 42.76493145052947], [127.20095239932155, 42.764802655331565], [127.20102382842471, 42.764680060639115], [127.20110652129583, 42.7645647633518], [127.20119973805144, 42.764457795076744], [127.2109612933092, 42.75427182437301], [127.21098524148486, 42.754244220110145], [127.21098962585873, 42.754207939430614], [127.21132282445426, 42.749505276048865], [127.21134086802581, 42.74935651808205], [127.21137366376104, 42.74921030268301], [127.2114208843657, 42.74906808904913], [127.21148205858862, 42.748931296441086], [127.21155657592455, 42.748801290018896], [127.21164369270693, 42.74867936721794], [127.21174253952951, 42.74856674480086], [127.21185212992285, 42.748464546714494], [127.21197137019898, 42.748373792873195], [127.22672870830284, 42.738264805288516], [127.22676030316241, 42.738240567174934], [127.22677890584143, 42.738205358345866], [127.23468528971114, 42.721069093087785], [127.23475464564959, 42.72093657180765], [127.2348368547641, 42.72081161662617], [127.23493109963536, 42.72069546999416], [127.23503644317046, 42.72058928677749], [127.23515183792054, 42.7204941227741], [127.23527613649581, 42.720410924216], [127.23540810297425, 42.72034051836071], [127.23554642519049, 42.720283605265735], [127.23568972778304, 42.720240750827735], [127.24327454934755, 42.71837894733665], [127.24331009712529, 42.71836831082957], [127.24333869046936, 42.718344663409496], [127.25354252016922, 42.70900822886446], [127.25356722626672, 42.70898334993549], [127.25356444785996, 42.708948398071335], [127.25125079353487, 42.690853489858625], [127.25124414346206, 42.690816430659105], [127.25123379914841, 42.69078022840977], [127.2469987879035, 42.678363628977735], [127.2469866996289, 42.67833276088482], [127.24696463579998, 42.67830810679517], [127.22537547213992, 42.65623012814088], [127.22527440483226, 42.65611565479467], [127.22518549989356, 42.65599149900728], [127.22510967872462, 42.65585894751536], [127.21843162930887, 42.64266864985332], [127.21836694270877, 42.642521903012415], [127.21831829271316, 42.642369088845946], [127.21828623542373, 42.64221195412114], [127.21827113727655, 42.64205229499206], [127.21827317085344, 42.6418919364684], [127.21921052032994, 42.627745423272756], [127.21921111124736, 42.627708874931926], [127.21918285064754, 42.627685691556245], [127.21193318297726, 42.62232143692741], [127.21180683843193, 42.62221679054525], [127.21169267753336, 42.62209897247076], [127.21159206583923, 42.62196939200757], [127.21150620683572, 42.62182959915743], [127.20480239507492, 42.609443020502766], [127.20473852682443, 42.60930970900203], [127.20468809025895, 42.609170758426224], [127.20465157519848, 42.60902751820837], [127.20462933626281, 42.60888137944079], [127.2046215894277, 42.60873376136534], [127.20462840992735, 42.60858609759038], [127.20464973152374, 42.60843982216805], [127.20468534715, 42.60829635566736], [127.20473491092123, 42.60815709137822], [127.20479794149372, 42.608023381780264], [127.20487382673947, 42.60789652540822], [127.20496182969103, 42.60777775424097], [127.20506109569853, 42.60766822173709], [127.20517066072979, 42.60756899163291], [127.21093664489877, 42.602842530918466], [127.21105681185226, 42.60275365656529], [127.21118522681103, 42.60267718208764], [127.21132061482868, 42.60261386674953], [127.21146163172803, 42.60256433916667], [127.21160687744644, 42.60252909106536], [127.2117549099362, 42.60250847240045], [127.21190425948156, 42.6025026878809], [127.21205344329063, 42.602511794937335], [127.212200980217, 42.60253570315187], [127.21234540546506, 42.60257417515583], [127.2218850938929, 42.60563185027818], [127.22192298207314, 42.605641812364176], [127.22196070190478, 42.60563123069815], [127.23966128585514, 42.59963619939464], [127.23979494465965, 42.599597738112706], [127.23993159127116, 42.59957182190554], [127.24007005089646, 42.599558673582784], [127.24020913315533, 42.59955840618465], [127.24034764231453, 42.59957102201003], [127.24048438756796, 42.599596412596775], [127.24061819327437, 42.599634359654154], [127.2407479090647, 42.59968453693957], [127.27991072052423, 42.61696142801714], [127.28004498240131, 42.617028883658506], [127.28017182214228, 42.61710943299307], [127.28028996703634, 42.61720226778825], [127.28039823161681, 42.617306456539104], [127.28049552955618, 42.61742095381499], [127.28058088456623, 42.617544610749476], [127.28065344019424, 42.61767618656805], [127.28071246841655, 42.61781436103805], [127.28075737694358, 42.61795774771591], [127.28078771516286, 42.61810490785875], [127.28080317866048, 42.6182543648607], [127.28080361227563, 42.61840461906918], [127.28078901165739, 42.61855416283246], [127.27960721837249, 42.626511861674786], [127.27960376962153, 42.62654620794961], [127.27963168145786, 42.62656651779633], [127.28789543958027, 42.63200056179536], [127.28792550482015, 42.63201836053054], [127.28796037446395, 42.63202055633489], [127.305152466744, 42.632290936710845], [127.30530303797835, 42.63230089598082], [127.30545184665677, 42.63232593317115], [127.30559738677697, 42.63236579489565], [127.3057381854158, 42.632420077738004], [127.30587281763573, 42.632488232334524], [127.31953878293777, 42.64029359910541], [127.31957033057766, 42.64030960360278], [127.31958901672162, 42.64027956653311], [127.33852004067205, 42.60620018454571], [127.33859955843977, 42.60607255883623], [127.33869145469383, 42.605953535831766], [127.3387948059219, 42.60584431165515], [127.33890857349483, 42.60574598395583], [127.33903161410426, 42.60565954087898], [127.33916269125237, 42.60558585113516], [127.33930048767809, 42.605525655270164], [127.33944361859487, 42.60547955822293], [127.35244022162307, 42.60200230498712], [127.35247328985177, 42.60199173344046], [127.35247376053627, 42.601957019699555], [127.35203435848852, 42.58920165033834], [127.35203667011662, 42.58905206797218], [127.35205387005846, 42.58890345979646], [127.35208578723022, 42.58875730398223], [127.35213210415922, 42.58861505430743], [127.3521923601417, 42.5884781256966], [127.35226595582537, 42.588347880146834], [127.35235215917106, 42.5882256131804], [127.3524501127341, 42.58811254095844], [127.35255884219312, 42.58800978818412], [127.35267726604141, 42.58791837691542], [127.35280420634444, 42.587839216399026], [127.35293840045648, 42.58777309402623], [127.35307851357983, 42.58772066750094], [127.35322315204176, 42.587682458297614], [127.37053164393643, 42.58402253339292], [127.37057128939698, 42.58401184378468], [127.37060952223604, 42.58399686779459], [127.38482514211874, 42.57750618531832], [127.38499537281925, 42.57744065242744], [127.38517229928098, 42.5773962668631], [127.4059549575181, 42.57350793047197], [127.4059894471132, 42.57349966579539], [127.40597654158377, 42.573466631202024], [127.40535860990028, 42.57209277964626], [127.40530557645516, 42.57195777319386], [127.4052658307517, 42.571818275639956], [127.40523974444382, 42.57167559139754], [127.40522756145924, 42.57153105467772], [127.40522939571854, 42.57138601701371], [127.40524523006994, 42.571241834622946], [127.40527491644967, 42.5710998557254], [127.40531817726648, 42.570961407936615], [127.40537460799735, 42.57082778585347], [127.40544368097008, 42.57070023894865], [127.40552475029749, 42.57057995988712], [127.4056170579169, 42.57046807337369], [127.40571974067872, 42.57036562563621], [127.4058318384175, 42.57027357464245], [127.40595230293027, 42.57019278114238], [127.40608000777809, 42.570124000619444], [127.4062137588191, 42.570067876226204], [127.40635230537478, 42.57002493277035], [127.40649435192468, 42.56999557180733], [127.40663857022068, 42.56998006788549], [127.40678361170704, 42.569978565978815], [127.40692812013059, 42.56999108013133], [127.4323767234153, 42.57344121745613], [127.43241174037183, 42.57344428202745], [127.43244428797745, 42.573431006779224], [127.4574737351791, 42.56180835161672], [127.45761720147541, 42.561750525142855], [127.4577658601682, 42.561707780876354], [127.45791813042227, 42.561680573359354], [127.45807239299717, 42.56166919191633], [127.45822700746608, 42.561673757577445], [127.45838032966017, 42.5616942217915], [127.45853072915264, 42.561730366942236], [127.45867660659668, 42.56178180866245], [127.4588164107329, 42.56184799992137], [127.46734381026432, 42.56643781591878], [127.46746633105676, 42.56651149974233], [127.46758128020444, 42.56659651352873], [127.467687613425, 42.566692084950375], [127.46778436470946, 42.56679734576637], [127.4678706550982, 42.56691133971025], [127.46794570066601, 42.567033031177424], [127.46800881964393, 42.567161314633324], [127.46805943861283, 42.56729502465694], [127.4680970977129, 42.567432946528356], [127.46812145482123, 42.5675738272641], [127.47016757107306, 42.58405397923135], [127.47017839966612, 42.5841963532381], [127.47017564195673, 42.58433911181494], [127.4701593229329, 42.58448096140319], [127.47012959046398, 42.58462061668063], [127.47008671396073, 42.58475681220806], [127.4700310819341, 42.584888313895654], [127.46996319847494, 42.58501393018519], [127.46988367868634, 42.58513252284704], [127.46979324311003, 42.58524301729379], [127.46369477784306, 42.59200961710834], [127.4636730536798, 42.5920361453435], [127.46369082509644, 42.59206546876902], [127.46752215164656, 42.5977604966609], [127.46754289474258, 42.59778837982854], [127.46757754187273, 42.59779108601258], [127.4854256924234, 42.59833645164715], [127.48556718601857, 42.59834749235115], [127.4857070028225, 42.59837185617589], [127.48584389117437, 42.59840932501278], [127.49658391574418, 42.601903013589975], [127.49672215767164, 42.60195565328914], [127.49685454254903, 42.60202165338516], [127.49697978290291, 42.602100372011904], [127.49709666074197, 42.60219104361259], [127.49720403940232, 42.602292786385014], [127.49730087460172, 42.602404610857256], [127.49738622459556, 42.60252542951057], [127.49745925933547, 42.60265406735571], [127.4975192685418, 42.60278927335998], [127.49756566861116, 42.60292973261386], [127.49759800829221, 42.60307407911872], [127.49761597307409, 42.60322090907155], [127.49812777757508, 42.61027596049665], [127.49813107998442, 42.61042793032299], [127.49811898503143, 42.61057945407076], [127.49809161692176, 42.61072897570999], [127.49804925670442, 42.610874959770804], [127.4979923393856, 42.61101590711149], [127.4979214494615, 42.61115037031346], [127.49783731491598, 42.61127696854519], [127.49774079974482, 42.611394401742196], [127.49763289508303, 42.61150146395771], [127.49751470902683, 42.61159705574682], [127.49738745525424, 42.61168019545687], [127.49725244056164, 42.6117500293083], [127.49711105144394, 42.61180584016226], [127.4969647398564, 42.61184705488509], [127.48538616895625, 42.614483536496984], [127.48535097349261, 42.61449345554253], [127.48535189222731, 42.61453001048816], [127.48660419927505, 42.63098819206227], [127.48660863293053, 42.63102343276427], [127.48664366198622, 42.6310293089565], [127.5099787300961, 42.633771926137925], [127.51012248764025, 42.633795952150614], [127.51026323474389, 42.633833816825465], [127.53448072024162, 42.64162893168348], [127.53451219706274, 42.641637561886746], [127.53454483517741, 42.64163771726695], [127.54109822090169, 42.64138170389683], [127.54125273314047, 42.64138363307228], [127.54140622703893, 42.64140144814408], [127.54155707366841, 42.64143496005271], [127.54170367219398, 42.64148381315859], [127.54184446686294, 42.64154748901617], [127.54197796351514, 42.64162531187594], [127.55198626243782, 42.648172779578864], [127.55209907194944, 42.64825429595915], [127.55220384039936, 42.64834591734349], [127.55229966580544, 42.64844685493667], [127.5523857231788, 42.648556239737516], [127.55820098593534, 42.656698576807145], [127.55822292897984, 42.65672636541504], [127.55825803232032, 42.656730997845614], [127.56667698362324, 42.657431444445244], [127.56682852621701, 42.657451873706435], [127.56697720147993, 42.657487625330646], [127.56712146434482, 42.65753832777885], [127.56725981559912, 42.65760345413967], [127.56739081746508, 42.657682327605116], [127.56751310854149, 42.65777412850419], [127.56762541795163, 42.65787790282102], [127.56772657855052, 42.657992572109286], [127.56781553905418, 42.65811694469962], [127.5678913749648, 42.658249728083746], [127.5731101345847, 42.66857660552863], [127.57312702384364, 42.668606461086114], [127.57316108638926, 42.66861050390468], [127.58796572338598, 42.66966702185104], [127.58811700339707, 42.66968558084813], [127.5882656191304, 42.66971939566646], [127.5884100362059, 42.66976811718565], [127.5885487635925, 42.66983124238137], [127.58868036900219, 42.669908119518865], [127.58880349367764, 42.66999795488174], [127.58891686642075, 42.670099820966634], [127.58901931671693, 42.67021266605931], [127.5974202924216, 42.68046800685301], [127.59750743683408, 42.680585662991156], [127.59758269544093, 42.680711254621315], [127.59764535120773, 42.68084358515579], [127.59769480717497, 42.68098139380129], [127.59773059214564, 42.6811233675712], [127.5977523651746, 42.68126815379527], [127.59896133229574, 42.69326460576126], [127.59896666897498, 42.69330010864731], [127.59899320712907, 42.69332428842065], [127.62080925341722, 42.7113360918164], [127.62083769550887, 42.711357365795486], [127.62087274542432, 42.71136311368026], [127.64273168889109, 42.71387870010521], [127.64288463326722, 42.713904371269315], [127.64303410963423, 42.713945696885595], [127.64317852019002, 42.71400223521095], [127.6433163212826, 42.71407338188859], [127.64344603991071, 42.714158376408264], [127.64356628946926, 42.714256310235555], [127.64367578457109, 42.71436613652354], [127.643773354787, 42.71448668130286], [127.65153895923108, 42.72516576009999], [127.65161821521687, 42.72528658553249], [127.65168547742996, 42.72541447646694], [127.65174012166814, 42.725548246058615], [127.65178164082567, 42.72568665290809], [127.65180964959931, 42.725828412581556], [127.65182388806396, 42.72597220953058], [127.65182422408478, 42.72611670930052], [127.65181065454345, 42.726260570914484], [127.6517833053671, 42.72640245931773], [127.6517424303597, 42.7265410577672], [127.6516884088467, 42.726675080051], [127.65162174215486, 42.7268032824247], [127.65154304895985, 42.726924475153375], [127.65145305954489, 42.72703753355253], [127.65135260902363, 42.72714140842534], [127.65124262959012, 42.72723513579928], [127.65112414186798, 42.727317845871994], [127.65099824543891, 42.727388771083106], [127.6413856035208, 42.73220964886672], [127.64135554765485, 42.73222659849363], [127.64137491253744, 42.732255158014816], [127.6503170060956, 42.74415399433386], [127.65040102795912, 42.74427828695114], [127.65047221355091, 42.744410351101386], [127.6505298507516, 42.74454886565425], [127.6505733629758, 42.744692444951525], [127.65060231494026, 42.74483965266876], [127.65061641701811, 42.744989016183915], [127.65061552813643, 42.745139041308974], [127.6505996571873, 42.745288227237374], [127.65056896293895, 42.74543508155763], [127.6505237524475, 42.74557813518296], [127.65046447798518, 42.745715957047615], [127.65039173251604, 42.745847168422806], [127.64717890537736, 42.751014593099995], [127.6471620866249, 42.751044765367425], [127.64718518614687, 42.75107044898573], [127.65690800501355, 42.76089473373376], [127.65693442080702, 42.76091891802097], [127.65696815552829, 42.76090689128111], [127.66920545145463, 42.75585199747864], [127.66933930553049, 42.75580399867642], [127.66947710329883, 42.75576889064779], [127.66961760636816, 42.75574698890937], [127.66975955203435, 42.755738490292565], [127.66990166462863, 42.75574347117461], [127.67004266698203, 42.75576188679222], [127.67018129190338, 42.75579357164384], [127.67031629356747, 42.75583824097702], [127.67044645871147, 42.75589549334751], [127.67057061753839, 42.755964814227], [127.67068765423018, 42.756045580627266], [127.67079651697557, 42.756137066698905], [127.6708962274227, 42.75623845025463], [127.67098588947162, 42.75634882015822], [127.6776234957767, 42.765360803375415], [127.67764608627178, 42.76538855896717], [127.6776789887651, 42.76540263480697], [127.69281837291511, 42.771030470825], [127.69294811748865, 42.77108577547286], [127.69307209416736, 42.77115302159972], [127.69318920687293, 42.77123161468231], [127.69329842021152, 42.77132085987889], [127.69339876862759, 42.77141996817236], [127.69348936494039, 42.771528063345905], [127.6966879504478, 42.77573102673652], [127.69671075258324, 42.77575815010141], [127.6967460137754, 42.77575464829553], [127.70504175171753, 42.7745218884059], [127.70519847822477, 42.77450695142632], [127.70535590706368, 42.774508523721934], [127.70551230397636, 42.77452658797213], [127.70566594607278, 42.77456094517863], [127.70581514081036, 42.77461121685768], [127.70595824463919, 42.77467684920951], [127.70609368110769, 42.77475711921905], [127.71308639835664, 42.77941405944197], [127.71320531281575, 42.77950201426649], [127.71331498692105, 42.779601252819326], [127.71341435431366, 42.779710810206225], [127.71350244884665, 42.779829621203184], [127.71357841397887, 42.77995653061351], [127.71364151110298, 42.780090304499865], [127.7136911267271, 42.780229642181716], [127.71372677843961, 42.78037318888191], [127.71374811959969, 42.780519548899086], [127.71375494270772, 42.78066729917806], [127.7137471814228, 42.78081500314618], [127.71372491120772, 42.78096122468106], [127.71368834859526, 42.78110454207397], [127.71363784908291, 42.78124356185312], [127.71357390367629, 42.781376932332286], [127.70940418976444, 42.78907526341073], [127.7093892265902, 42.789106375536576], [127.70941818620533, 42.7891251691961], [127.72591022446333, 42.798733490376186], [127.72603256379907, 42.79881297703202], [127.72614660253515, 42.798903972681344], [127.72625126186304, 42.799005616503635], [127.72634555170355, 42.79911694694645], [127.72642858007308, 42.799236910821755], [127.72649956152168, 42.79936437326907], [127.72655782456357, 42.7994981284913], [127.72660281802928, 42.79963691116156], [127.7266341162798, 42.79977940839325], [127.72691422591477, 42.80143545708786], [127.7269316546489, 42.801582065907475], [127.7269345861152, 42.8017296779438], [127.7269229919138, 42.80187686313754], [127.7268969843688, 42.80202219556463], [127.72685681544026, 42.80216426725056], [127.72680287428307, 42.802301701810705], [127.7267356834769, 42.80243316778474], [127.72665589396355, 42.80255739153578], [127.72656427874048, 42.80267316958924], [127.72646172537219, 42.802779380292165], [127.72634922739147, 42.80287499467964], [127.72622787467407, 42.802959086443465], [127.7260988428801, 42.8030308409061], [127.72596338206425, 42.8030895629133], [127.72582280456527, 42.80313468356868], [127.72567847229215, 42.803165765745206], [127.72553178352996, 42.803182508320035], [127.72538415939337, 42.8031847490918], [127.72523703005889, 42.803172466351995], [127.72509182090941, 42.803145779095296], [127.71677915811964, 42.80119073915014], [127.71674225421127, 42.801184019748234], [127.716708166362, 42.80119967437548], [127.71096845204356, 42.80419804735651], [127.71093828836023, 42.804215729166934], [127.71095266175838, 42.80424760234735], [127.71759693383696, 42.81724856306424], [127.71761424409225, 42.817278829710396], [127.71764339693983, 42.81729795629637], [127.72532126245224, 42.82183347958886], [127.72535658071833, 42.82185185731811], [127.72539634544854, 42.82185382888652], [127.738283065699, 42.82179917361093], [127.7383236245967, 42.82179678570242], [127.73836270416058, 42.82178567201853], [127.75888295490475, 42.814719415634514], [127.75900741131571, 42.81468249954175], [127.75913459351982, 42.81465648256478], [127.75926354893954, 42.81464155956722], [127.75939331171621, 42.81463784232033], [127.77786220007697, 42.81490837307027], [127.77794759293953, 42.814904749357794], [127.80051407390765, 42.812652685108574], [127.80055036385326, 42.81264723987822], [127.80058174964881, 42.812628225606716], [127.80884256713395, 42.8070472359733], [127.80887219149392, 42.807024960854044], [127.80887651746619, 42.80698814958387], [127.80930662488309, 42.80052143125155], [127.80932288572549, 42.80037948222457], [127.80935257832745, 42.8002397242529], [127.80939543329205, 42.80010342534143], [127.80945106180208, 42.799971822111495], [127.8095189591477, 42.799846108581136], [127.8095985093056, 42.799727425331966], [127.80968899052813, 42.79961684916081], [127.80978958189156, 42.79951538331011], [127.80989937074428, 42.79942394836559], [127.81001736098706, 42.79934337390398], [127.82010821037647, 42.79313567899383], [127.82023396904147, 42.79306638337061], [127.82036577721469, 42.793009429611374], [127.82050242711587, 42.79296533959293], [127.8366287115153, 42.78860238098174], [127.83677495432148, 42.78857055022353], [127.83692364120903, 42.78855345153942], [127.8370732919071, 42.78855125515749], [127.83722241654952, 42.78856398294411], [127.8373695305073, 42.7885915081862], [127.83751316916911, 42.78863355685279], [127.83765190252234, 42.788689710323126], [127.83778434938978, 42.78875940955434], [127.83790919118015, 42.78884196064704], [127.83802518501543, 42.78893654175354], [127.83813117610451, 42.78904221125984], [127.83822610923993, 42.78915791715998], [127.84634346307224, 42.80012460314076], [127.84642501579702, 42.800246886694445], [127.84649420895099, 42.80037656484167], [127.84655037815332, 42.80051239243508], [127.84659298407698, 42.8006530652814], [127.84662161762718, 42.800797232664074], [127.84663600386946, 42.800943510312585], [127.8466360046696, 42.80109049369403], [127.84662162001995, 42.80123677149918], [127.84659298803939, 42.801380939193585], [127.84655038364734, 42.80152161250378], [127.84649421592385, 42.80165744070873], [127.84642502418178, 42.801787119609294], [127.84634347278838, 42.80190940405089], [127.84363870434488, 42.80556367638553], [127.84361944554279, 42.80559253071363], [127.84364801704209, 42.80561220666664], [127.85062378615326, 42.80993180849859], [127.85074462492685, 42.810015078964504], [127.85085674844021, 42.810109758938346], [127.85095908349793, 42.810214942186334], [127.85105065059524, 42.81032962194212], [127.8511305732934, 42.810452700543074], [127.85119808660859, 42.810582999936656], [127.85125254433397, 42.81071927295615], [127.8512934252249, 42.810860215258], [127.85132033798801, 42.81100447780643], [127.85133302502655, 42.81115067978572], [127.85133136490593, 42.81129742181683], [127.85131537351609, 42.81144329935158], [127.85128520391935, 42.81158691611637], [127.8512411448854, 42.81172689747664], [127.85118361812735, 42.81186190359429], [127.85111317426522, 42.811990642251985], [127.85103048755575, 42.812111881221675], [127.8509363494386, 42.812224460058914], [127.85083166096113, 42.81232730121012], [127.850717424154, 42.81241942032644], [127.84217843393736, 42.818641229712554], [127.84204476822916, 42.818728139296006], [127.84190263296229, 42.81880037061301], [127.8417536339366, 42.81885710761672], [127.84159945449656, 42.818897709310185], [127.84144183651331, 42.81892171698814], [127.84128256070561, 42.81892885941936], [127.83523472875505, 42.81887831531401], [127.8351982500047, 42.81887984609245], [127.83518328428974, 42.81891314879343], [127.8294117305095, 42.83370371728091], [127.82935452397895, 42.83383218447249], [127.82928553798867, 42.83395472972777], [127.82920537889197, 42.83407027593354], [127.82911475124837, 42.8341778074948], [127.82901445163081, 42.834276379261375], [127.82890536162418, 42.834365124835365], [127.82878844007661, 42.8344432641863], [127.82866471467169, 42.83451011050726], [127.81548891157098, 42.84084968335706], [127.81545704116903, 42.840867037293464], [127.81546181105352, 42.84090301130963], [127.81970593071475, 42.86396558545746], [127.8197148251204, 42.86400288986967], [127.81974386016317, 42.86402794372984], [127.82384493180584, 42.86720987607705], [127.82395700692784, 42.86730603307496], [127.82405908394921, 42.867412744287726], [127.82415017353938, 42.867528975470215], [127.824229392858, 42.86765360010974], [127.82429597411141, 42.86778541034423], [127.82434927199404, 42.86792312866882], [127.82438876994279, 42.868065420317436], [127.82441408514352, 42.86821090619933], [127.82442497224129, 42.868358176265275], [127.82442132571835, 42.8685058031737], [127.82440318091679, 42.86865235612453], [127.82437071369606, 42.86879641472648], [127.82432423872845, 42.86893658276352], [127.82426420644939, 42.86907150172694], [127.82419119869175, 42.86919986398209], [127.82410592304677, 42.869320425441906], [127.81935742045194, 42.87537771378777], [127.81926350182209, 42.87548637345898], [127.81915962160168, 42.87558555275617], [127.81904673214765, 42.87567434241971], [127.81892586841211, 42.87575192844042], [127.81879813845407, 42.87581759952233], [127.81866471328095, 42.875870753603664], [127.81852681611302, 42.87591090337647], [127.80775415778706, 42.878495053439465], [127.807613651497, 42.87852174654651], [127.80747124167796, 42.87853493680635], [127.80732822296429, 42.87853450430757], [127.80718589552575, 42.87852045298197], [127.80704555324776, 42.87849291056884], [127.80690847196884, 42.87845212745367], [127.79477922233977, 42.874204335237984], [127.79474432929516, 42.87419403232314], [127.79471447483212, 42.87421482620807], [127.77696483702444, 42.887937252023], [127.77693926087203, 42.88795894139929], [127.7769257330172, 42.88798962634307], [127.77424894675681, 42.894890831140394], [127.77419164399198, 42.89502013018025], [127.77412241849022, 42.89514345770546], [127.77404188564623, 42.89525971737002], [127.77395076137365, 42.895367875659176], [127.7738498557409, 42.89546697107706], [127.77374006576984, 42.89555612269409], [127.77362236746151, 42.89563453797821], [127.77349780711981, 42.89570151984024], [127.75980965592602, 42.9022500632602], [127.75968087128093, 42.90230445334931], [127.75954758234121, 42.9023466176132], [127.75941094687037, 42.90237618980808], [127.75927215170032, 42.90239291306637], [127.75913240242231, 42.90239664212786], [127.75899291291516, 42.90238734460148], [127.75468961502301, 42.90189824160979], [127.75454978348996, 42.90187561737893], [127.75441270953944, 42.901839903998386], [127.75427961554904, 42.90179141994763], [127.75415168840443, 42.90173059759046], [127.75403006891518, 42.901657979319396], [127.75391584164137, 42.9015742127188], [127.7538100252219, 42.901480044789935], [127.75371356329059, 42.90137631528946], [127.74434885120782, 42.89030039226133], [127.74432323185871, 42.89027306683805], [127.74428598485392, 42.89027702795277], [127.72853898200573, 42.89277398506773], [127.72841695650337, 42.89278824029927], [127.72829417371153, 42.892792461778235], [127.72817145728094, 42.89278662118613], [127.71165138179735, 42.89132040651919], [127.71161344572829, 42.89131899631898], [127.71157971223776, 42.89133640854543], [127.69640326335391, 42.900185089798555], [127.69626426605517, 42.90025669923075], [127.6961185695407, 42.90031345031454], [127.6959677569268, 42.90035472640122], [127.69581346692057, 42.90038007899108], [127.67487186590076, 42.90270823500131], [127.67483859387096, 42.90271347286626], [127.67481099424295, 42.90273277892055], [127.6553328434541, 42.91771976658556], [127.65521172236465, 42.91780381882402], [127.65508293515622, 42.91787557502264], [127.65494772591876, 42.91793434201345], [127.65480740077939, 42.91797955210479], [127.64100319518856, 42.92168900494473], [127.64096754652086, 42.921700576073746], [127.64095530275175, 42.921735999352116], [127.63652487330795, 42.93705984853271], [127.63647544899891, 42.93720320133584], [127.63641180433301, 42.93734083180119], [127.63633458969618, 42.93747133348067], [127.6362445941461, 42.937593372775396], [127.63614273734888, 42.937705702563726], [127.63603006018081, 42.93780717494563], [127.63590771409186, 42.9378967529731], [127.63577694933878, 42.93797352124675], [127.6356391022088, 42.93803669527026], [127.61661070978482, 42.945618365557316], [127.61657986735841, 42.945632311875165], [127.6165560697935, 42.945656285276904], [127.60876366022399, 42.95424902227454], [127.60865651811494, 42.954355813504726], [127.6085391647365, 42.9544512702119], [127.60841279364024, 42.95453442154625], [127.60827869009313, 42.95460442181074], [127.60813821800565, 42.95466055906228], [127.60799280605995, 42.95470226235263], [127.59690973106139, 42.957283869691786], [127.59677661140408, 42.95730860312173], [127.59664180376967, 42.95732123195478], [127.59650640654594, 42.95732165329351], [127.59637152292454, 42.957309863704936], [127.58593478564077, 42.95592063031428], [127.58590059198157, 42.95591769786807], [127.58587563395902, 42.95594125424052], [127.575545289412, 42.96664816415994], [127.57544374266257, 42.96674404843943], [127.57533371814563, 42.96683007252354], [127.5584003493897, 42.97884274894288], [127.55826805280789, 42.97892657630001], [127.55812773668778, 42.97899615214207], [127.55798093075018, 42.97905071795597], [127.55782923546764, 42.97908967886737], [127.55767430461616, 42.979112610125924], [127.55751782724576, 42.979119261735974], [127.55736150926658, 42.97910956118192], [127.54838606644526, 42.97808002233831], [127.54835120409474, 42.978077677670676], [127.54831792074866, 42.9780883125106], [127.5312537331419, 42.98443981631566], [127.5312219919647, 42.98445334436771], [127.53119970337161, 42.984479683106024], [127.51693815417734, 43.00301801562203], [127.51684242704695, 43.00313052056028], [127.51673609810129, 43.003233064209205], [127.51662019854417, 43.00332465207567], [127.50473384185304, 43.01180143137422], [127.50470622160985, 43.01182316667506], [127.50468577925346, 43.01185175707901], [127.49773790975604, 43.02260827484495], [127.4976525155485, 43.022727297001495], [127.4975559189453, 43.02283742211526], [127.49744904119659, 43.022937599913504], [127.4973329016047, 43.02302687499193], [127.49720860780295, 43.023104395926374], [127.49707734519207, 43.02316942339301], [127.49694036563493, 43.02322133721925], [127.4967989755174, 43.023259642298456], [127.49665452328922, 43.02328397331178], [127.49650838660382, 43.02329409821224], [127.49636195917937, 43.02328992043779], [127.47957924048177, 43.02198880960934], [127.47954347569113, 43.021987775149846], [127.47951302051639, 43.02200655473138], [127.46979864272663, 43.02866699053158], [127.46976981334093, 43.02868893141584], [127.46976877170731, 43.02872514537548], [127.46996120919862, 43.037987935550035], [127.46996388313933, 43.03802525648148], [127.46998742663301, 43.03805433750239], [127.4831257185493, 43.052696715766515], [127.48321428201264, 43.052805207774135], [127.48329234096396, 43.05292148676138], [127.48335921493728, 43.0530445390854], [127.4834143209698, 43.05317329205793], [127.4834571786838, 43.05330662329622], [127.48348741447425, 43.053443370507274], [127.48476251169745, 43.06083140615255], [127.48477065400495, 43.060867518868314], [127.48480565256479, 43.06087958229354], [127.50018494734022, 43.06531987761176], [127.50032151756255, 43.06536653437406], [127.50045297186166, 43.0654260998535], [127.5005780933634, 43.06549802265168], [127.5006957238164, 43.06558163697832], [127.50080477431406, 43.065676168814534], [127.50090423537449, 43.06578074307787], [127.50099318628538, 43.065894391723035], [127.501070803627, 43.06601606270304], [127.50113636889459, 43.06614462970806], [127.50118927514966, 43.06627890259166], [127.50122903263829, 43.06641763838803], [127.5012552733249, 43.0665595528181], [127.50174564712938, 43.07017759883497], [127.50175867213795, 43.07033787743387], [127.50175446439167, 43.07049862933895], [127.50173307224948, 43.07065800705498], [127.50169474156776, 43.07081417888008], [127.50163991287474, 43.07096534995712], [127.49291174736928, 43.09151962581778], [127.49289974088187, 43.09155204608334], [127.49291001534574, 43.09158505615361], [127.50302225275526, 43.11940545184028], [127.50306595013032, 43.119547115596944], [127.50309545008545, 43.11969240094784], [127.50311046446404, 43.11983988874047], [127.5031108466051, 43.11998813830879], [127.50309659277585, 43.12013570154571], [127.50306784220822, 43.12028113704825], [127.50302487573879, 43.12042302419722], [127.50296811306553, 43.12055997703387], [127.50289810864832, 43.12069065779798], [127.50281554629278, 43.120813789995175], [127.50272123247096, 43.120928170865746], [127.50261608844366, 43.12103268313326], [127.50250114126148, 43.12112630591813], [127.50237751373261, 43.12120812470965], [127.4888694673853, 43.12921737759042], [127.48883456127895, 43.12924083588894], [127.48880580092464, 43.129271520902165], [127.48005034584357, 43.13974008626086], [127.48003034004519, 43.139766511591596], [127.48006336624057, 43.13976930452784], [127.51045142096775, 43.14085938320531], [127.5106068617846, 43.14087308088175], [127.51076003848833, 43.140902852870475], [127.53191881461319, 43.146170732214294], [127.53205067485698, 43.146210065402585], [127.53217837587376, 43.14626131648949], [127.53230084303256, 43.14632405418634], [127.5324170457465, 43.1463977505422], [127.54764091245947, 43.1570623693701], [127.54775644282003, 43.15715200255397], [127.54786269696889, 43.157252458652415], [127.54795866519072, 43.15736278304801], [127.54804343551564, 43.15748192734656], [127.54811620238549, 43.15760875933982], [127.54817627430894, 43.15774207376468], [127.5482230804326, 43.15788060375656], [127.54825617596576, 43.15802303288823], [127.5482752464071, 43.1581680076796], [127.54828011053343, 43.15831415045957], [127.54827072212179, 43.15846007245788], [127.54824717038865, 43.15860438700229], [127.5482096791422, 43.158745722695954], [127.54749107647241, 43.16100418822957], [127.54748205355284, 43.161038194670425], [127.5475117880704, 43.16105700183821], [127.56081949819618, 43.16859326438858], [127.56094326518459, 43.16867157165303], [127.56105880544665, 43.168761575780294], [127.56116501748339, 43.16886241871924], [127.56126088872611, 43.168973139087285], [127.56134550518975, 43.169092681335734], [127.56141806018626, 43.16921990581281], [127.56147786201512, 43.16935359962847], [127.56152434055775, 43.169492488217486], [127.56155705271262, 43.16963524749041], [127.56157568661953, 43.169780516456804], [127.56228433063211, 43.178762167314055], [127.56228847944928, 43.17879545963648], [127.56230676458053, 43.178823588720554], [127.56787854373864, 43.186601049918465], [127.56790095090719, 43.18662928847459], [127.56793676457019, 43.18663339685757], [127.58057773471111, 43.187457521955224], [127.5807199809197, 43.18747364143976], [127.5808600426582, 43.18750324770677], [127.58099664419316, 43.187546071091575], [127.58112854130792, 43.18760172154314], [127.58125453263537, 43.18766969217684], [127.58137347060051, 43.187749363891314], [127.58148427187291, 43.187840011007495], [127.58158592723414, 43.18794080787835], [127.58167751077002, 43.18805083640917], [127.58175818830429, 43.188169094419905], [127.58597791921201, 43.19503694493923], [127.5859981080485, 43.195066483900874], [127.58603238267607, 43.1950767498291], [127.59577690310306, 43.19748648526776], [127.59590013830856, 43.19752262349916], [127.59601983065649, 43.19756917056663], [127.59613510278133, 43.19762578527213], [127.61182139345493, 43.2061821224319], [127.6119300353253, 43.20624748671878], [127.61203276902796, 43.20632179238702], [127.63373155892862, 43.223458367599896], [127.6338370904641, 43.2235500083492], [127.63393363422172, 43.22365107384666], [127.63402035199005, 43.223760686622235], [127.63409649086876, 43.22387789499677], [127.63416138980551, 43.224001681344646], [127.63421448533526, 43.22413097092904], [127.63425531647243, 43.224264641232956], [127.63428352871327, 43.22440153170516], [127.63621777581228, 43.23664859035474], [127.6362260033684, 43.236687224391986], [127.63624593588182, 43.23672132683234], [127.64452765366947, 43.249303607431266], [127.64454824286393, 43.24933190364529], [127.64457374895349, 43.2493558625698], [127.65680983018075, 43.259814150641944], [127.65691855462815, 43.25991689044652], [127.65701650544355, 43.260029948443446], [127.6571027084964, 43.26015220025975], [127.65717630648876, 43.260282430089], [127.65723656748135, 43.26041934278264], [127.6572828921726, 43.260561576730375], [127.65731481985887, 43.2607077174015], [127.65936575061663, 43.27300869518535], [127.65938248604459, 43.2731502531809], [127.65938570895612, 43.2732927605614], [127.65937539024655, 43.27343493040661], [127.65935162309952, 43.27357547884444], [127.65931462214549, 43.27371313664501], [127.65926472152346, 43.27384666068245], [127.65920237186357, 43.2739748451611], [127.65425295052741, 43.283029413068576], [127.65418630657486, 43.28313978080643], [127.6541104312265, 43.28324401796622], [127.654025885031, 43.283341354469115], [127.65393329259511, 43.28343107121664], [127.64373162457917, 43.29249911409049], [127.64360308813157, 43.29260133856459], [127.64346414666024, 43.292688898424174], [127.64331646570052, 43.29276074406154], [127.64316181555081, 43.2928160142403], [127.61845088561482, 43.300148944496186], [127.6184180864483, 43.300160384298096], [127.6183991797412, 43.30018952517692], [127.61533825533503, 43.305432729560096], [127.61532233571526, 43.30546329748052], [127.6153524765091, 43.305480011684196], [127.6299484256435, 43.312676158516226], [127.63007877448017, 43.312748693432006], [127.63020127424781, 43.31283381652024], [127.63031471344371, 43.312930685927476], [127.63041797017272, 43.31303834363106], [127.6305100232426, 43.31315572491384], [127.63058996226351, 43.31328166889409], [127.63065699665157, 43.31341493000636], [127.6307104634476, 43.31355419031997], [127.63355540036882, 43.322230912045725], [127.6335943441814, 43.322372868498796], [127.63361918645951, 43.32251795852714], [127.63362968796368, 43.3226647848651], [127.63362574756087, 43.322811933525756], [127.63360740319851, 43.32295798741813], [127.63357483153895, 43.32310153999421], [127.63352834625822, 43.32324120879453], [127.63346839502515, 43.323375648761655], [127.63339555519023, 43.32350356519359], [127.63331052822556, 43.32362372621217], [127.63321413296931, 43.32373497462645], [127.63310729774015, 43.32383623907686], [127.6329910513972, 43.32392654435277], [127.61747874139749, 43.33480015227999], [127.61745172891862, 43.33482110780109], [127.61747700418078, 43.33484412885653], [127.62516422949975, 43.341193064141926], [127.62519255201961, 43.34121425405894], [127.62522790823141, 43.341213197644485], [127.63932403360715, 43.34011310573889], [127.63946221455485, 43.340108712265554], [127.63960021309737, 43.3401170596712], [127.6397368569661, 43.340138077046355], [127.63987098540008, 43.34017158585285], [127.6400014590065, 43.34021730144041], [127.64012716943948, 43.34027483546474], [127.64024704881534, 43.34034369918639], [127.64036007878398, 43.34042330762254], [127.64790287343692, 43.34627385676195], [127.64793481771419, 43.34629605050073], [127.64797303605188, 43.346303286354065], [127.67151897618338, 43.34949193301194], [127.67166468403623, 43.349519054058156], [127.67180700415423, 43.349560422083805], [127.67194454709265, 43.34961563322058], [127.68098317623259, 43.35377347180695], [127.68111195325466, 43.353840440399395], [127.68123365465635, 43.353919542122576], [127.68134714086288, 43.35401003629207], [127.68145134922402, 43.354111075548076], [127.68154530396446, 43.354221713789826], [127.68162812532064, 43.354340915034555], [127.68169903777867, 43.35446756311817], [127.6817573773359, 43.354600472146636], [127.68180259771852, 43.35473839760035], [127.68183427549666, 43.35488004798742], [127.68185211404925, 43.35502409693684], [127.68185594634153, 43.35516919561816], [127.68184573648911, 43.355313985371595], [127.6818215800939, 43.355457110430045], [127.68178370334903, 43.355597230614116], [127.67901033275167, 43.364183912466714], [127.67900113687237, 43.36421803317332], [127.67903283674973, 43.364233650618175], [127.68539108373822, 43.36698664106938], [127.685526893963, 43.36705378120728], [127.68565523899231, 43.36713427821796], [127.68577480958047, 43.367227310952636], [127.68588438598974, 43.36733193038583], [127.6859828504329, 43.36744706929631], [127.68606919847565, 43.36757155315384], [127.68614254928296, 43.3677041121005], [127.68620215460439, 43.36784339390452], [127.68624740640693, 43.367987977754375], [127.68808641757944, 43.375106905846366], [127.68809761283052, 43.375142606861026], [127.68813130676511, 43.37515887384823], [127.6944576737073, 43.37782401242472], [127.69459414327945, 43.37788980570675], [127.69472328006727, 43.377969029378164], [127.69484376672057, 43.37806087526244], [127.69495437413089, 43.37816440642135], [127.6950539739699, 43.37827856671282], [127.69514155019975, 43.37840219156489], [127.69521620943777, 43.3785340198557], [127.70308368720379, 43.39422463075024], [127.70314284463628, 43.394358552627935], [127.7031886645643, 43.3944976037169], [127.70322071048332, 43.39464045934408], [127.70323867710728, 43.39478575859243], [127.70324239327674, 43.394932117265654], [127.70323182358955, 43.39507814107487], [127.70320706873805, 43.39522243892126], [127.70316836454982, 43.395363636148424], [127.70311607974115, 43.39550038763809], [127.70305071240429, 43.39563139062438], [127.70297288526255, 43.39575539710467], [127.69866611715356, 43.4019267403714], [127.69864725398162, 43.40195682074457], [127.69867063445716, 43.40198354155048], [127.70541107740263, 43.408962499816035], [127.70550329815741, 43.40906733827941], [127.70558537107974, 43.40918029759259], [127.70565658502518, 43.4093003989872], [127.7057163229401, 43.40942660181021], [127.70576406720816, 43.40955781254103], [127.70579940413545, 43.409692894266605], [127.70977968806034, 43.428431162636265], [127.70980323198197, 43.42857702213315], [127.70981231221441, 43.42872449029396], [127.70980684066204, 43.42887213639513], [127.70978687040937, 43.4290185279867], [127.70975259520613, 43.429162244789886], [127.7097043475874, 43.429301892476445], [127.70964259564751, 43.429436116196385], [127.70956793849851, 43.42956361372256], [127.70948110045775, 43.42968314808478], [127.70938292402053, 43.42979355957082], [127.7092743616863, 43.4298937769778], [127.70915646671763, 43.42998282800495], [127.70903038292148, 43.43005984868676], [127.70889733355217, 43.430124091775106], [127.70875860944338, 43.430174933989], [127.70861555648463, 43.43021188206159], [127.7084695625636, 43.43023457752582], [127.70832204410091, 43.430242800192225], [127.70177969758086, 43.43028475823404], [127.70174291113817, 43.4302868450496], [127.70171889207258, 43.430314785730395], [127.69634647562745, 43.43723974031044], [127.69632495678063, 43.43727061053973], [127.69632510273603, 43.43730824045512], [127.69709504703944, 43.4513104833683], [127.69709863559655, 43.451345422457955], [127.6971177817714, 43.45137486803], [127.70632171680306, 43.46416008578771], [127.70640051698234, 43.464281500732746], [127.7064672478081, 43.46440994548362], [127.70652128791087, 43.46454422401662], [127.70656213409184, 43.464683085986344], [127.70658940600849, 43.4648252383683], [127.70660284971615, 43.46496935749908], [127.70660234003267, 43.46511410140173], [127.70658788170401, 43.465258122281696], [127.7043672952548, 43.48011953473277], [127.70433708972168, 43.48026914267435], [127.70429183748755, 43.4804149066813], [127.70423200706206, 43.48055531761606], [127.70415821788717, 43.48068892176302], [127.70407123392387, 43.480814335879224], [127.70397195574266, 43.480930261515525], [127.7038614111997, 43.48103549845977], [127.70374074479506, 43.481128957162994], [127.70361120582348, 43.481209670019815], [127.69819354985987, 43.4842139499629], [127.69816392221044, 43.48423235762282], [127.69818823647391, 43.4842573667441], [127.71739466525192, 43.50214531235571], [127.7174924308676, 43.50224527180961], [127.71758046422791, 43.502353900238234], [127.71765800042044, 43.50247025378086], [127.71772436574157, 43.50259332145404], [127.71777898355015, 43.50272203393603], [127.71782137927792, 43.50285527285789], [127.71982923529652, 43.51035950505141], [127.71984020238553, 43.51039353120625], [127.7198737534523, 43.51038118688959], [127.7335416461688, 43.504555463386716], [127.73369910143856, 43.504498509370926], [127.73386192338043, 43.50445945892751], [127.73402808316634, 43.50443879864102], [127.74423857798283, 43.503744819704174], [127.74437984993484, 43.503741888649174], [127.74452077087128, 43.503752263868805], [127.74466009026881, 43.503775853294044], [127.74479657181602, 43.50381244759384], [127.74492900438446, 43.503861722032724], [127.745056212776, 43.503923239352496], [127.74517706815155, 43.503996453652405], [127.74529049804826, 43.504080715233464], [127.74539549589652, 43.5041752763638], [127.74549112995216, 43.504279297914024], [127.76133241232289, 43.523228784205735], [127.76135695414278, 43.523255376468015], [127.76139212748421, 43.523263878550026], [127.77215932446848, 43.52531391620711], [127.77229987667725, 43.52534776900299], [127.77243651709308, 43.52539499539329], [127.77256797642154, 43.525455156677694], [127.77269303349689, 43.525527693999706], [127.77281052662588, 43.52561193353805], [127.77291936437905, 43.525707092766005], [127.77301853572936, 43.52581228772052], [127.77310711944395, 43.52592654121363], [127.77318429264173, 43.52604879190985], [127.77324933843734, 43.526177904185225], [127.77330165260058, 43.52631267867652], [127.77334074916926, 43.52645186342244], [127.77336626496346, 43.52659416549349], [127.77337796295919, 43.52673826300241], [127.7733757344902, 43.526882817383544], [127.77335960025742, 43.52702648582723], [127.77332971013665, 43.52716793375355], [127.77328634178633, 43.52730584720964], [127.77322989806827, 43.5274389450754], [127.77316090330535, 43.527565990964234], [127.77307999841095, 43.52768580470819], [127.769895343671, 43.53194412345737], [127.76987485713865, 43.53197456229996], [127.7698750184004, 43.53201125283212], [127.77083891829119, 43.54980157870903], [127.77084288388035, 43.54983905613087], [127.77087052844698, 43.54986466981829], [127.77700411173636, 43.554989029569505], [127.77703469319346, 43.555011993080896], [127.77707292798344, 43.55501279882514], [127.78971484880599, 43.554622715493316], [127.78985884639512, 43.55462518935474], [127.79000194302184, 43.55464146145017], [127.79014281956255, 43.554671381776735], [127.79028017735936, 43.55471467451656], [127.79041275019159, 43.55477094057935], [127.79053931594832, 43.554839661281406], [127.79065870789434, 43.554920203127004], [127.79076982542557, 43.55501182364828], [127.79087164421489, 43.55511367824959], [127.79096322565482, 43.5552248279933], [127.79104372550997, 43.555344248255345], [127.79111240169954, 43.555470838170635], [127.79116862113818, 43.55560343078123], [127.79121186557197, 43.55574080379392], [127.79124173635591, 43.55588169084773], [127.79125795812887, 43.55602479318785], [127.79174168989572, 43.56347342837716], [127.79174554768817, 43.56350761458873], [127.7917790996817, 43.56351522007099], [127.79741571249085, 43.56451409328217], [127.7975630594812, 43.564547942556814], [127.7977062507163, 43.564596452134744], [127.7978438315699, 43.5646591292253], [127.79797440440956, 43.56473533711534], [127.79809664279459, 43.564824301637394], [127.79820930495094, 43.56492511903415], [127.79831124638586, 43.56503676513934], [127.79840143151445, 43.56515810578193], [127.79847894417966, 43.56528790830768], [127.79854299695933, 43.56542485410126], [127.79859293916518, 43.56556755198153], [127.79862826345304, 43.56571455233407], [127.79864861097667, 43.56586436183725], [127.79865377503316, 43.566015458632315], [127.79864370316282, 43.56616630778342], [127.79794233795991, 43.572129119870134], [127.79793990028512, 43.57216513436795], [127.79796867285532, 43.57218693174187], [127.81107124568945, 43.5811283775097], [127.81110065479949, 43.58114650652801], [127.81113391413128, 43.58115585392902], [127.81767281096319, 43.5826701498766], [127.8178164953328, 43.58271106124009], [127.81795539747534, 43.58276606244494], [127.81808813954713, 43.582834607905156], [127.81821340480947, 43.58291601768213], [127.81832995069011, 43.583009484229315], [127.81843662110893, 43.583114080402694], [127.81853235794574, 43.583228768657605], [127.81861621153632, 43.583352411340705], [127.81868735009263, 43.58348378197495], [127.8187450679538, 43.58362157742567], [127.81878879258588, 43.58376443082705], [127.81881809026116, 43.5839109251408], [127.81883267036054, 43.584059607212474], [127.81883238825631, 43.584209002186135], [127.81881724674682, 43.58435762813416], [127.8187873960287, 43.58450401075732], [127.81874313220696, 43.58464669800911], [127.81653164890177, 43.590693414919436], [127.81652112360308, 43.5907272567954], [127.81655045474308, 43.590747149978], [127.82936023555737, 43.59854587909468], [127.82939022305281, 43.59856227764832], [127.8294233985925, 43.59855405901059], [127.83994984357548, 43.595420894696815], [127.84009241106557, 43.59538595343924], [127.84023771111325, 43.595365114128924], [127.84038435230067, 43.595358576326625], [127.84053093036704, 43.59536640263944], [127.84067604165597, 43.59538851812129], [127.84081829655719, 43.59542471099056], [127.84095633281373, 43.59547463465822], [127.84108882856701, 43.59553781104677], [127.84121451501531, 43.59561363516844], [127.8413321885639, 43.5957013809186], [127.841440722351, 43.595800208029104], [127.84153907703866, 43.595909170114815], [127.85334112231156, 43.61034568361001], [127.85343057917046, 43.610467085771134], [127.853507394319, 43.610596856520104], [127.85357079137742, 43.61073368424871], [127.85362012958423, 43.610876186023006], [127.85365491027237, 43.611022921560846], [127.85464187662544, 43.61637239050651], [127.85465084232528, 43.61640987350084], [127.85468012056278, 43.61643493629074], [127.86565246704812, 43.62487428481558], [127.86568241550341, 43.624895037460966], [127.86571820470718, 43.62488820261272], [127.88381355144104, 43.62049121157331], [127.88396039137405, 43.62046319660518], [127.88410929058128, 43.62044993649752], [127.88425877020873, 43.620451562948574], [127.88440734563775, 43.62046805980457], [127.88455354123009, 43.62049926322017], [127.88469590498386, 43.620544863285765], [127.89572096208383, 43.624692602609684], [127.89585494240538, 43.62475059826802], [127.89598265014244, 43.624821343987605], [127.8961028755212, 43.624904169595084], [127.89621447964804, 43.62499829048447], [127.89631640529844, 43.625102815049715], [127.89640768693191, 43.625216753130864], [127.89648745983867, 43.62533902539385], [127.89655496833092, 43.62546847355499], [127.89660957290151, 43.62560387135342], [127.89665075628201, 43.6257439361674], [127.89667812834276, 43.62588734116466], [127.8994517769065, 43.64558091477676], [127.89945866531136, 43.64561676226024], [127.8994910045613, 43.64563369344762], [127.91256741953322, 43.65166859069608], [127.91270521235312, 43.651741083193876], [127.91283474835907, 43.65182746864758], [127.91295463190002, 43.65192681632023], [127.91306357132282, 43.652038055816874], [127.91316039288876, 43.6521599886173], [127.91324405341977, 43.652291300989155], [127.91604964039493, 43.65724477312126], [127.91611487230232, 43.65737414304714], [127.91616731861889, 43.65750920289811], [127.9162064900373, 43.657648692608994], [127.91623202110077, 43.65779131078548], [127.91624367361264, 43.65793572684563], [127.91624133885871, 43.658080593433866], [127.91622503862149, 43.658224558991314], [127.91619492497698, 43.65836628036542], [127.91615127887583, 43.65850443534114], [127.91350055733828, 43.665670028080044], [127.91344574097961, 43.665799274781335], [127.91337908127568, 43.66592283054544], [127.91330116215195, 43.66603961304897], [127.91321266616413, 43.66614859930091], [127.91311436851909, 43.66624883460383], [127.91300713028423, 43.666339440916836], [127.9128918908447, 43.66641962454704], [127.91276965967461, 43.666488683102116], [127.90568428818884, 43.67006519697571], [127.90565313072851, 43.670082919564344], [127.9056616087149, 43.67011774773161], [127.90961178499911, 43.68342848735728], [127.9096475945932, 43.6835762302801], [127.9096682661961, 43.6837268389887], [127.90967358748476, 43.683878766544325], [127.90966350380292, 43.68403045246204], [127.90963811872254, 43.68418033873881], [127.90959769297994, 43.68432688585618], [127.90954264179781, 43.68446858859298], [127.90947353062025, 43.68460399148588], [127.90939106930497, 43.68473170377877], [127.90929610483226, 43.68485041370757], [127.90918961260537, 43.68495890197368], [127.9090726864319, 43.685056054267676], [127.90267985139775, 43.689841653603054], [127.90265337569086, 43.68986360776021], [127.90268417998371, 43.6898789062444], [127.91218510305595, 43.694022357057435], [127.91232092141404, 43.69408995892004], [127.91244921647733, 43.694170934317285], [127.91256867583647, 43.69426445490187], [127.91267807746794, 43.69436956399402], [127.91277630223497, 43.694485186368006], [127.91286234533582, 43.6946101392512], [127.91293532658251, 43.69474314442349], [127.91299449940486, 43.69488284129289], [127.91303925848754, 43.69502780081393], [127.91306914596228, 43.69517654010624], [127.91308385609167, 43.695327537623825], [127.91308323839672, 43.69547924871992], [127.91306729919621, 43.695630121448104], [127.91303620154206, 43.69577861243817], [127.91299026355135, 43.69592320268415], [127.91030922388246, 43.70308467695162], [127.91029834617058, 43.70311887751205], [127.91033180151092, 43.70313186762983], [127.92259536472028, 43.70719704322905], [127.92273234447559, 43.70725002473773], [127.92286348628689, 43.70731614825061], [127.92298753291259, 43.70739477984911], [127.9231032951318, 43.707485165701044], [127.92320966314533, 43.70758643928755], [127.92330561721515, 43.7076976297103], [127.92339023744053, 43.70781767099938], [127.923462712577, 43.70794541233263], [127.92352234781372, 43.70807962906843], [127.92356857143442, 43.70821903448624], [127.92360094029856, 43.70836229212221], [127.92361914408949, 43.70850802858169], [127.92362300828957, 43.70865484670586], [127.92361249585312, 43.70880133896609], [127.92358770756172, 43.708946100957775], [127.92354888105785, 43.70908774486419], [127.9234963885668, 43.70922491276134], [127.9234307333281, 43.70935628963625], [127.92335254477105, 43.709480615993755], [127.92326257248041, 43.709596699931254], [127.91748080261794, 43.71634621333731], [127.91745913412493, 43.71637415877859], [127.91747642867064, 43.716405003064345], [127.92010656349377, 43.72060200864909], [127.92018130168681, 43.720736057222204], [127.92024195115623, 43.72087704111956], [127.92028787697437, 43.72102348440783], [127.92031859835271, 43.72117385400039], [127.92033379367501, 43.72132657570688], [127.92033330386438, 43.72148005071312], [127.92031713404855, 43.72163267231876], [127.92028545350621, 43.72178284275756], [127.92023859389487, 43.721928989924066], [127.92017704577879, 43.72206958383169], [127.91624314609791, 43.729933995551086], [127.91616730824877, 43.73006795057172], [127.91607814112167, 43.73019342786195], [127.91597658375852, 43.730309105988255], [127.91586370568592, 43.730413766714626], [127.91574069565182, 43.730506307832115], [127.91560884910642, 43.730585754766494], [127.9154695545595, 43.73065127084172], [127.91532427895763, 43.7307021660912], [127.91517455223544, 43.73073790452403], [127.9068055523694, 43.73228653057786], [127.90666446572311, 43.732305764498506], [127.90652219098712, 43.73231153381119], [127.90638001023929, 43.732303786527], [127.90623920471047, 43.7322825924589], [127.89349440268403, 43.7297404604971], [127.89345711339148, 43.72973497577224], [127.89342069641438, 43.72974469057138], [127.8771413419475, 43.73498700898523], [127.87710198725453, 43.73500218413685], [127.87706459448037, 43.735021699708106], [127.8570033429297, 43.74697931787617], [127.85697376294891, 43.74699895904435], [127.85697334364039, 43.74703446362044], [127.8572427548605, 43.7543457267311], [127.8572411659267, 43.754489348101565], [127.85722584780724, 43.754632159088466], [127.85719694094969, 43.754772850297684], [127.85715471039299, 43.75491013177074], [127.85709954333733, 43.75504274481208], [127.85703194559404, 43.75516947352969], [127.85695253694801, 43.75528915598329], [127.8393804372185, 43.77920346462993], [127.83935992646282, 43.77923455419347], [127.83936078171917, 43.77927179020541], [127.84051709768617, 43.79498057149228], [127.84052200995619, 43.79501929581791], [127.84054233925426, 43.795052618834944], [127.84281734056191, 43.79837447959666], [127.8428937051956, 43.7984984973938], [127.84295768248826, 43.798629336521394], [127.84300866929124, 43.79876576348798], [127.84304618492423, 43.79890649212248], [127.84306987570703, 43.799050195699664], [127.84307951829378, 43.79919551944792], [127.84307502177853, 43.799341093321395], [127.84305642855243, 43.79948554491616], [127.84302391390388, 43.79962751240862], [127.84297778436613, 43.799765657394175], [127.84291847482736, 43.799898677505055], [127.8428465444308, 43.80002531868847], [127.84276267130333, 43.80014438702925], [127.84266764616247, 43.800254760005515], [127.84256236486176, 43.80035539707131], [127.84244781994522, 43.800445349466386], [127.84232509128992, 43.80052376916069], [127.84219533592551, 43.8005899168492], [127.84205977712625, 43.800643168921745], [127.84191969287853, 43.800683023342145], [127.84177640383257, 43.800709104381134], [127.83562281963195, 43.80152286641579], [127.83558490963291, 43.801529909001914], [127.8355555594544, 43.801554915662145], [127.82720279597751, 43.80945983292278], [127.82709160618238, 43.80955521207078], [127.8269716428084, 43.80963929025653], [127.82684405005837, 43.8097112655478], [127.82671004490356, 43.80977045144898], [127.82657090547636, 43.809816283448846], [127.82642795887948, 43.809848324404776], [127.81345912782652, 43.81209656362686], [127.813425021407, 43.81210425793703], [127.81344359017687, 43.81213388311298], [127.81721839289884, 43.81753345253743], [127.81729503568634, 43.817655112502], [127.81735967750205, 43.81778355198004], [127.81741172435193, 43.817917590740386], [127.81745069797714, 43.818055997100046], [127.8174762402488, 43.81819749924214], [127.8174881164588, 43.81834079690259], [127.81748621747663, 43.81848457331834], [127.817470560752, 43.81862750732699], [127.81744129015466, 43.818768285507076], [127.81739867465231, 43.81890561424702], [127.81734310583907, 43.819038231632206], [127.8172750943371, 43.819164919040645], [127.81719526510453, 43.819284512340964], [127.81710435169263, 43.8193959125896], [127.81700318950534, 43.81949809612897], [127.80783597004137, 43.82791025136432], [127.80781151330716, 43.82793499695798], [127.80783602987198, 43.827959683275935], [127.8154590201204, 43.83492088427662], [127.81556422700768, 43.83502704103105], [127.81565834745865, 43.835143140498545], [127.81574044705609, 43.835268030056724], [127.8158097107245, 43.835400469816165], [127.81586545082197, 43.83553914492992], [127.81590711396717, 43.835682678647125], [127.81593428653308, 43.83582964598126], [127.81594669875352, 43.83597858785726], [127.81594422740139, 43.836128025597006], [127.81592689701199, 43.83627647559952], [127.81589487963947, 43.83642246406995], [127.81584849314866, 43.83656454165127], [127.81578819805944, 43.83670129781331], [127.8157145929746, 43.83683137485636], [127.81562840863712, 43.83695348139024], [127.81553050067537, 43.837066405155085], [127.8154218411085, 43.83716902505652], [127.81103098435662, 43.84092009322389], [127.8110051154169, 43.840944486347674], [127.81101773377154, 43.84097772794292], [127.81650437834614, 43.853537528712245], [127.81652039629346, 43.853569814326605], [127.81654965906996, 43.853590852992355], [127.83748887682631, 43.867149846481645], [127.83752006437082, 43.86716791994773], [127.83755230979477, 43.86715180952449], [127.85277183761465, 43.85858318660512], [127.85290033972579, 43.85851874488318], [127.85303442050112, 43.85846690017481], [127.8531728484517, 43.85842812865704], [127.85331435216125, 43.858402786433814], [127.8534576319636, 43.858391106265316], [127.8536013718797, 43.858393195430146], [127.85374425170458, 43.85840903474], [127.85388495913288, 43.858438478715904], [127.85402220181201, 43.85848125692437], [127.854154719212, 43.858536976461295], [127.85428129420305, 43.85860512556061], [127.85440076423447, 43.858685078294684], [127.85451203201235, 43.858776100323325], [127.85461407557787, 43.8588773556384], [127.85470595769361, 43.85898791424233], [127.85478683445183, 43.8591067606898], [127.85485596302541, 43.85923280341433], [127.85491270849064, 43.85936488475393], [127.8549565496586, 43.85950179158388], [127.86075628075189, 43.88113179174032], [127.8607868481873, 43.88127246492687], [127.86080378991201, 43.8814154204846], [127.86080694988661, 43.88155934174113], [127.8607962990066, 43.88170290312966], [127.86077193537041, 43.88184478239789], [127.86073408337595, 43.88198367278646], [127.86068309165378, 43.88211829506467], [127.8606194298561, 43.882247409312676], [127.86054368433108, 43.88236982634156], [127.8604565527224, 43.88248441864623], [127.86035883754366, 43.88259013079012], [127.86025143878699, 43.882685989126166], [127.8601353456338, 43.88277111076443], [127.85100408396072, 43.88881476477918], [127.8509739608984, 43.888837004076], [127.85097352495458, 43.888874444630844], [127.85120266134686, 43.89465105209279], [127.85120128200217, 43.894798068959034], [127.85118551665806, 43.89494424459133], [127.85115551677298, 43.895088174673134], [127.85111157055732, 43.89522847646101], [127.85105410020454, 43.89536380206873], [127.85098365783517, 43.89549285141646], [127.85090092019257, 43.89561438472074], [127.85080668214134, 43.895727234405065], [127.85070184903113, 43.89583031631694], [127.85058742799882, 43.895922640143326], [127.85046451829295, 43.896003318924635], [127.85033430071314, 43.896071577575825], [127.85019802626616, 43.89612676033265], [127.85005700414736, 43.89616833705162], [127.84991258916322, 43.89619590830314], [127.84976616871568, 43.896209209208834], [127.83958797163196, 43.896632503997886], [127.83955284951539, 43.89663565793128], [127.83952977477479, 43.89666232376576], [127.83632350243776, 43.900748388397346], [127.83621713919952, 43.900869861120135], [127.83609833589898, 43.900979197923704], [127.83596846900498, 43.90107513201917], [127.83582904317038, 43.901156551902986], [127.83568167379909, 43.90122251423493], [127.79526106016755, 43.91676129077789], [127.79522889107677, 43.91677543440131], [127.7952019577766, 43.916798006282754], [127.7813977715906, 43.92952300259945], [127.78129396723965, 43.92961034794082], [127.78118269581022, 43.92968795735344], [127.78106486748044, 43.929755196007754], [127.78094144606257, 43.92981151390499], [127.76255273265515, 43.93721701247285], [127.76252625822266, 43.937229242850584], [127.76255541853027, 43.93722963550548], [127.77462197925318, 43.936789619401246], [127.774770933491, 43.93679158967308], [127.77491895774834, 43.93680832485071], [127.77506459209506, 43.93683965987882], [127.77520640017217, 43.93688528570704], [127.7753429833583, 43.93694475233802], [127.77547299456403, 43.937017473265676], [127.77559515151788, 43.93710273125976], [127.77570824941317, 43.937199685439744], [127.77581117279061, 43.937307379568225], [127.77590290653997, 43.93742475148208], [127.77598254591176, 43.93755064356838], [127.77604930544068, 43.93768381418162], [127.77610252669243, 43.93782294988982], [127.77614168475768, 43.937966678428594], [127.77867055180053, 43.94947455557413], [127.77868084303414, 43.949511917324685], [127.77870846640025, 43.94953909745594], [127.78533801551127, 43.955410678794195], [127.78543963229737, 43.95550963575054], [127.78553144790465, 43.95561774839867], [127.78561264136074, 43.95573405004574], [127.78568248667167, 43.95585750077667], [127.78574035931325, 43.95598699675261], [127.78578574181529, 43.956121380080944], [127.78581822838864, 43.95625944916864], [127.7858375285535, 43.956399969466325], [127.78584346973683, 43.956541684507044], [127.78583599881532, 43.956683327141015], [127.78581518259045, 43.95682363086587], [127.78578120719123, 43.95696134115115], [127.7857343764098, 43.95709522665573], [127.77985442867698, 43.97165674427643], [127.77984327538836, 43.971688683205386], [127.7798765247696, 43.97169492577509], [127.78792686900262, 43.97281116623226], [127.78807358899046, 43.972839015287995], [127.78821681261584, 43.972881315617414], [127.78835512022552, 43.97293764793355], [127.7884871408945, 43.97300745386235], [127.78861156601488, 43.973090041477384], [127.78872716226688, 43.97318459215829], [127.78883278384379, 43.97329016870506], [127.78892738380927, 43.97340572462774], [127.78901002447483, 43.97353011451934], [127.78907988669427, 43.9736621054093], [127.78913627798316, 43.97380038898487], [127.78917863938292, 43.973943594559294], [127.78920655100127, 43.97409030265825], [127.78921973617418, 43.97423905908988], [127.78921806420833, 43.97438838935897], [127.78920155167647, 43.97453681328234], [127.78917036225323, 43.97468285966064], [127.78912480509265, 43.97482508086109], [127.7890653317639, 43.974962067166615], [127.78899253177518, 43.9750924607492], [127.78890712673049, 43.97521496912883], [127.78880996317696, 43.97532837798475], [127.78870200421377, 43.97543156319204], [127.78858431994573, 43.975523501964005], [127.78845807687628, 43.975603282990285], [127.7827751609134, 43.97881041445999], [127.78274593950042, 43.97882879548935], [127.78275383835835, 43.978862401459686], [127.78561254566625, 43.98885834801301], [127.78564726903511, 43.98900859027889], [127.7856663841709, 43.989161603554095], [127.78566968906102, 43.98931577076365], [127.78565714877875, 43.98946946263762], [127.7856288958523, 43.98962105492947], [127.78558522886425, 43.9897689455815], [127.78343474497125, 43.99587680142749], [127.78342415780149, 43.99591262282718], [127.78344626873702, 43.99594272876289], [127.78891698819825, 44.00264426092377], [127.7889389440296, 44.00266884826974], [127.788968015869, 44.00268424933142], [127.80021466911636, 44.0080233347833], [127.80034328502924, 44.00809224833745], [127.80046459667572, 44.0081733323397], [127.80057745611707, 44.00826581951446], [127.80068079539541, 44.00836883468104], [127.80077363663959, 44.00848140303526], [127.80778827477614, 44.01788322168947], [127.80780989702437, 44.01790956980083], [127.80784303050523, 44.017917564614244], [127.82062357403836, 44.02038298020691], [127.82075863555737, 44.02041558767753], [127.82089010054433, 44.02046055231097], [127.82101684103777, 44.02051748831346], [127.8211377696121, 44.0205859071776], [127.82125184870759, 44.02066522187377], [127.83516461630265, 44.031326947672454], [127.83527359848676, 44.03141901086368], [127.83537334165796, 44.03152101109621], [127.83546294357285, 44.03163202571003], [127.83554159372248, 44.03175105050407], [127.8356085806639, 44.03187700881985], [127.83566329845563, 44.03200876128055], [127.83570525213884, 44.03214511609748], [127.83573406221451, 44.032284839850554], [127.83574946807637, 44.03242666864543], [127.83575133036811, 44.03256931954624], [127.83558531525155, 44.037376911942204], [127.83558591305726, 44.03741361706273], [127.83562057958356, 44.03742569411557], [127.84910168707245, 44.0413669232767], [127.84924554409622, 44.04141703945976], [127.8493835761264, 44.04148148815052], [127.84951435950214, 44.04155960462588], [127.84963654532515, 44.041650583193395], [127.84974887337223, 44.04175348550112], [127.84985018509312, 44.04186725021579], [127.84993943555986, 44.041990703969404], [127.85001570424413, 44.042122573461306], [127.85007820451155, 44.04226149859102], [127.85240938870166, 44.04823710965315], [127.85242428776166, 44.04827030486022], [127.85246026239794, 44.04827575731885], [127.85314650634238, 44.04834495408158]], [[128.06900927005938, 44.1180956284289], [128.0842272306056, 44.12835389586321]], [[128.0707403524826, 44.249216539422555], [128.064495070704, 44.25104601939817], [128.06446256098516, 44.25105723814527], [128.06445903741252, 44.25109144818085], [128.0638819893356, 44.2615140686956], [128.06388173148127, 44.26154921757616], [128.06390828149642, 44.261572252484555], [128.0708380456129, 44.26702473868674]], [[128.46227840220413, 44.20012230853964], [128.4656723136435, 44.196478504008525], [128.4656950732565, 44.19645157160237], [128.46568587021594, 44.196417532528606], [128.46278825085747, 44.187443988044514], [128.46275034179018, 44.187303672133666], [128.4627261910233, 44.187160345957835], [128.46271602531272, 44.187015355232106], [128.46271994010607, 44.18687006130032], [128.46273789864665, 44.18672582835318], [128.46276973231855, 44.18658401061962], [128.4628151422297, 44.186445939651676], [128.46287370201833, 44.186312911822355], [128.46514666290994, 44.181761308583766]], [[128.50792823988135, 44.12219376773082], [128.5134429061152, 44.12081600178001]], [[128.5434219362597, 44.085859344355086], [128.5463747829151, 44.08366344570019], [128.54640734059592, 44.08363622981449], [128.54643660089044, 44.08360549640916], [128.54996085948787, 44.07945522960098]], [[128.64038612208523, 43.90753662485296], [128.6409265913348, 43.907262918909346], [128.6409565548686, 43.90724581487331], [128.6409285967813, 43.90722559837558], [128.63574452424788, 43.90385767925305], [128.63562140135963, 43.903768503540164], [128.6355079371556, 43.9036673233653], [128.6354052971176, 43.90355517803111], [128.6353145355437, 43.90343321947223], [128.6352365847188, 43.90330270042274], [128.63517224533825, 43.903164961548434], [128.63512217828347, 43.90302141767568], [128.63508689783325, 43.90287354325864], [128.63506676638139, 43.90272285723398], [128.63506199071418, 43.902570907418635], [128.6350726198863, 43.90241925461094], [128.6362006441478, 43.89311674715887], [128.63622471721663, 43.89297526016491], [128.63626220209989, 43.892836721485736], [128.63631275563466, 43.892702399401834], [128.6363759150183, 43.892573523592], [128.6364511020454, 43.89245127387602], [128.63653762840107, 43.89233676941376], [128.63663470196218, 43.89223105845958], [128.6367414340491, 43.89213510876588], [128.6368568475613, 43.89204979872363], [128.63697988592227, 43.89197590932095], [128.6371094227524, 43.89191411699337], [128.6372442721804, 43.89186498743132], [128.6373831996998, 43.891828970401356], [128.63752493347044, 43.891806395628684], [128.63766817596172, 43.891797469778666], [128.6378116158311, 43.89180227456479], [128.63795393992922, 43.89182076600068], [128.63809384532115, 43.89185277480272], [128.64210168306002, 43.892973964609745]], [[128.76284518429847, 43.759880274184695], [128.76741113367564, 43.75856929794576], [128.7674388235869, 43.75855983379668], [128.7674097932841, 43.75855615373975], [128.7631789970356, 43.75823250391225]], [[129.06760785963385, 43.54635067599487], [129.07301393189525, 43.5474331735463], [129.07312307067747, 43.54744679151112], [129.08748636555237, 43.548174861316525]], [[129.2156023955719, 43.67109007253404], [129.21752865442568, 43.676237357234506]], [[129.21976393199452, 43.743215280596104], [129.2113939701619, 43.74795688880842], [129.2113654856873, 43.74797492249601], [129.21139474356966, 43.747991672286645], [129.21757523417415, 43.75113863861077], [129.21770652638295, 43.75121406557617], [129.21782954546984, 43.75130234454002], [129.21794303790475, 43.751402575964356], [129.21804584723142, 43.75151373851898], [129.21813692585158, 43.75163469948851], [129.21821534569952, 43.751764226314485], [129.21828030769896, 43.75190099915475], [129.21833114990523, 43.752043624332266], [129.21836735425043, 43.752190648536356], [129.2183885518225, 43.75234057363146], [129.218394526624, 43.75249187192275], [129.21838521777343, 43.75264300172292], [129.21836072012536, 43.752792423061564], [129.218321283304, 43.752938613376976], [129.2167482292439, 43.757782848507]], [[129.73972691011915, 43.89412249986501], [129.7397621876046, 43.8957309592364], [129.73976471657906, 43.89576635939497], [129.73979996609302, 43.895770487191086], [129.7398683498486, 43.895775088258006]], [[129.9950151777237, 44.00138110014433], [129.9961856413988, 44.00168773679659], [129.99621927188636, 44.00169481683855], [129.9962201017591, 44.00166045918994], [129.99620500908645, 44.00104648304293]], [[130.11232402523225, 43.87277678416873], [130.1162017736536, 43.8780279018226], [130.11622494528493, 43.87805620983269], [130.11626138985915, 43.87805938172915], [130.12301724565222, 43.87830904201427]], [[130.4108781384432, 43.65785717261365], [130.41136381842176, 43.65658024745567]], [[130.4881901299685, 43.65611428720055], [130.48829191235916, 43.656112622821574], [130.48832915415915, 43.65611011900737], [130.48835574097973, 43.656083920501295], [130.50294623551474, 43.64016790734038], [130.50304426251608, 43.64007040441867], [130.50315085078302, 43.639982341633775], [130.50326509473626, 43.63990446717151], [130.50338602375354, 43.639837442657225], [130.50351261041578, 43.63978183753454], [130.50364377923643, 43.639738124227364], [130.51843134482303, 43.635556554164005]], [[130.83885249806613, 43.46232158836129], [130.84061997424368, 43.45534871409788], [130.8406622742493, 43.45521026688855], [130.84071772323924, 43.455076542060034], [130.84078580475128, 43.454948785150364], [130.84086588466147, 43.454828186111264], [130.84095721709056, 43.4547158682247], [130.84105895135127, 43.45461287764046], [130.8411701398717, 43.45452017363206], [130.8412897470212, 43.45443861966197], [130.84141665875643, 43.454368975339094], [130.84318445033566, 43.45350713168797]], [[131.25582531918596, 43.47529917461999], [131.26924537894763, 43.468759202747016], [131.26939082915288, 43.46869757388229], [131.26954195404602, 43.46865158316749], [131.26969707755936, 43.46862174066784], [131.26985447927805, 43.46860837735496], [131.27001241352053, 43.468611641436176], [131.28862716146867, 43.46997938900842]]]}, "properties": {"kind": "regime_border", "name": "辽", "province": "东京道"}}, {"type": "Feature", "geometry": {"type": "MultiLineString", "coordinates": [[[120.86777463632268, 42.282624058202146], [120.76726968982625, 42.366481228037145], [120.7672419928911, 42.366506869852735], [120.76724202325244, 42.36654461401783], [120.76863212464464, 42.39307486743935], [120.76863256102888, 42.393223016726054], [120.7686183809332, 42.39337048647369], [120.76858972268225, 42.39351583813771], [120.7685468658328, 42.39365765383514], [120.7684902284468, 42.393794550175805], [120.76842036301318, 42.39392519175711], [120.76833795105841, 42.394048304190655], [120.76824379649837, 42.39416268653372], [120.76813881779618, 42.39426722300425], [120.76802403900287, 42.394360893865176], [120.76790057976777, 42.394442785371744], [120.76776964441659, 42.39451209868499], [120.66495475533618, 42.44259714848447], [120.66492417979354, 42.442613229919644], [120.66490684077385, 42.44264311026038], [120.6531982986925, 42.4651847709392], [120.65313106077019, 42.465301154976416], [120.6530536744365, 42.465411052827506], [120.6529667610584, 42.46551358207709], [120.65287101849938, 42.46560791947534], [120.569858244857, 42.54037536194107], [120.56983357369337, 42.54039978149768], [120.56982902808954, 42.54043419542724], [120.56498890009496, 42.597754351846525], [120.56496817878171, 42.59790642716971], [120.56493202591388, 42.59805558898417], [120.56488081999228, 42.59820027564679], [120.56481509711513, 42.59833897236688], [120.56473554536518, 42.598470227065185], [120.56464299760603, 42.59859266557637], [120.5645384227624, 42.598705006035786], [120.56442291567602, 42.59880607229991], [120.56429768564333, 42.5988948062599], [120.56416404375464, 42.598970278919424], [120.53691314655359, 42.61257045560787], [120.53688316754587, 42.61258719749691], [120.53686660168533, 42.61261721902972], [120.48028754229408, 42.727327391797985], [120.48022750513316, 42.727437295040986], [120.48015850956908, 42.72754180722042], [120.45973416623151, 42.75583590752744], [120.45971293502842, 42.755868850704026], [120.45970301429486, 42.75590676634615], [120.44645153548532, 42.82023563967357], [120.44640467325075, 42.82040954001367], [120.44633730639454, 42.820576570262425], [120.42433798062542, 42.86689229300277], [120.4242607760297, 42.86703449299225], [120.42416870367677, 42.86716754962846], [120.42406283493636, 42.8672899146415], [120.42394440171535, 42.86740016417107], [120.423814782123, 42.867497015334685], [120.39673262787063, 42.88554159294584], [120.39670452324323, 42.88556237878034], [120.39672528605364, 42.88559050042129], [120.41997660620027, 42.91404841047321], [120.42006503140212, 42.91416833230954], [120.42014112303052, 42.91429643510905], [120.42020413030582, 42.91443145490913], [120.42025343154886, 42.914572059498624], [120.42028854031496, 42.91471686156248], [120.4203091101935, 42.91486443237006], [120.42031493822597, 42.91501331587214], [120.4203059669084, 42.91516204306742], [120.42028228475887, 42.91530914649684], [120.420244125444, 42.91545317472269], [120.42019186547351, 42.91559270664964], [120.42012602048521, 42.91572636554635], [120.42004724015737, 42.91585283262941], [120.40394909035719, 42.939043617506194], [120.40393006490076, 42.93907413328444], [120.40394500938291, 42.93910684174172], [120.42732428326279, 42.9842475783892], [120.42738588218305, 42.98438244777209], [120.42743386501695, 42.98452273970011], [120.42746776293644, 42.98466708341653], [120.4274872447336, 42.98481406857564], [120.42749212005673, 42.984962259022836], [120.42748234127028, 42.98511020682699], [120.4274580039203, 42.98525646642774], [120.42741934580083, 42.98539960875976], [120.42736674463052, 42.98553823521575], [120.42730071436203, 42.98567099131188], [120.4272219001603, 42.985796579922116], [120.42713107209885, 42.98591377395212], [120.42702911763553, 42.98602142832885], [120.42691703294147, 42.98611849118876], [120.42679591316771, 42.98620401415538], [120.4266669417447, 42.98627716160555], [120.42653137881942, 42.98633721883415], [120.42639054894272, 42.98638359903728], [120.42624582812746, 42.98641584904579], [120.42609863040391, 42.98643365375304], [120.42595039400358, 42.98643683919378], [120.38662411203187, 42.98533706581644], [120.38658712301837, 42.98533791178793], [120.38656837331482, 42.98536980773453], [120.34845070487455, 43.058478960285306], [120.34843600668727, 43.05851080390471], [120.34845659151816, 43.05853919963587], [120.38164962240756, 43.09997206739477], [120.38167306156053, 43.099998623141346], [120.38170470579337, 43.100014536786425], [120.45959087513634, 43.13463270353599], [120.45971712298379, 43.134696097009865], [120.45983684714913, 43.13477108618073], [120.45994898569225, 43.13485700590292], [120.46005254395665, 43.134953094078], [120.46014660339196, 43.13505849841445], [120.46023032970139, 43.135172283987465], [120.46030298024179, 43.135293441531566], [120.46036391061094, 43.13542089639272], [120.46041258036314, 43.13555351806039], [120.46044855780309, 43.13569013019502], [120.46895212681312, 43.17550813376389], [120.46896167788039, 43.17554394297427], [120.46898985329702, 43.17556801927642], [120.57414129071604, 43.25664817608863], [120.57419432682599, 43.25668552710243], [120.63094853100377, 43.29308700125147], [120.63105008310019, 43.29315822855626], [120.63114540294372, 43.2932376028888], [120.6312338387094, 43.29332458146423], [120.71403051516664, 43.38178363550782], [120.71405932502448, 43.38181128426224], [120.71409335905194, 43.38183216838296], [120.76639330837743, 43.41018432722725], [120.76651995888466, 43.41026131455034], [120.76663839335093, 43.410350425021626], [120.76674745546643, 43.410450788629866], [120.76684608042625, 43.410561425496226], [120.76693330532646, 43.410681255441055], [120.76700827856521, 43.41080910853005], [120.76707026815717, 43.410943736496634], [120.76711866888004, 43.411083824929136], [120.76715300818363, 43.4112280061038], [120.7671729508034, 43.411374872338214], [120.76717830203381, 43.411522989735], [120.76716900962924, 43.41167091218128], [120.76714516431414, 43.411817195467556], [120.76710699889719, 43.411960411387916], [120.76705488599835, 43.412099161684026], [120.76698933441088, 43.41223209169673], [120.76691098413386, 43.412357903591975], [120.76682060012361, 43.412475369031945], [120.76671906482531, 43.41258334116768], [120.76660736955735, 43.41268076583607], [120.74562503823506, 43.42923038697896], [120.7455032108696, 43.42931699196915], [120.74537336898968, 43.42939104207056], [120.74523680191541, 43.429451801971226], [120.74509486574763, 43.42949866832989], [120.74494896990181, 43.429531175767124], [120.74480056311279, 43.42954900148652], [120.74465111904883, 43.42955196848001], [120.7445021216783, 43.42954004728558], [120.74435505053391, 43.42951335627979], [120.7442113660211, 43.42947216050233], [120.6597629035041, 43.400634650713386], [120.65971943301327, 43.40062268373864], [120.6596748368211, 43.40061604508767], [120.42217326180754, 43.37981817542461], [120.4221435467887, 43.37981702124816], [120.42216874059366, 43.37983281956001], [120.47991507977133, 43.41225232523991], [120.4799435653759, 43.41226675473023], [120.4799739803127, 43.41227609058029], [120.5423374395797, 43.42856245216171], [120.54237419914914, 43.42857009814261], [120.54241174523814, 43.428570232927754], [120.60232140808054, 43.42576551614793], [120.60247015636693, 43.425765935870515], [120.60261813169598, 43.42578108614656], [120.60276387889613, 43.425810817990076], [120.60290596470699, 43.4258548390217], [120.60304299187379, 43.42591271634393], [120.60317361288791, 43.42598388079813], [120.6812580579867, 43.47369234780986], [120.68138460549615, 43.47377884466619], [120.68150166475003, 43.47387780480657], [120.6816080133387, 43.473988194824194], [120.68170254070034, 43.47410886195396], [120.68178425971811, 43.47423854611042], [120.68185231702836, 43.474375893046414], [120.68190600193192, 43.47451946849499], [120.68194475381576, 43.47466777314698], [120.68196816800724, 43.474819258307775], [120.681976, 43.47497234206979], [120.681976, 43.49918786095315], [120.68197769954288, 43.499223111392524], [120.68200567760697, 43.499244622083545], [120.76200517229516, 43.5548338838776], [120.76203769921372, 43.554854078236566], [120.76207559821583, 43.55485950761863], [120.801895926196, 43.558478185870705], [120.80205111848146, 43.55850051720395], [120.8022031319166, 43.558538926180134], [120.80235030561383, 43.55859299314561], [120.80249103156422, 43.5586621273687], [120.86374890792895, 43.59284088401233], [120.86377653076838, 43.592854831005475], [120.8638059748903, 43.59286399870996], [120.93371748359131, 43.6115196760229], [120.93386011385715, 43.61156547865914], [120.93399746425712, 43.61162527951074], [120.93412816487209, 43.61169848213001], [120.93425091210725, 43.61178435640138], [120.98328745066276, 43.64987444266684], [120.98339896247015, 43.6499701786972], [120.98350057004158, 43.65007636801928], [120.98359129793216, 43.6501919912028], [120.98367027514321, 43.650315938251296], [120.98373674348402, 43.65044701925819], [120.9837900648505, 43.65058397583004], [120.98382972735112, 43.65072549316728], [120.98385535022112, 43.650870212686456], [120.98386668747784, 43.65101674506276], [120.98386363028227, 43.651163683567766], [120.98384620798385, 43.65130961757413], [120.98381458783874, 43.65145314609784], [120.98376907340413, 43.65159289124781], [120.9837101016241, 43.65172751145378], [120.98363823863478, 43.65185571434557], [120.98355417432956, 43.65197626916001], [120.98345871573586, 43.65208801855636], [120.94020404409521, 43.697968425920166], [120.94007304630333, 43.6980916578782], [120.93992824108606, 43.698198325520984], [120.87623811377121, 43.73946354538675], [120.8762063951741, 43.73948655057796], [120.87618018032238, 43.7395156725592], [120.83651527453512, 43.78853420493747], [120.83641202365554, 43.78864915307018], [120.83629749572458, 43.78875286984981], [120.83617290595063, 43.7888442547806], [120.83603957630416, 43.78892233821494], [120.78692779133135, 43.8143824821647], [120.78689601470624, 43.81440105827785], [120.78689875295495, 43.814437764242804], [120.7958035976771, 43.88519053216849], [120.79581503696666, 43.88534775909372], [120.79580991214623, 43.88550531828761], [120.79578827981925, 43.885661469514936], [120.79575037891392, 43.88581448809139], [120.79569662804431, 43.885962683932696], [120.77483725171898, 43.93522873640171], [120.77477686512601, 43.93535468020226], [120.77470502578838, 43.93547446121525], [120.77462235658128, 43.935587040892386], [120.6926941379444, 44.03690814846288], [120.69267216120517, 44.0369383670138], [120.69268293023474, 44.03697414641954], [120.7085542011961, 44.08134222099479], [120.70856862466334, 44.08137689610304], [120.7085955502122, 44.08140307652267], [120.74343265277805, 44.11200156687093], [120.74353742285746, 44.112103026531244], [120.74363184443007, 44.11221418137294], [120.74371502486238, 44.11233398057114], [120.74378617779128, 44.11246129157977], [120.74384463055807, 44.11259491083835], [120.74388983056767, 44.11273357515005], [120.7439213505126, 44.112875973623645], [120.74393889241261, 44.11302076006621], [120.74394229043186, 44.113166565709705], [120.74393151244642, 44.113312012150836], [120.7439066603482, 44.11345572438213], [120.74386796908155, 44.11359634379079], [120.74381580442221, 44.113732541002676], [120.74375065951942, 44.11386302844977], [120.74367315023373, 44.113986572542466], [120.74358400931492, 44.11410200533158], [120.7434840794748, 44.11420823554979], [120.74337430542039, 44.11430425892814], [120.74325572492305, 44.1143891676901], [120.74312945900759, 44.11446215913345], [120.74299670135451, 44.11452254321875], [120.70599921629952, 44.12922440331235], [120.70596642951475, 44.12923933391731], [120.70595380032584, 44.129273074098315], [120.68921557177514, 44.18169230213738], [120.68916416381062, 44.181829710389955], [120.68909957837623, 44.18196143938584], [120.68902243330504, 44.1820862289875], [120.68893346657731, 44.1822028854406], [120.6888335292609, 44.18231029279361], [120.6887235773698, 44.18240742357315], [120.68860466271877, 44.182493348612944], [120.6884779228616, 44.182567245942344], [120.688344570209, 44.18262840864943], [120.68820588043064, 44.1826762516434], [120.68806318025186, 44.18271031725167], [120.687917834762, 44.18273027959797], [120.65339740434804, 44.185760891787055], [120.65336340695924, 44.18576550764587], [120.65335645598694, 44.18579910545231], [120.64575746813597, 44.23391694036296], [120.6457263833754, 44.2340649171899], [120.64568055880328, 44.23420901268685], [120.64562046006657, 44.23434776262557], [120.64554669785934, 44.23447975709681], [120.64546002171723, 44.23460365483705], [120.64536131240092, 44.23471819685784], [120.64525157294642, 44.23482221923897], [120.64513191847259, 44.23491466495569], [120.64500356484986, 44.23499459461968], [120.64486781634523, 44.23506119602463], [120.64472605236885, 44.23511379239952], [120.64457971345718, 44.23515184928562], [120.64443028663491, 44.2351749799674], [120.64427929030462, 44.23518294940213], [120.57449319958833, 44.23534391419745], [120.57445709185652, 44.235345789726885], [120.57443890375649, 44.23537703838989], [120.56138585044916, 44.26060198703323], [120.56131156269241, 44.260729712593275], [120.56122506895768, 44.26084950960219], [120.56112720852214, 44.26096021563023], [120.56101893095772, 44.261060756460424], [120.56090128691724, 44.261150156512045], [120.56077541793948, 44.26122754830701], [120.5606425453725, 44.26129218088731], [120.56050395852249, 44.261343427101764], [120.56036100214321, 44.26138078969151], [120.56021506338737, 44.26140390611506], [120.56006755834672, 44.26141255206617], [120.55991991831111, 44.26140664365032], [120.55977357588036, 44.26138623819882], [120.49703191970232, 44.24946182674535], [120.49699610142608, 44.249456812945965], [120.49696106591325, 44.24946579069277], [120.45454089857074, 44.262568838052104], [120.45450888236448, 44.262580361578294], [120.45448528588298, 44.26260487759699], [120.3886342530302, 44.33762722988592], [120.38861078210435, 44.33765689459186], [120.38860101679943, 44.33769343933097], [120.37842821681242, 44.385401475944676], [120.37839162423303, 44.38554019036168], [120.37834194756101, 44.385674774664665], [120.37827964118792, 44.38580399781362], [120.37820527502895, 44.3859266778069], [120.3781195293099, 44.38604169249299], [120.3780231883452, 44.38614798983479], [120.3779171333638, 44.38624459753258], [120.37780233444855, 44.386330631917616], [120.37767984166288, 44.386405306035044], [120.37755077544595, 44.386467936842166], [120.37741631636395, 44.38651795145621], [120.37727769431147, 44.386554892394464], [120.37713617726175, 44.38657842175888], [120.33922072794536, 44.39103180355279], [120.33918578646498, 44.39103761732055], [120.33915963671592, 44.391061510783025], [120.31204268089404, 44.418336163944524], [120.3120183019256, 44.41836329323354], [120.31203510089553, 44.41839566802399], [120.32461111871764, 44.439904274854314], [120.32467988759106, 44.44003657088779], [120.3247351825769, 44.44017504060636], [120.32477645732638, 44.440318315843164], [120.32480330401928, 44.44046498094979], [120.32481545739361, 44.440613586783854], [120.32481279736648, 44.44076266502733], [120.32479535022058, 44.440910742694534], [120.3247632883446, 44.44105635668607], [120.32471692852977, 44.44119806824521], [120.32465672883988, 44.441334477173655], [120.2865257908702, 44.517276380098814], [120.28645548803347, 44.51740115831646], [120.28637360537819, 44.517518662883255], [120.28628088938642, 44.51762782257051], [120.28617818530213, 44.51772764222552], [120.28606642942566, 44.51781721184385], [120.28594664057782, 44.517895714865354], [120.28581991081191, 44.51796243561838], [120.21464340784073, 44.551197334536425], [120.21461294157142, 44.55121331420593], [120.21458801270028, 44.551237022744616], [120.15943182490832, 44.60877410349025], [120.15940918460373, 44.60880010262421], [120.15942928790676, 44.608828109686634], [120.17874551709205, 44.63318989275456], [120.17882932011585, 44.633306670175585], [120.17890156119752, 44.63343093255517], [120.17896157700616, 44.633561538893346], [120.17900881646564, 44.63369728993875], [120.17904284581454, 44.63383693920038], [120.17906335258915, 44.63397920439308], [120.17907014849251, 44.63412277921175], [120.17906317112337, 44.63426634532607], [120.17904248454924, 44.63440858448562], [120.17900827871802, 44.63454819062434], [120.17896086771393, 44.634683881853064], [120.1789006868735, 44.634814412230014], [120.17882828878828, 44.63493858320132], [120.17874433823074, 44.635055254606335], [120.17864960605033, 44.63516335514682], [120.1785449620953, 44.63526189222378], [120.17843136722564, 44.63534996105168], [120.1783098644903, 44.63542675296639], [120.1781815695497, 44.63549156285045], [120.17804766043149, 44.635543795607624], [120.17790936671379, 44.635582971627144], [120.12620709847323, 44.647586155069625], [120.12616997829936, 44.64759683941582], [120.12614036880001, 44.64762164546567], [120.08226281457124, 44.6884560451697], [120.08223772445655, 44.68848179225578], [120.08223453448133, 44.68851760077917], [120.08139048451093, 44.70959743239296], [120.0813773750098, 44.70974412389925], [120.08134994329214, 44.70988882275171], [120.08130845380283, 44.71003013403687], [120.0812533065053, 44.710166695497804], [120.0811850330258, 44.71029719066643], [120.08110429152846, 44.710420361554405], [120.08101186037054, 44.7105350207803], [120.02468491339782, 44.77378276581798], [120.02457964676286, 44.773889683134755], [120.02446422546268, 44.773985549189895], [120.02433980434522, 44.7740694047955], [120.02420762830606, 44.77414041093423], [120.02406901983271, 44.77419785715409], [119.994405546575, 44.784786668094426], [119.9943719294544, 44.78480055598566], [119.99434376529618, 44.78482357259961], [119.92577144734362, 44.84669316826822], [119.92563956731088, 44.8467992927102], [119.92549656984129, 44.84688988224553], [119.92534427607053, 44.84696378317658], [119.86491739677265, 44.872179481062055], [119.86488605640291, 44.87219431681014], [119.86486477766553, 44.87222169442025], [119.84928374498534, 44.89433035354884], [119.84919701408673, 44.89444187134221], [119.84910017643483, 44.8945447350199], [119.84899409102124, 44.89463803213687], [119.84887969886917, 44.89472093510761], [119.84875801468617, 44.89479270854712], [119.84863011786324, 44.89485271579416], [119.84849714290017, 44.89490042455866], [119.75797633213202, 44.922640785273046], [119.75794390682788, 44.922652395613625], [119.75792012439024, 44.92267730737828], [119.71779096378062, 44.96882659122361], [119.71776952075106, 44.96885370817835], [119.71776256637858, 44.9688875721627], [119.71290916188843, 44.99976802490762], [119.71288112031766, 44.99990466883383], [119.71284050662643, 45.00003811702732], [119.71278767204, 45.000167215434516], [119.71272307346933, 45.00029084761855], [119.71264726955977, 45.00040794441423], [119.6825295779367, 45.042503045428326], [119.68250790881375, 45.04253707525016], [119.682490035064, 45.04257324303547], [119.65696818003524, 45.102110678831686], [119.65690103483091, 45.10224763249745], [119.6568203285977, 45.10237705926808], [119.65672689583037, 45.10249762088312], [119.6566217026148, 45.10260807074699], [119.65650583663877, 45.10270726681866], [119.65638049594544, 45.102794183420215], [119.50767514169915, 45.195084431435745], [119.50764350835293, 45.195106420383304], [119.50762345765726, 45.19513931646233], [119.49237660532275, 45.22335678829101], [119.49229942997306, 45.22348407941542], [119.49221001790944, 45.223603094321355], [119.49210924970423, 45.223712660893696], [119.49199811777041, 45.223811700068964], [119.49187771658784, 45.22389923646249], [119.49174923192437, 45.223974407974445], [119.4916139291578, 45.22403647428019], [119.49147314081377, 45.22408482412138], [119.49132825344256, 45.22411898132588], [119.33812014543169, 45.25229625761308], [119.33798024943775, 45.252315231533174], [119.33783918924868, 45.25232096928754], [119.33769821440065, 45.25231342005012], [119.33755857367382, 45.25229265069341], [119.33742150403053, 45.252258845196046], [119.33728821965795, 45.252212303013124], [119.32211701822119, 45.246099304176894], [119.32208426297639, 45.2460878801304], [119.32205589925634, 45.246107852969125], [119.24812129108558, 45.30360422134345], [119.24809447145063, 45.30362729398461], [119.24811513019844, 45.303656014286375], [119.31302807236153, 45.385082150673746], [119.31311363113474, 45.3852009340354], [119.31318720387262, 45.3853274917018], [119.31324808984253, 45.38546061829324], [119.31329570914514, 45.38559904586528], [119.31332960823745, 45.38574145598508], [119.3133494642526, 45.38588649228861], [119.31335508807491, 45.38603277339916], [119.31334642614115, 45.38617890608402], [119.30445682775884, 45.46815370259528], [119.30445474172411, 45.46818803197814], [119.3044849970729, 45.468204386547896], [119.39691401181189, 45.5126510603454], [119.39697307567445, 45.51267640538591], [119.49605251634983, 45.550249602914406], [119.49617513288156, 45.550302457700504], [119.49629256339105, 45.550366007033375], [119.49640387738806, 45.550439747363846], [119.49650819284805, 45.55052309439183], [119.4966046832012, 45.55061538769612], [119.55905211227447, 45.61591120209777], [119.55915186949996, 45.61602674761321], [119.55923936664232, 45.61615183366461], [119.55931369753173, 45.6162851647902], [119.5593740923556, 45.61642536013757], [119.55941992563098, 45.616570967764574], [119.55945072268263, 45.616720479676424], [119.56544238665717, 45.65577341291766], [119.5654496148309, 45.655808783388345], [119.56548161944723, 45.65582548731739], [119.596337752392, 45.670039841314356], [119.5963754801688, 45.67005478013216], [119.59641600916079, 45.67005676865492], [119.68091982913576, 45.66958005706026], [119.68106864906706, 45.66958661443008], [119.68121608473231, 45.6696079004739], [119.68136068206391, 45.66964370526049], [119.68150101498699, 45.66969367566921], [119.68163569948396, 45.66975731887252], [119.68176340724413, 45.66983400719653], [119.68188287876417, 45.66992298431128], [119.68199293576967, 45.67002337269004], [119.68209249283585, 45.67013418226374], [119.70833531336321, 45.70243519302068], [119.70842638386077, 45.702559891555076], [119.70850415206397, 45.70269329195453], [119.70856779385247, 45.70283398055663], [119.70861663480544, 45.702980466464886], [119.70865015734859, 45.703131197347936], [119.70866800623891, 45.703284575889846], [119.70866999232925, 45.70343897671708], [119.70865609457275, 45.703592763622794], [119.70862646024581, 45.70374430690595], [119.70043467543842, 45.73656324339088], [119.70042791623116, 45.73659713514356], [119.70045780341282, 45.736614487208314], [119.75108101092313, 45.76285806591547], [119.75121830447813, 45.76293876255252], [119.75134626889687, 45.763033560100034], [119.75146346179471, 45.763141390022476], [119.80760329703232, 45.82059030581203], [119.80770755707543, 45.82070888781798], [119.80779877418475, 45.820837772602545], [119.80787593759975, 45.82097553201642], [119.80793819228639, 45.8211206395721], [119.80798484841159, 45.82127148735864], [119.80801538898717, 45.82142640385863], [119.82978728159675, 45.973729544634445], [119.82980083096494, 45.9738737298037], [119.8298004127775, 45.974018549600444], [119.8297860309325, 45.974162654114416], [119.82975781948755, 45.97430470010269], [119.82971604141032, 45.97444336351053], [119.82966108612722, 45.97457735181327], [119.82959346589351, 45.97470541606434], [119.82951381101836, 45.97482636253711], [119.82942286398959, 45.97493906385197], [119.8293214725527, 45.975042469484976], [119.82921058180875, 45.97513561556012], [119.80797473391752, 45.991291140194136], [119.80794902748053, 45.99131272595546], [119.80797819216377, 45.99132934483726], [119.83331402612535, 46.00419303694593], [119.83344380079303, 46.00426728385245], [119.8335655394187, 46.00435408117106], [119.83367803251194, 46.004452566558165], [119.83378016243799, 46.004561761547535], [119.83387091452161, 46.00468058127155], [119.83394938712807, 46.00480784523949], [119.83401480062095, 46.00494228906586], [119.83406650510794, 46.00508257703228], [119.83410398689767, 46.00522731535802], [119.85533976366403, 46.108115939514114], [119.85534859299302, 46.108150336924226], [119.85536677818344, 46.108180840001395], [119.87884704537547, 46.14360629793965], [119.87892136893207, 46.14373117388564], [119.87898325989099, 46.14386265583177], [119.87903213735763, 46.14399950971811], [119.87906754257911, 46.144140451064935], [119.87908914325001, 46.144284157028515], [119.87909673663128, 46.14442927881707], [119.87909025145318, 46.1445744543502], [119.87906974858412, 46.14471832104305], [119.87903542045939, 46.144859528595276], [119.87898758927504, 46.144996751664614], [119.87892670396381, 46.14512870230625], [119.85825390754569, 46.18476258485565], [119.85823916528054, 46.18479455760742], [119.85826526739183, 46.18481818536704], [119.88732804918432, 46.20865594398272], [119.8874347502602, 46.20875237953267], [119.88753172509361, 46.20885859072123], [119.88761808216537, 46.2089736011166], [119.88769302756866, 46.209096353393214], [119.88775587230755, 46.209225719052036], [119.88780603863125, 46.20936050879518], [119.88784306534545, 46.2094994834595], [119.8878666120523, 46.209641365408615], [119.88787646227978, 46.209784850278574], [119.88787252547174, 46.20992861896929], [119.88785483782043, 46.21007134977143], [119.88782356193383, 46.21021173051729], [119.8877789853407, 46.21034847064392], [119.88772151784721, 46.21048031305774], [119.88765168776953, 46.210606045691286], [119.8875701370768, 46.2107245126462], [119.8874776154894, 46.2108346248197], [119.88737497358643, 46.21093536991705], [119.88726315498613, 46.211025821757914], [119.88714318767094, 46.211105148790985], [119.88701617453691, 46.21117262173869], [119.83572572819178, 46.23534157790313], [119.8356947222653, 46.23535805990218], [119.83569397997016, 46.23539316649369], [119.83800404642272, 46.32064780755467], [119.83800659222727, 46.32068213757369], [119.83803395509169, 46.32070302548856], [119.87249773207122, 46.344538348785285], [119.87261359493549, 46.344627114159444], [119.87272028222563, 46.34472671996794], [119.87281678380293, 46.34483622312105], [119.87290218596922, 46.344954586818844], [119.87297568011802, 46.345080690367794], [119.87303657039054, 46.34521333979175], [119.8730842802643, 46.345351279136786], [119.8731183580117, 46.34549320236285], [119.87313848097715, 46.345637765709604], [119.87314445863197, 46.34578360041949], [119.87313623437842, 46.345929325697384], [119.87311388608555, 46.3460735617843], [119.8730776253519, 46.34621494302124], [119.87302779550208, 46.34635213077955], [119.87296486833607, 46.346483826135355], [119.8728894396621, 46.34660878216806], [119.87280222365548, 46.346725815766455], [119.87270404609653, 46.346833818830675], [119.87259583655198, 46.346931768763966], [119.83774412220318, 46.37552093111379], [119.83771908952257, 46.37554358204716], [119.83774924075855, 46.37555876766045], [119.9009825784561, 46.403651040550464], [119.90101423063898, 46.403663398816065], [119.90104808393104, 46.403660476140956], [119.96096804936285, 46.395707476906765], [119.96112175645906, 46.395695071919356], [119.96127592491057, 46.395698513387494], [119.96142892534489, 46.39571776493906], [119.9615791407341, 46.395752623108635], [119.96172498348479, 46.39580271948789], [119.96186491221698, 46.39586752461922], [119.9619974480547, 46.395946353591434], [119.96212119025583, 46.396038373278465], [119.96223483101625, 46.396142611144484], [119.98244182353781, 46.41668765530585], [119.98253795516655, 46.41679529594906], [119.98262329750031, 46.41691167672145], [119.98269706054225, 46.41703572030958], [119.98275856148271, 46.41716627846687], [119.98280723101983, 46.41730214264268], [119.98284261862949, 46.41744205516963], [119.98286439673569, 46.417584720905545], [119.98287236374287, 46.41772881922236], [119.98286644590205, 46.41787301623091], [119.9828466979935, 46.418015977128434], [119.98281330281961, 46.41815637855462], [119.98276656951283, 46.418292920841665], [119.982706930674, 46.418424340045036], [119.98263493836785, 46.41854941964357], [119.98255125901272, 46.41866700180054], [119.98245666721158, 46.418775998081536], [119.98235203858174, 46.41887539952987], [119.9822383416494, 46.41896428600629], [119.98211662888426, 46.41904183470656], [119.98198802695691, 46.41910732777792], [119.98185372630958, 46.41916015896417], [119.98171497013638, 46.41919983921762], [119.98157304287535, 46.419226001226136], [119.90972184840307, 46.42892402643283], [119.90968782581253, 46.428930348686656], [119.90970430881868, 46.42896077594541], [119.94839620456439, 46.49263487160021], [119.94846793962388, 46.49276752174011], [119.94852599285764, 46.492906704355505], [119.94856977748994, 46.493051012651705], [119.9485988509656, 46.49319898802597], [119.94861291942311, 46.49334913481042], [119.94861184066492, 46.49349993538953], [119.94859562559462, 46.4936498655395], [119.94856443810676, 46.49379740983447], [119.94851859343032, 46.4939410769637], [119.94845855494248, 46.494079414805064], [119.948384929485, 46.494211025102494], [119.94829846123059, 46.49433457759884], [119.94820002416108, 46.49444882348159], [119.90739698232035, 46.53725079380345], [119.90737414989906, 46.537277184867], [119.90739214179725, 46.53730708636005], [119.95153872833541, 46.603250064586526], [119.95161571853235, 46.60337850310322], [119.95167951893781, 46.60351397801329], [119.9517294937044, 46.6036551391471], [119.95176514477376, 46.60380057966501], [119.9517861168403, 46.603948850078176], [119.95179220089226, 46.604098472694474], [119.95178333629481, 46.604247956345446], [119.95175961139427, 46.60439581124759], [119.95172126263765, 46.60454056384986], [119.95166867221623, 46.6046807715193], [119.95160236425649, 46.60481503691868], [119.95152299959662, 46.604942021932594], [119.95143136920045, 46.6050604610034], [119.91309393241501, 46.64980774816836]], [[121.07535006756592, 42.261413390221456], [121.06929893095497, 42.25271353064307], [121.06927582770206, 42.2526836964736], [121.06923975125926, 42.25267263626456], [121.02885110239296, 42.242519578329905], [121.0288131445701, 42.242512124308945], [121.02877654662082, 42.24252465223183], [120.99939353054499, 42.254334991160896]], [[121.4128630024779, 42.47510125894324], [121.40644798388541, 42.47462091283812]], [[121.50810915099342, 42.48223313483841], [121.47480662978079, 42.479739496492016]], [[121.78598576795746, 42.495574356907035], [121.78251892697966, 42.494582229297485]], [[121.87706489742234, 42.53956925635734], [121.87275816582765, 42.53309003669953]], [[121.92020903614085, 42.61729052339185], [121.92051694915654, 42.61426827605081]], [[122.28803418068141, 42.692960634973495], [122.25954778408023, 42.696636736911145], [122.25950777797732, 42.69664414724853], [122.25947230974427, 42.69666408228834], [122.2291032780955, 42.715995669775864]], [[122.36938688339745, 42.6788200031752], [122.36033010484444, 42.67636843127744]], [[122.50034488616166, 42.83444837400424], [122.47132190632907, 42.8383286570177]], [[122.67606663943974, 42.77949552323416], [122.62516772274724, 42.7731914244503], [122.625132204793, 42.77318874693035], [122.62509826910744, 42.77319956651564], [122.59929773825638, 42.782811609068474]], [[123.19917537253026, 42.9394437784006], [123.1937250313515, 42.934575340636]], [[123.30313324073285, 42.998522123615544], [123.2600252408426, 42.99343251961767], [123.25987458520342, 42.993406893582254], [123.25972731881066, 42.993366071714675], [123.25958497021195, 42.99331047772443], [123.25944901691078, 42.99324068864786], [123.25932087003083, 42.99315742885883], [123.25920185966926, 42.993061562550125], [123.25408915446725, 42.988494713197326]], [[123.54235110601334, 43.006771958559305], [123.53764286353064, 43.00711013672865], [123.53760360568982, 43.00711506885644], [123.53756788635198, 43.00713208746009], [123.52593388888404, 43.01345622280065]], [[123.6669652683752, 43.220607978779604], [123.6480982221551, 43.21392627197124], [123.64796526952043, 43.21387189071677], [123.64783812824636, 43.21380504148091], [123.64771796428755, 43.21372633730752], [123.64760587961287, 43.21363649995668], [123.64750290209975, 43.21353635328576], [123.64740997610798, 43.21342681569421], [123.64732795381948, 43.21330889170134], [123.64725758742327, 43.21318366273429], [123.64719952221743, 43.21305227721082], [123.6471542906915, 43.21291594000765], [123.6471223076432, 43.21277590141109], [123.64710386637447, 43.21263344565124], [123.64709913600176, 43.212489879124924], [123.64710815990516, 43.212346518415266], [123.64713085533059, 43.21220467821797], [123.64716701414864, 43.21206565928479], [123.64721630476328, 43.21193073649496], [123.64727827515276, 43.21180114716387], [123.6473523570149, 43.21167807969616], [123.64812620525989, 43.210521716161]], [[123.73164849321293, 43.42605352546505], [123.72854800942858, 43.4247197539437]], [[123.76305710410327, 43.479773416197055], [123.74816585384386, 43.472160550415126], [123.74803548732393, 43.472085427797694], [123.74791330257888, 43.47199762275659], [123.74780052899561, 43.471898018760264], [123.7476983012687, 43.47178761799479], [123.7476076479834, 43.471667531280154], [123.7475294812664, 43.47153896689348], [123.74746458760815, 43.47140321841177], [123.74741361994953, 43.47126165169626], [123.7473770911121, 43.47111569114952], [123.74735536863828, 43.47096680538359], [123.74734867109318, 43.47081649244317], [123.74735706586554, 43.4706662647328], [123.74738046848964, 43.47051763379943], [123.74741864349515, 43.47037209512374], [123.74747120677641, 43.470231113073005], [123.7475376294572, 43.47009610616709], [123.74761724321203, 43.46996843280571], [123.7477092469908, 43.46984937760061], [123.74781271507855, 43.46974013845019], [123.75322661355982, 43.46457024228313], [123.75325030410492, 43.46454539913484], [123.75324753876636, 43.464511182518386], [123.75286053157184, 43.46149080363466]], [[123.85724499385526, 43.43818178814667], [123.85987719315034, 43.44048523925393]], [[124.36464224782668, 43.0218442450081], [124.36974328334271, 43.025449893645515], [124.36988393550233, 43.02556257108446], [124.37378039697101, 43.029088545917496]], [[124.38243528516682, 42.97114456825722], [124.38004299686949, 42.971668150433175]], [[124.40824551639864, 43.08725477971501], [124.39685396295955, 43.09252336715024], [124.39681917324208, 43.09254174601195], [124.3967890112379, 43.09256701180884], [124.38960591332003, 43.09926024234957]], [[127.85315816266223, 44.04833395558782], [127.85304324977042, 44.048304580619735], [127.85290262039727, 44.048253228052914], [127.85276781048778, 44.048188112808795], [127.85264016297074, 44.04810988354248], [127.85252094942572, 44.048019319546334], [127.85241135741603, 44.04791732298697], [127.8523124786586, 44.047804909918135], [127.8522252981488, 44.0476832001592], [127.85215068434808, 44.04755340613986], [127.85208938053283, 44.047416820822384], [127.84982385022673, 44.04160950280083], [127.84980857692736, 44.04157555342455], [127.8497734223356, 44.041563306445504], [127.83670241061421, 44.037741969615105], [127.83655854618584, 44.03769185042266], [127.83642050743794, 44.03762739725148], [127.83628971824982, 44.03754927494052], [127.83616752772109, 44.03745828932688], [127.8360551962556, 44.03735537893352], [127.83595388256028, 44.03724160528834], [127.83586463169294, 44.03711814197443], [127.83578836428254, 44.036986262524515], [127.83572586703274, 44.03684732728433], [127.83567778460703, 44.036702769380575], [127.83564461297901, 44.036554079938135], [127.83562669431632, 44.03640279269899], [127.83562421345121, 44.036250468201594], [127.83577676843176, 44.031832664692786], [127.83577631323242, 44.031797796581344], [127.83574967475396, 44.031775293606614], [127.82099858562609, 44.02047113960284], [127.82097029772086, 44.02045147213792], [127.8209368749981, 44.020443417156976], [127.80837961646506, 44.018021074092445], [127.80824492438045, 44.017988574093714], [127.80811380580593, 44.01794378428472], [127.80798737951555, 44.01788708683614], [127.80786672424627, 44.01781896552105], [127.80775286949361, 44.01774000158707], [127.80764678672742, 44.01765086879686], [127.80754938110279, 44.017552327679226], [127.80746148373679, 44.01744521903987], [127.8005728269748, 44.00821225500287], [127.80054985307537, 44.008184399559184], [127.80051802660566, 44.008167346652634], [127.78924311467283, 44.00281484605109], [127.78912575039882, 44.00275261873074], [127.78901435183427, 44.00268025180441], [127.7889097926713, 44.00259831284146], [127.78881289296102, 44.00250744448416], [127.78872441268192, 44.00240835940748], [127.7839545592182, 43.9965653753875], [127.78386375148598, 43.99644173286939], [127.78378604713895, 43.99630946212068], [127.78372225891331, 43.99616994660618], [127.78367305399188, 43.996024645566195], [127.78363894702568, 43.9958750787538], [127.78362029475109, 43.995722810539235], [127.7836172922586, 43.99556943354764], [127.7836299709523, 43.9954165520012], [127.78365819822145, 43.995265764940115], [127.78370167882737, 43.99511864949761], [127.78573118878899, 43.98935438670828], [127.78574195067594, 43.989317938522795], [127.78573339297624, 43.989280910773616], [127.78306927243419, 43.97996536927823], [127.78303654348117, 43.9798261227904], [127.78301722689008, 43.979684391925566], [127.78301149831968, 43.97954146553815], [127.78301940986375, 43.979398643354266], [127.78304088957728, 43.979257224152434], [127.78307574213073, 43.979118493952924], [127.78312365058632, 43.97898371432307], [127.7831841792801, 43.97885411090503], [127.78325677778382, 43.97873086227017], [127.78334078591028, 43.978615089201504], [127.78343543971688, 43.978507844501706], [127.78353987845267, 43.97841010341921], [127.78365315238571, 43.97832275477966], [127.7837742314397, 43.9782465929032], [127.79229246532084, 43.973439360819356], [127.792320019561, 43.973421947542185], [127.79228799595919, 43.97341586911289], [127.78174596208869, 43.97195413724572], [127.78160504759887, 43.97192768055712], [127.78146730279006, 43.97188789089187], [127.78133398615088, 43.971835131783386], [127.78120631571247, 43.9717698852588], [127.7810854579202, 43.971692747435014], [127.78097251697649, 43.97160442307231], [127.78086852475246, 43.97150571913543], [127.78077443136037, 43.97139753742082], [127.78069109647296, 43.971280866317485], [127.78061928146924, 43.97115677177669], [127.78055964247822, 43.97102638757303], [127.78051272438425, 43.97089090494584], [127.78047895584875, 43.97075156171557], [127.78045864539381, 43.9706096309746], [127.78045197858341, 43.97046640945578], [127.78045901632808, 43.97032320568501], [127.7804796943283, 43.97018132802602], [127.78051382366205, 43.9700420727267], [127.78056109251087, 43.969906712076046], [127.78611771544796, 43.95614589880242], [127.7861290634904, 43.956113455645514], [127.78610443969477, 43.956089476380235], [127.77904467734533, 43.94983686882438], [127.77893252603268, 43.949726517052405], [127.77883255081856, 43.94960502471902], [127.77874585167164, 43.94947372853313], [127.7786733824918, 43.94933407306966], [127.7786159406149, 43.94918759487577], [127.77857415804023, 43.94903590556513], [127.7758809981359, 43.936780396363936], [127.77587158120875, 43.93674583180692], [127.77583575994971, 43.936745357986105], [127.77108605932341, 43.936918559349266], [127.77093639255685, 43.936916544027945], [127.77078767179015, 43.93689962255978], [127.77064137789894, 43.93686796343899], [127.77049896759344, 43.936821881908855], [127.77036185891335, 43.936761836822676], [127.77023141710782, 43.936688426074795], [127.77010894104116, 43.9366023806471], [127.76999565025939, 43.936504557330345], [127.76989267284681, 43.93639593019272], [127.7698010341931, 43.936277580880606], [127.76972164678311, 43.93615068784821], [127.76965530111093, 43.936016514623184], [127.76960265780848, 43.935876397225115], [127.76956424106741, 43.93573173086227], [127.76954043341948, 43.93558395603887], [127.76953147192752, 43.935434544211375], [127.7695374458249, 43.93528498313662], [127.76955829562698, 43.93513676205753], [127.76959381372347, 43.93499135687415], [127.76964364644564, 43.93485021544744], [127.76970729758798, 43.93471474318234], [127.76978413334913, 43.93458628903355], [127.76987338864288, 43.9344661320734], [127.76997417471647, 43.934355468755626], [127.77008548800032, 43.934255401001714], [127.77020622010092, 43.934166925228666], [127.77033516883765, 43.93409092242721], [127.77047105021333, 43.934028149389405], [127.78116452342053, 43.92972167624108], [127.78119517235835, 43.92970769095586], [127.78122094983792, 43.929686000701714], [127.79501718837018, 43.916968330703504], [127.79512571293995, 43.91687737995827], [127.79524232996229, 43.916797067503424], [127.79536600026962, 43.91672810899861], [127.79549562184299, 43.91667111892911], [127.8360302962175, 43.90108849435322], [127.83606667773373, 43.901072210035586], [127.83609293594353, 43.90104222170228], [127.83912513851426, 43.89717799110122], [127.8392193182322, 43.89706915430805], [127.83932349548593, 43.89696984485924], [127.83943671113788, 43.89688097707558], [127.83955792283582, 43.89680336914366], [127.83968601460973, 43.896737735583045], [127.8398198071461, 43.896684680667825], [127.8399580686458, 43.89664469286323], [127.8400995261649, 43.89661814032837], [127.8402428773344, 43.89660526752674], [127.85122525383392, 43.896148528213736], [127.85126021297313, 43.896145352508285], [127.85126054230352, 43.896110250968924], [127.8510054809552, 43.88968006642555], [127.85100727160335, 43.889526278582295], [127.85102480030697, 43.88937348247075], [127.85105788278948, 43.88922328441316], [127.85110617125974, 43.889077263418805], [127.85116915806847, 43.88893695458416], [127.85124618104491, 43.888803832954615], [127.85133643045828, 43.888679298017585], [127.85143895753022, 43.88856465898988], [127.85155268440924, 43.888461121054135], [127.85167641550203, 43.88836977268889], [127.86100597170245, 43.882194874651226], [127.86103407314758, 43.88217427015406], [127.86102667401087, 43.88214021887948], [127.85446531296265, 43.85766973253852], [127.8544549729122, 43.85763744271603], [127.85442466536405, 43.85765264145925], [127.83831010615148, 43.86672516874384], [127.83817751082584, 43.86679141587452], [127.83803902460713, 43.86684425307672], [127.83789599974884, 43.86688316441975], [127.83774983282211, 43.86690776995244], [127.83760195107897, 43.86691782941323], [127.8374537985158, 43.866913244576175], [127.8373068217734, 43.866894060210065], [127.83716245601127, 43.8668604636413], [127.83702211089388, 43.866812782924754], [127.83688715682597, 43.86675148364041], [127.8367589115712, 43.86667716434726], [127.81689767113552, 43.85381620493177], [127.81677911563412, 43.853730968673794], [127.81666940923454, 43.85363460928154], [127.81656959149639, 43.85352803984062], [127.81648060827602, 43.85341227018536], [127.81640330276366, 43.853288397329806], [127.81633840749349, 43.853157595072574], [127.81144805979744, 43.841962812556616], [127.81139584378144, 43.84182525550414], [127.81135735561938, 43.841683244531346], [127.81133296562646, 43.84153814600187], [127.81132290847188, 43.84139135598635], [127.8113272809209, 43.84124428683016], [127.81134604090386, 43.84109835356441], [127.8113790079209, 43.84095496029121], [127.81142586477871, 43.84081548667403], [127.81148616064237, 43.84068127466325], [127.81155931537306, 43.84055361558448], [127.81164462510995, 43.840433737714115], [127.81174126904237, 43.84032279446133], [127.8118483173073, 43.84022185327058], [127.81668457307559, 43.83609028485766], [127.8167103338978, 43.836065955908886], [127.81668539163078, 43.836040788449004], [127.8090190080568, 43.82903996131062], [127.80891589454664, 43.82893613384065], [127.80882338836217, 43.82882275330736], [127.80874236985552, 43.82870089871748], [127.80867361005423, 43.82857172972266], [127.80861776332361, 43.828436475583445], [127.80857536113938, 43.82829642347076], [127.80854680702973, 43.82815290621634], [127.80853237273509, 43.828007289628566], [127.80853219562209, 43.82786095949454], [127.80854627737628, 43.827715308391916], [127.80857448398602, 43.827571722436254], [127.80861654701793, 43.827431568089764], [127.80867206617143, 43.82729617915709], [127.80874051308824, 43.82716684409195], [127.80882123638068, 43.827044793735325], [127.80891346783068, 43.826931189601915], [127.80901632970063, 43.82682711282638], [127.81794449888525, 43.81863431833251], [127.81796881147976, 43.818609760273574], [127.81795039170186, 43.81858052139018], [127.81477424018237, 43.81403727717448], [127.81469424150812, 43.81390964487489], [127.8146274469818, 43.813774632716054], [127.81457453018291, 43.8136336022081], [127.81453602474308, 43.813487975552285], [127.8145123189647, 43.81333922129907], [127.8145036519052, 43.813188839538675], [127.81451011096624, 43.813038346773695], [127.81453163101239, 43.812889260626136], [127.81456799502793, 43.812743084533174], [127.81461883630531, 43.81260129258597], [127.81468364214324, 43.81246531466441], [127.8147617590168, 43.81233652201771], [127.81485239916798, 43.812216213436244], [127.81495464854959, 43.812105602154084], [127.81506747604287, 43.81200580361432], [127.81518974385568, 43.811917824220544], [127.81532021899638, 43.81184255118793], [127.81545758570773, 43.81178074359623], [127.81560045873547, 43.811733024734934], [127.81574739729773, 43.81169987581785], [127.82683789329677, 43.80977725935414], [127.82687317343719, 43.80976935143993], [127.82690061579443, 43.809745811252185], [127.83523117899284, 43.80186190396808], [127.83535032228879, 43.80176039262906], [127.83547939511891, 43.80167184952404], [127.83561699204202, 43.801597238776345], [127.83576161480026, 43.801537372803395], [127.83591168863327, 43.80149290347053], [127.83606557942531, 43.801464314992984], [127.84416088213989, 43.80039377629661], [127.84419413679348, 43.800387723385086], [127.84417641401899, 43.800358941220566], [127.84074865784888, 43.79535387652723], [127.84066635511643, 43.79521896899888], [127.8405987024517, 43.79507615129014], [127.84054645076264, 43.7949270086002], [127.84051018001466, 43.7947731963321], [127.84049029279343, 43.79461642171871], [127.83939864389971, 43.77978615542247], [127.83939516570237, 43.779634722233155], [127.83940697777379, 43.779483710367224], [127.83943395966179, 43.779334659750305], [127.83947583622175, 43.77918909030843], [127.83953218042241, 43.77904848646874], [127.83960241770046, 43.77891428202225], [127.83968583181957, 43.77878784550293], [127.85724072590499, 43.75489695244634], [127.85726028560784, 43.75486747261831], [127.85726067698931, 43.75483209622723], [127.8570047398905, 43.74788649289056], [127.8570064624593, 43.7477406359055], [127.85702234393625, 43.747595635884736], [127.85705223413746, 43.74745286402755], [127.85709585040486, 43.7473136704625], [127.85715278027925, 43.747179371479874], [127.85722248540068, 43.7470512370841], [127.85730430659949, 43.74693047898393], [127.85739747012981, 43.746818239133816], [127.85750109498646, 43.746715578935024], [127.85761420123627, 43.746623469198376], [127.85773571928486, 43.74654278096379], [127.87695479394586, 43.73508714691428], [127.8771049648546, 43.73500877158282], [127.87726301490922, 43.734947827553995], [127.89308601648452, 43.72985246503889], [127.8932333244019, 43.729813168344236], [127.89338386036756, 43.729789027594876], [127.89353606925447, 43.72978029217927], [127.89368837865328, 43.729787052339496], [127.89383921511637, 43.729809238239056], [127.90648707009578, 43.73233203273399], [127.90652201187541, 43.7323372921756], [127.90655702341608, 43.73233251915695], [127.91587113424416, 43.73060900679854], [127.91590770440092, 43.73060027782837], [127.9159262274941, 43.7305675598471], [127.92053682372705, 43.7213503377547], [127.92055180979618, 43.72131610518748], [127.92053361213566, 43.72128346631399], [127.9180427272276, 43.717308667083884], [127.91797119369895, 43.71718108925466], [127.9179124254755, 43.71704715104449], [127.9178669813294, 43.716908125946695], [127.91783529334658, 43.71676533582107], [127.91781766281848, 43.71662013832554], [127.91781425737729, 43.716473914007445], [127.9178251094022, 43.71632805317724], [127.91785011571143, 43.71618394268932], [127.91788903854336, 43.716042952755686], [127.91794150781712, 43.715906423917914], [127.9180070246514, 43.7157756543012], [127.91808496610783, 43.71565188727166], [127.91817459111391, 43.71553629961438], [127.92469209880792, 43.707927901736014], [127.92471309928791, 43.70790080652271], [127.92468112677071, 43.707888440080715], [127.9117751689648, 43.70361032091898], [127.91163461852523, 43.70355574766563], [127.91150025664177, 43.70348734042684], [127.91137344082725, 43.70340579034878], [127.91125545235346, 43.70331192136509], [127.911147483306, 43.703206681872345], [127.9110506245401, 43.70309113514797], [127.91096585465931, 43.702966448607576], [127.91089403012826, 43.70283388201004], [127.91083587661942, 43.702694774729665], [127.91079198168136, 43.70255053222394], [127.91076278880251, 43.702402611833634], [127.91074859293042, 43.70225250805866], [127.91074953749177, 43.702101737458584], [127.91076561294325, 43.70195182333015], [127.91079665686804, 43.701804280316836], [127.91084235561675, 43.70166059910578], [127.91347569367359, 43.69462654326902], [127.91348667302483, 43.694591985660516], [127.91345421193022, 43.69457582856298], [127.90501329809086, 43.690894658739325], [127.9048797921795, 43.69082835505616], [127.90475352633665, 43.69074912789102], [127.90463574750801, 43.69065775965642], [127.90452761882531, 43.69055515266471], [127.9044302081197, 43.69044232021724], [127.90434447737631, 43.690320376597455], [127.9042712732341, 43.69019052606672], [127.90421131862486, 43.690054050971554], [127.90416520563387, 43.68991229907975], [127.90413338965266, 43.689766670270416], [127.9041161848818, 43.68961860270939], [127.90411376122803, 43.689469558646536], [127.9041261426263, 43.68932100997523], [127.90415320680334, 43.68917442369658], [127.90419468648533, 43.689031247431956], [127.90425017203722, 43.68889289512695], [127.90431911550819, 43.688760733087854], [127.90440083604297, 43.68863606648861], [127.90449452660562, 43.68852012648155], [127.90459926194951, 43.68841405803897], [127.9047140077546, 43.68831890864601], [127.90987855569145, 43.68445279024282], [127.9099068440181, 43.68442928587468], [127.9098981804874, 43.68439354195239], [127.90600747742145, 43.67128320667991], [127.90597222162945, 43.67113837339462], [127.90595151495717, 43.67099075603412], [127.90594556189129, 43.670841812378995], [127.9059544212207, 43.67069301330749], [127.905978005456, 43.670545828270065], [127.90601608169341, 43.670401710777924], [127.90606827391484, 43.670262084049035], [127.90613406670117, 43.67012832695328], [127.9062128103223, 43.670001760395586], [127.90630372715341, 43.66988363427139], [127.9064059193544, 43.66977511512351], [127.90651837773629, 43.66967727462199], [127.90663999172756, 43.66959107898099], [127.90676956034129, 43.669517379417], [127.91326465058162, 43.666238824382674], [127.91329470522068, 43.66622184401715], [127.91330818366389, 43.666190064373914], [127.91638042581766, 43.65788499129949], [127.91639111637862, 43.65785115198393], [127.91637513864721, 43.657819464455365], [127.9130251961192, 43.651904892173846], [127.91300458359787, 43.651872539055454], [127.91297063380804, 43.651854678146115], [127.90019970587797, 43.6459607662451], [127.90006707244288, 43.64589132612061], [127.89994202165255, 43.64580901051558], [127.89982579921066, 43.64571463942364], [127.89971956287656, 43.64560915293013], [127.89962437093219, 43.6454936018474], [127.89954117163988, 43.645369137246995], [127.8994707937962, 43.64523699899321], [127.89941393847577, 43.64509850339208], [127.89937117204754, 43.64495503007885], [127.89934292053276, 43.64480800827466], [127.89655909323665, 43.62504216320836], [127.89655243065732, 43.6250072572808], [127.89651981877157, 43.62499314067202], [127.88429800040798, 43.62039516751172], [127.88426288329859, 43.62038391926594], [127.88422666204251, 43.62039082976579], [127.8663807210465, 43.62472721766724], [127.86623442400924, 43.62475515676455], [127.86608607740152, 43.62476844962921], [127.8659371438165, 43.624766965202916], [127.86578909163448, 43.624750718121085], [127.86564338054576, 43.624719868568505], [127.86550144715912, 43.62467472070004], [127.86536469083784, 43.62461571964191], [127.86523445990301, 43.624543447103], [127.86511203833994, 43.62445861563968], [127.8551051822132, 43.61676187122824], [127.85498596073468, 43.61665981512363], [127.85487805473728, 43.61654586116295], [127.85478264539408, 43.616421256722184], [127.85470077708582, 43.61628736576083], [127.85463334596884, 43.61614565389157], [127.85458109016537, 43.61599767233721], [127.85454458168394, 43.61584504095049], [127.85359184451433, 43.61068109803964], [127.85358324402378, 43.610644813604985], [127.85356112333251, 43.61061479355108], [127.84093024028894, 43.5951644280171], [127.8409063853948, 43.59513800041022], [127.84087180715093, 43.595146475044416], [127.830028722697, 43.59837388613308], [127.8298934988999, 43.59840738537413], [127.82975575043646, 43.5984281948737], [127.82961666547439, 43.59843613513667], [127.82947744370954, 43.59843113767327], [127.82933928601774, 43.598413245589775], [127.8292033840966, 43.59838261321673], [127.82907091018619, 43.59833950477775], [127.82894300695786, 43.5982842921104], [127.82882077765794, 43.59821745145891], [127.81757058575137, 43.591368216451535], [127.81744875063578, 43.59128558453879], [127.81733560219487, 43.59119140779687], [127.81723223026584, 43.59108659332896], [127.8171396305192, 43.590972150700026], [127.81705869486863, 43.590849182212736], [127.81699020288019, 43.59071887229019], [127.81693481426345, 43.59058247606762], [127.81689306251735, 43.59044130730303], [127.81686534979154, 43.59029672572321], [127.81685194301286, 43.5901501239269], [127.8168529713144, 43.59000291397142], [127.81686842479162, 43.589856513771835], [127.81689815459782, 43.58971233344371], [127.81694187437776, 43.589571761720954], [127.81931316341132, 43.58308809826084], [127.8193236580253, 43.58305426820352], [127.81928959155884, 43.58304456843175], [127.8113744236592, 43.58121155179562], [127.8112404427408, 43.58117389699906], [127.81111052839329, 43.58112398675452], [127.81098579896383, 43.58106225070646], [127.81086732816607, 43.58098922029993], [127.79868833383303, 43.57267804212796], [127.79857000821876, 43.5725884016252], [127.79846112238853, 43.5724875044166], [127.7983627427639, 43.57237633868363], [127.79827583286927, 43.5722559931771], [127.79820124389514, 43.57212764655398], [127.79813970636164, 43.571992555833724], [127.79809182296384, 43.57185204408708], [127.798058062669, 43.57170748747803], [127.79803875612349, 43.571560301785695], [127.79803409241453, 43.57141192853828], [127.79804411721818, 43.57126382089486], [127.79880458191403, 43.564798561339494], [127.79880699006095, 43.5647624938656], [127.79877175994073, 43.56475440062927], [127.79290283794853, 43.56371435953455], [127.79276385806054, 43.56368285591997], [127.79262849495524, 43.563638305760335], [127.79249797038315, 43.563581111153226], [127.79237346242351, 43.563511788321605], [127.79225609485123, 43.56343096295445], [127.79214692699404, 43.56333936455951], [127.79204694417128, 43.56323781987894], [127.79195704880065, 43.56312724542736], [127.79187805225331, 43.56300863921965], [127.79181066753056, 43.562883071763125], [127.79175550282854, 43.562751676395436], [127.79171305604882, 43.56261563905538], [127.79168371030447, 43.56247618757891], [127.7916677304622, 43.562334580617076], [127.7911663346606, 43.554613949747996], [127.79116245253653, 43.5545797031191], [127.79112799166036, 43.55457911108535], [127.77760419576589, 43.55499640584898], [127.77744854923156, 43.55499312581794], [127.77729408096292, 43.55497373107048], [127.77714245486482, 43.554938430523414], [127.77699530422679, 43.554887604427975], [127.77685421412949, 43.554821800273885], [127.77672070437052, 43.55474172689186], [127.77659621309338, 43.55464824681822], [127.77134177883417, 43.550258380379134], [127.77122895389078, 43.550153844002374], [127.77112742710744, 43.55003830338535], [127.77103826597386, 43.54991297336431], [127.77096240796274, 43.54977917170488], [127.77090065067294, 43.54963830524658], [127.77085364344315, 43.549491855110816], [127.77082188052457, 43.549341361127816], [127.77080569588412, 43.549188405646284], [127.76990245129353, 43.53251757108497], [127.76990179581203, 43.53236843489524], [127.76991595311529, 43.53221997074634], [127.76994478325344, 43.532073646258034], [127.76998800123054, 43.53193090789879], [127.77004517982186, 43.53179316668695], [127.77011575379713, 43.53166178424232], [127.77019902550805, 43.531538059326046], [127.7744963412224, 43.52579196074653], [127.77451515016273, 43.525764106194885], [127.77448247428909, 43.52575623602556], [127.76188251715494, 43.52335724707417], [127.76173961510547, 43.5233227048642], [127.76160078090847, 43.523274339321134], [127.76146734824596, 43.52321261505858], [127.76134059891123, 43.5231381250179], [127.7612217504956, 43.52305158477228], [127.76111194469176, 43.52295382565271], [127.76101223632652, 43.52284578676197], [127.7450236696847, 43.50372011768336], [127.74500028311687, 43.50369468001868], [127.74496573615475, 43.50369539678549], [127.73381679604927, 43.504453159238764], [127.73377554872526, 43.50445828792575], [127.73373646220091, 43.50447242612848], [127.72142934205414, 43.50971814180528], [127.72128761164693, 43.509770288136075], [127.7211413561503, 43.509807918945924], [127.7209920580586, 43.509830652796424], [127.72084123070694, 43.50983825924971], [127.72069040293148, 43.50983066120424], [127.72054110357273, 43.50980793567633], [127.72039484597862, 43.50977031301948], [127.72025311266475, 43.50971817458946], [127.72011734028713, 43.50965204887873], [127.71998890507973, 43.50957260615947], [127.7198691089045, 43.50948065168952], [127.71975916605531, 43.509377117549946], [127.71966019094945, 43.50926305319722], [127.7195731868315, 43.50913961482555], [127.71949903560412, 43.50900805364731], [127.7194384888888, 43.508869703210344], [127.71939216040718, 43.50872596588069], [127.7177190398555, 43.502472785876094], [127.71770856403973, 43.50243986306827], [127.71768440654498, 43.50241516348481], [127.69967252369533, 43.485639760597515], [127.69956880803974, 43.485533080935475], [127.69947617126316, 43.485416651063325], [127.699395524808, 43.485291616520996], [127.69932766214534, 43.485159207508765], [127.69927325096799, 43.485020726783446], [127.69923282662117, 43.48487753684075], [127.69920678683533, 43.48473104650981], [127.69919538781289, 43.4845826970919], [127.69919874170748, 43.48443394817965], [127.69921681552053, 43.48428626329625], [127.6992494314259, 43.48414109549602], [127.6992962685195, 43.483999873068036], [127.69935686597665, 43.48386398548327], [127.69943062758603, 43.48373476972383], [127.69951682761575, 43.48361349712849], [127.6996146179538, 43.48350136088417], [127.69972303645244, 43.4833994642863], [127.6998410163947, 43.48330880988361], [127.69996739698972, 43.4832302896142], [127.70422460899644, 43.48086951648073], [127.7042562617179, 43.48084979437284], [127.70426364241045, 43.480813237818296], [127.70667264932223, 43.464690809742564], [127.70667620048971, 43.46465543620269], [127.70665684606494, 43.46462561499617], [127.69735328722047, 43.45170200945802], [127.69727577058588, 43.451582793914056], [127.69720989130316, 43.45145677369873], [127.69715624144189, 43.451325081379494], [127.69711530316349, 43.45118890050007], [127.69708744438796, 43.451049454943714], [127.69707291548741, 43.45090799793396], [127.69635375237442, 43.4378292641114], [127.69635315857568, 43.437676172170626], [127.69636817239056, 43.43752381705817], [127.69639863742522, 43.43737378580612], [127.6964442363356, 43.43722764123968], [127.69650449413315, 43.437086905697754], [127.69657878313262, 43.436953045175244], [127.69666632949043, 43.4368274540523], [127.70129525912333, 43.43086084148801], [127.70139349696798, 43.430746564259], [127.70150270546375, 43.43064272080162], [127.70162178233488, 43.4305503592406], [127.70174952570096, 43.43047041181028], [127.70188464620794, 43.4304036854453], [127.70202578004196, 43.43035085363588], [127.70217150269475, 43.430312449630115], [127.70232034334163, 43.43028886105176], [127.70247079968703, 43.43028032598775], [127.71012504147293, 43.430231237026184], [127.71015988102533, 43.430229295072536], [127.71015432063871, 43.43019484731954], [127.70571725683277, 43.409306163512575], [127.70570852492861, 43.40927278424701], [127.70568573679006, 43.4092468782193], [127.69950269552082, 43.4028450456808], [127.69940556065757, 43.40273403331824], [127.69931979915457, 43.40261401710723], [127.69924624037994, 43.40248615768062], [127.69918559569365, 43.4023516915201], [127.69913845156825, 43.402211918998695], [127.69910526391735, 43.40206819180528], [127.69908635368652, 43.401921899872924], [127.69908190374973, 43.401774457937364], [127.69909195714067, 43.40162729185557], [127.69911641663668, 43.40148182481685], [127.69915504569892, 43.40133946357967], [127.69920747075987, 43.401201584867444], [127.69927318483597, 43.40106952205473], [127.69935155243044, 43.400944552272634], [127.70346304097177, 43.39505303304439], [127.7034819815675, 43.39502285389917], [127.70346758457192, 43.394990261668575], [127.69498498748311, 43.37807287921713], [127.69496662958976, 43.37804046407644], [127.69493307320845, 43.378024286225035], [127.68878026478207, 43.375432263466834], [127.68864234902311, 43.37536567955754], [127.68851194133121, 43.37528538007158], [127.68839040108625, 43.375192202057015], [127.68827899523308, 43.375087116808636], [127.68817888507492, 43.37497121974319], [127.68809111416778, 43.374845718980616], [127.68801659744236, 43.37471192275055], [127.68795611166675, 43.374571225755204], [127.68791028734935, 43.37442509463093], [127.68607347919374, 43.36731469455604], [127.68606241797853, 43.36727935291243], [127.6860292209336, 43.367262941378044], [127.68024907298015, 43.36476025594427], [127.68011684868372, 43.36469511355792], [127.67999165638854, 43.36461730813209], [127.67987470499563, 43.36452759098345], [127.67976712382897, 43.364426828452494], [127.67966995173032, 43.36431599353782], [127.67958412702781, 43.36419615650054], [127.6795104784751, 43.36406847452943], [127.67944971724862, 43.363934180566716], [127.67940243008026, 43.36379457140236], [127.67936907359162, 43.36365099515179], [127.67934996988474, 43.363504838238], [127.67934530343177, 43.36335751200381], [127.67935511929362, 43.36321043908339], [127.67937932268487, 43.36306503966483], [127.67941767988901, 43.36292271777631], [127.68218184050689, 43.35436455110436], [127.68219093523595, 43.35433090631481], [127.682160014096, 43.354314826231686], [127.67177468240558, 43.34953749416438], [127.67174048624896, 43.34952376747872], [127.67170426011765, 43.34951702459862], [127.64833349301374, 43.34635210028463], [127.64817878059357, 43.34632280868149], [127.64802799121827, 43.3462774600843], [127.64788278651511, 43.34621655421304], [127.64774476657094, 43.3461407622215], [127.64761545229997, 43.34605091930139], [127.63992932482553, 43.34008919443016], [127.63990151802558, 43.34006960974934], [127.63986752376714, 43.340070690599276], [127.6257964448966, 43.341168827821804], [127.62565252247785, 43.341173128105], [127.62550885081745, 43.341163609226406], [127.62536675374791, 43.34114035889573], [127.62522754059297, 43.34110359134829], [127.6250924941032, 43.341053645370984], [127.62496285863624, 43.340990981180575], [127.62483982869105, 43.340916176183164], [127.62472453790136, 43.34082991965378], [127.61896765709979, 43.336075269941], [127.61886031223602, 43.335977498766766], [127.61876292322656, 43.33586980706272], [127.61867640259005, 43.335753203882035], [127.61860156101037, 43.33562878177695], [127.6185390997405, 43.335497706561696], [127.6184896040321, 43.33536120638904], [127.61845353765165, 43.335220560242675], [127.61843123853504, 43.335077085953394], [127.61842291562128, 43.3349321278512], [127.61842864689469, 43.33478704416917], [127.61844837865415, 43.334643194317046], [127.61848192601643, 43.33450192614381], [127.61852897464836, 43.33436456330852], [127.61858908371215, 43.33423239287788], [127.61866168999599, 43.334106653266645], [127.61874611319115, 43.33398852263385], [127.61884156226651, 43.333879107843714], [127.61894714288022, 43.33377943409444], [127.61906186575966, 43.33369043531233], [127.6338718475045, 43.3233091358859], [127.63389993821438, 43.32328731378602], [127.6338905275154, 43.32325301027643], [127.63052562621624, 43.31299045858689], [127.63051250920566, 43.31295629385022], [127.63048053072194, 43.312938498857314], [127.61676353310149, 43.30617569583147], [127.61663694243482, 43.30610549654615], [127.61651770763977, 43.30602342218844], [127.61640693909098, 43.305930237076204], [127.6163056683211, 43.30582680899629], [127.61621483841473, 43.30571410112321], [127.61613529522583, 43.30559316304962], [127.61606777950074, 43.30546512101195], [127.61601291998, 43.30533116740233], [127.61597122754318, 43.30519254966444], [127.61594309045134, 43.30505055867667], [127.61592877073124, 43.304906516730824], [127.6159284017354, 43.304761765218274], [127.61594198690005, 43.304617652138205], [127.61596939971331, 43.304475519544425], [127.61601038489319, 43.30433669104744], [127.61606456076501, 43.30420245948834], [127.61613142281567, 43.304074074899205], [127.61811761187454, 43.300671836294974], [127.61819452227604, 43.30055329441048], [127.61828224613677, 43.30044251574603], [127.61838000496056, 43.30034048339522], [127.618486931197, 43.30024810283341], [127.61860207594047, 43.30016619388218], [127.61872441735105, 43.3000954834339], [127.61885286972277, 43.300036599001], [127.61898629311858, 43.29999006314718], [127.64344260948675, 43.29273268907391], [127.6434808918183, 43.29271900741042], [127.64351270992462, 43.292693702609746], [127.65410389822637, 43.283279423547235], [127.65412690656238, 43.283257129792325], [127.65414346694811, 43.28322970446352], [127.6594338978735, 43.27355128696373], [127.65944925921482, 43.27351970562818], [127.65944513603884, 43.27348482940451], [127.6572311540834, 43.26020591067722], [127.65722330001583, 43.26016996072782], [127.6571965542897, 43.26014468719697], [127.64470853202695, 43.24947106286828], [127.64460599859365, 43.24937474897496], [127.64451293877293, 43.24926925328424], [127.64443017105575, 43.24915550366453], [127.63640214128414, 43.23695864718706], [127.63632166536502, 43.236820961328085], [127.63625626232412, 43.23667550957814], [127.63620667147075, 43.23652393610889], [127.63617345337478, 43.236367954291296], [127.63419745396034, 43.223856532802024], [127.63419051596628, 43.22382286850397], [127.6341645635023, 43.223800332081716], [127.61195788649825, 43.206262654061405], [127.61193226048823, 43.20624411917218], [127.61190516073816, 43.206227814631106], [127.59599319864506, 43.197548381400196], [127.59596444671156, 43.19753426018703], [127.59593381839552, 43.197525289059485], [127.58659335344706, 43.19521547303842], [127.58645377208327, 43.195173665661805], [127.58631890557785, 43.1951185127873], [127.58619002651994, 43.19505053483288], [127.58606835100171, 43.194970373232884], [127.58595502714326, 43.19487878438554], [127.58585112425914, 43.194776632515634], [127.58575762276837, 43.19466488151976], [127.58567540494329, 43.194544585871085], [127.58137074629954, 43.18753851066191], [127.58135102963958, 43.18750960976642], [127.58131626630467, 43.18750567035008], [127.56860837672195, 43.186677182455036], [127.56846205472587, 43.186660397051135], [127.56831808419649, 43.18662934285677], [127.56817785312975, 43.18658431926026], [127.56804271347009, 43.18652576032664], [127.56791396807652, 43.186454230612846], [127.56779285816201, 43.18637041972497], [127.56768055132711, 43.186275135669874], [127.56757813030337, 43.1861692970653], [127.56748658251489, 43.18605392428366], [127.56253013617129, 43.1791353856943], [127.56245618765341, 43.17902162637535], [127.56239282118075, 43.178901650310706], [127.56234055521965, 43.178776439148045], [127.56229981741173, 43.17864701736877], [127.56227094107493, 43.17851444390567], [127.5622541624763, 43.178379803478705], [127.56151588164207, 43.169022523137784], [127.56151133295133, 43.16898706178201], [127.56148112040633, 43.168967946331435], [127.54853935310653, 43.161638920126684], [127.54841593007703, 43.16156085470597], [127.54830068340092, 43.161471157115294], [127.54819470548632, 43.161370677586326], [127.54809900088392, 43.16126036855131], [127.54801447676509, 43.16114127561508], [127.54794193432282, 43.161014527643914], [127.54788206117739, 43.160881326065166], [127.54783542485846, 43.160742933479085], [127.54780246742558, 43.1606006616908], [127.5477835012779, 43.16045585927588], [127.54777870619306, 43.160309898797365], [127.54778812762304, 43.16016416379546], [127.54781167626332, 43.16002003567306], [127.54784912889946, 43.159878880601696], [127.54853290951861, 43.157729855798685], [127.54854197390942, 43.157695684569774], [127.54851404172696, 43.15767401363899], [127.53221718987645, 43.14625774756431], [127.53218833917262, 43.146239450300314], [127.53215560103179, 43.146229684692265], [127.51064588083447, 43.14087443115349], [127.51060771641028, 43.140867013375335], [127.51056898787579, 43.14086360055916], [127.48309051344533, 43.13987789419082], [127.48294555794737, 43.139865635695415], [127.48280247159275, 43.13983939332098], [127.48266260017965, 43.13979941389009], [127.48252725926817, 43.13974607342912], [127.48239772180678, 43.13967987363161], [127.4822752061596, 43.139601437139504], [127.48216086464713, 43.13951150168696], [127.48205577270807, 43.13941091316157], [127.48196091878427, 43.139300617648345], [127.481877195024, 43.13918165253135], [127.48180538889076, 43.13905513673657], [127.48174617575691, 43.138922260207885], [127.48170011255138, 43.13878427271501], [127.48166763252145, 43.13864247209881], [127.48164904115797, 43.1384981920645], [127.48164451332191, 43.13835278963743], [127.48165409159984, 43.13820763239962], [127.48167768590328, 43.13806408562696], [127.4817150743161, 43.137923499448114], [127.48176590518173, 43.137787196145894], [127.48182970041063, 43.137656457720524], [127.48190585997699, 43.137532513831815], [127.48199366756228, 43.13741653023357], [127.48866826764515, 43.12943596422486], [127.48878414514652, 43.12931233213664], [127.48891322709663, 43.12920255810184], [127.48905386626703, 43.12910804295854], [127.50341510058824, 43.12059291394573], [127.50344484435443, 43.120573229017715], [127.50343433112563, 43.120539145883804], [127.49309976298791, 43.092107082513536], [127.49305797481982, 43.09197282437809], [127.49302894188462, 43.09183524317807], [127.49301291930438, 43.0916955478852], [127.49301004787483, 43.09155496604847], [127.49302035282818, 43.091414733007205], [127.49304374361138, 43.09127608103575], [127.49308001468184, 43.09114022851507], [127.4931288473136, 43.09100836922644], [127.50178527544936, 43.070623030318835], [127.5017988125748, 43.070585706397374], [127.50179559671894, 43.07054613384207], [127.50112884862494, 43.06562677382802], [127.50112247700491, 43.065592314942165], [127.50108931577047, 43.06558098600233], [127.4856713308827, 43.06112952011177], [127.4855271551598, 43.06107982512259], [127.48538877033441, 43.061015748050885], [127.48525760676625, 43.06093795120383], [127.48513502017546, 43.06084723869765], [127.48502227762962, 43.0607445481461], [127.48492054444726, 43.06063094096927], [127.484830872153, 43.060507591422606], [127.48475418760887, 43.06037577445969], [127.48469128343422, 43.06023685255418], [127.48464280981301, 43.060092261617164], [127.4846092677736, 43.059943496155405], [127.48341995800034, 43.05305252122559], [127.48341248714958, 43.0530187328579], [127.48339060432771, 43.052991925964996], [127.47033366634153, 43.03844021511986], [127.47023790280926, 43.03832192760815], [127.47015461839777, 43.03819454512764], [127.47008467047712, 43.03805937901525], [127.47002877912509, 43.03791782073642], [127.4699875197143, 43.037771327560606], [127.46996131698911, 43.03762140755949], [127.46995044069307, 43.03746960408218], [127.46978483017993, 43.029498104228146], [127.46978910041213, 43.02934964318327], [127.469808031551, 43.02920233219009], [127.46984143799635, 43.02905761548014], [127.46988899223263, 43.028916911850686], [127.46995022803986, 43.028781600754904], [127.47002454506446, 43.028653008777766], [127.47011121470507, 43.02853239663026], [127.47020938725575, 43.02842094678942], [127.47031810023643, 43.02831975190535], [127.47043628782907, 43.02822980408896], [127.47910649945521, 43.022285276383755], [127.47923018645507, 43.02220900724013], [127.47936067292974, 43.02214506401428], [127.47949673430969, 43.02209404679084], [127.47963709370688, 43.022056434348436], [127.47978043389789, 43.02203257966658], [127.47992540968558, 43.022022706613036], [127.48007066052334, 43.02202690784294], [127.49721646601971, 43.02335616763665], [127.49725210052131, 43.02335718433766], [127.49727288201105, 43.023328219167816], [127.50454940755777, 43.012062884327165], [127.50463177783699, 43.01194768236551], [127.50472464550515, 43.011840762063045], [127.50482718274584, 43.01174307650045], [127.50493847554873, 43.01165549644054], [127.51677191456797, 43.00321645548665], [127.51680073077141, 43.00319368391913], [127.51682453148756, 43.00316571172263], [127.53095862512893, 42.9847930563984], [127.53104882436838, 42.984686466711246], [127.53114854430962, 42.98458872625121], [127.53125692083438, 42.98450068198344], [127.53137301481124, 42.9844230968512], [127.53149582023354, 42.98435664316464], [127.53162427293697, 42.984301896774895], [127.54801402832953, 42.978201425065436], [127.54814844097736, 42.9781584769499], [127.54828629461153, 42.978128349287076], [127.54842636930088, 42.97811130869072], [127.5485674254591, 42.97810750596103], [127.54870821481437, 42.97811697475013], [127.55789307386294, 42.97917053493115], [127.55793146510139, 42.97917291735885], [127.55796395675483, 42.979152329605185], [127.57541950705442, 42.96676921313894], [127.57544693855338, 42.966747765468554], [127.57547225636111, 42.96672385943744], [127.58537381055461, 42.95646137028911], [127.5854758362388, 42.95636507439822], [127.58558641225792, 42.956278731576695], [127.58570457133531, 42.95620309711849], [127.58582927986056, 42.956138832644896], [127.58595944693123, 42.956086500316935], [127.5860939338956, 42.95604655791777], [127.58623156431318, 42.95601935484824], [127.58637113424575, 42.95600512907037], [127.58651142278897, 42.956004005025825], [127.58665120275236, 42.95601599254732], [127.59660942937563, 42.957341531416475], [127.59664292558223, 42.957344459173676], [127.59667598373612, 42.957338317018944], [127.60841214409824, 42.95460458493392], [127.6084480012255, 42.95459430132082], [127.60847442139487, 42.95456796767464], [127.61634569782588, 42.94588826371353], [127.61644187467412, 42.94579144969056], [127.6165464522587, 42.94570377717498], [127.6166585650053, 42.94562597182017], [127.61677728497206, 42.94555867761038], [127.61690162953016, 42.94550245153053], [127.63628576146938, 42.937779040435714], [127.6363194549746, 42.93776359902397], [127.63633153559032, 42.93772855978601], [127.64073108940849, 42.92251150238175], [127.64078138395685, 42.92236599181464], [127.64084632885672, 42.922226403037456], [127.64092523993912, 42.92209420656318], [127.64101728590677, 42.92197079502978], [127.6411214970915, 42.921857468529296], [127.64123677566941, 42.92175542091193], [127.64136190722596, 42.92166572720928], [127.64149557354928, 42.92158933230928], [127.64163636651713, 42.92152704100222], [127.6417828029309, 42.92147950950257], [127.65506038414823, 42.91791157065741], [127.65509518794497, 42.917900357535956], [127.65512522870453, 42.91787951068676], [127.67450571794755, 42.90296766631429], [127.6746173461664, 42.90288958191211], [127.67473559822913, 42.902821946989455], [127.67485949879102, 42.90276531940015], [127.6749880259184, 42.90272016620939], [127.6751201195176, 42.90268685984135], [127.67525469007872, 42.902665675007455], [127.69609012316224, 42.90034932208327], [127.69612835214218, 42.900343040382516], [127.69616279199394, 42.90032529746052], [127.71120049073231, 42.89155751496181], [127.71133736181721, 42.8914868661707], [127.71148075636441, 42.891430626065734], [127.7116291623615, 42.89138938766622], [127.7117810149533, 42.89136358580717], [127.71193471294228, 42.891353492554224], [127.71208863567223, 42.891359214334884], [127.7283253935865, 42.89280028357341], [127.72835600830562, 42.892801740656914], [127.72838634756918, 42.89279818787292], [127.74348929728, 42.890403356418275], [127.74364229361925, 42.89038708568575], [127.74379615184574, 42.89038657314494], [127.74394925319203, 42.89040182418835], [127.74409998685388, 42.89043267835728], [127.74424676693792, 42.89047881102999], [127.74438804914693, 42.89053973683712], [127.74452234702781, 42.89061481476832], [127.74464824761064, 42.890703254916446], [127.74476442627491, 42.89080412678829], [127.74486966068594, 42.89091636909446], [127.75407512309619, 42.901803942806616], [127.7540988340746, 42.901829440201425], [127.75413320558665, 42.901835001386424], [127.75938625494969, 42.90243205095709], [127.75942072238387, 42.902434348347654], [127.75945254467898, 42.90242090872164], [127.77400208737113, 42.89546026730914], [127.77403270682245, 42.89544380181269], [127.77404679300106, 42.895412017493484], [127.776787099903, 42.88834704580793], [127.77684180852604, 42.888222951408345], [127.77690750176055, 42.888104305496555], [127.77698364260219, 42.88799207793453], [127.77706960864344, 42.8878871861179], [127.77716469716148, 42.88779048747684], [127.77726813086244, 42.887702772467016], [127.79409955271224, 42.87469022876352], [127.79422197198456, 42.87460496270936], [127.79435225567929, 42.87453227889334], [127.79448911504298, 42.874472896296595], [127.79463119627628, 42.874427402325914], [127.79477709392566, 42.87439624700318], [127.79492536478593, 42.87437973851378], [127.79507454217635, 42.87437804015805], [127.79522315044889, 42.87439116873597], [127.79536971958517, 42.874418994380925], [127.79551279973772, 42.8744612418444], [127.80729123551518, 42.87858617531832], [127.80732508897626, 42.8785962470773], [127.80735978827462, 42.87858965497323], [127.81900006467183, 42.87579738030203], [127.81903403114458, 42.875787490714124], [127.81905716493797, 42.87576072594564], [127.8250132094898, 42.86816307204726], [127.82503355927318, 42.86813430182109], [127.82500681418723, 42.86811135536226], [127.82016514543314, 42.86435480981381], [127.82004693674885, 42.864252809487205], [127.81993997107965, 42.86413907424516], [127.81984540733248, 42.86401483633874], [127.8197642700471, 42.86388144180891], [127.81969743829585, 42.86374033590295], [127.81964563615948, 42.86359304741618], [127.8196094248821, 42.863441172128326], [127.81566230982845, 42.841992522971026], [127.81564253613854, 42.84184339167837], [127.81563779960359, 42.84169302975998], [127.815648147865, 42.8415429495989], [127.81567347683703, 42.841394660744164], [127.81571353175366, 42.841249654727335], [127.81576790973111, 42.841109390060254], [127.81583606382019, 42.840975277564915], [127.81591730850765, 42.84084866618303], [127.81601082661126, 42.84073082940795], [127.81611567749928, 42.840622952475556], [127.81623080655162, 42.840526120442775], [127.81635505576743, 42.840441307273785], [127.81648717541269, 42.84036936604361], [127.8291653018533, 42.83426925164794], [127.82919572210756, 42.834252816203005], [127.82920978742607, 42.834221230089476], [127.83482110002731, 42.819841306330034], [127.83488292279064, 42.819703734218805], [127.83495824840166, 42.81957306596644], [127.83504631529703, 42.81945062266612], [127.8351462330954, 42.81933764225444], [127.83525699159941, 42.819235266995484], [127.83537747100907, 42.81914453193224], [127.83550645324328, 42.819066354422], [127.83564263425501, 42.81900152486162], [127.83578463721548, 42.81895069869639], [127.83593102643438, 42.818914389793306], [127.83608032187507, 42.818892965245695], [127.83623101411821, 42.81888664166183], [127.84173811424041, 42.81893266665905], [127.84177732839628, 42.81893090817222], [127.84181023727282, 42.81890951078623], [127.85249033067778, 42.81112761811442], [127.85251699920015, 42.81110611295529], [127.85248878945208, 42.81108667350886], [127.84500242910931, 42.806450898537534], [127.84488231355554, 42.80636818016265], [127.84477079881816, 42.80627418793347], [127.8446689390869, 42.80616981039303], [127.84457769727919, 42.806056034260536], [127.84449793593733, 42.805933935103525], [127.84443040907453, 42.805804667170136], [127.84437575504705, 42.805669452477595], [127.84433449051944, 42.80552956926001], [127.84430700558045, 42.80538633988478], [127.84429356005528, 42.80524111835176], [127.8442942810494, 42.8050952774934], [127.84430916174702, 42.80495019599686], [127.84433806147541, 42.80480724537077], [127.84438070703487, 42.804667776979876], [127.84443669528125, 42.804533109270054], [127.84450549693709, 42.8044045153046], [127.84458646159513, 42.80428321072946], [127.84698212568641, 42.80104655325037], [127.84700183471689, 42.80101700001179], [127.8469821253647, 42.80098744698788], [127.83763927448776, 42.788365093219745], [127.83761628075702, 42.788337068122914], [127.83758085932381, 42.78834477784283], [127.82032767075192, 42.79301261984448], [127.82029368501252, 42.79302358532535], [127.82026240799566, 42.79304081960799], [127.80938844071524, 42.79973027346215], [127.80935960250709, 42.79974996681171], [127.80935562816525, 42.79978466082959], [127.8089227155399, 42.80629355581858], [127.80890501705785, 42.8064441586341], [127.80887220361518, 42.80659220498593], [127.80882461055714, 42.806736181876914], [127.80876272427304, 42.80687461789878], [127.80868717722541, 42.807006098269575], [127.80859874148642, 42.80712927929239], [127.80849832084749, 42.80724290208759], [127.80838694158275, 42.807345805458255], [127.80826574196077, 42.80743693775737], [127.80086486072368, 42.81243695640403], [127.80073798115681, 42.81251382310405], [127.80060412940792, 42.81257778108537], [127.80046461466095, 42.81262820478454], [127.80032080148882, 42.81266460101487], [127.80017409650671, 42.812686613790284], [127.7779902553043, 42.81490049178717], [127.7778193303913, 42.81490774511865], [127.75916346572582, 42.814634475555266], [127.75913122363875, 42.8146353991776], [127.75910030002137, 42.814644571699276], [127.73855826361304, 42.821718330091436], [127.73840088702043, 42.821763085803326], [127.73823957206756, 42.82179043450771], [127.73807623807728, 42.821800050810126], [127.72576936932892, 42.82185224681423], [127.72560830060634, 42.82184426089296], [127.72544902008372, 42.82181902949501], [127.72529336882502, 42.82177684426067], [127.72514314594491, 42.82171819279329], [127.7250000878135, 42.82164375302324], [127.71798770910499, 42.81750135082606], [127.71786970047562, 42.81742392778232], [127.71775949114155, 42.817335755978476], [127.71765805684059, 42.81723761604319], [127.71756629562086, 42.8171303768579], [127.71748501988985, 42.817014987864226], [127.71741494922189, 42.81689247065808], [127.71161253523891, 42.80553878806297], [127.71155236590613, 42.80540536185579], [127.71150548685553, 42.805266706686446], [127.71147234443613, 42.80512414273095], [127.71145325420649, 42.804979027382004], [127.71144839793021, 42.804832742324834], [127.71145782184533, 42.80468668038183], [127.711481436224, 42.80454223225104], [127.7115190162269, 42.80440077326492], [127.71157020404392, 42.80426365029545], [127.71163451230106, 42.804132168930096], [127.71171132870077, 42.80400758104102], [127.71179992185189, 42.803891072865575], [127.71189944823335, 42.803783753711826], [127.71200896022569, 42.80368664539651], [127.71212741513352, 42.803600672516], [127.71225368511335, 42.80352665364299], [127.71624733187065, 42.80144040999592], [127.71638599733897, 42.801376728764524], [127.7165304149927, 42.801327464653525], [127.71667909037154, 42.80129312745694], [127.71683048495548, 42.801274072502366], [127.7169830320857, 42.80127049697395], [127.71713515317659, 42.80128243787191], [127.7172852740513, 42.80130977162966], [127.72725504826415, 42.80365454457706], [127.72728890412431, 42.80366076677472], [127.7272848405733, 42.80362658457812], [127.72652308644845, 42.799122983964], [127.72651542267015, 42.799088091688034], [127.72648546631373, 42.79906862836025], [127.71064334966509, 42.78983895386209], [127.71052231475159, 42.78976040692887], [127.71040938665192, 42.789670594261004], [127.7103056102808, 42.789570346887956], [127.71021194587274, 42.7894605923907], [127.71012926009708, 42.789342346318854], [127.71005831803868, 42.78921670279393], [127.70999977611879, 42.78908482438546], [127.70995417602114, 42.78894793135387], [127.7099219396798, 42.788807290359486], [127.70990336537507, 42.78866420274224], [127.7098986249735, 42.788519992480474], [127.70990776233769, 42.78837599394027], [127.7099306929203, 42.78823353952867], [127.70996720454647, 42.788093947365], [127.71001695937706, 42.78795850908445], [127.71007949703454, 42.78782847788665], [127.71420837849753, 42.780205533685255], [127.71422370353851, 42.780173570356446], [127.71419520471322, 42.78015249126147], [127.70564578192618, 42.77445883178086], [127.70561252558663, 42.77443912153057], [127.70557404149146, 42.77444278929651], [127.69758711495615, 42.77562965931855], [127.69744227623939, 42.77564404332087], [127.69729672530049, 42.77564432185713], [127.69715183259234, 42.77563049230474], [127.69700896237013, 42.77560268487756], [127.69686945984616, 42.77556116139987], [127.69673463852368, 42.7755063128411], [127.69660576782952, 42.775438655634645], [127.69648406116167, 42.77535882681531], [127.69637066446431, 42.77526757802121], [127.69626664543809, 42.77516576841666], [127.69617298348699, 42.775054356602595], [127.6932473653686, 42.77121007424154], [127.69322498407324, 42.771183369953775], [127.69319293142634, 42.77116970726021], [127.67806461825803, 42.76554598671141], [127.67793134194811, 42.76548897048564], [127.67780419160673, 42.76541935572086], [127.67768435472907, 42.76533779257022], [127.67757295050768, 42.76524504277645], [127.67747101937998, 42.76514197255769], [127.67737951331135, 42.765029544517624], [127.67031109429006, 42.755432640051744], [127.67028944461879, 42.75540599029123], [127.67025712440325, 42.75541758001402], [127.6578645819509, 42.76053660192999], [127.65772543101217, 42.760586210525474], [127.65758207508408, 42.7606218906933], [127.65743590465519, 42.76064329635176], [127.65728833751346, 42.76065021987551], [127.65714080499437, 42.760642594109456], [127.65699473809755, 42.76062049302013], [127.65685155360676, 42.76058413097824], [127.65671264034768, 42.760533860679374], [127.65657934571696, 42.76047016972301], [127.65645296261312, 42.76039367588302], [127.65633471689584, 42.76030512111554], [127.65622575549588, 42.760205364362314], [127.64799290669957, 42.75188659878913], [127.64789718834942, 42.75178017262272], [127.64781205000259, 42.7516651074527], [127.64773826693006, 42.75154245106412], [127.64767651100152, 42.75141332036775], [127.64762734456733, 42.75127889122954], [127.64759121533771, 42.75114038776308], [127.64756845230595, 42.75099907118289], [127.64755926275252, 42.75085622831971], [127.64756373035762, 42.750713159902666], [127.64758181443919, 42.75057116871474], [127.64761335032331, 42.7504315477297], [127.6476580508438, 42.75029556833817], [127.64771550895708, 42.75016446877039], [127.64778520144877, 42.75003944282087], [127.65091418354503, 42.7450068722527], [127.65093180015232, 42.74497509708791], [127.65091145276583, 42.74494499742317], [127.64243251046594, 42.73366245537316], [127.64235068097791, 42.73354177243149], [127.6422809553862, 42.73341371471255], [127.64222399253373, 42.733279492244385], [127.64218033066726, 42.73314037330629], [127.64215038235139, 42.73299767244471], [127.64213443057025, 42.73285273805197], [127.64213262605355, 42.73270693962523], [127.64214498585234, 42.73256165482597], [127.64217139317782, 42.73241825646238], [127.64221159850499, 42.732278099517536], [127.64226522193036, 42.7321425083461], [127.6423317567617, 42.732012764160345], [127.64241057430588, 42.7318900929239], [127.64250092980932, 42.73177565376749], [127.64260196949535, 42.73167052803626], [127.64271273863156, 42.73157570907199], [127.64283219055113, 42.73149209282699], [127.64295919654295, 42.73142046939811], [127.65254668961462, 42.72661220412165], [127.65257652254293, 42.726595397396046], [127.65255774172314, 42.726566766111596], [127.64340881731505, 42.713985377841475], [127.64338491894425, 42.71395585219365], [127.6433474574979, 42.71394956442445], [127.62127810911196, 42.711409764031465], [127.62113616250434, 42.71138648600827], [127.62099709823877, 42.71134971868825], [127.62086219513208, 42.711299800178864], [127.62073269373556, 42.7112371895242], [127.62060978492714, 42.71116246248365], [127.62049459896014, 42.7110763062373], [127.59944059742044, 42.69369366359812], [127.59933250783094, 42.69359517966566], [127.59923452113198, 42.693486639114994], [127.59914756852137, 42.69336907344049], [127.59907247633663, 42.693243599905024], [127.59900995820195, 42.69311141092232], [127.59896060824646, 42.692973762725074], [127.59892489545801, 42.692831963426585], [127.59890315922627, 42.69268736058933], [127.5977106723957, 42.68085444079148], [127.59770529859512, 42.68081870610802], [127.59768379048553, 42.68078966740045], [127.58863416183351, 42.66974249512599], [127.58860904966069, 42.669714835025694], [127.58857196855988, 42.669710285924744], [127.57397436875736, 42.66866854297836], [127.57383472375017, 42.66865196877881], [127.57369724454342, 42.66862239007304], [127.57356313945299, 42.66858006683069], [127.57343358713936, 42.668525371034164], [127.57330972624833, 42.668458783409235], [127.57319264540327, 42.66838088919993], [127.5730833736372, 42.66829237302477], [127.57298287134854, 42.66819401285957], [127.57289202186003, 42.6680866731998], [127.57281162365517, 42.66797129746241], [127.5727423833603, 42.667848899694086], [127.56753025351705, 42.657535141246], [127.56751178468609, 42.65750280361262], [127.5674748784958, 42.65749782833681], [127.55891444599786, 42.6567856106723], [127.55877114512604, 42.656766699898256], [127.5586303297436, 42.656734084176584], [127.55849330741565, 42.656688066366115], [127.55836135048631, 42.65662907377305], [127.55823568426406, 42.65655765418312], [127.55811747564398, 42.65647447077507], [127.55800782227227, 42.65638029596257], [127.55790774235395, 42.65627600422184], [127.5578181651981, 42.65616256397154], [127.5522422333951, 42.64835533012539], [127.55222087058833, 42.64832817653849], [127.55219286685416, 42.648307940983784], [127.54160934920522, 42.64138416297464], [127.54157645049534, 42.64136498442864], [127.54153837273668, 42.64136450900561], [127.53477736089496, 42.641628633459725], [127.5346459845397, 42.64162800801658], [127.53451516681677, 42.641615889383125], [127.53438591125155, 42.64159237052349], [127.5342592093857, 42.64155763185491], [127.51015870581344, 42.63380017109379], [127.51012362302748, 42.63379073290111], [127.51008778985556, 42.633784744149374], [127.48783385996337, 42.63116919530292], [127.4876883254985, 42.63114478161336], [127.48754589417952, 42.63110618591308], [127.48740794450795, 42.631053781745145], [127.48727581161029, 42.63098807629592], [127.48715077431619, 42.63090970548636], [127.48703404278156, 42.63081942781732], [127.48692674677613, 42.63071811702855], [127.4868299247492, 42.63060675364226], [127.48674451377916, 42.630486415473335], [127.48667134050406, 42.63035826719782], [127.48661111312119, 42.630223549080796], [127.48656441453276, 42.63008356497261], [127.48653169670453, 42.62993966968978], [127.48651327629139, 42.62979325590258], [127.4854471025828, 42.61578129252895], [127.48544327395193, 42.61562895759213], [127.48545492060782, 42.61547702028007], [127.48548192235397, 42.61532704862576], [127.48552400052522, 42.6151805903761], [127.48558072086381, 42.615039157018714], [127.4856514980009, 42.61490420818302], [127.48573560149788, 42.61477713657649], [127.48583216338453, 42.614659253611485], [127.4859401871168, 42.614551775871206], [127.48605855786138, 42.61445581255416], [127.48618605400108, 42.61437235402702], [127.48632135974222, 42.61430226160372], [127.48646307869399, 42.61424625865648], [127.48660974827956, 42.614204923150446], [127.49818392320161, 42.611569442518345], [127.49821904132135, 42.61155955004437], [127.49821824866774, 42.61152307381819], [127.49754567737725, 42.602251906737266], [127.4975413225291, 42.60221631364448], [127.49750781126221, 42.60220355323929], [127.48567375952763, 42.598353981844156], [127.485639710392, 42.59834466197513], [127.48560451576385, 42.598341915748556], [127.46831119896197, 42.59781350353774], [127.46816947664884, 42.59780243403042], [127.46802943862657, 42.597777998393425], [127.46789234260767, 42.597740416088634], [127.46775941988182, 42.59769002465104], [127.46763186425741, 42.59762727665729], [127.46751082133979, 42.59755273566101], [127.46739737824217, 42.5974670711314], [127.4672925538221, 42.59737105244054], [127.46719728953094, 42.59726554195357], [127.46711244095836, 42.597151487283504], [127.46432466083515, 42.59300762605153], [127.46425106950852, 42.59288619792738], [127.46418928918804, 42.59275835558427], [127.46413987343834, 42.59262524451647], [127.46410326503494, 42.592488057427104], [127.4640797919968, 42.59234802354131], [127.46406966464728, 42.59220639759213], [127.46407297372957, 42.59206444857782], [127.46408968959359, 42.59192344839137], [127.4641196624617, 42.59178466042407], [127.46416262377068, 42.59164932824527], [127.46421818857819, 42.59151866445971], [127.46428585901188, 42.591393839842375], [127.46436502873046, 42.59127597284805], [127.46445498835658, 42.591166119589765], [127.47022808843133, 42.58476053126796], [127.4702502533368, 42.58473345012283], [127.47024759935093, 42.584698555598706], [127.46803040637556, 42.56684049052453], [127.46802445340069, 42.56680605870822], [127.46799450882787, 42.566788050086366], [127.45818907399044, 42.56151034009839], [127.45815493571205, 42.56149417708858], [127.45811990318371, 42.561508297531056], [127.43281020339688, 42.57326109057195], [127.4326784260638, 42.57331483882087], [127.43254214806355, 42.57335585645635], [127.43240259614885, 42.573383774244206], [127.4322610265437, 42.573398340872984], [127.43211871363502, 42.573399425216216], [127.43197693850084, 42.57338701751282], [127.40428595461503, 42.56963287446631], [127.40425266723706, 42.56962999184318], [127.40426488344076, 42.569661090451234], [127.40520981516588, 42.57176196333953], [127.40526463286635, 42.57190228152284], [127.40530509965662, 42.57204739048789], [127.4053308073765, 42.57219582662227], [127.40534149673027, 42.57234609275474], [127.4053370599019, 42.57249667325616], [127.40531754164256, 42.57264604932654], [127.40528313881926, 42.57279271431419], [127.40523419842916, 42.57293518891217], [127.40517121409968, 42.57307203607908], [127.40509482110959, 42.57320187553347], [127.40500578998143, 42.573323397675786], [127.4049050187098, 42.57343537679734], [127.40479352370386, 42.573536683443244], [127.40467242953561, 42.57362629580437], [127.40454295759702, 42.57370331002363], [127.40440641378078, 42.57376694931259], [127.40426417530865, 42.57381657178635], [127.40411767684043, 42.57385167693781], [127.38503686597716, 42.57742160578932], [127.38499283929804, 42.57743265076801], [127.3849504788034, 42.5774489580831], [127.37072265892412, 42.583945210932285], [127.37056914679347, 42.58400534238482], [127.37040996271871, 42.58404826319779], [127.35202761374664, 42.58793525792958], [127.35199284410211, 42.5879444430412], [127.35199228840975, 42.58798040115096], [127.3524339263493, 42.600800676049126], [127.35243197506402, 42.60094458648499], [127.35241624058179, 42.60108764747596], [127.35238686775787, 42.6012285419694], [127.35234412700532, 42.601365972857984], [127.35228841180538, 42.601498674921125], [127.35222023508508, 42.6016254264729], [127.35214022449512, 42.60174506060916], [127.3520491166315, 42.601856475950356], [127.35194775025431, 42.60195864678104], [127.35183705856592, 42.6020506324929], [127.3517180606196, 42.60213158624415], [127.35159185193805, 42.60220076275582], [127.35145959442761, 42.602257525172924], [127.35132250568152, 42.602301350927505], [127.33886533822691, 42.60563427767357], [127.33883023517312, 42.60564558303767], [127.33881073333141, 42.60567688341814], [127.32030811516475, 42.63898505491059], [127.32022977047266, 42.63911099020135], [127.32013937185175, 42.63922857284282], [127.32003780310274, 42.63933665326408], [127.31992605723342, 42.639434174794665], [127.31980522675028, 42.63952018399523], [127.31967649297744, 42.63959383997914], [127.3195411145071, 42.63965442263349], [127.31940041489477, 42.63970133965949], [127.31925576971919, 42.639734132363174], [127.31910859313366, 42.639752480139926], [127.3189603240404, 42.639756203608925], [127.31881241202272, 42.639745266366916], [127.31866630317292, 42.63971977534409], [127.31852342595423, 42.63967997975868], [127.31838517723521, 42.63962626868043], [127.31825290863293, 42.63955916722675], [127.30557077915034, 42.6323157219333], [127.30553748808518, 42.632298869064684], [127.30550025571425, 42.63229640639487], [127.28836111847666, 42.63202685884392], [127.2882199614017, 42.632017969928334], [127.28808026904119, 42.63199582546967], [127.287943283374, 42.63196062235021], [127.2878102223143, 42.63191267355435], [127.28768226888329, 42.63185240538594], [127.28756056069116, 42.63178035367809], [127.28040228152246, 42.62707324543704], [127.28028744896211, 42.626989688351365], [127.28018103310953, 42.62689564596838], [127.28008398784344, 42.626791961254895], [127.27999718304758, 42.626679563608576], [127.27992139681328, 42.62655946052714], [127.27985730846487, 42.62643272857743], [127.27980549247047, 42.626300503745405], [127.2797664132926, 42.626163971253526], [127.27974042122494, 42.62602435493679], [127.27972774925232, 42.62588290627264], [127.27972851096239, 42.62574089316311], [127.27974269952739, 42.625599588569756], [127.28095147848889, 42.61746017953315], [127.28095500085895, 42.617424102398104], [127.28092261044854, 42.617407828859], [127.24024582962562, 42.599463041815554], [127.24021392437365, 42.59945070007265], [127.24018104928707, 42.59946016011517], [127.22239124503734, 42.60548540954533], [127.22223804858187, 42.60552838624105], [127.22208116170121, 42.605554893919624], [127.22192234962732, 42.60556463432666], [127.22176339925366, 42.60555749786679], [127.22160609902983, 42.605533564836755], [127.22145221883854, 42.60549310452197], [127.21160360440814, 42.602336411977845], [127.21156838683298, 42.60232703071862], [127.21153908455544, 42.6023487024086], [127.2042415977141, 42.608330558039654], [127.20421523031943, 42.60835443828035], [127.20423060054615, 42.60838652038649], [127.21164546388601, 42.622086903280554], [127.21166671800886, 42.62212150855533], [127.21169799419884, 42.6221474134341], [127.21855431879371, 42.62722062128549], [127.21867023350504, 42.62731571106831], [127.21877607668955, 42.62742189726042], [127.2188707909368, 42.6275381190246], [127.21895343001833, 42.62766321526478], [127.21902316834078, 42.62779593622575], [127.21907930919394, 42.627934955978695], [127.21912129171105, 42.62807888566764], [127.21914869647205, 42.62822628738464], [127.21916124969381, 42.628375688534994], [127.21915882596527, 42.628525596548926], [127.21824865264071, 42.64226196624754], [127.21824815051885, 42.64230156126942], [127.21826412264993, 42.64233779535463], [127.22519674486631, 42.65603091813935], [127.2252155891916, 42.65606386201858], [127.22524070810293, 42.65609231281932], [127.24675045475666, 42.678089076332625], [127.24683951825067, 42.67818866703014], [127.24691936662653, 42.6782957877558], [127.24698936639871, 42.67840958865601], [127.24704896221661, 42.67852916687929], [127.24709768127053, 42.67865357373915], [127.25119704110071, 42.69067245775042], [127.25123855018795, 42.69081772812565], [127.25126523523019, 42.69096643722007], [127.25347032740052, 42.70821228937261], [127.25348169749178, 42.70835532310367], [127.25347934909806, 42.708498788821665], [127.2534633037076, 42.708641373788055], [127.2534337081388, 42.70878177332332], [127.2533908331967, 42.708918702745045], [127.25333507119518, 42.709050909123036], [127.25326693236714, 42.70917718274383], [127.2531870401958, 42.70929636817982], [127.25309612570967, 42.70940737486164], [127.25299502079359, 42.709509187057066], [127.24359377055879, 42.71811126686832], [127.24347815111176, 42.71820688708065], [127.24335355763989, 42.71829047863705], [127.24322123669153, 42.71836120521027], [127.24308251212784, 42.71841835918624], [127.24293877187773, 42.7184613687437], [127.23502433784512, 42.72040408035353], [127.23498928809698, 42.72041456193123], [127.23497232463434, 42.720446974725796], [127.2269352146692, 42.73786657520822], [127.2268598633543, 42.73800919077253], [127.22676963414023, 42.738142890842695], [127.22666557035815, 42.73826612942878], [127.2265488753101, 42.73837748150822], [127.22642089835489, 42.73847565950358], [127.21140492543546, 42.74876181563458], [127.21137576349527, 42.748784010803675], [127.21137135067796, 42.748820391723505], [127.21102530152736, 42.75370442392152], [127.211007482785, 42.75385187395636], [127.21097516949915, 42.7539968390277], [127.21092867846953, 42.75413789789668], [127.21086846549463, 42.75427366762087], [127.21079512090299, 42.75440281711266], [127.21070936376566, 42.75452408018927], [127.21061203484638, 42.7546362679864], [127.20075355662351, 42.76492337569721], [127.20073070403869, 42.76494959954035], [127.20073210179716, 42.76498435550196], [127.20243296612902, 42.78437147500458], [127.20243867281208, 42.78451249465811], [127.20243110037991, 42.78465342644013], [127.20241031587082, 42.78479302269042], [127.20237650328872, 42.78493004757212], [127.20232996197431, 42.78506328801255], [127.20227110395493, 42.78519156444244], [127.19290792720783, 42.8032983318749], [127.19289202570532, 42.803333446836334], [127.19289167883363, 42.8033719928865], [127.19375927528834, 42.82352294154238], [127.1937630872513, 42.82356233077814], [127.19378288970606, 42.82359659308596], [127.20094195081732, 42.83458326209732], [127.20101695289063, 42.834711902810035], [127.20107883066817, 42.83484734609933], [127.2011269743446, 42.83498825717195], [127.20116090946415, 42.83513324734965], [127.20118030159628, 42.83528088775462], [127.2011849596316, 42.835429723391066], [127.20117483766516, 42.83557828748418], [127.20115003544895, 42.83572511593523], [127.2011107974087, 42.835868761750234], [127.20105751023523, 42.83600780930005], [127.20099069907347, 42.836140888271466], [127.20091102234724, 42.83626668717156], [127.20081926527047, 42.83638396625252], [127.2007163321089, 42.83649156972931], [127.20060323726857, 42.836588437169965], [127.19284391208598, 42.84259319584358], [127.19272015028986, 42.84267938514298], [127.19258835917601, 42.842752710989856], [127.19244987104, 42.842812432122564], [127.19230608587853, 42.84285794481147], [127.19215845723674, 42.84288878896217], [127.19200847751407, 42.84290465276667], [127.19185766287733, 42.84290537585545], [127.19170753793367, 42.8428909509187], [127.19155962031799, 42.842861523780215], [127.19141540535098, 42.84281739192321], [127.19127635092276, 42.84275900148306], [127.19114386275477, 42.842686942737224], [127.1910192801892, 42.84260194413804], [127.19090386264931, 42.84250486494874], [127.19079877690784, 42.84239668655695], [127.18171338053756, 42.83205047757594], [127.18162512224853, 42.83193985423063], [127.18154768185032, 42.831821405782634], [127.18148174863303, 42.831696186531055], [127.18142790946237, 42.83156531104133], [127.18138664355601, 42.831429944224574], [127.18135831821812, 42.83129129096878], [127.18134318557, 42.83115058541427], [127.18098926690286, 42.82525376999888], [127.18098516949503, 42.825216802189146], [127.1809607656453, 42.82518873334805], [127.16940025471435, 42.813173327161785], [127.1693719129042, 42.8131468025516], [127.16933522867878, 42.81313411079242], [127.16256843619274, 42.811183291872965], [127.16243222046849, 42.81113683636244], [127.16230108383078, 42.81107754032341], [127.16217623348494, 42.81100594961777], [127.16205881876648, 42.8109227232885], [127.1619499205608, 42.81082862749269], [127.1618505413527, 42.81072452844855], [127.16176159599794, 42.81061138446126], [127.16168390330131, 42.81049023710107], [127.16161817847889, 42.810362201614936], [127.16156502657405, 42.81022845665987], [127.16152493688762, 42.810090233452584], [127.16009158012282, 42.804084947845894], [127.16008167268338, 42.80405095060292], [127.16004641178897, 42.80405421238483], [127.1499452938908, 42.80549322544935], [127.1497895634628, 42.805507179754365], [127.14963322648799, 42.80550484755751], [127.14947798159811, 42.80548625419856], [127.14932551555916, 42.80545160169799], [127.13582894711955, 42.80163444952857], [127.13579263868283, 42.801626160763966], [127.13576667122776, 42.8016528571584], [127.13132284946049, 42.806715718773845], [127.13121793313287, 42.80682378685322], [127.13110270799301, 42.80692078846516], [127.13097833582499, 42.80700574556848], [127.13084607064002, 42.80707780156352], [127.1307072460324, 42.80713622992905], [127.13056326173336, 42.807180441547544], [127.13041556949791, 42.807209990645134], [127.1302656584672, 42.807224579286206], [127.13011504015385, 42.807224060377415], [127.12996523320189, 42.80720843915077], [127.12981774807456, 42.807177873110916], [127.12967407182477, 42.80713267044701], [127.12953565310154, 42.80707328692537], [127.12508151823954, 42.80489143913764], [127.1250495604674, 42.804877598429854], [127.125015019105, 42.80487315335701], [127.1042689516476, 42.80318489902223], [127.10412416801731, 42.80316598680423], [127.10398190911766, 42.80313308730483], [127.10384352292897, 42.80308651226464], [127.09479494277963, 42.79954207920076], [127.09475919424611, 42.79953015776493], [127.09472614958935, 42.79954827209471], [127.07337121128813, 42.81272647361957], [127.07324297198653, 42.81279720913297], [127.07310844581833, 42.81285510163166], [127.0729689151965, 42.81289959923724], [127.07282571024047, 42.812930277762305], [127.07268019609644, 42.81294684475418], [127.07253375992367, 42.812949142282825], [127.07238779767096, 42.81293714844632], [127.07224370076929, 42.81291097757968], [127.07210284286761, 42.81287087916491], [127.0719665667381, 42.81281723545273], [127.05317967201746, 42.80434064391212], [127.05314476235013, 42.80432697737105], [127.05310760857427, 42.80433198298414], [127.0419666826432, 42.80641259124009], [127.04181697009363, 42.80643281150465], [127.04166598295151, 42.80643787011263], [127.04151525274362, 42.80642771575243], [127.04136630839056, 42.806402451424034], [127.0412206606982, 42.80636233339427], [127.04107978703304, 42.806307768597364], [127.04094511633653, 42.80623931050726], [127.0408180146308, 42.806157653523464], [127.01688311001057, 42.7890185609073], [127.01685265114497, 42.78899894897907], [127.01681728054888, 42.78900677784663], [126.99956606790313, 42.79372912676808], [126.99953103157091, 42.793740622608254], [126.99950575525236, 42.7937674704507], [126.99057143712866, 42.80425898257044], [126.99046964661623, 42.80436716983063], [126.99035765454963, 42.8044647586041], [126.99023655923715, 42.80455079183594], [126.99010754826274, 42.80462442579667], [126.98997188683944, 42.80468493835665], [126.98983090540132, 42.8047317360681], [126.98968598655598, 42.804764359984986], [126.98953855152521, 42.80478249016396], [126.98939004620709, 42.804785948802014], [126.98924192699602, 42.80477470198022], [126.98001519158517, 42.803612307494284], [126.97998129551623, 42.80360961116348], [126.9799510566652, 42.80362505918269], [126.97238106975924, 42.80793779824662], [126.97225995859188, 42.80799970002666], [126.97213373809467, 42.80805037676016], [126.9720034460663, 42.80808941177747], [126.97187015378202, 42.80811648412843], [126.95135698965416, 42.81132228153089], [126.9512119358194, 42.81133777093138], [126.95106606334706, 42.811339096946256], [126.95092075190132, 42.81132624703405], [126.95077737584022, 42.81129934272944], [126.95063729121685, 42.811258638493776], [126.95050182295385, 42.811204519308376], [126.95037225231228, 42.81113749703337], [126.95024980477335, 42.81105820556654], [126.95013563844786, 42.81096739484784], [126.95003083312278, 42.81086592376654], [126.94993638004857, 42.810754752037774], [126.94985317256395, 42.81063493112554], [126.94978199764664, 42.81050759429799], [126.94738441368263, 42.80568104221887], [126.94736689175873, 42.805649733799086], [126.94733111978314, 42.80564697685379], [126.91362938491626, 42.80471200940537], [126.91359356560176, 42.804712754091064], [126.91356405820552, 42.80473307382048], [126.90869928058387, 42.80844342522894], [126.9085756271102, 42.808528305110954], [126.90844411537049, 42.808600412241276], [126.9083060601768, 42.80865902571603], [126.90816284176054, 42.80870355953655], [126.90801589197335, 42.808733568468035], [126.90786667997189, 42.80874875249084], [126.90771669752976, 42.80874895979999], [126.90756744412313, 42.80873418832289], [126.90742041193954, 42.80870458573999], [126.90727707095944, 42.80866044800841], [126.90713885425983, 42.80860221640297], [126.90700714368677, 42.80853047310453], [126.89815919721221, 42.80312055228162], [126.89804078867124, 42.80304014983424], [126.89793058222278, 42.802948828014095], [126.89782958124196, 42.80284741826115], [126.89773870529274, 42.80273684386099], [126.89765878175562, 42.8026181115388], [126.89759053829486, 42.80249230229359], [126.89753459623337, 42.80236056155625], [126.89749146489594, 42.80222408876098], [126.89746153697203, 42.802084126425015], [126.89744508494057, 42.80194194883614], [126.89744225858918, 42.80179885045091], [126.89745308365039, 42.80165613410928], [126.89926548848779, 42.787047364745895], [126.89926811747, 42.78701218141727], [126.89923529202893, 42.78699924818211], [126.87927078151344, 42.780239438127374], [126.87923701119786, 42.78022976642477], [126.87920336621441, 42.780239865491176], [126.86927803528812, 42.78374137221926], [126.86914154686065, 42.78378234509059], [126.86900178620263, 42.783810180777984], [126.86886001475447, 42.78382462804435], [126.85406653924895, 42.78462477220675], [126.85392724394353, 42.784625828807215], [126.85378845127207, 42.784613958977246], [126.85365135820096, 42.784589265083824], [126.85351714703906, 42.78455196009036], [126.83301209188305, 42.77781220557448], [126.83297770145778, 42.777802697952154], [126.83294213049284, 42.77779990462156], [126.82314140778041, 42.77750061140099], [126.82299460168421, 42.77748889511777], [126.82284965211085, 42.777462838979254], [126.82270795632918, 42.77742269415853], [126.82257088024254, 42.777368847639195], [126.82243974522183, 42.777301818484986], [126.8223158153679, 42.77722225283611], [126.82220028532608, 42.77713091768073], [126.82209426877007, 42.77702869346136], [126.82199878766656, 42.77691656558773], [126.82191476242372, 42.77679561493772], [126.82184300301878, 42.77666700743803], [126.82178420119014, 42.776531982825006], [126.81866755635949, 42.76829219650606], [126.81865372522161, 42.76826027997873], [126.81862175265094, 42.7682465788899], [126.81402490483377, 42.766529210304014], [126.8138849170724, 42.76646863231524], [126.81375180520791, 42.76639415079006], [126.81362694569191, 42.76630653590935], [126.81351162964204, 42.76620669366028], [126.81340704949113, 42.76609565646788], [126.8133142866568, 42.765974572519205], [126.81323430035896, 42.76584469389042], [126.81316791770092, 42.76570736359962], [126.81311582511674, 42.76556400171929], [126.81307856127303, 42.76541609069194], [126.81305651149891, 42.76526516000083], [126.81304990380147, 42.76511277035422], [126.81313773552266, 42.75345310936587], [126.81313638043875, 42.75341862241649], [126.81311429048746, 42.75339210412118], [126.80202247825065, 42.74127746341553], [126.80192955058286, 42.74116551784653], [126.80184790523698, 42.74104509609037], [126.80177831030929, 42.74091733104076], [126.80172142052913, 42.740783424675065], [126.8016777710994, 42.740644636746396], [126.80164777266158, 42.74050227293221], [126.80057732110446, 42.73383364904262], [126.80056088763321, 42.733682927591374], [126.80055975303118, 42.73353131714476], [126.80057392888996, 42.73338036662349], [126.80060327038258, 42.733231618206176], [126.80064747774311, 42.73308659157373], [126.80070609932925, 42.732946768383655], [126.8007785362364, 42.732813577132724], [126.80086404841646, 42.73268837856282], [126.80096176223843, 42.73257245175902], [126.8107894187492, 42.72204248082837], [126.81081410628542, 42.722013110049616], [126.81082096242966, 42.72197535941553], [126.812456248898, 42.70924199505495], [126.81245909942804, 42.70920552609418], [126.81243790171708, 42.709175713887745], [126.80725903411178, 42.70260947264153], [126.80723399167853, 42.70258089453432], [126.80719629966889, 42.70257608370482], [126.79745919320494, 42.70184233606428], [126.79730459509457, 42.70182256609722], [126.79715288293824, 42.70178686107031], [126.79700569464917, 42.70173560646181], [126.79686461930012, 42.7016693556262], [126.79673117996734, 42.70158882382009], [126.79660681728721, 42.701494880480155], [126.78472082496464, 42.691505315607046], [126.78461273733255, 42.691405005145384], [126.7845150214264, 42.69129456635413], [126.78442862162156, 42.69117506656898], [126.78435437292893, 42.6910476606956], [126.7742513842759, 42.67156951616536], [126.77423271227563, 42.67153756131064], [126.77419778807568, 42.67152531155137], [126.76004243430012, 42.66734716375834], [126.76000817411945, 42.667338810486704], [126.75997613387787, 42.667353540050655], [126.75045986642216, 42.6722929407455], [126.75042823649488, 42.672311394019076], [126.75040614041544, 42.672340595712065], [126.73486222567914, 42.695139570351266], [126.73477269572359, 42.6952578645066], [126.73467191830233, 42.69536673613509], [126.73456087920306, 42.69546512027285], [126.73444066459152, 42.695552054542844], [126.73431245038674, 42.69562668856872], [126.73417749075843, 42.695688292293056], [126.73403710585887, 42.695736263118604], [126.73389266890946, 42.69577013180286], [126.73374559276806, 42.69578956704806], [126.72036271679158, 42.69688823202561], [126.72032939914904, 42.69689248661726], [126.7202984311525, 42.69690549238699], [126.70114579381652, 42.70598556752129], [126.70101025402595, 42.706041878823136], [126.70086985973207, 42.70608467414756], [126.70072595510089, 42.706113543762655], [126.7005799179072, 42.70612821126434], [126.68581568339529, 42.70688417293074], [126.68578125666757, 42.70688758501041], [126.68577008360954, 42.7069203264925], [126.68315022863942, 42.715989194075966], [126.68310324649835, 42.71612652460988], [126.68304321133168, 42.71625867140662], [126.68297068525528, 42.716384397161214], [126.6828863473388, 42.716502524689616], [126.68279098724737, 42.7166119479508], [126.68268549784804, 42.716711642402764], [126.6825708668496, 42.71680067459539], [126.68244816755471, 42.71687821091049], [126.68231854881034, 42.71694352536702], [126.68218322425102, 42.716996006418555], [126.68204346093547, 42.71703516267925], [126.68190056748297, 42.71706062752473], [126.67303958661027, 42.71820067875645], [126.67300660889052, 42.718206444919176], [126.6729794503633, 42.718226020236145], [126.6620765888258, 42.72685818069805], [126.6619560233231, 42.72694430289499], [126.66182754947249, 42.727018110367226], [126.66169242078324, 42.72707888298105], [126.66155195569536, 42.72712602778284], [126.66140752471568, 42.72715908478447], [126.64937818774331, 42.729293336839724], [126.64923872007041, 42.72931138598887], [126.64909817502607, 42.72931629456084], [126.64895778797022, 42.72930801941036], [126.6488187928741, 42.729286633274185], [126.64868241147393, 42.72925232413173], [126.64854984253213, 42.729205393552796], [126.64842225130047, 42.7291462540468], [126.6483007592777, 42.729075425436974], [126.6481864343519, 42.728993530291156], [126.62861356535687, 42.71353456138147], [126.62858432980747, 42.71351369092206], [126.6285487346851, 42.71350886591371], [126.61931586513673, 42.71271095170997], [126.61916309245476, 42.71268979028165], [126.6190133002986, 42.7126530532654], [126.61886807229081, 42.71260112904983], [126.61872894380116, 42.71253456658463], [126.60309138898835, 42.70403894556759], [126.60297191489423, 42.703966639110156], [126.60285968304312, 42.70388353499143], [126.60275566622497, 42.70379035353142], [126.60266076602436, 42.70368790239732], [126.59667329507442, 42.69658780970643], [126.59664816514118, 42.696560879220876], [126.5966113356692, 42.69656028374724], [126.5841663235293, 42.69698445828193], [126.584009875701, 42.696981624577084], [126.58385457428373, 42.69696250854553], [126.58370210922978, 42.69692731820328], [126.58355413962677, 42.69687643648307], [126.58341227564395, 42.69681041706742], [126.58327806101067, 42.69672997836354], [126.5678850057598, 42.686376423272606], [126.56776290759527, 42.68628494829493], [126.56765073275913, 42.686181544042306], [126.56754964166934, 42.686067280203375], [126.56746068008549, 42.68594333880625], [126.5673847682908, 42.6858110019907], [126.56732269157197, 42.685671638744815], [126.56727509209564, 42.68552669074319], [126.56327084475477, 42.67085407377455], [126.56325958318939, 42.67081966103919], [126.5632238250645, 42.67081396755889], [126.54191262569302, 42.668502298279776], [126.54187322358229, 42.66850013222015], [126.54183512785225, 42.66851042461956], [126.53348944834396, 42.67124837055161], [126.53345510462348, 42.671261562437316], [126.5334312148328, 42.67128954090942], [126.52809801009195, 42.67820402684575], [126.52800863194824, 42.67830947651807], [126.52790992596762, 42.67840625056088], [126.52780273040895, 42.678493527122285], [126.52768795562865, 42.678570565007604], [126.52756657634954, 42.67863670997393], [126.52743962338303, 42.67869140028629], [126.52730817487502, 42.67873417148815], [126.52717334714966, 42.67876466034582], [126.51413595847471, 42.681087237794806], [126.51409874704451, 42.681095860168945], [126.51406590804925, 42.68111537007054], [126.50778498078775, 42.68529784746625], [126.50766064873213, 42.68537223365481], [126.50752972006994, 42.68543427759504], [126.50739341632283, 42.68548340043725], [126.50725300916024, 42.68551914388136], [126.50710980853515, 42.68554117445271], [126.50696515046259, 42.68554928661327], [126.50682038455516, 42.68554340467923], [126.50667686143147, 42.685523583527115], [126.50653592011541, 42.68549000808179], [126.50639887554341, 42.6854429915912], [126.49245597678254, 42.679893319786665], [126.49242018681637, 42.67988117317554], [126.49238699498011, 42.67989924978616], [126.48513326103335, 42.68434968071449], [126.48500475537294, 42.68442012496095], [126.48486998894393, 42.68447769323543], [126.48473024808267, 42.68452183605267], [126.48458686660618, 42.68455213207248], [126.48444121308087, 42.684568292121426], [126.4842946777597, 42.68457016195294], [126.48414865931235, 42.68455772371961], [126.46587825079837, 42.682097593994946], [126.46573699336469, 42.68207163564759], [126.43536092595214, 42.6749710991089], [126.43532208016701, 42.6749641770112], [126.43528384870456, 42.67497393742792], [126.42229381147868, 42.679038481796795], [126.42225778409285, 42.67905182355745], [126.42222331660828, 42.67906879316602], [126.40506369975495, 42.68864275564003], [126.4050326590948, 42.68866216608889], [126.40502490916494, 42.68869794634441], [126.40441593837684, 42.6923918970552], [126.40438564884074, 42.69253296782976], [126.40434194545514, 42.692670475769596], [126.40428523259132, 42.6928031485645], [126.40421603499246, 42.69292975864208], [126.40413499291842, 42.69304913452602], [126.4040428562216, 42.69316017167534], [126.40394047740881, 42.693261842704274], [126.40382880375344, 42.69335320688833], [126.4037088685306, 42.693433418868445], [126.40358178145662, 42.69350173647276], [126.4034487184213, 42.693557527583714], [126.40331091060777, 42.69360027598675], [126.3880338733484, 42.697544737664266], [126.38799927245837, 42.697555519377815], [126.38798258517396, 42.697587690816896], [126.38288424054338, 42.70873069009723], [126.38287097232583, 42.7087638830812], [126.38288806917572, 42.70879527603426], [126.38887796570108, 42.71861951865634], [126.38894499156831, 42.71874192005227], [126.38900035217904, 42.71887002068217], [126.38904356836707, 42.719002711788484], [126.38907426608056, 42.7191388448814], [126.38909217961964, 42.719277241679485], [126.39012403714726, 42.73180403085627], [126.39012861677266, 42.731838978902346], [126.39015820557022, 42.73185813202105], [126.3991760211459, 42.73709794083738], [126.39930185205661, 42.737179738510434], [126.3994188792025, 42.737273700867426], [126.3995259310494, 42.73737888727093], [126.39962193592375, 42.73749424472195], [126.39970593274091, 42.737618618401285], [126.39977708062642, 42.73775076323014], [126.39983466733372, 42.7378893563344], [126.39987811637437, 42.73803301028761], [126.39990699278917, 42.738180287000205], [126.39992100750239, 42.73832971211596], [126.39992002021566, 42.73847978977143], [126.39990404081253, 42.73862901757072], [126.39987322925943, 42.73877590162569], [126.39982789400436, 42.73891897151089], [126.39976848888902, 42.739056794983775], [126.39169247259473, 42.75548050068079], [126.3916782051677, 42.75551357609517], [126.39170371888629, 42.75553900428221], [126.3969568678843, 42.760277694672304], [126.39705994678584, 42.76038016195616], [126.3971526248003, 42.76049212440451], [126.39723403179214, 42.76061253082411], [126.39730340344725, 42.760740250742955], [126.39736008844892, 42.76087408502402], [126.3974035545929, 42.76101277712377], [126.39743339378415, 42.76115502488954], [126.39744932586844, 42.76129949278526], [126.39745120126258, 42.76144482443047], [126.39743900235887, 42.76158965533516], [126.39741284369039, 42.76173262571064], [126.3973729708557, 42.7618723932364], [126.39731975821294, 42.76200764566283], [126.39725370536509, 42.76213711313169], [126.39717543246924, 42.76225958009857], [126.39708567441409, 42.76237389674539], [126.39698527392024, 42.762478989775786], [126.38918783666352, 42.769886555169656], [126.38916177804253, 42.76991398045851], [126.38915249092327, 42.76995065398602], [126.38723162722627, 42.77958275355757], [126.38722609968669, 42.779620645898184], [126.38724374876861, 42.77965462961643], [126.3953084323397, 42.79338774991598], [126.39537870323517, 42.79352264000461], [126.3954349529385, 42.79366395279821], [126.39547660311939, 42.79381023539182], [126.39550322555226, 42.79395998378356], [126.39551454651902, 42.794111658338025], [126.39551044962337, 42.794263699615996], [126.39471970440908, 42.804425365728164], [126.39469990905016, 42.80457798701585], [126.39466457958721, 42.80472777667749], [126.39461408792351, 42.804873157919694], [126.39454896557054, 42.80501260035524], [126.39446989805286, 42.805144636113035], [126.3943777176919, 42.805267875290006], [126.39427339484423, 42.80538102058219], [126.38452374707799, 42.81492278087492], [126.38441626033604, 42.81501832911503], [126.38430011728467, 42.815103144547], [126.3841763855555, 42.81517644751478], [126.38404620253824, 42.815237564189246], [126.38391076492526, 42.81528593276243], [126.38377131771121, 42.815321108611776], [126.38362914274856, 42.81534276838735], [126.38348554696427, 42.81535071298416], [126.38334185034606, 42.81534486937241], [126.36651441542568, 42.81385003223698], [126.3663592775241, 42.81382803470588], [126.3662072807644, 42.81378997363753], [126.36606008371226, 42.813736264348556], [126.36591929255965, 42.8136674929066], [126.36578644359835, 42.81358440973524], [126.36566298645614, 42.813487921425484], [126.35502350385511, 42.80423804223494], [126.35499648774427, 42.804216690139896], [126.35496216340113, 42.804219450875934], [126.34467452301872, 42.80553384471716], [126.34464242968983, 42.80553937971038], [126.3446128687322, 42.80555304600816], [126.32629908951789, 42.815011929618855], [126.32616464945269, 42.81507317831601], [126.32602483638574, 42.8151209050417], [126.32588100653699, 42.81515464683534], [126.32573455509008, 42.81517407639354], [126.32558690265881, 42.81517900524496], [126.31280847658621, 42.81497586529727], [126.31266628614723, 42.81496683748557], [126.31252559366771, 42.81494435975143], [126.31238766848288, 42.814908634890195], [126.31225375496123, 42.814859985213495], [126.31212506127785, 42.81479884964137], [126.31200274851415, 42.81472577974226], [126.3118879201825, 42.81464143475679], [126.31178161227038, 42.814546575649985], [126.31168478389355, 42.81444205824587], [126.29966363289273, 42.80016188607812], [126.29964005860184, 42.800136406076156], [126.29960751903532, 42.8001243166468], [126.28758059642983, 42.79628667745881], [126.28754359639676, 42.796276927027826], [126.28750579338714, 42.796271010457595], [126.27070597501124, 42.79451676995094], [126.27056812579198, 42.79449586060655], [126.27043281350666, 42.79446224225783], [126.27030120722982, 42.794416205361436], [126.27017444401677, 42.794358147668135], [126.2700536190796, 42.794288570786286], [126.26993977632469, 42.794208075848026], [126.26983389933362, 42.79411735831558], [126.26973690286512, 42.794017201972636], [126.26105127082043, 42.7841715124437], [126.26102616038698, 42.784145708993805], [126.26099039044988, 42.78414160247448], [126.24756172003079, 42.783262171290154], [126.24742075692599, 42.78324621699812], [126.24728193143928, 42.78321701733057], [126.2471464852959, 42.78317483346408], [126.24701562999458, 42.78312004271246], [126.24689053597122, 42.78305313515185], [126.24677232212993, 42.78297470923729], [126.24666204583502, 42.782885466449734], [126.24656069345338, 42.78278620502177], [126.24646917153187, 42.782677812797736], [126.2463882986888, 42.78256125929242], [126.24631879829171, 42.782437587019245], [126.24304325660476, 42.77590342920749], [126.24302587239809, 42.77587257105322], [126.24299107385791, 42.77586597575658], [126.22767546964691, 42.77372410025215], [126.22763938380005, 42.77372084887529], [126.22760757359603, 42.77373819450063], [126.21954337815573, 42.778663613415766], [126.21951169555413, 42.7786853092362], [126.21949871954057, 42.778721449503685], [126.21754059850427, 42.78522212985332], [126.21749175688106, 42.78535965990876], [126.21742978104537, 42.78549179247892], [126.21735525770234, 42.785617276707626], [126.2172688923403, 42.78573492467637], [126.21717150255213, 42.78584362264998], [126.21706401029535, 42.78594234162], [126.21694743316431, 42.786030147045956], [126.2168228747569, 42.786106207702346], [126.21669151422716, 42.786169803547615], [126.21655459512263, 42.786220332540516], [126.21641341361207, 42.786257316339466], [126.19572567122096, 42.79061346210465], [126.1955791247269, 42.790636818457294], [126.19543098754706, 42.79064558031072], [126.19528270954241, 42.79063966191018], [126.19513574195223, 42.790619121180725], [126.19499152319041, 42.79058415916037], [126.19485146476725, 42.790535118032416], [126.19471693747464, 42.79047247777642], [126.1945892579697, 42.790396851470504], [126.1944696758883, 42.79030897929097], [126.19098918625274, 42.787475942943914], [126.19096030649325, 42.787454675146485], [126.19092484483413, 42.78744930574609], [126.16670638743751, 42.784974717986906], [126.16667025713068, 42.78497279893572], [126.16663611119336, 42.784984762914334], [126.14944268969467, 42.791967351288015], [126.1492971638971, 42.7920179132289], [126.14914721947069, 42.79205328181118], [126.14899443811373, 42.79207308394713], [126.14884043145004, 42.79207711075265], [126.13906349270435, 42.79183034028225], [126.13890998917887, 42.79181856264697], [126.138758501397, 42.7917911127476], [126.13861062516776, 42.79174827974804], [126.13846791825515, 42.791690514861486], [126.13833188396835, 42.79161842659723], [126.1382039553255, 42.79153277435053], [126.1380854799579, 42.79143446040288], [126.13797770591378, 42.79132452041724], [126.13788176851104, 42.79120411252804], [126.1377986783775, 42.791074505141154], [126.13562246443901, 42.787262591173885], [126.13560400267276, 42.78723351409042], [126.13556999881182, 42.787228032207366], [126.09915728267013, 42.783100226425205], [126.09912046153516, 42.783097908736806], [126.09908876719626, 42.78311679356011], [126.09051716305157, 42.78882342712218], [126.09039065686252, 42.78889895674816], [126.09025735097545, 42.78896171087744], [126.09011853155756, 42.7890110840431], [126.08997553797195, 42.789046599881004], [126.08982974985504, 42.789067915725795], [126.08968257380562, 42.789074825917105], [126.08953542981354, 42.789067263783735], [126.08938973755934, 42.78904530228697], [126.08924690271692, 42.789009153316606], [126.07825316422837, 42.78564437460243], [126.07821592194142, 42.7856350552573], [126.07817808006479, 42.78564152290893], [126.06831707254943, 42.78785788927721], [126.06817990309695, 42.78788209117084], [126.06804108009902, 42.787893465070624], [126.06790180059184, 42.787891912902246], [126.06776326554794, 42.78787744804968], [126.06762666952055, 42.78785019523974], [126.06749319034323, 42.78781038946664], [126.06736397897373, 42.78775837396566], [126.06724014956956, 42.78769459725351], [126.06712276988087, 42.787619609260936], [126.06082636167821, 42.78317244450944], [126.06079606494934, 42.78315322166881], [126.06076694294306, 42.78317418158589], [126.05537930433849, 42.78747241479575], [126.05526814009332, 42.787553058522846], [126.05515006604232, 42.78762319709003], [126.05502607195565, 42.787682242552165], [126.05489719722893, 42.78772969995346], [126.0547645221703, 42.787765171476444], [126.05462915894466, 42.787788359776734], [126.0544922422508, 42.787799070475565], [126.0293819908144, 42.78860977343858], [126.02934465623838, 42.78861287725725], [126.02931351898408, 42.788633709339415], [126.018462446553, 42.796718108087866], [126.01833724556798, 42.79680194911595], [126.01820426477347, 42.79687280610526], [126.0180648460701, 42.7969299640425], [126.01792039632298, 42.796972846150595], [126.01777237316516, 42.797001019708986], [126.01762227028878, 42.7970142004201], [126.01747160237228, 42.79701225527823], [126.00760451693688, 42.79638824614383], [126.00756984006911, 42.79638770112581], [126.00754919324599, 42.79641556671208], [125.99488073599387, 42.81532652141689], [125.9947913483102, 42.81544654274903], [125.99469044622224, 42.81555705992781], [125.99457903405457, 42.81565697292525], [125.99445822074341, 42.81574528726162], [125.99432920879886, 42.81582112390399], [125.99419328233576, 42.815883728015585], [125.9940517942923, 42.815932476469094], [125.99390615296363, 42.81596688404887], [125.99375780798447, 42.815986608280554], [125.99360823590015, 42.81599145283985], [125.99345892547, 42.81598136950666], [125.99331136284894, 42.81595645864498], [125.9806073848772, 42.81315368914703], [125.98056811458011, 42.81314721546611], [125.98052972163069, 42.81315770575723], [125.9513752591472, 42.822834960275536], [125.95134273064116, 42.8228474723512], [125.95131309288719, 42.82286580972547], [125.93995017330056, 42.83065269314797], [125.93992299274554, 42.83067319832562], [125.93989778945527, 42.83069609022464], [125.91962467076338, 42.8508684568136], [125.91960052130153, 42.8508949254293], [125.91958812067904, 42.85092854103137], [125.91191214473562, 42.87529919124712], [125.911859680669, 42.87544053865523], [125.91179329228432, 42.87557590538102], [125.91171365029808, 42.87570392382538], [125.91162155932683, 42.875823300628326], [125.9115179497582, 42.875932829735675], [125.91140386835129, 42.87603140458371], [125.91128046766133, 42.876118029278715], [125.9111489943955, 42.87619182865839], [125.91101077681759, 42.876252057133584], [125.91086721132861, 42.87629810622088], [125.91071974835907, 42.876329510690056], [125.91056987771545, 42.87634595326432], [125.91041911352873, 42.876347267825665], [125.90366839316448, 42.87606655490729], [125.90363274848683, 42.87606685189026], [125.90363040623873, 42.8761024207687], [125.90324457011826, 42.900419069291026], [125.90324570362218, 42.90045443644806], [125.90326588448956, 42.900483502806765], [125.90589281216339, 42.903904867133654], [125.90597754476806, 42.904027368108785], [125.90604971027575, 42.904157668694744], [125.90610859709916, 42.90429448406387], [125.90615362458536, 42.904436465149544], [125.90618434874123, 42.90458221194864], [125.90620046661157, 42.90473028732626], [125.90620181926623, 42.904879231186584], [125.9061883933674, 42.90502757487011], [125.90616032130102, 42.90517385563539], [125.90611787987142, 42.90531663108235], [125.9060614875719, 42.90545449337508], [125.90599170045822, 42.90558608312379], [125.9059092066655, 42.905710102789016], [125.90581481962299, 42.90582532947607], [125.90570947003322, 42.90593062699331], [125.90559419669479, 42.90602495705559], [125.90547013625935, 42.906107389522255], [125.8927374431357, 42.913684444158754], [125.8926159351876, 42.913749388973955], [125.89248898089058, 42.913802911090336], [125.89235765128811, 42.91384455897127], [125.89222305433567, 42.91387398125654], [125.89208632555363, 42.91389092972653], [125.89194861844739, 42.91389526139633], [125.89181109477593, 42.91388693972203], [125.88769638964642, 42.91344756539604], [125.88766314477199, 42.91344551447559], [125.88763135708352, 42.91345523861075], [125.85793189484899, 42.92400359295776], [125.85775656510127, 42.924054088891694], [125.85757640158215, 42.92408292404667], [125.84153738327346, 42.9256573304198], [125.84150353056573, 42.92566237479173], [125.841525057526, 42.925688983840566], [125.85783015060116, 42.94389824859248], [125.85785611942435, 42.94392450238805], [125.85788865109964, 42.94394197613022], [125.8622558596629, 42.94601534352293], [125.86238527367263, 42.9460847407942], [125.86250728183289, 42.94616645967821], [125.86262071481927, 42.94625971698236], [125.86272448549165, 42.94636361893002], [125.86281759931344, 42.946477169726435], [125.86289916388314, 42.94659928110242], [125.8629683974871, 42.946728782744344], [125.86302463659143, 42.94686443351035], [125.86306734220143, 42.94700493332547], [125.86309610502713, 42.94714893564154], [125.86311064940602, 42.947295060342455], [125.86311083594501, 42.94744190697122], [125.8630966628563, 42.94758806815187], [125.86306826597455, 42.94773214307781], [125.86302591745508, 42.94787275093703], [125.86297002316547, 42.94800854414586], [125.86290111879579, 42.94813822126417], [125.86281986472451, 42.948260539468365], [125.86272703968946, 42.948374326462535], [125.86262353332442, 42.94847849171381], [125.8625103376329, 42.948572036903926], [125.86238853748073, 42.94865406549715], [125.8622593001988, 42.94872379133265], [125.86212386439534, 42.94878054615902], [125.8497609200007, 42.953263338040955], [125.84973253289199, 42.953275252036384], [125.84976287822526, 42.95328044163939], [125.8621833054487, 42.95477636663175], [125.86232614186387, 42.95480061729357], [125.8624659724515, 42.95483853487346], [125.86260149272668, 42.954889765636864], [125.86273143841557, 42.95495383165002], [125.86285459724985, 42.95503013523866], [125.86296982027606, 42.95511796456367], [125.86307603257418, 42.95521650026192], [125.86317224328562, 42.95532482309011], [125.86325755485696, 42.955441922500434], [125.86333117141328, 42.955566706068005], [125.86339240618292, 42.95569800968215], [125.86344068790439, 42.95583460840643], [125.86347556615563, 42.955975227906116], [125.86349671555611, 42.95611855633651], [125.86350393880227, 42.95626325658122], [125.86349716850816, 42.9564079787261], [125.86347646783412, 42.95655137265273], [125.86344202989753, 42.95669210063369], [125.86339417597122, 42.956828849812254], [125.8633333524863, 42.9569603444501], [125.86194179862187, 42.959623135258525], [125.8618684168025, 42.959748387948096], [125.86178327121372, 42.959865960718645], [125.86168715931507, 42.959974752403056], [125.86158098127466, 42.96007374407642], [125.86146573153843, 42.96016200859909], [125.86134248951639, 42.96023871930018], [125.86121240947287, 42.960303157719935], [125.86107670971606, 42.96035472033879], [125.86093666118742, 42.96039292422979], [125.8607935755583, 42.9604174115816], [125.86064879294501, 42.96042795304976], [125.86050366935757, 42.96042444990461], [125.86035956399945, 42.96040693495602], [125.8505389920021, 42.95872766743269], [125.85050031639331, 42.958723136319016], [125.8504646143358, 42.95873868292014], [125.83446634997495, 42.96673333379403], [125.8344364379357, 42.96675007099139], [125.83442896814016, 42.96678352343553], [125.83177866808292, 42.98195255347895], [125.83174526014152, 42.98209967978933], [125.8316972417899, 42.982242705939605], [125.83163509880819, 42.982380184998306], [125.83155945986911, 42.982510726151396], [125.82182755650147, 42.99751272046883], [125.82173592047181, 42.997639060293], [125.82163165275212, 42.997755194507306], [125.82151588216387, 42.99785986582143], [125.8213898620607, 42.997951941044505], [125.82125495675942, 42.998030423353256], [125.82111262676955, 42.9980944630838], [125.80533984253957, 43.00422584433201], [125.8053104161505, 43.004238955646954], [125.80534009994078, 43.004251473296364], [125.80589523633628, 43.004454534669044], [125.80602928072929, 43.00451107849506], [125.80615721703153, 43.00458034180515], [125.80627784178296, 43.00466167305928], [125.8063900203012, 43.00475430719769], [125.80649269735517, 43.00485737283766], [125.80658490709132, 43.004969900470336], [125.80666578211914, 43.005090831580596], [125.80673456167051, 43.00521902860424], [125.80679059875592, 43.00535328562868], [125.80683336625063, 43.00549233973668], [125.80686246185309, 43.0056348828862], [125.80687761186933, 43.00577957421476], [125.8068786737875, 43.005925052652636], [125.80686563761844, 43.00606994972594], [125.80683862598966, 43.00621290242953], [125.80679789299178, 43.00635256604841], [125.8067438217884, 43.00648762680704], [125.80667692101181, 43.00661681422766], [125.80659781997839, 43.00673891308133], [125.80650726276883, 43.00685277481921], [125.80640610122879, 43.006957328376636], [125.8062952869558, 43.00705159024835], [125.80617586234791, 43.00713467373999], [125.80604895079807, 43.007205797309034], [125.80591574612679, 43.0072642919165], [125.77275630246969, 43.01994540906195], [125.77260814321518, 43.019993413134095], [125.77245580511293, 43.02002579612718], [125.7723009304053, 43.02004220894453], [125.77214518867986, 43.02004247465192], [125.77199025887091, 43.02002659038498], [125.77183781116003, 43.01999472738], [125.7425487272001, 43.01226649886081], [125.74240907136816, 43.01222225048621], [125.74227439796836, 43.01216458988064], [125.7421459915856, 43.01209406704095], [125.74202507702677, 43.012011354650646], [125.74191280763776, 43.011917241663525], [125.74181025430244, 43.0118126257782], [125.73715953235263, 43.006580017520186], [125.73706392476709, 43.00646072024444], [125.73698095683254, 43.006332310851285], [125.736911490407, 43.00619612323754], [125.73685624709691, 43.00605357209898], [125.73681580076118, 43.00590613823468], [125.73679057155007, 43.00575535316472], [125.73678082154072, 43.005602783220986], [125.73660089428456, 42.991586078982685], [125.736606238395, 42.99143886804039], [125.73662599618764, 42.99129289115634], [125.73665997711291, 42.9911495561719], [125.73670785344936, 42.99101024544922], [125.73676916346442, 42.990876302539355], [125.73684331586733, 42.99074901922471], [125.73692959551191, 42.990629623060705], [125.75157233359361, 42.97233132507526], [125.75159297413514, 42.97230280788876], [125.7515780618322, 42.97227091925279], [125.74947595786514, 42.968289552037724], [125.74941578933992, 42.96816125801798], [125.74936799549202, 42.96802785878622], [125.74933300284665, 42.96789054483318], [125.7493111236876, 42.96775054158561], [125.7493025532704, 42.96760909847026], [125.74930736807974, 42.967467477763655], [125.749325525147, 42.967326943327166], [125.74935686243357, 42.967188749328024], [125.7494011002771, 42.967054129046744], [125.7494578438871, 42.966924283871045], [125.74952658686831, 42.96680037257428], [125.74960671573982, 42.966683500974305], [125.74969751540996, 42.9665747120648], [125.75824651576906, 42.9572637555919], [125.75826961992888, 42.95723590584278], [125.75824878804062, 42.95720631795429], [125.75505371895433, 42.953120657407375], [125.75497170714915, 42.95300489487182], [125.75490099867159, 42.95288190214021], [125.7548422260294, 42.952752779418134], [125.7547959149609, 42.95261868174566], [125.75476247973197, 42.952480808665285], [125.7547422194304, 42.952340393491575], [125.75473531529047, 42.952198692278884], [125.7547418290717, 42.95205697258554], [125.75476170250643, 42.9519165021352], [125.75479475782103, 42.95177853747666], [125.75484069932617, 42.951644312743724], [125.75489911606178, 42.95151502861543], [125.75496948547327, 42.95139184157572], [125.75980099628208, 42.94379246341242], [125.75981889312625, 42.94376095871571], [125.75980224421845, 42.94372877709356], [125.75548480717059, 42.93631131119412], [125.75546480856242, 42.936280583741855], [125.75542974180843, 42.93626988591905], [125.74625365021915, 42.93396332737749], [125.74611534089286, 42.933921381515376], [125.74598171052718, 42.93386631927371], [125.74585399974198, 42.93379865184851], [125.74573339419995, 42.933719007461896], [125.7456210135989, 42.93362812552971], [125.74551790127663, 42.93352684979677], [125.74542501452447, 42.933416120503615], [125.74534321569995, 42.93329696565732], [125.74527326422063, 42.93317049148751], [125.74521580951371, 42.933037872176165], [125.74517138498679, 42.93290033895656], [125.74089235236735, 42.91708496069811], [125.74086154459532, 42.91694481600636], [125.74084426876992, 42.91680236882562], [125.74084068298147, 42.91665892268393], [125.7408508200434, 42.91651579025078], [125.74087458719187, 42.91637428132492], [125.74091176693472, 42.91623569084846], [125.74096201904173, 42.916101287056904], [125.74383758507356, 42.90940556498862], [125.74385007885579, 42.90937206269285], [125.74383542741471, 42.90933944622958], [125.73815979729787, 42.89819072341814], [125.73809984424828, 42.89805722067392], [125.738053186155, 42.897918511001585], [125.73802026714813, 42.89777591475389], [125.73800140057787, 42.89763078927923], [125.73799676603176, 42.89748451600125], [125.7380064076252, 42.89733848726934], [125.73803023358161, 42.897194093105085], [125.7380680171059, 42.89705270797093], [125.73811939854343, 42.89691567768688], [125.73818388880339, 42.8967843066199], [125.73826087401446, 42.896659845267884], [125.73834962136804, 42.89654347835635], [125.73844928609384, 42.89643631356129], [125.74102033871561, 42.89392902486635], [125.74104382482045, 42.893903822935776], [125.74102472389133, 42.89387515433036], [125.73556870713222, 42.8864780095147], [125.73548483393913, 42.88635133466192], [125.7354142045412, 42.886216825483814], [125.73535754347773, 42.886075861819236], [125.73531543199631, 42.885929889719236], [125.73528830209021, 42.88578040661303], [125.7352764320668, 42.885628945946884], [125.73527994369265, 42.88547706145351], [125.73609618728364, 42.87443387606162], [125.73611046939276, 42.87431045515291], [125.73613491665188, 42.87418863959205], [125.73616936133435, 42.874069265125776], [125.7423886869113, 42.8554478668477], [125.7423989758956, 42.85541076601931], [125.74239742265442, 42.855372296263674], [125.74172378017971, 42.848084076517964], [125.74171748469296, 42.847931418771516], [125.7417267511492, 42.847778912530686], [125.74175148340782, 42.84762814006607], [125.74179142486867, 42.84748066566012], [125.74184616113428, 42.84733801937756], [125.74191512430932, 42.84720168119071], [125.74199759889254, 42.847073065624684], [125.74209272920022, 42.84695350708144], [125.74219952824399, 42.84684424599524], [125.7423168879709, 42.846746415963025], [125.74244359075966, 42.84666103198313], [125.7425783220536, 42.84658897992462], [125.75727055713577, 42.839669749739535], [125.75730181788283, 42.83965309921904], [125.75729140520933, 42.83961924585317], [125.75377056698743, 42.829903822100434], [125.75372741584913, 42.82976372752245], [125.75369814535209, 42.8296200899594], [125.75368303504274, 42.829474281214566], [125.75368222923132, 42.82932769382703], [125.75369573561369, 42.82918172777224], [125.75372342519782, 42.82903777709163], [125.75376503353573, 42.82889721657892], [125.7538201632491, 42.82876138865021], [125.7538882878244, 42.82863159052326], [125.75862571534937, 42.820586952650224], [125.7587052652517, 42.82046568570884], [125.75879615455361, 42.820352668042815], [125.75889753358722, 42.82024895618438], [125.75900845462266, 42.82015551967154], [125.75912788072779, 42.82007323198445], [125.75925469546185, 42.82000286237979], [125.78698156145362, 42.80632649367402], [125.78701368829454, 42.80630861007908], [125.78703340060221, 42.80627757168652], [125.78988605916453, 42.80125018698094], [125.78996539316596, 42.801125178762234], [125.79005666458261, 42.801008600603794], [125.79015898419, 42.80090158828455], [125.79027135512509, 42.80080518438695], [125.79039268259838, 42.8007203281394], [125.79052178456006, 42.8006478462657], [125.81089065340282, 42.79050012221013], [125.81091830453573, 42.7904848570803], [125.81094290264579, 42.79046522429518], [125.83574129158677, 42.76891095733057], [125.83586609504009, 42.76881355013436], [125.83600046980598, 42.768729839405516], [125.83614291900547, 42.768660757646714], [125.83629185581373, 42.768607074400016], [125.8441741920495, 42.76622780855107], [125.8442059495389, 42.76621646700453], [125.84417820716833, 42.766197295940586], [125.82982022650721, 42.75729873330755], [125.82978993682138, 42.75728189296944], [125.82975859168577, 42.75729667622073], [125.82097959912923, 42.76195787569281], [125.82084876182734, 42.76201945211162], [125.82071260329037, 42.76206814407943], [125.8205723888883, 42.76210349908434], [125.82042942168374, 42.76212518855966], [125.82028503032205, 42.76213301093732], [125.82014055668384, 42.76212689352118], [125.8199973434143, 42.76210689316257], [125.81985672144556, 42.76207319573198], [125.8197199976279, 42.76202611439168], [125.81958844258466, 42.76196608668542], [125.81946327890394, 42.76189367047214], [125.81934566977657, 42.76180953874162], [125.81923670818627, 42.76171447336013], [125.81913740675206, 42.76160935780427], [125.81193116491825, 42.75320407264396], [125.81183580952377, 42.75308035600456], [125.81175383669118, 42.75294739393163], [125.81168613531413, 42.75280662823386], [125.81163343953007, 42.75265958534059], [125.81159632075935, 42.75250785974953], [125.81157518150901, 42.75235309673646], [125.81157025100799, 42.752196974514206], [125.81158158272144, 42.75204118603455], [125.81207533985392, 42.7481021768968], [125.81207793966283, 42.7480674632565], [125.81204423198135, 42.74807615739555], [125.79621711220031, 42.75301323366083], [125.79607548661824, 42.75304993794486], [125.79593095896037, 42.753072670434236], [125.79578490416714, 42.753081214867116], [125.7956387117071, 42.75307548995743], [125.79549377235851, 42.75305555016818], [125.79535146497837, 42.753021585193295], [125.79521314338484, 42.752973918153074], [125.79508012347794, 42.75291300252017], [125.78394893774674, 42.747143036902024], [125.78391767045014, 42.747128629901916], [125.78388326212256, 42.747129757948024], [125.76903290334587, 42.74830877407221], [125.76887399266862, 42.74831294065785], [125.76871553342048, 42.74830026665038], [125.76855930527235, 42.748270894392796], [125.7684070628374, 42.748225153767706], [125.76826051596487, 42.74816355849242], [125.75646700753548, 42.74245346551497], [125.75643261604786, 42.74243890322305], [125.7563952686691, 42.74243899306931], [125.7316606222424, 42.74374554291447], [125.73151598699614, 42.74374619994927], [125.73137196085561, 42.743732923767475], [125.7312298829302, 42.74370583780681], [125.73109107421536, 42.74366519390394], [125.71688623662713, 42.73875084460881], [125.71685200909735, 42.73874082496054], [125.71681788316138, 42.73875118534827], [125.70778990623661, 42.74197566473837], [125.70764551261995, 42.74201918683923], [125.70749747860788, 42.74204798998257], [125.70734730057356, 42.74206178301739], [125.70719649656264, 42.742060426519465], [125.70704659094827, 42.74204393420069], [125.70689909902237, 42.742012472770476], [125.70675551167854, 42.74196636025061], [125.68640103969713, 42.73428085281905], [125.68636662094251, 42.73426973148401], [125.686330703746, 42.73426545482973], [125.66830621002467, 42.733001539123684], [125.6682703952379, 42.733000764745285], [125.66823833204072, 42.73301674129035], [125.65759452419002, 42.738979704793024], [125.65745101826828, 42.73905032677818], [125.65730080857587, 42.73910526731578], [125.65714560292454, 42.73914390175843], [125.65698716592766, 42.73916579085117], [125.65682729893742, 42.739170685725554], [125.6484261012497, 42.738979690221655], [125.64828366781947, 42.73896965433833], [125.64814283395114, 42.73894612090397], [125.6480048757874, 42.73890930316288], [125.64787104341322, 42.7388595347329], [125.6477425495284, 42.738797266582395], [125.64762055845894, 42.73872306294385], [125.64750617560662, 42.7386375962012], [125.64740043743267, 42.73854164079714], [125.64730430206595, 42.7384360662156], [125.6472186406211, 42.738321829103114], [125.6471442293051, 42.73819996460028], [125.64485778082995, 42.7340203006603], [125.64479369690181, 42.73388817734661], [125.64474283894172, 42.73375042108446], [125.64470569435701, 42.733608352088226], [125.64468261913014, 42.73346333190421], [125.6446738344071, 42.733316750362036], [125.64467942437804, 42.73317001225488], [125.64469933547036, 42.733024523876416], [125.64473337686218, 42.73288167954328], [125.64478122231108, 42.732742848232384], [125.64484241328073, 42.73260936046104], [125.6449163633354, 42.732482495535706], [125.6450023637601, 42.732363469291464], [125.64509959035276, 42.732253422439875], [125.6452071113231, 42.73215340963669], [125.66119381914257, 42.718680661966005], [125.66131692388977, 42.71858732009868], [125.66144897660274, 42.71850713553669], [125.66158857649663, 42.71844095885946], [125.66173424272783, 42.718389492053966], [125.66188443010246, 42.718353281068254], [125.67384610095816, 42.71611390795819], [125.67388131181572, 42.716105473432584], [125.67388617239205, 42.71606959418339], [125.67475084390831, 42.70587421361831], [125.67475209361979, 42.705838339216314], [125.67471792146705, 42.70582734838084], [125.66903901916784, 42.70430814574768], [125.66890863354165, 42.704266809725176], [125.66878255540868, 42.704213768395434], [125.66866183312702, 42.70414946280484], [125.66854747052002, 42.70407442766377], [125.66844041852947, 42.703989286900374], [125.66834156730829, 42.70389474847251], [125.66825173881878, 42.703791598481004], [125.65950213351942, 42.692767310649856], [125.65941429748719, 42.692644402621944], [125.65933926952388, 42.69251328299486], [125.65927781063156, 42.69237528170342], [125.65923054418235, 42.69223179848258], [125.65919794959567, 42.69208428867001], [125.65918035747555, 42.69193424844476], [125.65917794625733, 42.69178319965161], [125.65919074039776, 42.69163267436518], [125.65921861012701, 42.69148419935019], [125.65926127276488, 42.69133928057565], [125.65931829558798, 42.691199387939925], [125.65938910021883, 42.6910659403617], [125.65947296849231, 42.69094029138802], [125.66389232369924, 42.684991523918974], [125.66391280351709, 42.684960820902816], [125.66389756808648, 42.68492720573064], [125.65949085723614, 42.67638416349008], [125.65942689731216, 42.67624262741384], [125.65937791590113, 42.67609523625357], [125.65934443815632, 42.675943570260834], [125.65932682300875, 42.67578925551971], [125.6593252593189, 42.67563394651281], [125.65933976385183, 42.67547930838273], [125.66216778682698, 42.656155621253845], [125.66217120374077, 42.656120624507984], [125.66214681331437, 42.6560952955796], [125.6593149811327, 42.65342375578557], [125.65921409623276, 42.65331887665965], [125.65912384911944, 42.65320471513975], [125.65904508921437, 42.65308234573408], [125.6589785578196, 42.65295292020492], [125.65892488114024, 42.65281765672802], [125.65888456439062, 42.65267782842692], [125.65885798703903, 42.65253475139008], [125.65884539923617, 42.65238977228362], [125.65884691946064, 42.6522442556763], [125.65886253340383, 42.652099571195905], [125.65889209410457, 42.651957080638105], [125.65893532333236, 42.65181812514899], [125.65899181420613, 42.65168401260197], [125.6590610350239, 42.651556005287816], [125.65914233426719, 42.6514353080338], [125.65923494673329, 42.651323056863596], [125.65933800073746, 42.6512203083049], [125.65945052631736, 42.65112802944514], [125.6595714643625, 42.651047088829095], [125.65969967658285, 42.650978248284034], [125.66581757910889, 42.6480664307329], [125.66584820840981, 42.648050011163114], [125.66584577574723, 42.6480153436207], [125.66509033017887, 42.64163872385192], [125.66508009550576, 42.641485640335695], [125.66508555179912, 42.64133231212454], [125.66510664197567, 42.64118034332535], [125.66514314539174, 42.64103132382298], [125.66519468015164, 42.640886812646954], [125.66526070710306, 42.640748321661114], [125.66534053547754, 42.64061729974653], [125.66543333011732, 42.6404951176435], [125.66553812021267, 42.64038305361096], [125.66565380945838, 42.64028228005341], [125.66577918752326, 42.640193851255376], [125.67597949594371, 42.633754519419206], [125.67601044369708, 42.633732688497396], [125.6760267134971, 42.633698488406935], [125.68052613095686, 42.622838970729354], [125.68058645770036, 42.62271083669003], [125.6806586000548, 42.62258896327739], [125.68074191490642, 42.62247443693321], [125.68083565954413, 42.62236827860375], [125.68093899828041, 42.62227143463854], [125.68105100990103, 42.62218476835409], [125.68117069587723, 42.62210905233787], [125.68129698926718, 42.622044961561095], [125.68797774066493, 42.61904239734789], [125.6880090296401, 42.61902640689648], [125.68798628088594, 42.61899962651772], [125.68105038955667, 42.611617587696614], [125.68095334770109, 42.61150336857734], [125.68086818855792, 42.611380035494676], [125.6807957623231, 42.61124881975837], [125.68073679207211, 42.61111103137555], [125.6806918665411, 42.61096804597208], [125.68066143424917, 42.61082129105887], [125.68064579902057, 42.61067223178016], [125.68064511695134, 42.61052235628608], [125.68065939485102, 42.61037316087555], [125.68068849017457, 42.61022613505778], [125.68073211244555, 42.61008274668162], [125.6807898261561, 42.60994442728111], [125.68086105511486, 42.609812557783584], [125.68242271921021, 42.607237922383156], [125.68250416641985, 42.60711726536392], [125.68259692595385, 42.60700507163368], [125.68270012415078, 42.60690239789605], [125.68281278903206, 42.60681021118997], [125.68293385945651, 42.60672937978164], [125.68306219511486, 42.606660664986684], [125.68319658726976, 42.606604713999644], [125.68333577014039, 42.606562053798356], [125.68347843282426, 42.60653308618057], [125.70010141896483, 42.603990451154054], [125.70024962266075, 42.60397526641823], [125.70039860166882, 42.60397485796385], [125.70054688639978, 42.60398922982006], [125.70069301411293, 42.60401824021706], [125.7008355433453, 42.60406160298452], [125.7009730681308, 42.60411889037456], [125.70110423186922, 42.60418953728112], [125.7012277407083, 42.60427284681452], [125.7013423763068, 42.60436799717574], [125.70144700785272, 42.604474049763084], [125.70154060321812, 42.60458995843084], [125.70162223914036, 42.604714579808956], [125.70169111032965, 42.60484668458166], [125.70174653741266, 42.60498496961394], [125.70178797363418, 42.60512807080621], [125.70181501025056, 42.60527457655033], [125.70182738056161, 42.60542304165427], [125.70182496254162, 42.60557200159809], [125.70156347737702, 42.60953346805823], [125.70156291896481, 42.60956887361906], [125.70159808174621, 42.609564696972036], [125.72755770356802, 42.60515216954294], [125.72758935464073, 42.605145176548966], [125.72756203573627, 42.60512773035087], [125.7092057943767, 42.59463594828822], [125.70907775010157, 42.594553882084845], [125.70895867403598, 42.59445927189124], [125.70884979029239, 42.594353090308516], [125.70875221820525, 42.59423642889269], [125.70866696082422, 42.59411048693341], [125.70859489460268, 42.59397655912508], [125.70853676038773, 42.593836022257385], [125.701379869964, 42.57370039567164], [125.70136677523362, 42.57366842618896], [125.70133319427762, 42.57366031205491], [125.69029397198253, 42.57153911739145], [125.69015210595808, 42.57150462245953], [125.69001426545115, 42.5714564990362], [125.68988175632407, 42.5713952030293], [125.68975583393116, 42.571321315140004], [125.68963769122587, 42.57123553536147], [125.68952844745905, 42.57113867634725], [125.67609551456798, 42.55800679571184], [125.67599624424268, 42.55789982210148], [125.6759078391188, 42.55778370799868], [125.67583113601766, 42.557659552511204], [125.67576686099208, 42.55752853086458], [125.67571562245377, 42.557391883277745], [125.67567790541422, 42.5572509032234], [125.67565406689373, 42.557106925184314], [125.6756443325419, 42.55696131202148], [125.67564879450175, 42.55681544207354], [125.67566741053746, 42.556670696109826], [125.67648929994608, 42.552064549372425], [125.67649397203982, 42.55202758542375], [125.67647031915614, 42.55199879822083], [125.66568197927982, 42.540151431346786], [125.66565668077656, 42.540126269369146], [125.66562542248323, 42.5401434757194], [125.64766418390548, 42.55122123225032], [125.64753826648939, 42.55129078876408], [125.64740626523181, 42.55134796369105], [125.64726939415146, 42.55139223119207], [125.64712891205501, 42.55142318413784], [125.64698611095965, 42.55144053785339], [125.64684230421051, 42.551444132736165], [125.64669881440174, 42.55143393572395], [125.64655696121257, 42.55141004059891], [125.6464180492702, 42.551372667125094], [125.63553628387304, 42.547877458956435], [125.63540023315389, 42.54782636528393], [125.63526976540845, 42.54776234552957], [125.6351461053149, 42.54768600063573], [125.63503041364922, 42.54759804723875], [125.63492377638907, 42.54749931094199], [125.63482719452003, 42.54739071856601], [125.6347415746394, 42.547273289448704], [125.63466772044625, 42.547148125876916], [125.6346063251971, 42.547016402739494], [125.6345579651986, 42.54687935649878], [125.63452309439766, 42.546738273584175], [125.63450204012051, 42.54659447831665], [125.634495, 42.54644932047755], [125.634495, 42.53855808244469], [125.63449300181149, 42.538519762835165], [125.63446895534226, 42.53848986045166], [125.6236791150079, 42.52641786176778], [125.62365515685943, 42.526393430151494], [125.62362196486052, 42.526385310910385], [125.6158573762298, 42.52485929897096], [125.61571498816221, 42.5248240041715], [125.61557672866623, 42.52477496952632], [125.6154439201223, 42.524712664026396], [125.61531783277537, 42.52463768359158], [125.61519967258563, 42.524550745370874], [125.61509056969406, 42.52445268088336], [125.61499156761334, 42.52434442806504], [125.61490361324708, 42.524227022298085], [125.61482754783326, 42.524101586507825], [125.61476409889814, 42.52396932042264], [125.61471387329792, 42.523831489099116], [125.61467735141447, 42.52368941082249], [125.6146548825607, 42.52354444449789], [125.61464668163953, 42.523397976653115], [125.61465282708855, 42.52325140817725], [125.61467326012969, 42.52310614092186], [125.61470778533153, 42.522963564293], [125.61475607247839, 42.52282504196228], [125.61648039557119, 42.51856163707678], [125.61649158571736, 42.51852959231407], [125.61645772345302, 42.518527261382445], [125.60061592863688, 42.51820471062281], [125.60046243915525, 42.518193690337256], [125.6003108864651, 42.518167002329236], [125.60016286560578, 42.51812492748076], [125.60001993444538, 42.518067908614974], [125.59988359728467, 42.51799654583562], [125.59975528902487, 42.517911590211135], [125.58637532599172, 42.50802911943493], [125.58626326126877, 42.50793767902914], [125.58616052437334, 42.50783587048205], [125.58606807052342, 42.507724640380104], [125.58598675932821, 42.50760502290866], [125.58591734679568, 42.507478130236414], [125.58586047830352, 42.50734514217476], [125.58581668259853, 42.50720729520828], [125.58578636688054, 42.50706587099825], [125.58576981301633, 42.50692218446609], [125.58417339471175, 42.48294097308352], [125.58416931781471, 42.48290553287756], [125.58415224549077, 42.48287420932323], [125.57706608642478, 42.471240333402825], [125.57699662665723, 42.47111277893424], [125.5769398287321, 42.47097910471286], [125.57689622515645, 42.470840563996994], [125.5768662247342, 42.470698455670615], [125.57382226590397, 42.45179092063122], [125.57381404507976, 42.45175275784426], [125.573794395112, 42.45171902567799], [125.56290136450106, 42.43509360743297], [125.56287882161534, 42.4350628181875], [125.5628415105383, 42.43505481550883], [125.54476834036235, 42.43215081643021], [125.54459202640015, 42.432111468456704], [125.54442172134213, 42.43205121015019], [125.51766453588294, 42.420727965666615], [125.5175173998675, 42.42065598882065], [125.47930417294208, 42.399301890400984], [125.47926397841, 42.399282485599876], [125.47922175530047, 42.399268016469], [125.45386333599586, 42.392240949405526], [125.45371690892978, 42.392192132431994], [125.45357627370048, 42.39212852649777], [125.4534429194152, 42.39205080509027], [125.45331825808734, 42.391959791157696], [125.45320360968547, 42.3918564483953], [125.45310018815697, 42.3917418710414], [125.45300908857412, 42.39161727229103], [125.45293127553909, 42.3914839714502], [125.45015295986879, 42.38610675991395], [125.4501335722759, 42.386073599219785], [125.45009843395606, 42.3860580812015], [125.43952921012804, 42.38203492526433], [125.43948954056985, 42.38202231468704], [125.43944806192773, 42.3820188185816], [125.41194276855649, 42.381243979449216], [125.41190840990714, 42.38124460501956], [125.41187795890139, 42.38126053123575], [125.40707122343306, 42.38406562214811], [125.40694277654039, 42.38413248751203], [125.40680848059513, 42.38418665558584], [125.4066695872105, 42.38422762153318], [125.406527390847, 42.38425500355902], [125.40638321674825, 42.38426854646799], [125.40623840859003, 42.38426812404271], [125.40609431595739, 42.38425374022009], [125.40595228176686, 42.38422552905469], [125.40581362975065, 42.384183753469316], [125.40567965211974, 42.38412880280464], [125.36499925387508, 42.365100747865185], [125.36497157768456, 42.365089131270985], [125.3649430595799, 42.365079769942085], [125.3434197871185, 42.35895899566289], [125.343276089413, 42.35891014818825], [125.34313806344629, 42.35884702973721], [125.34300712230409, 42.358770286505425], [125.3428846065389, 42.35868070417667], [125.34277177044568, 42.35857919987916], [125.34266976922062, 42.35846681279613], [125.3425796471344, 42.358344693526874], [125.3425023268412, 42.35821409230711], [125.34243859993263, 42.358076346209266], [125.33537212698374, 42.3405220936941], [125.33535647533242, 42.34048824631714], [125.33532641727133, 42.34046617524812], [125.31652049856973, 42.32806608800292], [125.31648621623278, 42.32804602683135], [125.31644735602569, 42.32803780408754], [125.29840170348416, 42.325217469211026], [125.29824711140543, 42.32518488708457], [125.29809680377596, 42.3251362257828], [125.2979524480288, 42.32507202512837], [125.29781564556998, 42.324992997329275], [125.29768791401338, 42.32490001907796], [125.28564383595858, 42.3151224095745], [125.28561428822114, 42.315100757365826], [125.28557800102946, 42.31509574471529], [125.28276108607054, 42.31484790376059]], [[128.08979512277315, 44.12888317666453], [128.06968200270188, 44.11705726820356]], [[128.07151857615293, 44.265716015188005], [128.06475558262258, 44.26204761196218], [128.06462454260765, 44.261967593084414], [128.06450236907594, 44.26187459773792], [128.0643903421078, 44.26176960028688], [128.0642896354723, 44.2616537008482], [128.06420130432915, 44.261528113765024], [128.06412627417296, 44.261394154883334], [128.06406533113667, 44.26125322776514], [128.06401911375443, 44.26110680898255], [128.06398810627158, 44.26095643264689], [128.06397263357087, 44.260803674335016], [128.06397285776836, 44.260650134581034], [128.06441270149574, 44.252305738410186], [128.0644282586271, 44.252155351156226], [128.06445887548324, 44.252007293874726], [128.06450424101942, 44.251863070719104], [128.064563894355, 44.2517241468909], [128.06463722945583, 44.25159193375436], [128.06472350129104, 44.25146777449802], [128.06482183340208, 44.251352930488906], [128.06493122680675, 44.25124856845795], [128.06505057014826, 44.25115574864689], [128.06517865098573, 44.25107541403695], [128.06531416811183, 44.251008380768866], [128.0654557447718, 44.25095532985151], [128.06560194265066, 44.250916800243296], [128.0657512764851, 44.25089318337681], [128.07125416698892, 44.25030528293596]], [[128.10098848506922, 44.136118197814405], [128.10146059798353, 44.13578167087023], [128.10148782929187, 44.135760139196194], [128.10145881587238, 44.13574107670287], [128.09993367216842, 44.134844338167575]], [[128.46439774542193, 44.18151325282932], [128.46262505412776, 44.18662528277357], [128.46257735650042, 44.1867457515734], [128.4625194406123, 44.186861654745435], [128.46245173858787, 44.186972127508014], [128.4536354335028, 44.20005419871315]], [[128.5124673651055, 44.119288585994575], [128.5072115188139, 44.121516079888174]], [[128.54791257129023, 44.07784520566942], [128.54172221892415, 44.08479528450785]], [[128.64196094057186, 43.8909883030749], [128.63652274029866, 43.89125425216077], [128.6364883772626, 43.891257580834925], [128.6364803726264, 43.891291163927555], [128.63378175960736, 43.905609631343744]], [[129.08786293530852, 43.54756735626049], [129.0678326445939, 43.54498349146681]], [[129.21737390877246, 43.75790870264011], [129.2210812373186, 43.74295615623305]], [[129.21944913301016, 43.67653895605226], [129.21902422626354, 43.671123042892795]], [[130.1230195432447, 43.8781599578086], [130.11744214998524, 43.87808916896533], [130.11729829870572, 43.878080419384034], [130.1171559510441, 43.878057905188044], [130.11701642101139, 43.87802183420586], [130.11688099660904, 43.877972539408646], [130.11675092793942, 43.877910475836586], [130.11662741566624, 43.87783621639841], [130.11651159993102, 43.87775044658283], [130.11640454982862, 43.877653958130864], [130.1163072535383, 43.87754764172724], [130.11622060920197, 43.877432478778466], [130.11614541663332, 43.877309532353514], [130.11608236993482, 43.877179937370606], [130.11603205109043, 43.87704489012078], [130.11599492459328, 43.876905637224944], [130.115017247604, 43.87237413050142]], [[130.4110508771534, 43.65564589151436], [130.41004697810598, 43.657336615775634]], [[130.517792033726, 43.63323362107757], [130.5019793338181, 43.636616654483156], [130.50194595842416, 43.63662544636076], [130.50192485348495, 43.63665275561911], [130.48874776278424, 43.65546074302802], [130.48866127323157, 43.655572580196235], [130.48856463861352, 43.65567577780042], [130.48845871738888, 43.65576941907916], [130.4883444505145, 43.65585267216517], [130.4882228530862, 43.65592479747521], [130.48818622997294, 43.65594208721123]], [[130.84282831774684, 43.453061607491726], [130.8405013745704, 43.45490333360876], [130.8404753565313, 43.45492597260905], [130.84046226565667, 43.45495788015798], [130.83796105748837, 43.46196637797436]], [[131.28917996010227, 43.469038782536494], [131.26962742272488, 43.46853614198289], [131.26958324410225, 43.46853762389289], [131.26953955026244, 43.468544316808064], [131.25610016744557, 43.47142608680665]]]}, "properties": {"kind": "regime_border", "name": "辽", "province": "上京道"}}, {"type": "Feature", "geometry": {"type": "MultiLineString", "coordinates": [[[97.32881931546206, 42.52938530398085], [97.18805354383217, 42.769162443477484]], [[97.83118114984502, 41.68348246689335], [97.50081906482468, 42.243857408817874], [97.50080882138764, 42.24387452307785], [97.37566407940812, 42.449840582018574]], [[98.13691122863851, 41.00488722925538], [97.97196360035194, 41.09794829990876], [97.97193487549166, 41.09796626801223], [97.97190997077303, 41.097989034769455], [97.62945786898749, 41.44052012504567], [97.62943349813962, 41.44054700348477], [97.62941791764655, 41.44057976988438], [97.62843164203231, 41.442944886879935]], [[98.34354266289633, 40.589556368989406], [98.33325877023661, 40.91793680159695], [98.33324656143607, 40.91808648057593], [98.33321944714345, 40.9182341886214], [98.3331776991386, 40.91837844518329], [98.33312173588222, 40.91851780430748], [98.33305211832139, 40.918650869129216], [98.33296954426703, 40.91877630587466], [98.33287484139933, 40.91889285722989], [98.33276895897146, 40.91899935494362], [98.33265295829486, 40.91909473153712], [98.3325280021011, 40.9191780310041], [98.33239534288728, 40.919248418393224], [98.33225631036164, 40.919305188177226], [98.33211229811528, 40.91934777132477], [98.26375250956873, 40.935889699614556]], [[98.625298768108, 40.681143269849805], [98.6280107901887, 40.67792572255846], [98.62803206494343, 40.67789775284919], [98.62799995402187, 40.67788347669683], [98.52409022855447, 40.63778750006075]], [[98.68767116577068, 40.69758496770514], [98.66887253267365, 40.77137870342097], [98.6688289598541, 40.771520163647175], [98.66877165699458, 40.77165664063604], [98.66870118208705, 40.77178680543008], [98.66861822138753, 40.771909390537395], [98.66852358273364, 40.772023202274006], [98.66841818767814, 40.77212713238743], [98.66830306251529, 40.772220168848435], [98.66817932828715, 40.772301405705754], [98.6680481898674, 40.77237005190786], [98.66791092422869, 40.77242543900592], [98.6677688680081, 40.77246702766286], [98.66762340449137, 40.772494412905246], [98.66747595014316, 40.77250732806669], [98.66732794081403, 40.7725056473846], [98.66718081775873, 40.77248938722478], [98.6670360136018, 40.77245870592207], [98.59143433398805, 40.75249646898512]], [[98.7808878673571, 40.62208480398659], [98.73297169197923, 40.651194246886206]], [[98.79764604084797, 40.68657588809698], [98.80722208800759, 40.65934287613136], [98.80723225821029, 40.659308827385935], [98.80722896876352, 40.659273444768324], [98.80380880784465, 40.63510351864378]], [[99.01962144529863, 40.72836962069678], [98.99568551976826, 40.766059513532795]], [[99.08308196419502, 40.6817863800467], [99.060483944748, 40.688283572500616]], [[99.15257724882102, 40.73340756297112], [99.12601701478695, 40.71541590552507], [99.12588914528057, 40.71531891776271], [99.12577236990133, 40.71520882349621], [99.12566802545416, 40.71508688304739], [99.12557730643891, 40.714954492349136], [99.12061624278637, 40.706812202360524]], [[99.17464470228853, 40.843117136064585], [99.17345229715146, 40.76681420987686]], [[99.49982957620985, 39.89196543973247], [99.50555638331385, 39.89108341703667]], [[99.5087542525731, 39.87737036472335], [99.50770664689031, 39.877302570131754]], [[99.65361332314737, 39.8867447521374], [99.55662485924286, 39.88046825573486]], [[99.608498719588, 39.92535025942113], [99.71369472273906, 39.97199988255146], [99.71384277298878, 39.972075620179766], [99.7139815296124, 39.97216728077211], [99.71410928713281, 39.97227373771534], [99.72206078521896, 39.97968376192081]], [[99.95231882242777, 40.91222247319135], [99.6929676360854, 40.9314549577547]], [[99.8897040267319, 39.799030147905704], [99.87708817109561, 39.810399335116536]], [[99.89588874073789, 40.04173210569633], [99.91164320329995, 40.05296035849352]], [[100.25111770048083, 39.68377502968695], [100.25044959604973, 39.68458853356751], [100.25035614029917, 39.684692106739824], [100.25025346655721, 39.68478654974935], [100.25014246290057, 39.68487104571109], [100.25002408945561, 39.684944863777055], [100.24989937009366, 39.68500736545776], [100.24976938357507, 39.68505801014477], [100.2496352542185, 39.68509635978679], [100.24949814217608, 39.68512208267851], [100.12785642107013, 39.70213148767297], [100.12781773549969, 39.70213900759896], [100.12778334772631, 39.702158258668675], [100.10077569651514, 39.71921941519254]], [[100.18324240872073, 40.555734055897666], [100.23024080384513, 40.60557225464861]], [[100.48074722392833, 39.48280417368643], [100.44319677856473, 39.48557355004222], [100.44310401691817, 39.485586257025076], [100.34581916823093, 39.50517103143323]], [[100.59926921448594, 39.38941301642317], [100.51897172738549, 39.398310581716025]], [[100.84251193411154, 39.2874961627117], [100.84209763328548, 39.38573897832235]], [[100.84369154885574, 39.088143394156496], [100.86362410350522, 39.10638094358688], [100.86372545058998, 39.10648302072054], [100.86381655418052, 39.10659433607707], [100.8638965764893, 39.106713866001805], [100.86396478163215, 39.10684051129898], [100.86402054239538, 39.10697310733999], [100.86406334600372, 39.10711043477323], [100.86409279883567, 39.1072512307373], [100.86410863004336, 39.107394200474204], [100.86411069404319, 39.107538029235975], [100.86409897185466, 39.10768139437506], [100.86407357127484, 39.10782297750736], [100.85919777734202, 39.12907915035604]], [[100.9516326314982, 39.00547287758005], [100.91963050293347, 39.021219611223465]], [[101.20307256073438, 39.01023739030802], [101.11720569809944, 38.97516517239744], [101.11717046793203, 38.975152797148375], [101.11713417893718, 38.975143998265295], [101.0889497418336, 38.96978456710993]], [[101.32418314012848, 38.81224140403024], [101.32423529991986, 38.81227149849327]], [[101.39287843454179, 38.76731490514294], [101.35097422949978, 38.77406481206046]], [[101.58772534832836, 38.674333554050506], [101.5701019971168, 38.698202510621115]], [[101.75513017057807, 38.66732690721528], [101.67959837642472, 38.69075994061604], [101.6794458224754, 38.69079862446222], [101.67929005504578, 38.69082111124229], [101.67913278890316, 38.690827153410325], [101.67897575531345, 38.69081668445104], [101.67882068298246, 38.69078981961209], [101.6786692790255, 38.69074685463532], [101.67852321017456, 38.690688262501105], [101.64371289546281, 38.674556279177885]], [[101.84538473609572, 38.71240076071215], [101.79233165291588, 38.67214452501658]], [[101.87787786330892, 39.10589520051669], [101.85382818258869, 39.09958393019183]], [[101.9913731708679, 39.12355887987363], [101.91729160679081, 39.11368861014605]], [[102.05447035968871, 38.87885389181616], [102.0149438366387, 38.8543545043528]], [[102.08859438767655, 39.14981519586596], [102.08717475280655, 39.14950854372184]], [[102.30714754330879, 39.20470549897165], [102.30138032807082, 39.20130476702337]], [[102.56702144104992, 39.19011103929101], [102.45416534799293, 39.254923613049], [102.45403976997939, 39.254988072778836], [102.45390868881292, 39.25504044282798], [102.45377326528387, 39.25508025943302], [102.45363469863649, 39.255107169997665], [102.45349421594892, 39.25512093621517], [102.45335306126677, 39.25512143617869], [102.45321248458657, 39.255108665460796], [102.45307373078629, 39.25508273715268], [102.3739075805094, 39.23639578002423]], [[102.81698266729711, 39.13322275694166], [102.74131823909572, 39.14860053161995]], [[102.9934630020335, 39.1028031295769], [102.96247387028953, 39.10546577525629]], [[103.11680202854929, 39.18026007250404], [103.06848902151837, 39.14334260016247]], [[103.37167786941953, 37.97775794717393], [103.36816141117572, 37.98559343209247], [103.36814712152535, 37.985630448032865], [103.36814522412428, 37.98567008102195], [103.36822597989655, 38.000111951534926]], [[103.4071856185402, 39.348039528074274], [103.37110294876277, 39.338806632821296]], [[103.50298650976492, 37.83321831810511], [103.42096772645304, 37.85647813947677]], [[103.50513198962558, 38.14460429305165], [103.53374708345426, 38.15626948115761], [103.53388284221055, 38.156332906805176], [103.53401159551932, 38.15640956082112], [103.53413205852253, 38.15649867825789], [103.53424302909296, 38.156599369792666], [103.5343433998305, 38.15671063060214], [103.53443216911315, 38.15683135038982], [103.53450845109236, 38.15696032446599], [103.53457148453327, 38.15709626576953], [103.53462064041106, 38.15723781771179], [103.53465542818826, 38.15738356771431], [103.53467550070985, 38.157532061305275], [103.53468065766768, 38.157681816633946], [103.53467084759927, 38.15783133925844], [103.53464616840154, 38.157979137059094], [103.50779831754575, 38.2806744775504], [103.50775626309816, 38.28082742903307], [103.50769829154447, 38.280975084143286], [103.50762505120588, 38.28111579158948], [103.46649774334, 38.3508563857945], [103.46640909459788, 38.350989861869564], [103.4663067138482, 38.35111312031426], [103.4336595185442, 38.386399356544175]], [[103.43458311078524, 38.41485075496405], [103.78813658697632, 38.60574813377465]], [[103.81918671453725, 39.453473887167235], [103.72918769619686, 39.430060107669355], [103.7291030304312, 39.43003540217458], [103.59536574938912, 39.38670552648884], [103.59528095708333, 39.38668343935071], [103.5202312031815, 39.371757066520956]], [[103.776928159387, 37.70042442301672], [103.68338390629188, 37.77775487634558], [103.68324952675692, 37.77785391256667], [103.68310497494495, 37.77793740392046], [103.68295204111618, 37.77800431637461], [103.65183558792259, 37.78960165466691]], [[103.88008038576781, 38.67314873461694], [104.01081529015774, 38.85812956496094]], [[104.04508428351699, 37.49587891575856], [103.93357703669047, 37.574094948679665], [103.93339522249487, 37.57420416506731], [103.88746850443466, 37.59754370605956]], [[104.06606563501285, 39.426474861156365], [103.98114362919226, 39.45005777799596]], [[104.06560742314939, 38.902757892775284], [104.16739417593055, 38.940235963851016], [104.16752871960202, 38.9402930923978], [104.16765706409518, 38.940363044963625], [104.16777799066953, 38.940445157289176], [104.16789035102403, 38.940538649647834], [104.1679930782012, 38.940642634249855], [104.16808519671885, 38.940756123672706], [104.168165831833, 38.940878040237436], [104.19596893030814, 38.98772662925849], [104.19604221253206, 38.98786637290836], [104.19610040927022, 38.98801304162243], [104.19614287651565, 38.98816501236003], [104.19616914432446, 38.9883206034081], [104.19617892201623, 38.98847809299114], [104.1961721013907, 38.98863573832436], [104.19348192173574, 39.0166131930213]], [[104.0796464947365, 39.3772165736815], [104.08515989397002, 39.39957340099576]], [[104.21967966413331, 37.41017053117699], [104.18353667035277, 37.40678225022594], [104.18350238557808, 37.40678063587153], [104.18347243067679, 37.40679739164103], [104.10882692232869, 37.45322569113265]], [[104.19861795895642, 39.061708051669896], [104.20697677938776, 39.08310838792035], [104.2070234109312, 39.083247496026075], [104.2070562294449, 39.08339049431657], [104.20707492095683, 39.08353601473887], [104.20707930664679, 39.083682665111], [104.20706934455728, 39.08382904244086], [104.2070451299948, 39.083973746348505], [104.20700689461805, 39.08411539246348], [104.20695500422178, 39.08425262566901], [104.17752776471225, 39.151879921303696], [104.17745688895657, 39.152021791053244], [104.17737143099667, 39.15215538497402], [104.17727234607779, 39.152279209759214], [104.1109863971253, 39.226684453217956]], [[104.34592708383757, 37.420339764277514], [104.34529900052453, 37.42041364918837], [104.34517253750444, 37.4204231278537], [104.34504572579691, 37.42042189036338], [104.3449194718374, 37.42040994556284], [104.34182820293275, 37.41998498881592]], [[104.41850629457949, 37.44142232705984], [104.40509055444585, 37.43836615462148], [104.40494398369212, 37.43832483699048], [104.4048023575134, 37.43826887130472], [104.40466713561187, 37.43819883438714], [104.40010356696571, 37.43553304915707]], [[104.61564282718314, 37.41837619784555], [104.61384513031332, 37.41881369388501], [104.61381183945294, 37.41882346720814], [104.6137865434029, 37.4188472139782], [104.60810130208677, 37.42470851798625], [104.60798832533509, 37.424813596463494], [104.60786515220663, 37.42490651370206], [104.6077330858858, 37.42498628662795], [104.60759352364796, 37.42505207123534], [104.60744794207602, 37.42510317151629], [104.60729788143809, 37.42513904682454], [104.60714492939123, 37.42515931759561], [104.58050350101693, 37.427303498908906], [104.5804171994855, 37.42731552713716], [104.56528149102999, 37.43033101102971], [104.56512334655267, 37.430353840577624], [104.56496367090244, 37.43035971856172], [104.56480427592705, 37.430348578284196], [104.5646469702893, 37.43032054615435], [104.56449353894426, 37.43027594025419], [104.56294277000175, 37.42973398018843]], [[104.66385286952068, 37.20793802345533], [104.6637561801407, 37.20796721645549], [104.66361307484043, 37.20799561794332], [104.66346788727074, 37.20800998252084], [104.66332199095585, 37.208010174294245], [104.66317676612489, 37.20799619144927], [104.66303358665459, 37.20796816626844], [104.66289380707181, 37.207926363879565], [104.66275874973934, 37.20787117974758], [104.65347265460936, 37.20353856850233], [104.65343438180612, 37.20352323036223], [104.65339367402585, 37.2035166772999], [104.64569357900419, 37.20271124676365]], [[104.85799597022458, 37.19063857743871], [104.85787566889823, 37.19224121433336]], [[105.20728879030455, 36.89733298370148], [105.20717745351465, 36.89731078063406], [105.20703718019188, 36.89726821681437], [105.20287431501035, 36.89577930307846]], [[105.22439048949072, 36.65597707402104], [105.22501774924456, 36.66124150841408]], [[105.23122872275812, 41.726307258022665], [105.22632892774392, 41.67982277558248], [105.22632101383572, 41.67976751922804], [105.20151289008354, 41.54303989603628], [105.20149259172271, 41.54287879647695], [105.20148982557194, 41.542716446731404], [105.20150462404446, 41.54255474918448], [105.22283953544547, 41.39687408107853], [105.22286326025501, 41.396749232559905], [105.22289746781755, 41.39662684031401], [105.24795317543365, 41.319709953195485], [105.24801084740463, 41.31956052087006], [105.24808412470327, 41.31941809013735], [105.31706381032033, 41.20130414619594], [105.31708038541012, 41.20127234698787], [105.3170905766005, 41.20123796584681], [105.33412639742082, 41.131649140272295], [105.33413313373403, 41.13161446104848], [105.33411102340371, 41.13158690819414], [105.31894805943978, 41.114453864333015], [105.31885575558199, 41.11433860020783], [105.31877523246044, 41.11421481875683], [105.31870727046302, 41.11408371960495], [105.31865252824177, 41.11394657329647], [105.31861153632964, 41.11380470898152], [105.31858469199874, 41.11365950153469], [105.31857225541023, 41.113512358230444], [105.31857434709305, 41.11336470510457], [105.31859094677569, 41.11321797313378], [105.31862189358272, 41.11307358436742], [105.3186668875939, 41.11293293814573], [105.31872549275087, 41.112797397538195], [105.31879714108317, 41.11266827613333], [105.3188811382127, 41.1125468253081], [105.31897667008333, 41.112434222100276], [105.3190828108502, 41.11233155780111], [105.37919575134593, 41.059660751399235], [105.37922234689827, 41.05963498445912], [105.37923330961831, 41.059599613886796], [105.39842593573289, 40.98458632740434], [105.39847203593756, 40.98443842328122], [105.39853314562905, 40.98429606294928], [105.39860861294733, 40.98416076497303], [105.39869763287888, 40.98403397258252], [105.3987992558438, 40.983917038278285], [105.39891239782501, 40.983811209404195], [105.39903585193156, 40.98371761484194], [105.39916830127252, 40.98363725296925], [105.50462978102793, 40.926883876563366], [105.5046942561948, 40.92684487840184], [105.55861009446579, 40.89041086339676], [105.55871446820635, 40.890346387215025], [105.55882376184886, 40.890290656115695], [105.63672445796868, 40.85450273412139], [105.6367494896078, 40.854490078029635], [105.63677350332803, 40.85447558317349], [105.70421324614138, 40.81023900467493], [105.70432957807559, 40.81016999123869], [105.70445165399347, 40.81011173796776], [105.70457848122938, 40.81006471855118], [105.78108927566481, 40.78556259490982], [105.7812079041224, 40.785529904473414], [105.78132881288002, 40.785507047353974], [105.78145118828219, 40.78549417736849], [105.83556543677233, 40.78203946192051], [105.8356035668416, 40.78203504726891], [105.8356399871947, 40.782022925008306], [105.94410510368044, 40.73960101278276], [105.9442221714122, 40.73956071284345], [105.94434216388635, 40.739530204728474], [105.94446426361071, 40.7395096962854], [106.11534527023095, 40.71801512326684], [106.11538523244882, 40.718007857543476], [106.11542071716907, 40.71798809383358], [106.15488578152284, 40.693086055716144], [106.15501350913247, 40.693013940915876], [106.1551476694752, 40.69295464598256], [106.15528697968679, 40.692908737904546], [106.15543010765904, 40.69287665566275], [106.1555756847777, 40.69285870603311], [106.15572231900933, 40.69285506065304], [106.15586860821219, 40.6928657543803], [106.15601315354381, 40.692890684959636], [106.15615457283688, 40.69292961400057], [106.15629151381582, 40.69298216925691], [106.18269706259856, 40.704627474034965], [106.1827295738417, 40.70463998569529], [106.18275423208713, 40.70461537891736], [106.21098657629567, 40.67359966142957], [106.21108980851872, 40.673496771154056], [106.2112025391652, 40.6734043855382], [106.2113237038924, 40.673323376837715], [106.21145215872757, 40.673254509893596], [106.21158669086863, 40.6731984349108], [106.2117260301348, 40.67315568131944], [106.21186886095902, 40.673126652776126], [106.241944029623, 40.668522659531554], [106.24197938170603, 40.66851542846004], [106.2419855735694, 40.66847987963441], [106.2470986529075, 40.62698070082054], [106.24712334300595, 40.62683770732288], [106.24716173451574, 40.62669776864591], [106.24721346814798, 40.62656219441299], [106.24727805975074, 40.62643225340258], [106.24735490484021, 40.626309161674335], [106.24744328425763, 40.62619407118858], [106.24754237089965, 40.62608805902556], [106.24765123745881, 40.62599211730559], [106.2477688651018, 40.62590714390422], [106.2991734034605, 40.592433216798355], [106.29930439294431, 40.59235705101575], [106.29944239824005, 40.59229448896932], [106.29958601111277, 40.592246169055265], [106.29973376610664, 40.592212584340125], [106.29988415549876, 40.592194077529356], [106.30003564468426, 40.59219083747034], [106.30018668783576, 40.59220289722532], [106.30033574367731, 40.59223013373402], [106.30048129121188, 40.59227226906941], [106.31940663035469, 40.59880379320728], [106.31944206361042, 40.59881407596402], [106.31947809866463, 40.598806156016366], [106.47953051064638, 40.55516040512997], [106.47956363798797, 40.55514965165067], [106.47957405694449, 40.55511641758062], [106.49834261883963, 40.483451820383195], [106.49834940569629, 40.4834194679702], [106.49832028618742, 40.48343511387205], [106.4813796428848, 40.49364521673209], [106.48125646970148, 40.493711821785375], [106.48112762227895, 40.49376665068216], [106.48099422347191, 40.49380922561016], [106.48085743579855, 40.49383917554559], [106.48071845130973, 40.493856239486526], [106.48057848120067, 40.49386026872743], [106.37410533429819, 40.491952650980586], [106.37406967415919, 40.49195374000606], [106.374042589119, 40.491976961377745], [106.34484018523945, 40.51957665539409], [106.34473693463453, 40.51966571217025], [106.34462602361218, 40.519745025106886], [106.3445083686325, 40.51981393883957], [106.34438494188102, 40.51987188393268], [106.34425676323556, 40.51991838158471], [106.28283555578585, 40.53908842079158], [106.2826890583168, 40.539126152487604], [106.28253950538611, 40.53914893647867], [106.28238841812588, 40.53915654102437], [106.28223733327408, 40.53914888877737], [106.28208778754428, 40.53912605757017], [106.28194130199529, 40.539088279623456], [106.28179936656021, 40.53903593918408], [106.28166342489209, 40.53896956861688], [106.28153485968015, 40.538889842989846], [106.2814149785863, 40.53879757320791], [106.28130500094451, 40.53869369776503], [106.2812060453589, 40.538579273198614], [106.28111911832602, 40.53845546334328], [106.28104510399768, 40.53832352749324], [106.2809847551881, 40.53818480759378], [106.28093868571679, 40.538040714592086], [106.28090736416534, 40.53789271408621], [106.28089110911137, 40.53774231141821], [106.27926816191929, 40.509405746986], [106.27926429912013, 40.509369990230596], [106.27922837722436, 40.509371746409784], [106.21175816427919, 40.51609031147038], [106.2116125114932, 40.51609769052674], [106.21146683054222, 40.51609089015471], [106.21132249854405, 40.516069974638015], [106.21118087986484, 40.51603514169042], [106.21104331322186, 40.515986720586774], [106.21091109902859, 40.515925169050355], [106.21078548710194, 40.51585106892605], [106.21066766484782, 40.515765120680165], [106.21055874603654, 40.515668136778984], [106.21045976027447, 40.5155610340085], [106.21037164327115, 40.51544482480808], [106.21029522799402, 40.51532060769991], [106.21023123679451, 40.515189556904716], [106.21018027457953, 40.51505291124184], [106.21014282309343, 40.514911962418765], [106.21011923636402, 40.514768042820606], [106.21010973735598, 40.514622512915146], [106.21011441586313, 40.51447674839234], [106.2101332276597, 40.51433212715998], [106.2101659949183, 40.51419001631838], [106.210212407891, 40.51405175923718], [106.22917484714405, 40.46552415495707], [106.22924177555977, 40.46537685086408], [106.22932418030506, 40.46523761233996], [106.2294211026315, 40.46510805937288], [106.32794146522839, 40.3472489340802], [106.3280424173442, 40.34713966782151], [106.32815369617981, 40.34704093856691], [106.32827420722408, 40.34695371739299], [106.3284027651601, 40.34687886218571], [106.32853810552372, 40.34681710920241], [106.32867889714052, 40.346769065830216], [106.32882375521886, 40.346735204611875], [106.32897125497045, 40.34671585859798], [106.3291199456241, 40.34671121807116], [106.43270466824288, 40.348618312686355], [106.43274146986569, 40.34861715802669], [106.43277325486939, 40.34859857291929], [106.46703459386683, 40.32620656967117], [106.46716557606413, 40.326130123325534], [106.4673036080752, 40.32606729384449], [106.46744727888287, 40.326018723495544], [106.46759511982795, 40.3259849087838], [106.46774561962249, 40.32596619537647], [106.46789723979875, 40.32596277456933], [106.468048430436, 40.32597468133118], [106.46819764600443, 40.32600179394647], [106.46834336116416, 40.326043835259426], [106.46848408635785, 40.32610037550732], [106.46861838303754, 40.326170836713636], [106.46874487837006, 40.326254498596356], [106.46886227927067, 40.32635050593102], [106.52115922336449, 40.3737257433348], [106.52118677438052, 40.37374838486745], [106.52122167940188, 40.373755688083584], [106.60323522486108, 40.38683045607588], [106.60327010614044, 40.38683434910293], [106.60330519876554, 40.386834954877564], [106.67376553147245, 40.38474284528809], [106.67382232234894, 40.38473899731393], [106.81364919710646, 40.36991479576037], [106.81368384710223, 40.36990943058483], [106.81369932728845, 40.369877969956185], [106.82002979896517, 40.35528373897948], [106.82004206627711, 40.35525131524091], [106.8200201361929, 40.35522446645748], [106.76573465397365, 40.29486585960335], [106.76570447688366, 40.294835934520314], [106.76566830634079, 40.29481362176165], [106.7068916928583, 40.263037353170894], [106.70676667090959, 40.262961669497884], [106.70664960748724, 40.262874178577384], [106.70654161383563, 40.26277571093177], [106.70644371510278, 40.26266720128184], [106.70635684060898, 40.26254967967383], [106.70628181502508, 40.262424261701504], [106.70621935054415, 40.2622921379162], [106.70617004012084, 40.262154562525325], [106.7061343518427, 40.26201284148657], [106.70611262448676, 40.2618683201109], [106.70610506430361, 40.26172237029195], [106.70611174305958, 40.26157637748308], [106.70613259735545, 40.26143172754577], [106.70616742922827, 40.261289793594024], [106.70621590803061, 40.26115192295993], [106.70627757356922, 40.26101942440383], [106.7399376887688, 40.19704152582185], [106.74001317748564, 40.19691380249722], [106.74010091449581, 40.19679416132092], [106.74020004146647, 40.19668377274491], [106.74030958863648, 40.1965837167028], [106.74042848430376, 40.196494972044796], [106.74055556530968, 40.19641840696163], [106.74068958841823, 40.196354770491006], [106.74082924247877, 40.196304685189766], [106.74097316125285, 40.19626864104338], [106.81061052273921, 40.18244761346803], [106.81073373717223, 40.18242844311894], [106.81085811812733, 40.18241957312478], [106.81098280603267, 40.18242106478432], [106.85594314600358, 40.18483055141483]], [[105.24327301502906, 36.611130199926606], [105.24296534154746, 36.61157223714383]], [[105.2619590592124, 36.74006215756804], [105.27103991663687, 36.739496226971994], [105.2711852517715, 36.7394942252664], [105.2713300983322, 36.739506299289516], [105.2714730962865, 36.73953233567267], [105.27161290295935, 36.739572089948005], [105.27174820564015, 36.73962518884394], [105.27187773390841, 36.73969113378997], [105.27200027156228, 36.739769305597974], [105.2721146680381, 36.73985897027609], [105.27221984921357, 36.73995928592048], [105.27231482749315, 36.740069310620385], [105.27239871108112, 36.740188011302145], [105.27247071235502, 36.74031427342924], [105.27253015526102, 36.74044691146718], [105.27257648166172, 36.74058468001505], [105.27587897227458, 36.75224858357162], [105.27589023808346, 36.75228202019126], [105.27592523248065, 36.75227751262635], [105.28020303123671, 36.7515115788989]], [[105.33875567119611, 36.77272840678476], [105.33599792775128, 36.782292230722746], [105.33597563520671, 36.78239737279879], [105.33292774994605, 36.80448545598557], [105.33290146436073, 36.80462605650688], [105.33286190619476, 36.80476351410069], [105.33280943515389, 36.80489657885357], [105.33274452836167, 36.80502404079657], [105.33266777602101, 36.80514474090756], [105.33257987604738, 36.80525758165032], [105.3324816277226, 36.8053615369545], [105.33237392442695, 36.80545566154583], [105.33225774551548, 36.80553909954149], [105.33213414741279, 36.80561109223281], [105.3320042540068, 36.8056709849842], [105.33186924642912, 36.80571823318586], [105.33173035231499, 36.80575240720592], [105.33158883464021, 36.80577319629717], [105.33144598023686, 36.805780411422646], [105.33130308809203, 36.805773986974614], [105.33116145753594, 36.80575398137112], [105.32748618275885, 36.805054694153505], [105.32745134867109, 36.80504977539987], [105.32742096207605, 36.80506750285474], [105.31866826533697, 36.81075040468852]], [[105.34558165568444, 36.511317773453314], [105.33605046554216, 36.51922640177055], [105.33598518611257, 36.51928749979489], [105.32102410914672, 36.53506713596765], [105.32092134230368, 36.535165702142294], [105.32080969217644, 36.535254079537026], [105.32069016492193, 36.53533147172167], [105.32062171339346, 36.53536707701537]], [[105.36947546058421, 36.458065931961116], [105.36968970824003, 36.45858447257411]], [[105.37547072537036, 35.83293987651127], [105.37430109355395, 35.835916214238026]], [[105.39783101109303, 36.40451422634268], [105.39709733790258, 36.40776265527956], [105.39709040555975, 36.40780412671811], [105.39709294242897, 36.40784609696816], [105.39765160413799, 36.412604478787095]], [[105.41084096181396, 36.07929671064375], [105.41860314469699, 36.08873823118507]], [[105.46094261201715, 36.30785064188802], [105.4606562791833, 36.308017074970564], [105.46062362111489, 36.308038442468884], [105.46060619429575, 36.30807336274085], [105.45455263365541, 36.322000237071855], [105.45448400678606, 36.32213825430064], [105.45440157854367, 36.32226850017387], [105.45430621931196, 36.322389599387606], [105.45419893601672, 36.3225002732201], [105.4540808614934, 36.32259935303428], [105.4539532425251, 36.32268579261763], [105.45381742667755, 36.322758679229516], [105.45367484806968, 36.32281724323907], [105.45352701223037, 36.32286086625193], [105.4533754802011, 36.32288908764004], [105.44451048490363, 36.324072688554736]], [[105.46087238463736, 36.2428135385854], [105.46111475192565, 36.24326668397816]], [[105.52400813578205, 35.7244839119552], [105.50941766085295, 35.718914467230576], [105.50938493491724, 35.71890369323122], [105.50935147851875, 35.71891192337922], [105.48183303611958, 35.72705822030262], [105.48180086758086, 35.72706937344926], [105.48177697721974, 35.727093631606714], [105.47791415338621, 35.73139417133811]], [[105.4988343124225, 36.119542153538916], [105.50011060078717, 36.122693327087894], [105.50015960463372, 36.12283402931924], [105.50019440835736, 36.12297889890095], [105.50021466858462, 36.123126506550065], [105.50022018542813, 36.12327539596984], [105.50021090445874, 36.123424098217605], [105.50018691724247, 36.12357114619733], [105.50014846043715, 36.12371508913397], [105.50009591345751, 36.123854506886836], [105.49715857098803, 36.130610486272616], [105.4971468190771, 36.130641575221524], [105.49717931582907, 36.13063460447863], [105.50406338849972, 36.128803146642454], [105.5042069388459, 36.12877239022762], [105.50435280825084, 36.1287558138697], [105.50449959943744, 36.12875357635296], [105.50464590629883, 36.12876569911049], [105.50479032736754, 36.128792066018875], [105.50493147923997, 36.12883242451056], [105.50506800982807, 36.128886387993205], [105.50519861131083, 36.12895343955279], [105.50532203266195, 36.129032936905126], [105.50543709163331, 36.1291241185483], [105.50554268607966, 36.129226111057044], [105.5056378045161, 36.12933793744925], [105.50572153580696, 36.12945852654442], [105.50579307789359, 36.12958672322449], [105.50585174547724, 36.12972129949867], [105.50600666277597, 36.130130207361304]], [[105.71583877679272, 35.646167577572115], [105.71475247780148, 35.646956855582395], [105.71472399553815, 35.6469798203502], [105.71472809099623, 35.647016177565405], [105.7162080551509, 35.656049423034155]], [[105.9172321612297, 35.45289287304694], [105.9248639941327, 35.450983843937244], [105.92500292378709, 35.45095599064398], [105.92514386175549, 35.45094137066188], [105.92528555041679, 35.4509401144483], [105.92542672545127, 35.45095223321274], [105.92556612712244, 35.45097761881672], [105.92570251151788, 35.45101604473883], [105.92583466164908, 35.451067168095925], [105.92596139831072, 35.45113053270283], [105.92608159060316, 35.45120557314293], [105.93787079955855, 35.45936430609101]], [[105.92810809958264, 35.423193880536815], [105.92565156173366, 35.42069800311374], [105.92562301831636, 35.42067188987539], [105.92558524096825, 35.420663553217324], [105.92443058361523, 35.420471499270555]], [[106.01567255850132, 35.50215796283882], [106.01129916940829, 35.50960834354373], [106.01128261752575, 35.50964011123629], [106.01131509038188, 35.509655232899995], [106.01637410137857, 35.51170720251995], [106.01651192095034, 35.51177141883341], [106.01664253164331, 35.51184925723113], [106.01676459147794, 35.511939917950556], [106.01687684633178, 35.51204246948427], [106.01697814282515, 35.51215585815085], [106.01706744017174, 35.512278918921076], [106.01714382087229, 35.51241038738825], [106.01720650014161, 35.51254891275948], [106.01725483397196, 35.512693071734645], [106.01728832575, 35.5128413831303], [106.01730663135933, 35.51299232309832], [106.01730956271616, 35.513144340782894], [106.01729708970184, 35.51329587425507], [106.01660109865671, 35.51850471457517]], [[106.05319559300489, 35.45188324598638], [106.0418666769562, 35.45399653139302], [106.04183310737159, 35.454004442648966], [106.04181678752373, 35.454034826321504], [106.03792542364076, 35.462176025417136]], [[106.05396820791796, 35.45760895364275], [106.05417871739583, 35.45554995517922]], [[106.24272631025957, 35.385264081069906], [106.24166105527263, 35.39018653284568]], [[106.44146331491145, 36.557943141742456], [106.42874195945095, 36.56057514632049]], [[106.44500296371741, 36.604470404373835], [106.44451678686245, 36.60191579512126], [106.44449659802873, 36.60177224756125], [106.4444903597314, 36.60162742154619], [106.44449813023198, 36.60148266965393], [106.44451983695917, 36.601339343770064], [106.44455527718674, 36.60119878246223], [106.44460411992671, 36.60106229847875], [106.44466590902064, 36.60093116648852], [106.44474006739985, 36.600806611176374], [106.4448259024748, 36.60068979580538], [106.44492261260346, 36.600581811352775], [106.4450292945781, 36.60048366632092], [106.44514495206062, 36.60039627731858], [106.4452685048877, 36.600320460500434], [106.44964896093978, 36.597915739964705]], [[106.44715818713678, 36.50443676178414], [106.45329398255093, 36.498401782997774], [106.45340223367371, 36.498305154894595], [106.45351931479789, 36.49821943846519], [106.45354321364401, 36.49820526893039]], [[106.48422894792049, 35.45411213945688], [106.48356775971122, 35.451172113029735], [106.48354249563646, 35.451026665844196], [106.4835316510049, 35.45087943965352], [106.48353533085597, 35.45073186046817], [106.48355349954721, 35.450585357717635], [106.48358598109947, 35.45044135040526], [106.48363246090133, 35.45030123336392], [106.48369248875655, 35.45016636374594], [106.48376548324444, 35.450038047877904], [106.49473081255083, 35.43279581433107]], [[106.49436941685232, 36.66601970540115], [106.49500274900099, 36.64815221745507]], [[106.58605280375225, 38.38174648770026], [106.50093690048698, 38.33059675470166]], [[106.52315507107711, 38.29366017279296], [106.53220111364698, 38.28650526558212], [106.53222691936176, 38.28648286437091], [106.53225057282066, 38.28645820138132], [106.53232360334722, 38.28637473433324]], [[106.54241055576973, 35.740794463366896], [106.53209389908136, 35.74165095343687], [106.53194480422727, 35.74165588791523], [106.53179595655281, 35.74164598870314], [106.53164882823587, 35.741621353708766], [106.53150487444904, 35.74158222658451], [106.53136551896725, 35.741528994317186], [106.53123214008583, 35.74146218340052], [106.5311060569886, 35.741382454627875], [106.53098851670042, 35.74129059655667], [106.53088068175347, 35.74118751770913], [106.53078361868928, 35.74107423758659], [106.53069828751008, 35.74095187658607], [106.53062553218388, 35.74082164491902], [106.53056607229719, 35.74068483064173], [106.53052049593805, 35.74054278691579], [106.53048925387941, 35.74039691862463], [106.53047265512085, 35.74024866847857], [106.53047086383239, 35.74009950274565], [106.53101261559885, 35.72575066724434], [106.53101228448025, 35.72572104311594], [106.5309983673522, 35.725747196742425], [106.5281963334165, 35.73169746185685]], [[106.53341986862938, 36.259665426026736], [106.53674393609847, 36.25719381717887]], [[106.57499681154573, 38.2562783198746], [106.59269564366868, 38.2495455477823], [106.59275524384076, 38.2495198700352], [106.62758002773225, 38.23269331928744], [106.62772753657791, 38.232631515625435], [106.62788078722292, 38.23258576858196], [106.62803803747636, 38.23255659822065], [106.65561760607423, 38.22894863024468], [106.6556525403885, 38.22894235744214], [106.6556856570176, 38.22892958860357], [106.67382724424208, 38.2209237869539], [106.67393242822065, 38.22088203586612], [106.67404046051125, 38.22084833353875], [106.70411807916418, 38.2126965672257], [106.70417325472414, 38.21267930381572], [106.71145051843095, 38.21009033283236]], [[106.5853051002372, 35.72988133265133], [106.58432796312572, 35.73003490601316]], [[106.59785151068228, 36.74608480858025], [106.5956709672123, 36.74864737691892], [106.59556810281262, 36.748756675730945], [106.5954548305415, 36.74885514759306], [106.59533228449678, 36.74894180659119], [106.59520169162663, 36.749015785083316], [106.59519738340038, 36.74901768481694]], [[106.63211898298611, 36.7532617703283], [106.62931071659209, 36.75266367628998]], [[106.62935516420747, 36.2689198282961], [106.62992619932895, 36.26872355699522]], [[106.63076446654337, 35.71824651578259], [106.63016631068379, 35.719063765523735]], [[106.64137226725092, 36.83345208230187], [106.6420821345349, 36.83288715820707]], [[106.64228851889224, 36.279983922734836], [106.64377125162311, 36.284856677247], [106.64378166147365, 36.28488567974236], [106.64378891378324, 36.28485573122467], [106.64460339128193, 36.28058309200249]], [[106.69587512769904, 38.689814212651385], [106.66260093949953, 38.6016676274898], [106.66256051273446, 38.60154473613588], [106.66253082544009, 38.60141881841371], [106.66251209844509, 38.601290810961345], [106.65137113736401, 38.49258309780746], [106.65136853304347, 38.49256094093264], [106.65124853521971, 38.49165630334646]], [[106.67210620048742, 36.26910586952963], [106.68529275835975, 36.273327397646696], [106.68532804847688, 36.27333675163939], [106.68534590281705, 36.27330490651276], [106.69220378930505, 36.25947234447307]], [[106.76097481830982, 37.10762144955471], [106.75754180038086, 37.10332176237777], [106.75745642939381, 37.103203470278096], [106.75738295289948, 37.103077444760636], [106.75732206586223, 37.102944877815396], [106.75727434417134, 37.10280702330335], [106.75724023919396, 37.10266518509696], [106.75722007350598, 37.102520704747775], [106.75721403784097, 37.10237494879756], [106.75722218928621, 37.10222929585316], [106.75724445074272, 37.10208512354712], [106.75728061165441, 37.10194379550766], [106.75733032999975, 37.101806648460986], [106.75739313552656, 37.10167497958815], [106.75746843419991, 37.10155003425583], [106.7575555138206, 37.10143299423733], [106.75765355076153, 37.10132496653492], [106.75776161775762, 37.101226972909465], [106.76478537482045, 37.095454702948395], [106.76481112613199, 37.09543139792016], [106.76480376878065, 37.095397454971305], [106.76097873704946, 37.08108343794392], [106.76096793508111, 37.08104987805603], [106.76093789023554, 37.08106832408122], [106.75256878310742, 37.08680489982472], [106.75253957853204, 37.086827130870205], [106.7525279232345, 37.08686193432738], [106.74905305195082, 37.099253525886795], [106.74900751835851, 37.09939026039327], [106.74894907293886, 37.09952199408757], [106.74887825519852, 37.09964751094278], [106.74879571885236, 37.09976565231934], [106.74870222578913, 37.099875327660314], [106.74859863903843, 37.09997552455833], [106.7484859148042, 37.10006531810102], [106.748365093638, 37.10014387940883], [106.74823729083373, 37.100210483286425], [106.74810368613244, 37.10026451491686], [106.74796551283222, 37.10030547553695], [106.74782404640365, 37.100332987041334], [106.74768059271595, 37.10034679547276], [106.73665570026778, 37.10087533644515], [106.73662158221558, 37.10087856045314], [106.73659434600496, 37.100899280945775], [106.734494340087, 37.1026547445425]], [[106.84277046965589, 38.1594811079707], [106.85350092705897, 38.15719440073506]], [[106.85072274093976, 40.15622432606589], [106.83974827618735, 40.14817873004776], [106.83964185048453, 40.148092987266196], [106.8395436706344, 40.14799791375863], [106.83945455167175, 40.1478942987727], [106.8393752334129, 40.14778300246268], [106.83930637431412, 40.14766494874894], [106.83924854600555, 40.147541117648075], [106.82323732968835, 40.10873572997309], [106.82322150496611, 40.10870223849018], [106.82319154271242, 40.10868045857708], [106.72991373516355, 40.047770601364746], [106.72978927898262, 40.04767988995619], [106.7296747798971, 40.04757689549022], [106.72957144487492, 40.047462703661246], [106.72948036320047, 40.04733851819837], [106.72940249499199, 40.04720564817648], [106.72933866108077, 40.04706549421688], [106.72928953435857, 40.046919533723], [106.72925563268434, 40.04676930530659], [106.72923731342546, 40.04661639256885], [106.72035639509376, 39.915976696266036], [106.72035333268327, 39.91584068725269], [106.72036260560495, 39.91570496016257], [106.72038413758244, 39.9155706314463], [106.72041775150014, 39.91543880605192], [106.72046317085997, 39.91531056833585], [106.72052002205578, 39.91518697314337], [106.74917945357713, 39.85966169414316], [106.74925382423055, 39.85953355916038], [106.7493404724808, 39.859413385749704], [106.74943855304267, 39.85930234624643], [106.74954710910463, 39.85920152388128], [106.74966508166285, 39.85911190221309], [106.74979131985214, 39.859034355533794], [106.74992459217306, 39.858969640339446], [106.75006359850569, 39.8589183879503], [106.7502069827927, 39.85888109835202], [106.75035334626828, 39.858858135318215], [106.7505012611035, 39.85884972286161], [106.75064928433538, 39.858855943048795], [106.75079597194348, 39.85887673519957], [106.75093989293686, 39.85891189647895], [106.75107964331391, 39.858961083875876], [106.7691394004324, 39.86633886536641], [106.76917263030663, 39.866350545517925], [106.76918013825093, 39.86631613213035], [106.77783887940446, 39.81430956807693], [106.77786978950928, 39.814167067951516], [106.77791438953852, 39.814028242313704], [106.77797225803735, 39.813894403017656], [106.77804284816851, 39.81376681479835], [106.77812549287971, 39.81364668332023], [106.77821941120708, 39.81353514378416], [106.77832371565495, 39.81343325020008], [106.77843742058245, 39.813341965427064], [106.77855945151742, 39.813262152074586], [106.77868865530981, 39.81319456435117], [106.77882381102853, 39.813139840937374], [106.7789636414989, 39.8130984989505], [106.77910682537143, 39.813070929058], [106.77925200960813, 39.813057391785804], [106.77939782226827, 39.81305801505644], [106.77954288547274, 39.813072792980215], [106.77968582842453, 39.81310158591088], [106.77982530036228, 39.813144121765205], [106.86263087008936, 39.84286862533807], [106.8627686705241, 39.84292598140287], [106.86290008847492, 39.84299674862827], [106.86302382268924, 39.84308022630308], [106.86313864799611, 39.843175587861836], [106.86324342743727, 39.843281889069246], [106.86333712352499, 39.84339807736957], [106.86341880851482, 39.84352300230872], [106.86348767359186, 39.84365542692558], [106.86354303687925, 39.843794039999985], [106.86358435018997, 39.8439374690359], [106.86801484163202, 39.86280226211014], [106.8680244947427, 39.862836055246554], [106.86805087664047, 39.86285927493837], [106.93331483416719, 39.915008694927444], [106.9333445384992, 39.91503009888939], [106.93338105524782, 39.915027452383335], [106.96336595775988, 39.91134754602029], [106.963401301874, 39.91134141109513], [106.96340507703583, 39.91130573768976], [106.96629097459763, 39.85953233599874], [106.96629122393678, 39.859497559412155], [106.96625670730491, 39.85949330790895], [106.93128707328495, 39.85689935784114], [106.9311387783538, 39.85688089317432], [106.93099305666199, 39.856847764349006], [106.93085135456732, 39.8568003001847], [106.93071507853112, 39.85673897178602], [106.9305855811585, 39.85666438786678], [106.93046414777305, 39.85657728870819], [106.93035198365946, 39.856478538811224], [106.87866660843638, 39.80618836609777], [106.87856317035596, 39.80607697312351], [106.87847153769349, 39.80595568303174], [106.87839265152988, 39.80582574148955], [106.87832732203765, 39.80568848301571], [106.87827622016032, 39.80554531727495], [106.87823987072167, 39.805397714600495], [106.8782186470358, 39.805247190893546], [106.87821276707307, 39.80509529205474], [106.87822229122158, 39.80494357810748], [106.88349905100637, 39.75860571013563], [106.88352397226883, 39.75845532315714], [106.88356402821559, 39.75830824211229], [106.88361880516105, 39.758165986009196], [106.88368773738566, 39.758030024025416], [106.88377011297845, 39.75790176033478], [106.8838650811895, 39.75778251960551], [106.8839716612161, 39.75767353331943], [106.8840887523323, 39.75757592705361], [106.88421514525683, 39.75749070885573], [106.8843495346422, 39.75741875883331], [106.88449053255586, 39.75736082006421], [106.88463668281446, 39.757317490922325], [106.88478647602275, 39.7572892188978], [106.90035858023852, 39.75516283659453], [106.90039272138397, 39.75515650511409], [106.90040426861502, 39.75512375810036], [106.91570216629735, 39.70411112625058], [106.91571091053008, 39.70407555964124], [106.91568555993953, 39.70404912495083], [106.88869101186765, 39.67859417890374], [106.88858737375013, 39.67848618753426], [106.88849501400158, 39.678368405226045], [106.88841485223753, 39.6782420047242], [106.88834768661962, 39.678108244584195], [106.8882941859083, 39.67796845664062], [106.88825488280406, 39.677824032746194], [106.8882301686435, 39.677676410913286], [106.88822028950271, 39.67752706099578], [106.88822534374718, 39.677377470053884], [106.88824528105235, 39.67722912754769], [106.88827990290474, 39.677083510506726], [106.8883288645785, 39.67694206882338], [106.88839167856776, 39.676806210816494], [106.88846771944075, 39.676677289208854], [106.88855623006712, 39.67655658765832], [106.92378547684365, 39.63322624253367], [106.92380475790193, 39.633200306591284], [106.9238167166352, 39.633170282917256], [106.94084918430958, 39.58435013470545], [106.94085785431895, 39.584321699846946], [106.94086424019456, 39.58429266657527], [106.96484034425602, 39.45007985512451], [106.9648454756345, 39.45003684653004], [106.96484559224506, 39.44999353306053], [106.95878115902433, 39.340512976632304], [106.95877700401022, 39.340474428449426], [106.9587649728017, 39.340437570932735], [106.94335017863307, 39.30040487437039], [106.94330521718754, 39.30026914303852], [106.94327338361306, 39.300129747380154], [106.94325496716398, 39.29998795400781], [106.94325013518058, 39.29984505132074], [106.94325893156844, 39.29970233779792], [106.94328127639957, 39.299561110199484], [106.94331696663866, 39.299422651783814], [106.94336567798793, 39.29928822064721], [106.94342696783382, 39.299159038292274], [106.94350027926885, 39.299036278528796], [106.9435849461519, 39.29892105680797], [106.94368019916107, 39.29881442008689], [106.94378517278405, 39.29871733731543], [106.94389891318265, 39.29863069063193], [106.94402038685975, 39.29855526734767], [107.05210269348821, 39.238386541521166], [107.0521345471577, 39.238366624838584], [107.05215268518609, 39.23833372586543], [107.05885849080734, 39.22455889092212], [107.05892888101354, 39.22443060424072], [107.05901143611804, 39.224309786574494], [107.05910537048047, 39.22419758769167], [107.05920979016908, 39.22409507533933], [107.05932370146793, 39.22400322508214], [107.05944602033364, 39.223922911018335], [107.0595755827117, 39.223854897461294], [107.05971115561435, 39.223799831665936], [107.0598514488543, 39.22375823766904], [107.05999512732289, 39.22373051130226], [107.06014082369576, 39.223716916425154], [107.06028715144505, 39.22371758241415], [107.06043271803435, 39.22373250293133], [107.06057613817087, 39.22376153598472], [107.0607160469887, 39.22380440527963], [107.06085111303756, 39.223860702847944], [107.06098005095366, 39.22392989293064], [107.06110163369195, 39.22401131707634], [107.13650343973582, 39.28002204174852], [107.13653037960196, 39.28004007200909], [107.1365240782996, 39.28000827357712], [107.0784470667204, 39.04744230714689], [107.07843696855763, 39.047409027452765], [107.0784086527177, 39.047429219632946], [107.06127335149844, 39.06098670684617], [107.06115529712973, 39.06107115653373], [107.06102963312466, 39.06114380047038], [107.06089753617775, 39.061203958431754], [107.06076024322036, 39.06125106710983], [107.06061903983831, 39.06128468538765], [107.060475248234, 39.061304498469894], [107.06033021484537, 39.06131032083052], [107.06018529773824, 39.061302097950026], [107.06004185388962, 39.06127990682594], [107.05990122648112, 39.06124395525184], [107.0597647323218, 39.06119457987161], [107.0596336495177, 39.06113224302719], [107.05950920550397, 39.06105752842924], [107.0593925655513, 39.06097113569144], [107.05928482185466, 39.0608738737794], [107.03539759166618, 39.03711445473529], [107.03537128742927, 39.037090695910365], [107.03533590758396, 39.037088536932075], [106.99378923133415, 39.03655549051038], [106.99375158134266, 39.036556927136765], [106.99371941761983, 39.036576550609475], [106.97017583889212, 39.052641789136565], [106.97005207967962, 39.05271772968666], [106.96992155782435, 39.05278134851349], [106.96978549636309, 39.05283204948574], [106.96964517024068, 39.052869357517054], [106.96950189436342, 39.05289292301776], [106.96935701127784, 39.052902525170616], [106.96921187859058, 39.05289807400001], [106.9690678562472, 39.052879611215005], [106.96892629378884, 39.052847309818546], [106.96878851770671, 39.052801472486344], [106.9686558190123, 39.0527425287307], [106.96852944114013, 39.05267103087581], [106.96841056829635, 39.052587648882316], [106.96830031436228, 39.0524931640695], [106.96819971245698, 39.05238846179409], [106.9681097052565, 39.05227452315406], [106.96803113616072, 39.0521524157955], [106.96796474139032, 39.05202328390829], [106.96791114308823, 39.05188833750471], [106.9678708434898, 39.051748841081114], [106.96784422021679, 39.05160610176921], [106.96783152273885, 39.05146145708772], [106.96783287003592, 39.05131626240938], [106.96784824948332, 39.051171878260575], [106.96996954265131, 39.03755452932797]], [[106.87684328376484, 35.85892233241342], [106.8775976534362, 35.854758416582264]], [[106.91112577970105, 36.13382806952637], [106.91258460251956, 36.1329176250295]], [[106.92224772542482, 38.915266838149485], [106.91671130132879, 38.9107957119609]], [[106.96772593785577, 38.995475207441025], [106.96166828644961, 38.95999467777631]], [[106.964867993902, 38.12851186062585], [107.0137701221387, 38.12056024951664], [107.0139119083618, 38.12054407221531], [107.01405459024667, 38.12054144203021], [107.01419687636128, 38.120552382767485], [107.0143374788558, 38.12057679540113], [107.01447512511902, 38.12061445896926], [107.014608569297, 38.120665032574095], [107.01473660356939, 38.12072805846747], [107.01476088378487, 38.120743032065384]], [[107.31422974425735, 38.09347435996102], [107.31452876661479, 38.09335600212639]], [[107.381186614343, 38.03344692962623], [107.38410712785826, 38.02969430757081]], [[107.41862370022346, 38.00932824377662], [107.42610754477657, 38.00800510931772]], [[107.4669194553972, 37.94254648040214], [107.47301136930766, 37.943100661792826]], [[107.5822845405222, 37.88752337439514], [107.62975748840367, 37.87432275973027]]]}, "properties": {"kind": "regime_border", "name": "西夏", "province": "兴庆府直辖"}}, {"type": "Feature", "geometry": {"type": "MultiLineString", "coordinates": [[[97.18815045007032, 42.76921612725816], [97.24787427405784, 42.66876226693418], [97.32889154944644, 42.529427507411526]], [[97.37580283583947, 42.44993060071878], [97.50084398999948, 42.243881312182936], [97.50084797567408, 42.24387466722706], [97.66375919623296, 41.969059042782206], [97.83122075564222, 41.68350575473384]], [[97.63134643410982, 41.44446958109776], [97.62998112134348, 41.44151457413889], [97.62992426495904, 41.44137302485305], [97.62988207869199, 41.44122643301274], [97.62985499882048, 41.44107631462835], [97.62984330539668, 41.440924222180755], [97.62984711935061, 41.44077172856604], [97.62986640123948, 41.44062041082903], [97.62990095165556, 41.440471833853955], [97.62995041328846, 41.44032753418089], [97.63001427462025, 41.4401890041153], [97.63009187521557, 41.44005767629501], [97.63018241255149, 41.43993490887434], [97.63028495031709, 41.439821971478416], [97.91066685697724, 41.16091812118247], [97.9106750783016, 41.16090981475922], [97.97192091814681, 41.09805801722426], [97.97202498336873, 41.09796090052297], [97.97213778551041, 41.097874085196466], [97.97225830878988, 41.097798353015776], [98.13692454633106, 41.00492235178015]], [[98.26411504928852, 40.936947067810145], [98.29377874560271, 40.93215772326128], [98.293807722621, 40.932151862021705], [98.2938361466119, 40.93214373192609], [98.33323073714774, 40.91917194057729], [98.33326516426443, 40.91915862755392], [98.33326819333779, 40.9191218404955], [98.34357410410149, 40.58956850130736]], [[98.52408960793537, 40.637789108204316], [98.6260287569864, 40.67713478664798], [98.62616584439722, 40.67719574083699], [98.62629615719153, 40.67727008427652], [98.62641839175654, 40.67735707325558], [98.62653132529184, 40.677455837560714], [98.62663382804186, 40.677565389181424], [98.62672487459776, 40.677684632193895], [98.6268035541552, 40.67781237372435], [98.62686907962589, 40.67794733588221], [98.62692079551132, 40.678088168543745], [98.62695818446025, 40.678233462858365], [98.62698087244404, 40.678381765342344], [98.62698863249845, 40.67853159241906], [98.62698138699409, 40.67868144526031], [98.62695920841293, 40.678829824780124], [98.6269223186233, 40.678975246631246], [98.62687108666037, 40.679116256054115], [98.62680602503438, 40.67925144242985], [98.62672778460364, 40.67937945339173], [98.62663714806358, 40.67949900835385], [98.62527361888189, 40.68112210727072]], [[98.59140104556086, 40.752536094400426], [98.66855817652537, 40.77292753240896], [98.66859274239553, 40.77293486310549], [98.6686031150471, 40.77290108520467], [98.68771089057817, 40.69761328476332]], [[98.7340493606036, 40.6532431379732], [98.7581179058737, 40.64220646812242], [98.75815479173889, 40.64218699192207], [98.75818927614856, 40.64216352460606], [98.78210008714265, 40.62385800080242]], [[98.79677144139505, 40.63482869534281], [98.80689331982805, 40.65846247238817], [98.8069434982274, 40.658597116279665], [98.80698056320433, 40.65873594364283], [98.80700417463665, 40.658877680545366], [98.80701411585693, 40.65902102635597], [98.80701029564078, 40.65916466567937], [98.80699274904396, 40.659307280426916], [98.80696163708065, 40.659447561911854], [98.80691724524598, 40.65958422285833], [98.80685998089616, 40.65971600921391], [98.80679036951051, 40.659841711657265], [98.80670904986935, 40.659960176695314], [98.80661676819243, 40.660070317248156], [98.78929085949972, 40.67884397967928], [98.78926694925018, 40.67887268664783], [98.78926758841129, 40.67891004145381], [98.78975179207758, 40.686026302887974]], [[98.99571349274301, 40.76607989067147], [99.01963046607126, 40.72837534618718]], [[99.06050387474711, 40.68835279077002], [99.08310068807238, 40.6818797200309]], [[99.12055844219049, 40.706847286174934], [99.12555304029576, 40.715107336906655], [99.12557560590731, 40.715140474176664], [99.12560754653579, 40.71516470394613], [99.15257262669203, 40.73341438943148]], [[99.17334494696748, 40.76681776107626], [99.17447179641938, 40.843284512062354]], [[99.50553563360158, 39.8859166116405], [99.50515062675666, 39.88587201442836]], [[99.50770635383753, 39.87731495528144], [99.50874651765113, 39.877382631768185]], [[99.55670281768187, 39.88050282674222], [99.65360855637573, 39.88680783356372]], [[99.72208707998895, 39.979655600147865], [99.71406033144153, 39.97214650431967], [99.7140308666084, 39.972121667600476], [99.71399692865317, 39.972103412348865], [99.62122942499744, 39.92822728194806], [99.62115910203768, 39.928198291003916], [99.6090688524157, 39.92391796629449]], [[99.69297392914117, 40.93154462578851], [99.82847623169043, 40.92199340659375], [99.95232499208157, 40.9123034419984]], [[99.87709609413159, 39.810408132173556], [99.88971864526174, 39.799046444205096]], [[99.9118891033354, 40.05262866374233], [99.89613922991072, 40.04139171913023]], [[100.10079700290419, 39.719252672471555], [100.12767887245705, 39.70234515628171], [100.1278171052509, 39.70226807794056], [100.12796269003226, 39.702205993744435], [100.12811400599759, 39.70215959488016], [100.12826936853779, 39.70212939790889], [100.25006139615313, 39.68506684785319], [100.25009515879873, 39.68506050258798], [100.2501181423283, 39.68503496955039], [100.25113716183711, 39.68379099217345]], [[100.23024312808309, 40.605570363221], [100.1832509194836, 40.5557261549725]], [[100.34582054128416, 39.50517917141107], [100.44320861737245, 39.485591580848464], [100.4433949816906, 39.485566126890866], [100.48075228735786, 39.48283409645739]], [[100.51908365620635, 39.39897337276851], [100.56951342638874, 39.39510903628482], [100.5695663619582, 39.395103082036954], [100.59940912852935, 39.39066779479818]], [[100.84221955898845, 39.38574607612093], [100.84253256004523, 39.287496239057305]], [[100.86310258113517, 39.13041157945328], [100.8657181056499, 39.124741456917604], [100.86573207278286, 39.124706650746795], [100.86573120800267, 39.124669156714], [100.86442661089683, 39.10698638861385], [100.86442240390329, 39.10695177509806], [100.86439780239117, 39.10692706558823], [100.84375906271924, 39.08807129532145]], [[100.92019633198719, 39.02264843718219], [100.95400362459498, 39.00906680158458]], [[101.08894718180328, 38.96979800487869], [101.11708153550424, 38.97516785426258], [101.11722686895659, 38.97520318454563], [101.11736796150944, 38.97525281248943], [101.2030976191961, 39.01030219624196]], [[101.35098068353103, 38.774111103572274], [101.39288254404588, 38.76733581137448]], [[101.57161420021629, 38.69943687757257], [101.58836405673681, 38.67478608099545]], [[101.64097014696472, 38.67890285520566], [101.64965949488555, 38.68610172739932], [101.64969088722654, 38.68612505431612], [101.64972908373464, 38.686133459724665], [101.67896361999391, 38.69096531770337], [101.67899788735316, 38.69096935735753], [101.67903128246124, 38.69096067764109], [101.73093049553528, 38.674864443029904], [101.73108175563698, 38.674826030470925], [101.73123618814648, 38.67480354173907], [101.73139212140786, 38.67479722026379], [101.73154786752026, 38.67480713447194], [101.73170174060867, 38.67483317704711], [101.73185207507257, 38.674875066091225], [101.74429412626223, 38.679050631936946], [101.74432780811284, 38.67906017736808], [101.74435876363648, 38.679043826897946], [101.75701074275182, 38.67156988253135]], [[101.79189628905795, 38.67273627345006], [101.84528276611145, 38.71253633587763]], [[101.85360103437313, 39.099806491181006], [101.87784745009023, 39.10601254029395]], [[101.91729100010024, 39.11369351655337], [101.99136984198267, 39.12357739822545]], [[102.0133643502892, 38.85652905598903], [102.05349990362524, 38.879286461502986]], [[102.0870928287468, 39.14983155305819], [102.08853123288051, 39.15011897137091]], [[102.30113926785648, 39.201776491283276], [102.30694952549496, 39.205049054995584]], [[102.37387335750495, 39.23651766104402], [102.45358410405373, 39.25527308332934], [102.45362172039428, 39.255279897038044], [102.45365624948434, 39.255263491013594], [102.53792052515254, 39.209725686194865], [102.5379665136148, 39.209698677111085], [102.56749275579301, 39.190914439644665]], [[103.83452744700278, 37.620762598697176], [103.7908738181514, 37.58647707858938], [103.79074557939704, 37.58636396679886], [103.7906310473347, 37.58623699490443], [103.79053171034445, 37.586097812945674], [103.76283050254165, 37.54219180916438], [103.76275804010409, 37.54206337214409], [103.76269853950508, 37.541928440488235], [103.7626525758344, 37.541788318348615], [103.7626205933436, 37.54164436004452], [103.75934793266205, 37.5225148111625], [103.75933063101924, 37.52237375777822], [103.75932675547003, 37.52223170009916], [103.75933634080035, 37.522089913197426], [103.75935930097481, 37.52194966971469], [103.75939542990895, 37.5218122284393], [103.75944440331905, 37.52167882300776], [103.75950578163273, 37.52155065083188], [103.75957901393451, 37.52142886235115], [103.75966344291066, 37.52131455070674], [103.77148836640097, 37.50679724235659], [103.77151104547771, 37.50676623837648], [103.77151532332303, 37.50672806394355], [103.77347589987095, 37.473871195597766], [103.77347634056366, 37.47383621426643], [103.77346702888147, 37.47380249216229], [103.76458431470314, 37.44667303000498], [103.76454664725, 37.44653649750118], [103.76452202502433, 37.44639702095252], [103.76451066754655, 37.44625584386755], [103.76451267607467, 37.446114224916], [103.7645280327016, 37.4459734267071], [103.76774135666443, 37.42552491229205], [103.76774508123046, 37.42549036841133], [103.76771120799698, 37.42548263820125], [103.74767514681933, 37.421921356960866], [103.74752748284503, 37.421887336661854], [103.74738400474695, 37.421838591760384], [103.74724617676881, 37.42177561971506], [103.74711540549292, 37.421699063177456], [103.74699302548547, 37.42160970343357], [103.74688028567688, 37.421508452430565], [103.74677833661599, 37.421396343470036], [103.74668821872828, 37.421274520662784], [103.74661085169807, 37.4211442272528], [103.7329558270111, 37.39525192315877], [103.73289415248652, 37.39511978224091], [103.73284560053368, 37.39498227705182], [103.73281063002179, 37.39484070716642], [103.73278957146059, 37.3946964105755], [103.73278262387657, 37.394550751040185], [103.73278985293204, 37.39440510520293], [103.73281119030449, 37.39426084957673], [103.73586377983294, 37.37884410734758], [103.73589895787963, 37.378702824289704], [103.73594766761545, 37.37856561729627], [103.73600945012116, 37.37843377906432], [103.73608372331226, 37.378308551709104], [103.73616978742314, 37.37819111506136], [103.7362668315999, 37.378082575551666], [103.73637394153991, 37.377983955786064], [103.73649010810576, 37.37789618491168], [103.77000938578202, 37.355038194990556], [103.77003688829885, 37.35501744831369], [103.77002304777851, 37.3549859006826], [103.76413066637222, 37.34312915576356], [103.76407318679297, 37.34299816875799], [103.76402844560904, 37.342862302190646], [103.76399684969672, 37.34272279163196], [103.7639786863892, 37.3425809057908], [103.76397412086357, 37.342437934976864], [103.76398319463873, 37.34229517936659], [103.76400582519776, 37.34215393717934], [103.76404180673839, 37.342015492871425], [103.76409081204454, 37.341881105455236], [103.76415239546198, 37.34175199704979], [103.7642259969512, 37.3416293417668], [103.76431094718032, 37.341514255033275], [103.76440647361206, 37.341407783447856], [103.77590871619962, 37.329756611172066], [103.77593204338639, 37.32973059674273], [103.77592090339019, 37.32969747864124], [103.7651406003763, 37.302104810771596], [103.76512594152555, 37.30207218547436], [103.76509125516489, 37.302080911774546], [103.75038230565224, 37.30657109169312], [103.75023775526739, 37.306607474798895], [103.75009030757616, 37.30662933166268], [103.74994141861099, 37.306636446449936], [103.74979255863681, 37.30662874890281], [103.74964519763223, 37.306606315033854], [103.74950079077371, 37.30656936637549], [103.74936076406574, 37.306518267792335], [103.74922650025927, 37.30645352387821], [103.7490993251971, 37.30637577397336], [103.74898049472131, 37.30628578585097], [103.748871182272, 37.30618444813552], [103.74877246729962, 37.30607276152768], [103.74868532460546, 37.30595182892248], [103.74861061471566, 37.30582284451834], [103.74854907538356, 37.30568708202444], [103.74850131430442, 37.305545882082995], [103.74846780311454, 37.3054006390305], [103.74844887273385, 37.305252787128815], [103.74844471009811, 37.30510378640194], [103.74845535631299, 37.30495510821842], [103.74848070624807, 37.30480822076172], [103.74852050957509, 37.30466457453203], [103.75758417119158, 37.277315692493815], [103.75759319053215, 37.27728308962786], [103.75756158917163, 37.27729515815711], [103.74433667274519, 37.28312080579319], [103.7442025872983, 37.283172354611686], [103.74406418564408, 37.28321084058139], [103.74392273715252, 37.283235910722865], [103.74377953913815, 37.28324733510184], [103.74363590496144, 37.28324500893803], [103.74349315198322, 37.28322895356617], [103.74335258948227, 37.28319931624033], [103.7432155066471, 37.28315636878337], [103.74308316075201, 37.283100505093856], [103.74295676562573, 37.283032237533384], [103.74283748051879, 37.28295219222737], [103.74272639947107, 37.282861103322475], [103.74262454127788, 37.28275980625324], [103.72413040665573, 37.26251582024907], [103.72403819722159, 37.26240456728335], [103.72395712045014, 37.26228495808947], [103.7238879287267, 37.26215810263024], [103.72383126414437, 37.26202517811317], [103.72378765254548, 37.261887418066095], [103.72375749864186, 37.26174610089012], [103.72374108225905, 37.261602537996225], [103.72373855573967, 37.26145806163543], [103.7237499425296, 37.26131401253566], [103.7237751369604, 37.261171727459896], [103.72381390522997, 37.261032526801124], [103.72386588757222, 37.260897702329224], [103.72393060159554, 37.26076850520343], [103.7240074467595, 37.26064613436171], [103.72409570994775, 37.260531725394706], [103.72419457208565, 37.260426340007584], [103.72430311574125, 37.26033095616746], [103.74626854789068, 37.24282946668065], [103.74629495099433, 37.24280617022711], [103.74626611876161, 37.24278595758277], [103.72504590828785, 37.229445688080794], [103.72501268524528, 37.22942713022628], [103.72497551494219, 37.22943528700805], [103.69385584987327, 37.23797544310893], [103.69370953555018, 37.23800783364595], [103.69356071948211, 37.23802546333431], [103.69341088698754, 37.23802815621383], [103.6932615335298, 37.23801588540713], [103.69311414979107, 37.23798877338793], [103.69297020679387, 37.23794709075863], [103.69283114121906, 37.23789125354942], [103.69269834106642, 37.23782181906599], [103.69257313180117, 37.23773948032707], [103.69245676312465, 37.23764505914749], [103.69235039650113, 37.23753949793572], [103.69225509356538, 37.237423850287804], [103.69217180552661, 37.23729927047151], [103.67565117578415, 37.209696980527205], [103.67557351267634, 37.20954911721227], [103.67551276938246, 37.20939353646002], [103.65560260350102, 37.148606479324634], [103.65558800653702, 37.148568900950536], [103.65556944585452, 37.14853311398907], [103.64643754644031, 37.13303378111198], [103.64641895784509, 37.133005316148264], [103.6463869892986, 37.13299374886398], [103.6245436691419, 37.12621052898204], [103.62440624295876, 37.12616038311873], [103.62427435504873, 37.126097089022586], [103.62414925984538, 37.12602124870665], [103.62403214717445, 37.125933583515575], [103.62392413093686, 37.1258349272647], [103.6238262385141, 37.12572621830928], [103.62373940099641, 37.1256084906195], [103.6236644443268, 37.12548286394597], [103.62360208144527, 37.1253505331694], [103.62355290550771, 37.12521275693566], [103.62351738424425, 37.1250708456843], [103.62349585551047, 37.12492614918454], [103.62348852407393, 37.12478004369711], [103.62349545966659, 37.1246339188841], [103.62351659632151, 37.12448916459146], [103.62355173300033, 37.12434715762958], [103.62360053550537, 37.12420924867802], [103.62366253965841, 37.12407674943867], [103.62373715571549, 37.12395092015971], [103.62382367397635, 37.12383295764888], [103.6239212715345, 37.12372398389029], [103.63427909155476, 37.11323622093151], [103.63430237012408, 37.113210308730906], [103.63430481847425, 37.113175561939485], [103.63495815925508, 37.084887402329436], [103.6349572473071, 37.08485157438681], [103.63493677695939, 37.08482215605962], [103.6186088198461, 37.06362961855187], [103.61858524085427, 37.06360198036729], [103.61854922909352, 37.06360677528149], [103.59176048940985, 37.06854277685398], [103.59161784169241, 37.068562037921104], [103.59147400457657, 37.06856753738505], [103.59133030260142, 37.068559224603426], [103.59118805906162, 37.06853717612536], [103.59104858382167, 37.06850159498656], [103.59091316125388, 37.06845280883965], [103.59078303841109, 37.06839126693698], [103.59065941354312, 37.068317535993565], [103.59054342506245, 37.06823229496852], [103.59043614106113, 37.06813632881271], [103.5903385494751, 37.068030521240516], [103.59025154898667, 37.06791584659201], [103.5901759407489, 37.06779336086067], [103.59011242100819, 37.06766419196915], [103.58143331484519, 37.04764232987297], [103.5814163662407, 37.04760815248827], [103.58138985466475, 37.04758072102515], [103.56069390538407, 37.028257151922716], [103.56059393763222, 37.0281544450415], [103.56050422871165, 37.028042665953876], [103.56042559765505, 37.02792283519072], [103.56035876235539, 37.02779604679385], [103.56030433301169, 37.027663458327524], [103.56026280655792, 37.027526280309985], [103.56023456212606, 37.02738576516159], [103.56021985758471, 37.02724319577033], [103.56021882718473, 37.02709987377922], [103.56023148033357, 37.02695710770242], [103.56025770150934, 37.026816200978665], [103.56029725131559, 37.02667844007098], [103.56034976866687, 37.02654508272145], [103.56041477408549, 37.026417346468136], [103.56049167407906, 37.02629639752912], [103.56057976655903, 37.02618334015505], [103.5809037200885, 37.0025241002888], [103.58092523963457, 37.002496491748644], [103.58092174728334, 37.002461661792545], [103.5784764532428, 36.98601068726828], [103.5784693120012, 36.98597490832483], [103.57844338655507, 36.98594923730291], [103.56490654269425, 36.973809905725886], [103.56488032980263, 36.97378847820671], [103.56484683211768, 36.97378389237616], [103.52883717929572, 36.97050875654768], [103.5286876045, 36.970487513109276], [103.52854092520964, 36.97045133177474], [103.52839862933305, 36.97040057956598], [103.52826216031347, 36.97033577131123], [103.51186351939602, 36.96150996385218], [103.51183171693206, 36.961494757146426], [103.51179674784598, 36.96149920727308], [103.48370078755907, 36.96644640278005], [103.4836693577338, 36.96645334284711], [103.48363969499181, 36.96646552753752], [103.45013486361796, 36.98193175298982], [103.45010502334132, 36.981947204239546], [103.45008495974363, 36.981974160412854], [103.4410064649284, 36.995401194020815], [103.44091769703148, 36.9955194670945], [103.44081771460124, 36.99562842476118], [103.44070748938955, 36.99572700803659], [103.44058809270021, 36.995814258767574], [103.44046068497666, 36.99588932894451], [103.44032650452344, 36.995951488943355], [103.44018685547074, 36.996000134617], [103.44004309509934, 36.996034793167134], [103.43989662064882, 36.99605512773946], [103.40469332102326, 36.99918346293563], [103.40447841767804, 36.999187100708255], [103.35952970149961, 36.99672233154052], [103.35939685485265, 36.996709096820695], [103.35926571113923, 36.996684102504325], [103.31807954501416, 36.986916963686014], [103.31794357722808, 36.986877862358206], [103.31781189812487, 36.98682612488179], [103.31768567913078, 36.98676221151685], [103.31756604309854, 36.98668669084103], [103.3174540543184, 36.98660023469139], [103.31735070905016, 36.98650361218769], [103.31725692666035, 36.98639768289029], [103.31717354144345, 36.986283389153414], [103.31710129520002, 36.98616174774189], [103.31704083063754, 36.98603384078597], [103.31699268565288, 36.98590080615462], [103.31695728854706, 36.985763827332946], [103.30976076838161, 36.95127383809556], [103.30973789457414, 36.951129236005144], [103.30972922606625, 36.950983092813054], [103.30973484543215, 36.95083680064529], [103.30975469914304, 36.950691753046954], [103.3097885980771, 36.95054933170764], [103.30983621932101, 36.95041089329985], [103.30989710924588, 36.9502777565556], [103.30997068782847, 36.95015118970447], [103.31005625417636, 36.95003239839279], [103.31015299320447, 36.94992251419892], [103.31025998339935, 36.94982258385407], [103.31037620559734, 36.94973355927143], [103.31050055269287, 36.94965628847841], [103.3106318401845, 36.94959150753858], [103.31076881745817, 36.949539833540086], [103.31091017970029, 36.94950175871738], [103.32320223630646, 36.94682675868374], [103.32334105155483, 36.946803310798764], [103.32348145367898, 36.94679298026032], [103.32362220592486, 36.94679585806657], [103.32376206845434, 36.946811918867915], [103.32389980926646, 36.94684102119027], [103.32403421504976, 36.94688290868128], [103.32416410186993, 36.94693721236845], [103.34806414305963, 36.95827493890921], [103.34809630388034, 36.958288271287856], [103.3480985837038, 36.958253531208314], [103.34857927576425, 36.927397212754634], [103.34858885991932, 36.927249688569496], [103.3486129193724, 36.92710382430401], [103.34865122042346, 36.92696103680205], [103.3487033910375, 36.92682271302152], [103.34876892445835, 36.92669019656225], [103.34884718413105, 36.92656477461497], [103.3489374098849, 36.92644766545832], [103.34903872531741, 36.92634000662513], [103.3672756834858, 36.90878155092116], [103.36738515621283, 36.90868592747537], [103.36750337030792, 36.90860134881923], [103.36762921570805, 36.9085286091697], [103.36776151069017, 36.908468391572164], [103.36789901296788, 36.908421261486495], [103.3680404313568, 36.908387661477214], [103.36818443789922, 36.90836790705769], [103.36832968033391, 36.90836218372736], [103.36847479479435, 36.90837054522991], [103.36861841861564, 36.90839291304849], [103.36875920313044, 36.90842907714311], [103.36889582633329, 36.90847869792296], [103.36902700529458, 36.908541309435186], [103.36915150820764, 36.90861632374042], [103.36926816595573, 36.9087030364336], [103.3834368894787, 36.920341730452456], [103.38346466757969, 36.92036245155964], [103.38349880435027, 36.920368423834496], [103.40744114973499, 36.923411634599674], [103.40757656886095, 36.92343519564533], [103.40770926265868, 36.923471053957996], [103.40783811688586, 36.92351890843203], [103.40796204954135, 36.9235783572289], [103.40808001995094, 36.92364890115144], [103.40819103750596, 36.92372994783566], [103.44156131715997, 36.95051897396128], [103.44158986244045, 36.950539673363906], [103.44161576972097, 36.95051575451933], [103.45543976290799, 36.93643654324598], [103.45554732951642, 36.93633719197748], [103.45566407059908, 36.936248802105766], [103.45578887367833, 36.936172215937205], [103.45592054945016, 36.93610816329542], [103.45605784311762, 36.93605725456652], [103.45619944634835, 36.936019974882385], [103.45634400974225, 36.93599667949769], [103.4564901556905, 36.93598759040452], [103.45663649150342, 36.93599279421688], [103.456781622682, 36.93601224134532], [103.47953891710685, 36.940201174155725], [103.47957521649212, 36.94020598514327], [103.4795987296057, 36.94017791515077], [103.49985771668383, 36.91336317054403], [103.49987740405827, 36.91333439084776], [103.49988189965813, 36.91329981262888], [103.50118703673174, 36.89746196538634], [103.50120629858617, 36.89731609294151], [103.5012397595352, 36.89717280946693], [103.50128709761327, 36.89703349365461], [103.50134785732732, 36.89689948601921], [103.50142145403956, 36.89677207599941], [103.50150717959298, 36.8966524895508], [103.50160420912526, 36.89654187734958], [103.5017116090058, 36.896441303720536], [103.50182834581912, 36.89635173639607], [103.50195329630861, 36.896274037204485], [103.50208525818461, 36.896208953777396], [103.50222296169298, 36.8961571123559], [103.50236508183285, 36.89611901176482], [103.50251025110597, 36.89609501861293], [103.50265707267495, 36.89608536376544], [103.50280413380378, 36.89609014012252], [103.50295001945136, 36.896109301725446], [103.50309332588725, 36.89614266419883], [103.5032326741985, 36.89618990652464], [103.51965600131246, 36.90267218603445], [103.51969050370236, 36.902683841161654], [103.51971645243746, 36.90265828886172], [103.54160684721276, 36.87882529615445], [103.54162883974448, 36.87879893739285], [103.54160841066926, 36.87877134919524], [103.51807643125878, 36.849966681379236], [103.51805255873006, 36.84994023873881], [103.51802043757843, 36.84995564466194], [103.47527844490853, 36.873116330345134], [103.47514880131672, 36.87317873212283], [103.47501377543803, 36.87322842573247], [103.47487460959711, 36.87326495396097], [103.47473258420895, 36.873287980725216], [103.47458900599817, 36.8732972941642], [103.47444519597639, 36.87329280858833], [103.47430247728802, 36.87327456526776], [103.47416216303651, 36.873242732052745], [103.47402554420295, 36.873197601829276], [103.47389387776819, 36.87313958982435], [103.47376837514788, 36.8730692297856], [103.4736501910466, 36.87298716907051], [103.47354041283387, 36.87289416269028], [103.47344005053962, 36.87279106636324], [103.47335002756134, 36.87267882864171], [103.47327117216811, 36.87255848218469], [103.47320420988017, 36.872431134256765], [103.47314975679346, 36.87229795654052], [103.47310831391131, 36.87216017435635], [103.47308026253481, 36.87201905538869], [103.47306586075462, 36.871875898022545], [103.47253685365824, 36.86176742043773], [103.47253337199777, 36.86173256853813], [103.47251440049466, 36.86170312606993], [103.45077960752504, 36.831237885171134], [103.45075809443715, 36.831210561973094], [103.45072369344457, 36.83120546866208], [103.3990567810715, 36.82603777883736], [103.39901984575017, 36.82603596487282], [103.39899577489668, 36.826064038034865], [103.37791862320421, 36.85332403377083], [103.37789869109075, 36.85335248843014], [103.3779003825046, 36.85338718851482], [103.38025707401705, 36.87790407293796], [103.38026395221448, 36.87805114501041], [103.38025637878287, 36.87819818292127], [103.38023442668808, 36.87834377004168], [103.38019830742635, 36.87848650372035], [103.3801483689868, 36.878625008797336], [103.38008509249862, 36.87875795085291], [103.38000908759574, 36.87888404906397], [103.3799210865433, 36.87900208854409], [103.37982193718274, 36.879110932048235], [103.37971259476322, 36.87920953092952], [103.37959411273843, 36.879296935242316], [103.37946763261705, 36.879372302894474], [103.34845638207332, 36.895845329993634], [103.34842660064974, 36.89586300670733], [103.34842356672763, 36.89589750590624], [103.3476821775502, 36.91426365540693], [103.34766880917067, 36.91441185041735], [103.34764082403369, 36.91455799181051], [103.34759849751893, 36.91470064152427], [103.34754224612821, 36.91483839585534], [103.34747262338709, 36.91496989927205], [103.34739031439804, 36.91509385775303], [103.34729612909885, 36.91520905152068], [103.34719099429276, 36.91531434704402], [103.34707594452844, 36.91540870819288], [103.34695211191983, 36.915491206433664], [103.34682071500593, 36.91556102996626], [103.3466830467601, 36.915617491712396], [103.34654046186692, 36.91566003607656], [103.34639436339182, 36.91568824441324], [103.3462461889746, 36.91570183914646], [103.34609739668282, 36.91570068650116], [103.345949450664, 36.91568479781963], [103.34580380673818, 36.915654329449836], [103.31325943387198, 36.90714153019557], [103.31322299068296, 36.90713392854214], [103.31318647574776, 36.9071411777256], [103.28165028839892, 36.915065514469376], [103.28150625524879, 36.91509429198522], [103.28136009810346, 36.91510884473843], [103.28121321836272, 36.915109033192714], [103.28106702435481, 36.91509485554111], [103.28092291783294, 36.91506644772333], [103.2807822805349, 36.91502408212229], [103.28064646093443, 36.91496816495241], [103.26577379291358, 36.90797488976126], [103.26574001709828, 36.90796101578393], [103.26570648148972, 36.90797546071047], [103.24808988570416, 36.916626850056275], [103.2480595781763, 36.91664361776626], [103.2480789952367, 36.91667230016706], [103.27486540815791, 36.95235486109097], [103.27494805464546, 36.95247703586565], [103.27501830198247, 36.95260673717295], [103.27507547088916, 36.95274271082327], [103.2751190085519, 36.95288364197454], [103.2751484939689, 36.95302816784647], [103.2751636420212, 36.95317489089846], [103.27516430622968, 36.95332239234354], [103.2751504801716, 36.95346924586781], [103.27512229754255, 36.95361403142266], [103.27508003086379, 36.95375534895639], [103.27502408884692, 36.95389183195248], [103.27495501244171, 36.954022160643554], [103.27487346960525, 36.95414507477332], [103.27478024884294, 36.95425938578306], [103.27467625158367, 36.95436398830473], [103.27456248346328, 36.95445787084972], [103.27444004460014, 36.95454012558981], [103.27431011895725, 36.95460995713562], [103.27417396289346, 36.95466669022798], [103.27403289301479, 36.95470977626755], [103.25891740528691, 36.95852494517604], [103.25876911686659, 36.95855451311504], [103.25861860506559, 36.95856900160621], [103.25846739933256, 36.95856826342254], [103.25831703616764, 36.958552306065194], [103.25816904350911, 36.9585212916873], [103.25802492520695, 36.958475535446176], [103.25788614574131, 36.95841550230088], [103.25775411534093, 36.95834180228737], [103.25763017565288, 36.95825518431959], [103.23056751626444, 36.937234703012955], [103.23053647744068, 36.93721306094642], [103.23049887657963, 36.93721729920919], [103.20731605946494, 36.941047842568324], [103.20717327718, 36.941064453812345], [103.20702956047995, 36.94106732164231], [103.20688622917685, 36.94105641972171], [103.20674459954348, 36.94103184816756], [103.20660597222547, 36.940993832630966], [103.2064716202969, 36.9409427222249], [103.20634277756909, 36.94087898631812], [103.20622062726005, 36.94080321022477], [103.2061062911284, 36.94071608982921], [103.20600081917188, 36.94061842519535], [103.20590517998463, 36.940511113219394], [103.2058202518623, 36.94039513939321], [103.20574681473627, 36.940271568754135], [103.2056855430111, 36.94014153610433], [103.20140743316566, 36.929804873057385], [103.20139184570817, 36.9297719959181], [103.20135557527892, 36.929774882280384], [103.1768703070638, 36.93296913306872], [103.1768352575977, 36.93297550655546], [103.17684282313697, 36.93301031817742], [103.17981642440589, 36.94400433962277], [103.17984717499031, 36.944144217595515], [103.17986444525933, 36.944286390671415], [103.17986807777373, 36.94442956277254], [103.17985803941882, 36.944572428713656], [103.1798344217062, 36.944713686100556], [103.17979743993963, 36.9448520472029], [103.17974743125224, 36.94498625069349], [103.1796848515331, 36.94511507314671], [103.17961027127133, 36.94523734019156], [103.17952437035538, 36.945351937217445], [103.17942793187501, 36.94545781953517], [103.17932183498253, 36.945554021900556], [103.17920704687819, 36.94563966731378], [103.17908461399313, 36.945713975014286], [103.17895565244974, 36.94577626759837], [103.17882133788704, 36.94582597719448], [103.17868289474316, 36.94586265064011], [103.17854158509323, 36.945885953612844], [103.12886935946166, 36.95165773987409], [103.12869500832385, 36.95166776436132], [103.12852067372087, 36.95165745631553], [103.07437273073594, 36.94527632857658], [103.07433709806948, 36.94527390174527], [103.07432138587082, 36.94530597514926], [103.06859481135157, 36.958619202474985], [103.0685306688659, 36.95875034322251], [103.06845408206742, 36.95887462763998], [103.06836577639149, 36.95899087849686], [103.06826658827555, 36.9590979946571], [103.06815745723621, 36.95919496150907], [103.06803941697015, 36.959280860576115], [103.06791358556288, 36.95935487821638], [103.06778115489809, 36.95941631332972], [103.0676433793681, 36.95946458399852], [103.06750156399218, 36.9594992329997], [103.0673570520553, 36.95951993213555], [103.0672112123844, 36.95952648534244], [103.06706542638284, 36.959518830547935], [103.06692107494563, 36.95949704025879], [103.0044634987864, 36.94693354873301], [103.00442079225861, 36.9469274991119], [103.00437767301965, 36.94692641437368], [102.97653903924991, 36.947835183702395], [102.97639483811783, 36.947832954358006], [102.97625151757514, 36.947816887046145], [102.97611040247287, 36.94778713029258], [102.97597279727506, 36.94774395916792], [102.97583997400027, 36.94768777274481], [102.97571316046309, 36.947619090408956], [102.97559352892428, 36.94753854705793], [102.97548218525442, 36.94744688723221], [102.95500244857975, 36.928865811133875], [102.95497341594171, 36.928842062327654], [102.95493624187169, 36.92884706116608], [102.92035253954685, 36.93531457628402], [102.92021348119093, 36.935333897573884], [102.92007322551024, 36.93534013316738], [102.91993300117811, 36.9353332284392], [102.91979403659325, 36.93531324387643], [102.9196575491187, 36.93528035454861], [102.9195247344174, 36.93523484857413], [102.91939675597793, 36.93517712459623], [102.91927473492206, 36.935107688290756], [102.91915974018345, 36.93502714793638], [102.91905277914351, 36.934936209085876], [102.88416877429698, 36.9023451931644], [102.88406754452976, 36.902240989447805], [102.8839768700913, 36.902127481621925], [102.88389760154335, 36.902005734434574], [102.88383048245586, 36.901876889922], [102.88377614243217, 36.901742156696145], [102.88373509120292, 36.901602798607385], [102.88370771384474, 36.90146012288912], [102.88369426716795, 36.9013154678954], [102.88369487730765, 36.90117019054667], [102.88370953854046, 36.9010256536013], [102.8837381133383, 36.90088321287239], [102.88378033365838, 36.90074420450971], [102.88383580345759, 36.900609932466075], [102.8839040024075, 36.90048165626581], [102.88398429077529, 36.900360579189844], [102.88407591542463, 36.900247836988534], [102.90337285929368, 36.87872304322394], [102.90339609495784, 36.878694349122135], [102.90339527468001, 36.8786574360523], [102.90241758602635, 36.86518164401928], [102.90241342812672, 36.86514718042504], [102.9023814904349, 36.865133578539066], [102.87824280395509, 36.85618575273645], [102.87809475140595, 36.856121617386904], [102.87795444407296, 36.85604195087781], [102.87782350533688, 36.85594767496486], [102.87770345018222, 36.85583988043714], [102.87759566766847, 36.85571981449652], [102.86346928347132, 36.8381696842127], [102.86344645348369, 36.838143920921986], [102.86341348072774, 36.83815380792545], [102.84380235667366, 36.84506227208087], [102.84367023558546, 36.84510208540274], [102.84353501487945, 36.84512958891543], [102.84339783888835, 36.84514454986484], [102.84325986849186, 36.84514684164091], [102.84312227129253, 36.845136444849025], [102.81365341590048, 36.84154037844151], [102.81350670187148, 36.84151503103917], [102.81336322341306, 36.84147526385314], [102.81322439410674, 36.841421468678504], [102.81309158172947, 36.84135417551721], [102.81296609477816, 36.84127404735635], [102.81284916957797, 36.84118187363628], [102.81274195810181, 36.84107856247284], [102.81264551662083, 36.84096513171045], [102.81256079529781, 36.84084269889402], [102.81248862882595, 36.84071247025874], [102.81242972820525, 36.84057572884588], [102.81238467373764, 36.84043382186204], [102.81235390930972, 36.8402881474062], [102.81233773801941, 36.84014014069526], [102.81233631918984, 36.83999125992406], [102.81234966679963, 36.83984297189884], [102.81237764934518, 36.83969673758599], [102.81241999113627, 36.83955399771826], [102.81247627501222, 36.83941615860037], [102.81254594645183, 36.83928457825377], [102.81262831903672, 36.8391605530371], [102.81272258121396, 36.83904530487419], [102.81282780429176, 36.83893996921542], [102.84622754800196, 36.808669879665125], [102.84625211332539, 36.80864530090585], [102.84622300703133, 36.8086263168553], [102.82435674203464, 36.795856930022694], [102.82423582239822, 36.795778284196714], [102.82412301597648, 36.795688387391266], [102.82401936593926, 36.795588070921035], [102.82392583078334, 36.795478262455866], [102.8238432754688, 36.7953599774422], [102.82377246342041, 36.795234309712775], [102.82371404946784, 36.79510242137152], [102.8236685737902, 36.79496553204703], [102.82363645692078, 36.794824907614185], [102.82361799585819, 36.794681848488004], [102.82361336131984, 36.79453767759819], [102.82362259616335, 36.7943937281554], [102.82364561499008, 36.79425133132246], [102.82368220493503, 36.79411180390456], [102.82373202763509, 36.793976436172166], [102.82379462235818, 36.79384647992931], [102.82386941026378, 36.79372313693766], [102.82395569975577, 36.79360754780327], [102.82405269287783, 36.79350078142893], [102.84295413466798, 36.774605856414254], [102.84297770640495, 36.77457987542837], [102.84295708722736, 36.77455149430913], [102.83317988679939, 36.762387717473736], [102.83315510874628, 36.76235991139571], [102.83311788098669, 36.76235880513999], [102.81354375944844, 36.762772244698134], [102.81350899573275, 36.762774640204], [102.8134908302552, 36.76280437687839], [102.80825390322714, 36.77237460779444], [102.80817809088805, 36.77249850154313], [102.80809065111282, 36.77261448196145], [102.80799240378234, 36.77272146155658], [102.80788427011471, 36.77281843723213], [102.80776726402753, 36.77290449969368], [102.80764248263081, 36.772978841974755], [102.8075110959399, 36.77304076700342], [102.80737433590484, 36.773089694138356], [102.80723348485894, 36.77312516461327], [102.80708986349495, 36.77314684583851], [102.80694481848157, 36.77315453451962], [102.80679970983638, 36.77314815856353], [102.80665589817362, 36.77312777775451], [102.80651473194632, 36.77309358319365], [102.80637753480254, 36.77304589550696], [102.77884105425412, 36.76195294706671], [102.77869822331616, 36.7618864898286], [102.77856315000876, 36.761805419223776], [102.778437324175, 36.761710629451684], [102.77832213365933, 36.76160316603262], [102.77821884899993, 36.76148421427573], [102.77812860941468, 36.76135508620523], [102.77805241023586, 36.76121720608889], [102.75727530471507, 36.71846086963581], [102.75721928612853, 36.71833017010869], [102.75717589552649, 36.71819475332951], [102.7571455228545, 36.71805583627072], [102.75712844106768, 36.717914667361306], [102.75712480367774, 36.71777251526733], [102.75713464337345, 36.71763065749061], [102.75715787172676, 36.71749036888797], [102.75719427998759, 36.71735291021428], [102.75724354095976, 36.71721951679223], [102.75730521194153, 36.7170913874106], [102.75737873870403, 36.71696967355099], [102.75746346047214, 36.71685546903953], [102.7781186453566, 36.69160754761188], [102.77814003162754, 36.69157861328432], [102.778131181577, 36.6915437385871], [102.772585647991, 36.67346870590919], [102.77257373889239, 36.67343567978464], [102.77253870139424, 36.673433460491665], [102.73069407337661, 36.67281152129768], [102.73065920600939, 36.672812633915505], [102.7306251536931, 36.67282021091762], [102.68877587979163, 36.68420905210938], [102.6887438141757, 36.684219363617274], [102.68871952519612, 36.684242699777926], [102.66649948091386, 36.707622241610764], [102.66647697615066, 36.70764828681761], [102.66649114792561, 36.70767965524061], [102.68496081781781, 36.743886277605235], [102.68497803632147, 36.743916407432835], [102.68501255819538, 36.743919946303784], [102.71468009950337, 36.7455438208371], [102.71481959334444, 36.74555801932016], [102.71495715197598, 36.74558518090172], [102.71509157343333, 36.745625068248366], [102.715221683164, 36.74567733283105], [102.71534634429065, 36.74574151797047], [102.71546446754493, 36.745817062827484], [102.71557502078532, 36.745903307303585], [102.71567703801588, 36.74599949780878], [102.7195922940726, 36.75005316102945]], [[102.74139443455456, 39.14899579017942], [102.7656859928294, 39.144566189524866], [102.76570992956313, 39.1445614209135], [102.81703359516368, 39.13346561028249]], [[102.96248252455365, 39.105525646023004], [102.99346758545015, 39.102853376098]], [[103.0671254784653, 39.144944756914114], [103.08217100321932, 39.159180295103134], [103.08219590367634, 39.15920185856753], [103.08222260447992, 39.15922114801701], [103.11598217646952, 39.1814157080511]], [[103.37045490471692, 38.00023325376476], [103.36830300192409, 37.986079127223896], [103.3682883082482, 37.98593754783591], [103.3682871005218, 37.98579521312963], [103.36829938962016, 37.98565340478969], [103.36832506488336, 37.98551339976094], [103.36836389511275, 37.98537645874992], [103.36841553065285, 37.98524381487251], [103.37173536794991, 37.97778364303111]], [[103.3707904069084, 39.339886085587416], [103.40709216654638, 39.3484202490338]], [[103.42099200032088, 37.85657037639196], [103.50299146125707, 37.83323574797215]], [[103.4338011609709, 38.38653168560371], [103.46530221323363, 38.3531395149367], [103.46532912267223, 38.35310758929021], [103.46535230091257, 38.3530728598503], [103.50788179327193, 38.28091528370382], [103.50790002423048, 38.280880225837066], [103.50791046295775, 38.28084211475157], [103.53491006113492, 38.15678547716907], [103.53491596125524, 38.15674994153602], [103.53488508296516, 38.15673139096076], [103.50776578282554, 38.14222386248283], [103.50773747552037, 38.142210216003065], [103.50770738862117, 38.14220153526479], [103.50604151768734, 38.14179530444804]], [[103.78815135105171, 38.605720348021705], [103.57438050935652, 38.48986236000305], [103.43462508891574, 38.41480538352508]], [[103.5199575926816, 39.372874023630146], [103.59523859394895, 39.386695116894124], [103.59543020941763, 39.386743534077226], [103.7290883363179, 39.430063275049704], [103.72912392537795, 39.430073843712144], [103.81898743278421, 39.4543563421437]], [[103.6523608715418, 37.7912773829621], [103.66995884653626, 37.78666925255842], [103.66999710892408, 37.786656993652606], [103.67003185871148, 37.786636825773364], [103.68322597658207, 37.77799593699828], [103.68329325073309, 37.777946304758665], [103.77693624418892, 37.70043419663819]], [[104.01085730250787, 38.8580946494235], [103.98093262117145, 38.81419377946891], [103.98092323161931, 38.814180323251676], [103.88016086671766, 38.67309155642497]], [[103.98130118822857, 39.45069604659521], [104.06623166909432, 39.427001717870326]], [[104.19356074387083, 39.016620929742764], [104.1963970327262, 38.98830161179335], [104.19639886386513, 38.98826247450621], [104.19638063516798, 38.98822779317259], [104.16792996117935, 38.94043916940979], [104.16791089046941, 38.9404103009253], [104.16787937418988, 38.940396024879725], [104.10849486017524, 38.91677910290169], [104.10845879939505, 38.916765821403516], [104.06577763471249, 38.90227675935968]], [[104.08590274266508, 39.399431568206666], [104.07998614527922, 39.37712964646502]], [[104.11100644318932, 39.22670233596571], [104.17754544344321, 39.15221472894632], [104.17757020700206, 39.15218385155231], [104.17758789950221, 39.152148445016955], [104.20735729464643, 39.083704809483066], [104.20737007618264, 39.083670967147334], [104.20735845760007, 39.08363670813569], [104.19868767140649, 39.06168067191009]], [[106.85594314600358, 40.184830551414834], [106.81082614299359, 40.18241266899598], [106.81079503841863, 40.18241229688743], [106.81076440900095, 40.18241707143971], [106.74030740357698, 40.19640077492957], [106.74027218986876, 40.1964095941268], [106.74025371946647, 40.196440845170486], [106.7056040218582, 40.26229964649461], [106.70558928850086, 40.262331303537096], [106.70561915920486, 40.262349386158725], [106.76547766035834, 40.29471055325217], [106.76562341691574, 40.2948004670503], [106.76575797455568, 40.29490640904694], [106.76587957927656, 40.29502699825449], [106.81939983013456, 40.354534764386614], [106.81949007909895, 40.35464525529382], [106.8195694230221, 40.35476382028869], [106.8196371441724, 40.35488938685252], [106.81969262995588, 40.35502081913159], [106.81973537845761, 40.35515692821192], [106.81976500298194, 40.355296482874], [106.81978123555048, 40.35543822073016], [106.81978392932616, 40.35558085964393], [106.81977305994158, 40.35572310932804], [106.81974872571931, 40.3558636830161], [106.81971114678258, 40.356001309102524], [106.81966066306406, 40.35613474264521], [106.8140330993517, 40.36910849386761], [106.8139695540621, 40.36923763797021], [106.81389392366543, 40.36936009713145], [106.81380690450604, 40.36947474384516], [106.81370929778682, 40.369580522535976], [106.81360200219248, 40.36967645927819], [106.8134860056152, 40.3697616707629], [106.81336237605879, 40.36983537243079], [106.81323225180549, 40.36989688569579], [106.81309683093548, 40.36994564419286], [106.81295736029601, 40.369981198992704], [106.81281512402131, 40.37000322273513], [106.67385066512679, 40.384735992462026], [106.67373704241056, 40.384743691185875], [106.60341118428921, 40.3868318079533], [106.60327042573532, 40.38682937815613], [106.603130514902, 40.386813762998976], [106.5216263983136, 40.373820209204375], [106.52148502364999, 40.373790629227514], [106.52134714936562, 40.373747589103765], [106.5212140538168, 40.37369148789677], [106.5210869710519, 40.37362284577121], [106.52096707936931, 40.373542299169856], [106.52085549039253, 40.37345059491258], [106.46803211731032, 40.32559847116806], [106.46800381668815, 40.32557532767181], [106.46797224216309, 40.325593755802544], [106.43312854148452, 40.34836637011366], [106.43299969141879, 40.348441710432404], [106.43286399168926, 40.34850387220904], [106.43272278593453, 40.34855223994519], [106.43257747231144, 40.34858633472498], [106.43242948965106, 40.34860581895698], [106.43228030321215, 40.34861049971699], [106.32843920734754, 40.34669868502314], [106.32840283057209, 40.34669982031577], [106.32837813290374, 40.346726552017216], [106.22928996096978, 40.465264943098575], [106.22926588971188, 40.46529711837744], [106.22924926762681, 40.46533370225795], [106.20933427765323, 40.51629902057929], [106.20932350954668, 40.5163310971065], [106.20935730192475, 40.516329385118226], [106.27770927602225, 40.50952301583394], [106.27786023508456, 40.50951563562312], [106.27801117052415, 40.509523484131314], [106.27816054997025, 40.50954648167661], [106.2783068568493, 40.509584394776624], [106.27844860578192, 40.50963683851893], [106.27858435766328, 40.50970328046888], [106.27871273427355, 40.50978304607512], [106.27883243227029, 40.50987532551803], [106.27894223642059, 40.509979181931335], [106.27904103193873, 40.51009356091367], [106.27912781580407, 40.51021730123339], [106.27920170694414, 40.51034914661793], [106.27926195517973, 40.51048775850816], [106.2793079488412, 40.51063172964802], [106.27933922097824, 40.51077959837173], [106.27935545410077, 40.510929863443316], [106.28099883608769, 40.53962321821562], [106.28100266023574, 40.539658601799744], [106.28103712508653, 40.53964972507797], [106.34455544329545, 40.519825161202114], [106.34458723715342, 40.5198136277697], [106.34461278686307, 40.51979157350953], [106.37362400320745, 40.49237257411997], [106.37373429308595, 40.492278017041805], [106.37385321283234, 40.49219457249588], [106.37397964698481, 40.492123023188256], [106.37411240959669, 40.49206404024821], [106.37425025536068, 40.492018176933044], [106.37439189128976, 40.49198586343859], [106.3745359888453, 40.49196740286398], [106.37468119639875, 40.49196296836854], [106.48097497950981, 40.49386737255815], [106.48100956434159, 40.493866376984016], [106.48103999886689, 40.493849919723395], [106.49519185410301, 40.485320615668044], [106.49532224778736, 40.485250555187434], [106.49545891188578, 40.48519368772695], [106.49560051553391, 40.48515056707414], [106.49574567976495, 40.48512161314722], [106.49589299093843, 40.48510710790573], [106.49604101450643, 40.48510719260486], [106.49618830898365, 40.48512186641976], [106.49633343998475, 40.48515098645368], [106.49647499419288, 40.48519426912947], [106.4966115931227, 40.48525129295112], [106.49674190654443, 40.48532150260839], [106.49686466543798, 40.48540421438455], [106.49697867435083, 40.48549862281453], [106.49708282303968, 40.48560380852874], [106.49717609728218, 40.48571874720606], [106.49725758875371, 40.485842319548944], [106.49732650387281, 40.48597332218335], [106.49738217152921, 40.48611047937744], [106.49742404961931, 40.486252455464964], [106.49745173032527, 40.48639786785226], [106.49746494408639, 40.48654530048222], [106.49746356222427, 40.486693317624194], [106.49744759819573, 40.48684047785542], [106.49741720746196, 40.48698534809791], [106.47978472022379, 40.554312035276816], [106.4797419681207, 40.55444840463253], [106.47968643210432, 40.554580086424664], [106.479618616302, 40.55470588531358], [106.47953913631079, 40.55482465936164], [106.47944871360916, 40.55493533039908], [106.47934816900795, 40.555036893811106], [106.47923841519933, 40.555128427657266], [106.479120448472, 40.555209101040354], [106.47899533966726, 40.555278181648866], [106.47886422445853, 40.55533504240454], [106.4787282930423, 40.555379167154676], [106.31988850468503, 40.59869423968404], [106.31974241730101, 40.59872634743187], [106.31959385853467, 40.5987437464025], [106.31944430555079, 40.59874626359268], [106.31929524539996, 40.598733873973245], [106.31914816023239, 40.59870670073793], [106.31900451256044, 40.59866501407843], [106.2998238312658, 40.592045366107456], [106.29978825433284, 40.59203506675057], [106.29975623589921, 40.592053684344776], [106.24721441782864, 40.62626819232911], [106.24718560836467, 40.626289004088], [106.24717956124442, 40.626324026179056], [106.24211990732111, 40.667389589417], [106.24209425184253, 40.66753688306344], [106.2420540606764, 40.667680891021654], [106.24199973311964, 40.66782018258077], [106.24193180891345, 40.66795337388708], [106.24185096288093, 40.668079141692544], [106.24175799822284, 40.668196236501174], [106.24165383853773, 40.668303494982716], [106.24153951864616, 40.66839985153027], [106.24141617430975, 40.66848434884701], [106.24128503094742, 40.66855614745692], [106.24114739146106, 40.66861453404489], [106.24100462329109, 40.66865892854351], [106.24085814483115, 40.66868888989594], [106.21138003939645, 40.673201482985625], [106.21134487383839, 40.67320862993679], [106.21131945762478, 40.67323396196145], [106.18345673272175, 40.7038436200773], [106.18335486656812, 40.70394527361251], [106.1832437278004, 40.70403669750863], [106.18312433939681, 40.70411705025321], [106.18299780026948, 40.70418559223837], [106.18286527514947, 40.7042416925685], [106.18272798386599, 40.70428483486739], [106.18258719011844, 40.70431462203116], [106.18244418984473, 40.7043307798835], [106.18230029929273, 40.704333159699225], [106.18215684290494, 40.7043217395733], [106.18201514112755, 40.70429662462242], [106.18187649825641, 40.704258046017486], [106.18174219043168, 40.704206358855764], [106.15559457197737, 40.69267480582402], [106.15556114615228, 40.69266197764928], [106.15552996921198, 40.692679580098975], [106.1156681890234, 40.71783194171144], [106.11552484308143, 40.71791178023323], [106.1153736345402, 40.71797548443796], [106.11521637267703, 40.71802229207654], [106.11505493919988, 40.71805164307481], [105.94430972360863, 40.739529135375946], [105.94427926374323, 40.73953425155798], [105.94425016151165, 40.73954427905322], [105.83582161039216, 40.781951890157735], [105.83567505102766, 40.78200067142041], [105.83552425207908, 40.7820341219214], [105.83537081263582, 40.78205188694774], [105.78129671299897, 40.78550403924706], [105.78126618356227, 40.78550724996915], [105.7812366907249, 40.7855153861198], [105.70441622094555, 40.81011668143519], [105.70438459482176, 40.81012840637643], [105.70435571011936, 40.810145556528745], [105.6368441787122, 40.85442922420103], [105.63674795483936, 40.85448730563034], [105.63664765212768, 40.85453801906213], [105.55873988198636, 40.890329190892984], [105.55871261576021, 40.89034309450826], [105.55868657693523, 40.89035917981864], [105.50472555195219, 40.92682373006897], [105.50459652000887, 40.926901775754025], [105.39862312840866, 40.983930634029534], [105.39859068545306, 40.983950318360534], [105.39857939338562, 40.983986546905385], [105.37933917772342, 41.05918583442533], [105.37929472983001, 41.059329242942894], [105.37923616846551, 41.05946748976827], [105.37916408032676, 41.05959918987605], [105.37907918762856, 41.05972302382913], [105.37898234086818, 41.059837750997396], [105.37887451030454, 41.059942221987086], [105.3179767832178, 41.11330065641484], [105.31795145419775, 41.11332515582416], [105.3179734812315, 41.11335266200687], [105.33361457185161, 41.13102595413283], [105.33370508976977, 41.13113875330766], [105.33378432366624, 41.13125974560905], [105.33385153694233, 41.13138780623088], [105.33390610474916, 41.13152174465631], [105.33394751979657, 41.131660315725426], [105.33397539706915, 41.13180223121091], [105.33398947740557, 41.13194617179405], [105.33398962990783, 41.13209079932978], [105.3339758531582, 41.132234769286775], [105.33394827523236, 41.1323767432469], [105.31713380952462, 41.20106136570248], [105.31709283096893, 41.20119961152558], [105.31703876786749, 41.20133328400104], [105.316972119791, 41.20146114792688], [105.24802320876238, 41.319522396527894], [105.24800495484642, 41.3195578770747], [105.24799058833274, 41.31959510177002], [105.22286784479435, 41.39671777810616], [105.22285931211027, 41.39674830744793], [105.22285339422868, 41.396779449478764], [105.20147488645655, 41.54275780564875], [105.20147121133935, 41.542797962322744], [105.20147625232278, 41.54283797048975], [105.22631602421298, 41.679740019395126], [105.22633185751855, 41.67985057043039], [105.23122872275812, 41.726307258022665]], [[109.42695324229318, 40.491037318112554], [109.41006708339408, 40.45661578513977], [109.41005121841083, 40.45658706989542], [109.41003851770064, 40.45661731811689], [109.40316995728882, 40.47550134358683], [109.40311271481477, 40.475637459556246], [109.40304236644772, 40.47576728777052], [109.40295959391833, 40.47588957009282], [109.40286519935707, 40.47600312151189], [109.40276009752098, 40.476106841625764], [109.40264530692902, 40.4761997253055], [109.40252193999166, 40.47628087243567], [109.40239119223092, 40.476349496637184], [109.40225433069479, 40.4764049328879], [109.40211268167846, 40.47644664396726], [109.40196761787158, 40.47647422566229], [109.40182054505577, 40.47648741068482], [109.33349375156982, 40.47923356309283], [109.33345892763465, 40.47923663090251], [109.33343849146263, 40.47926499427288], [109.31972335861991, 40.500351938385116], [109.31963889237606, 40.50046905704391], [109.31954355597169, 40.50057751116596], [109.31943823291368, 40.50067629567911], [109.31932389925781, 40.500764495121985], [109.31920161456337, 40.50084129212773], [109.31907251207394, 40.50090597499882], [109.3189377882154, 40.500957944302506], [109.31879869150825, 40.50099671842594], [109.31865651099733, 40.50102193803937], [109.31851256430586, 40.501033369426196], [109.25815302809715, 40.50291090356692], [109.25801620503974, 40.502908915043285], [109.25788013251744, 40.502894466100706], [109.25774594292598, 40.50286767698329], [109.25761475299134, 40.502828770630124], [109.25748765447636, 40.50277807081993], [109.25736570509504, 40.5027159994766], [109.227705203996, 40.48587328703575], [109.22767440208307, 40.48585775386549], [109.22766884253804, 40.485891799844225], [109.22407378592196, 40.51771350374988], [109.22404927286482, 40.51786264837253], [109.22400987496371, 40.51800856894621], [109.22395599223883, 40.51814978389015], [109.22388817177963, 40.51828485940143], [109.2238071021901, 40.51841242401286], [109.2237136065971, 40.51853118251792], [109.22360863429292, 40.51863992912149], [109.22349325109673, 40.51873755968264], [109.22336862853302, 40.51882308292539], [109.2232360319367, 40.51889563050341], [109.22309680760569, 40.51895446581669], [109.22295236913155, 40.51899899149046], [109.22280418304682, 40.51902875544056], [109.22265375393475, 40.51904345546355], [109.22250260915283, 40.51904294230516], [109.17221422834848, 40.51633489705774], [109.17217973596547, 40.5163346636153], [109.17215670744176, 40.51636034368707], [109.15678226006554, 40.535218389191805], [109.15668486528351, 40.53532666377274], [109.15657742965665, 40.535424983224146], [109.15646096590318, 40.535512420759424], [109.156336571843, 40.53558815216793], [109.15620542004925, 40.535651463584266], [109.15606874679536, 40.535701758217336], [109.15592784040159, 40.535738561975876], [109.155784029091, 40.53576152793738], [109.15563866846914, 40.53577043961829], [109.15549312874583, 40.535765213014606], [109.08435016719797, 40.52974214662893], [109.084314333636, 40.52974090138668], [109.08430330261373, 40.529775017531705], [109.0794381783772, 40.54784481095231], [109.07939215755067, 40.547987074564624], [109.07933220195481, 40.548124049665965], [109.07925890733114, 40.54825437521987], [109.07917300196274, 40.54837675626229], [109.07907533943792, 40.54848997676886], [109.0789668901685, 40.54859291173776], [109.07884873174746, 40.548684538368164], [109.07872203824161, 40.54876394622318], [109.0785880685256, 40.5488303462763], [109.07844815377325, 40.54888307875146], [109.0783036842305, 40.548921619678815], [109.07815609540144, 40.54894558610112], [109.07800685378454, 40.54895473987893], [109.07785744230102, 40.54894899005685], [109.00086524215249, 40.54213087568676], [109.0007205500134, 40.54211092320765], [109.0005784843942, 40.542076992743795], [109.00044039232424, 40.54202940601505], [109.00030758315674, 40.541968614226434], [109.00018131615376, 40.541895193789934], [108.9779811945167, 40.52749623271039], [108.97794974248727, 40.52747798043173], [108.97791466860403, 40.52748758243976], [108.88038507321572, 40.55946001467038], [108.88025563898516, 40.559496112260014], [108.8801234936471, 40.55952048161879], [108.82655136498772, 40.566936605557316], [108.82641610888902, 40.566949120468436], [108.82628027522867, 40.56694934838966], [108.82614497789308, 40.56693728745195], [108.82601132637065, 40.56691303655948], [108.82588041665346, 40.56687679457855], [108.77450661661557, 40.5501152942086], [108.77447291107924, 40.55010608065232], [108.77445682205631, 40.55013709832686], [108.7614805586175, 40.57843425222899], [108.76146774519566, 40.5784660190483], [108.76147986219671, 40.578498057975665], [108.77522720778093, 40.61029042678673], [108.77527864844778, 40.61042735958663], [108.77531650706369, 40.6105686516922], [108.77534042360611, 40.61071295946362], [108.77535017063686, 40.610858910583126], [108.77534565546497, 40.611005117105265], [108.77532692102824, 40.6111501886558], [108.77529414548475, 40.61129274565367], [108.77524764051876, 40.61143143243038], [108.77518784837667, 40.61156493012189], [108.77511533766139, 40.61169196921061], [108.77503079792514, 40.61181134159807], [108.77493503311202, 40.61192191209351], [108.77482895391279, 40.61202262920916], [108.77471356910452, 40.61211253515955], [108.77458997595745, 40.61219077496969], [108.77445934980034, 40.61225660460565], [108.77432293284343, 40.61230939804999], [108.77418202236558, 40.612348653255026], [108.77403795837742, 40.612373996917135], [108.77389211087844, 40.61238518802672], [108.77374586682868, 40.612382120160134], [108.73144436694938, 40.609426680548026], [108.73140658964834, 40.609425982218376], [108.7313753361869, 40.60944721505349], [108.69059186927628, 40.640323687026104], [108.69046540760121, 40.64040965300083], [108.69033085082938, 40.64048229719692], [108.69018959731687, 40.64054086467315], [108.69004311501438, 40.64058474677799], [108.68989292621181, 40.64061348747488], [108.68974059171823, 40.64062678808149], [108.68958769464136, 40.64062451037376], [108.68943582393545, 40.640606678022344], [108.65832178615618, 40.63533374261031], [108.65828222410484, 40.635329209505706], [108.65824437795834, 40.63534159393706], [108.6045568575408, 40.65616747843832], [108.60452433628978, 40.6561819968834], [108.60453635779922, 40.656215521506184], [108.61138144345661, 40.67267366130847], [108.61142959700217, 40.67280685127946], [108.61146497435928, 40.67294398907486], [108.61148726014535, 40.67308385213668], [108.61149625568675, 40.673225193611685], [108.61149188078988, 40.673366753466865], [108.61147417445616, 40.6735072697224], [108.61144329453424, 40.67364548970194], [108.61139951631291, 40.67378018120004], [108.61134323006688, 40.67391014346698], [108.61127493757759, 40.674034217913295], [108.6111952476599, 40.67415129843832], [108.61110487073462, 40.67426034129091], [108.56242325417662, 40.72765109197666], [108.56231118096257, 40.727761735864455], [108.56218812475176, 40.727860019353365], [108.56205544203245, 40.72794485903282], [108.56191459540902, 40.728015319687685], [108.56176713747922, 40.72807062460745], [108.56161469371932, 40.728110164148156], [108.56145894456601, 40.7281335024527], [108.48114069356043, 40.73588555497534], [108.48110703682151, 40.735890436085846], [108.48111374478293, 40.73592377682], [108.48549623393444, 40.75335234394729], [108.48552432172585, 40.7534916495893], [108.48553910055145, 40.7536329880916], [108.48554043776318, 40.75377509086352], [108.48552832135881, 40.75391668245461], [108.48550286008975, 40.75405649200256], [108.48546428248486, 40.75419326463989], [108.48541293479931, 40.75432577275704], [108.48534927790683, 40.754452827020884], [108.48527388316298, 40.7545732870496], [108.48518742727698, 40.75468607164828], [108.48509068623794, 40.75479016851318], [108.48498452834977, 40.75488464331777], [108.43692930706781, 40.793732744356554], [108.43681685841865, 40.79381530676222], [108.43669722588409, 40.79388706542858], [108.43657144421904, 40.793947399683056], [108.436440601365, 40.79399578766789], [108.43630582903997, 40.79403181085389], [108.43616829294963, 40.794055157660516], [108.34442768704267, 40.80526888233348], [108.34439432347229, 40.8052745020467], [108.34436160420017, 40.80528311356352], [108.3023926997, 40.818385280626366], [108.30226004185535, 40.81842012551571], [108.30212475575286, 40.81844270737857], [108.30198797252082, 40.81845283740781], [108.23460023569116, 40.820352921895186], [108.23456337507305, 40.820355846595035], [108.23455000951961, 40.820390322978525], [108.22383426933092, 40.85285170801156], [108.22378053208128, 40.852990840136876], [108.22371324330257, 40.853123947839705], [108.2236330682697, 40.85324971510252], [108.22354079966217, 40.85336689848171], [108.22343734972702, 40.85347433940132], [108.22332374125949, 40.85357097560779], [108.22320109749089, 40.85365585167222], [108.22307063098324, 40.853728128436664], [108.222933631641, 40.8537870913107], [108.22279145395775, 40.85383215733649], [108.17290766469773, 40.866953666889856], [108.17276069867422, 40.866984551707304], [108.17261138097543, 40.867000586321154], [108.1724612082879, 40.86700161000841], [108.17231168586818, 40.86698761250812], [108.17216431245483, 40.86695873412429], [108.17202056524586, 40.86691526431952], [108.17188188509198, 40.86685763881357], [108.17174966205428, 40.86678643521593], [108.1716252214709, 40.86670236723615], [108.17150981067255, 40.866606277529954], [108.17140458647981, 40.8664991292529], [108.17131060360778, 40.866381996406176], [108.17122880409418, 40.86625605307134], [108.17116000785677, 40.8661225616419], [108.17110490447489, 40.86598286016976], [108.16665164714098, 40.85279349573548], [108.16663878099853, 40.852760728579405], [108.16660359615985, 40.852759609981014], [108.03247857302264, 40.85500700248179], [108.03232099757471, 40.85500135433742], [108.03216488561061, 40.85497919631432], [108.03201196212751, 40.854940773252956], [108.00077230043522, 40.84532017911447], [108.00073632693787, 40.845311065909314], [108.00070492519987, 40.845330841497095], [107.96957085649153, 40.867213996602615], [107.96945093813059, 40.867290066681676], [107.9693243634167, 40.86735445543863], [107.96919226685704, 40.867406585747894], [107.96905583245186, 40.86744599035809], [107.96891628308218, 40.86747231608008], [107.96877486954882, 40.86748532695268], [107.96863285936145, 40.867484906357575], [107.96849152537757, 40.86747105806464], [107.96835213439378, 40.86744390619807], [107.96821593579132, 40.86740369412392], [107.91463778636687, 40.84878539319762], [107.91460506048813, 40.84877569245443], [107.91457311062892, 40.84878770470102], [107.85633042638781, 40.873817943537105], [107.8561971619872, 40.873867867344764], [107.856059766264, 40.87390493757931], [107.85591947588885, 40.87392882057918], [107.85577755358655, 40.873939301378414], [107.85563527677054, 40.873936285641484], [107.85549392604517, 40.87391980051243], [107.85535477367924, 40.87388999437051], [107.85521907215455, 40.87384713549466], [107.8550880428926, 40.87379160964881], [107.85496286526084, 40.87372391660967], [107.85484466595736, 40.873644665668365], [107.85473450886977, 40.873554570146304], [107.85463338549934, 40.87345444097475], [107.82069467729374, 40.836499958963095], [107.82066850498725, 40.83647420671625], [107.82063384044675, 40.83648631198242], [107.75925082312138, 40.86147276896324], [107.75911512617164, 40.86152055671988], [107.75897547527545, 40.8615551248995], [107.75883315505541, 40.86157615551585], [107.75868947468882, 40.86158345511218], [107.75854575586465, 40.86157695654087], [107.75840332062563, 40.861556719581074], [107.7582634792071, 40.86152293038881], [107.75812751798425, 40.861475899784594], [107.7579966876391, 40.861416060394205], [107.75787219165571, 40.861343962669075], [107.72911477696431, 40.84279363457215], [107.72899505595444, 40.842707799019806], [107.72888433186486, 40.842610634014605], [107.72878367261032, 40.84250307669628], [107.72869404903199, 40.842386164436626], [107.72861632553384, 40.842261024834244], [107.72855125174561, 40.842128864839026], [107.72849945529278, 40.841990959111364], [107.7284614357432, 40.84184863772822], [107.72843755978887, 40.84170327335482], [107.72842805770928, 40.841556268005476], [107.72843302115034, 40.84140903952147], [107.7284524022405, 40.84126300789615], [107.7284860140525, 40.84111958157938], [107.73597268902185, 40.81501694969306], [107.73598070490397, 40.81498263182923], [107.73594565807358, 40.814978931853176], [107.69976277230761, 40.81297497738255], [107.69961663708344, 40.812959676251495], [107.69947270001126, 40.81293015087915], [107.6993323422235, 40.812886684573], [107.6991969105079, 40.812829694409224], [107.69906770438466, 40.81275972723068], [107.69894596363696, 40.81267745439977], [107.6988328564148, 40.812583665356414], [107.69872946802613, 40.81247926004311], [107.69863679052291, 40.812365240269585], [107.69855571318197, 40.812242700100086], [107.69848701397203, 40.81211281535537], [107.69843135208882, 40.81197683233027], [107.69838926162986, 40.811836055834995], [107.69836114646954, 40.811691836674974], [107.69834727638377, 40.81154555868935], [107.69638770015916, 40.76854530769426], [107.69638425779704, 40.76850930517696], [107.69635067377564, 40.768495883381135], [107.66405143370565, 40.75741749647628], [107.66401506014472, 40.75740707359159], [107.6639793518592, 40.75741958721642], [107.61422030463206, 40.777780985429125], [107.61407687098544, 40.777831355030706], [107.61392907570207, 40.7778669480351], [107.61377843682396, 40.77788739885773], [107.61362650160036, 40.77789249744313], [107.6134748305956, 40.77788219142247], [107.61332498166018, 40.77785658665144], [107.61317849392967, 40.77781594612298], [107.61303687201584, 40.777760687266046], [107.6129015705525, 40.77769137765805], [107.61277397925448, 40.77760872919516], [107.61265540864368, 40.777513590780224], [107.61254707658819, 40.77740693960348], [107.61245009579343, 40.77728987110561], [107.58455553859122, 40.73991288020291], [107.58452943656978, 40.73988162660582], [107.58449717403359, 40.73985678245902], [107.52993589193626, 40.70240689005712], [107.52990359959944, 40.702387093065425], [107.52986628043192, 40.7023935734708], [107.48792413091292, 40.71192681609588], [107.48777674892823, 40.71195266178374], [107.4876275252302, 40.71196369522991], [107.48747794472386, 40.711959806642064], [107.48732949586484, 40.71194103471501], [107.48718365584786, 40.711907566245685], [107.48704187590744, 40.71185973427434], [107.48690556687677, 40.71179801477054], [107.4867760851488, 40.711723021896795], [107.48665471917887, 40.71163550189717], [107.48654267666353, 40.71153632567146], [107.45449309132684, 40.68018052652072], [107.45446595123549, 40.68015644301272], [107.45443466561616, 40.680138063406], [107.3848399179273, 40.64368467086575], [107.38480967131946, 40.64367052442551], [107.38477628273618, 40.64367095051805], [107.28663924673457, 40.64934810336178], [107.28649605269344, 40.64934954006745], [107.28635337418831, 40.64933731543198], [107.28621251159727, 40.64931154087124], [107.28607474874806, 40.64927245129569], [107.2859413412173, 40.64922040296941], [107.28581350488695, 40.64915587026311], [107.28569240486291, 40.64907944133067], [107.28557914485603, 40.64899181274869], [107.28547475712293, 40.64889378316787], [107.28538019305793, 40.648786246034064], [107.28529631452203, 40.648670181445354], [107.28522388598783, 40.64854664721945], [107.2507182671395, 40.58267587173063], [107.25069833456287, 40.58264223990232], [107.25067183167778, 40.58261349960729], [107.22702602747279, 40.55952838659519], [107.22699843623325, 40.559504038005315], [107.22696225413716, 40.55951074518539], [107.16656633194853, 40.57388443233635], [107.16642488144022, 40.57391099876698], [107.16628153595467, 40.57392388648624], [107.16613761516362, 40.57392297684679], [107.16599444403526, 40.57390827822298], [107.16585334063618, 40.57387992593376], [107.16571560399697, 40.57383818099687], [107.16558250215306, 40.57378342772587], [107.16545526047088, 40.57371617019207], [107.16533505036683, 40.57363702758392], [107.16522297852303, 40.57354672850661], [107.16512007669883, 40.573446104274375], [107.16502729223227, 40.573336081257224], [107.16494547931866, 40.573217672352555], [107.16487539114667, 40.57309196766019], [107.16481767296422, 40.572960124446666], [107.16477285613828, 40.57282335649116], [107.16474135326298, 40.57268292291119], [107.16472345436105, 40.57254011657083], [107.1611801531118, 40.52643005688643], [107.16117620527871, 40.52627792513937], [107.16118769246508, 40.52612617633904], [107.16121449643124, 40.52597637246309], [107.16125634127916, 40.525830055469704], [107.16131279629231, 40.52568873142596], [107.1613832803691, 40.52555385500559], [107.16146706800427, 40.52542681451582], [107.16156329675667, 40.52530891760719], [107.16167097612646, 40.52520137781376], [107.16178899775058, 40.525105302061924], [107.16191614681125, 40.52502167927663], [107.16205111454039, 40.524951370202224], [107.20326545501203, 40.50607436428653], [107.20329619547158, 40.50605841167576], [107.20327445736076, 40.506031450292554], [107.15557150975133, 40.45248373529764], [107.15547811799851, 40.45236779381948], [107.15539667943034, 40.45224316555034], [107.15532799628713, 40.45211107818649], [107.15527274515723, 40.451972832902676], [107.15523147031206, 40.45182979153451], [107.15520457834454, 40.45168336316316], [107.1551923341638, 40.451534990234734], [107.15519485838561, 40.45138613435089], [107.15521212614422, 40.45123826187081], [107.15524396733726, 40.45109282946631], [107.17178526231542, 40.39018585528848], [107.17179287604516, 40.39015109966713], [107.17176010007388, 40.39013725561412], [107.08931354992276, 40.36003029648051], [107.08919520263589, 40.359981255998576], [107.08908147137026, 40.35992229628015], [107.08897318565893, 40.35985384736562], [107.04475858711591, 40.32918687815743], [107.04464529744617, 40.32910003523483], [107.04454077568137, 40.329002816701845], [107.04444596838185, 40.32889610297998], [107.04436173413276, 40.32878086048021], [107.04428883576853, 40.328658132851025], [107.04422793346457, 40.32852903152706], [107.04417957875876, 40.32839472566383], [107.02266613799918, 40.25834826465121], [107.02265336687218, 40.25831312067529], [107.02262516948525, 40.25828856241628], [106.97239509975185, 40.21882322050414], [106.97236182427845, 40.218799887351075], [106.97232621127435, 40.21878030656743], [106.88491646080234, 40.17674083664015]]]}, "properties": {"kind": "regime_border", "name": "西夏", "province": "河西走廊"}}, {"type": "Feature", "geometry": {"type": "MultiLineString", "coordinates": [[[102.7195922940726, 36.75005316102945], [102.71529236580712, 36.74560122715621], [102.71526728035185, 36.74557757445949], [102.715232979612, 36.7455740831335], [102.68583894538476, 36.74396517920993], [102.68569732211888, 36.74395066127086], [102.68555771307119, 36.743922782357735], [102.68542137583503, 36.743881793602824], [102.68528953853138, 36.74382806423136], [102.68516338874596, 36.743762078235605], [102.68504406283158, 36.74368443001508], [102.68493263567183, 36.74359581902218], [102.68483011099859, 36.74349704346159], [102.68473741235047, 36.74338899310004], [102.6846553747536, 36.743272641251345], [102.68458473719976, 36.74314903600882], [102.66695734573894, 36.708593556153446], [102.66689885543784, 36.70846409117728], [102.66685287528382, 36.708329673467084], [102.66681981771467, 36.708191508737514], [102.66679997925378, 36.70805083631361], [102.66679353785034, 36.70790891801423], [102.66680055128316, 36.707767026833615], [102.66682095664238, 36.70762643552275], [102.66685457089379, 36.707488405172896], [102.6669010925206, 36.70735417390375], [102.66696010422805, 36.707224945757595], [102.6670310766865, 36.707101879899135], [102.66711337327945, 36.70698608021794], [102.66720625581394, 36.7068785854266], [102.68845416276523, 36.68452190948496], [102.68855240095209, 36.68442752502947], [102.68865879726039, 36.684342442761185], [102.68877247407819, 36.68426736448277], [102.68889249374016, 36.684202909478806], [102.68901786626188, 36.684149609407584], [102.68914755750578, 36.68410790391573], [102.73045461668535, 36.67286662077656], [102.73059150129198, 36.672836162497454], [102.73073063208717, 36.67281862043007], [102.73087079306144, 36.672814147892865], [102.77148346312508, 36.67341777642253], [102.7716282983312, 36.67342695035823], [102.77177156912163, 36.673450077801554], [102.77191193439276, 36.67348694226529], [102.77204808023843, 36.67353719867514], [102.77217873224895, 36.673600376599886], [102.7723026674403, 36.67367588465489], [102.7724187257021, 36.673763016037846], [102.77252582065688, 36.67386095514487], [102.77262294982935, 36.67396878520506], [102.7727092040301, 36.67408549686206], [102.7727837758662, 36.67420999762224], [102.77284596729895, 36.67434112208113], [102.77289519617788, 36.67447764283232], [102.77790637418516, 36.69081100459668], [102.77794264146733, 36.690953920219236], [102.77796470233224, 36.69109970605245], [102.77797234362103, 36.69124695346883], [102.77796549150123, 36.691394239718626], [102.77794421218013, 36.69154014167687], [102.77790871126506, 36.69168324959403], [102.77785933177675, 36.691822180717466], [102.77779655083499, 36.69195559265201], [102.77772097504854, 36.69208219633057], [102.77763333465381, 36.69220076846953], [102.75687852260336, 36.71757046943453], [102.75685793133735, 36.71759822635612], [102.75687154641697, 36.71762999232126], [102.77828777468275, 36.76170155274006], [102.77830648490524, 36.76173540832347], [102.7783415561315, 36.761751726474614], [102.80758029839124, 36.773530423457146], [102.80761323910339, 36.77354187315876], [102.80763144146808, 36.773512126560476], [102.81309141876282, 36.76353428206747], [102.81316595934389, 36.76341226000758], [102.81325177985693, 36.76329788990279], [102.81334810045354, 36.76319221103076], [102.81345404587142, 36.763096183692184], [102.81356865338779, 36.763010680484534], [102.81369088156765, 36.762936478372865], [102.81381961972724, 36.7628742516295], [102.81395369802685, 36.76282456570695], [102.81409189810105, 36.76278787209967], [102.81423296413001, 36.762764504241375], [102.814375614251, 36.762754674475055], [102.83241778354507, 36.762373592417994], [102.83257012788656, 36.762378119464536], [102.83272122642775, 36.762398082515034], [102.83286951920765, 36.76243327546835], [102.83301347523233, 36.762483334987856], [102.83315160828107, 36.76254774425257], [102.8332824922503, 36.76262583829287], [102.83340477587694, 36.76271681085573], [102.8335171966889, 36.76281972272858], [102.83361859403911, 36.76293351143586], [102.84213678296634, 36.77353095698437], [102.84222271719521, 36.77364924053803], [102.84229672788163, 36.773775328241854], [102.84235811190135, 36.77390802222395], [102.84240628608732, 36.77404606185075], [102.84244079277, 36.77418813570341], [102.84246130412531, 36.77433289403673], [102.84246762528906, 36.774478961602085], [102.84245969620828, 36.77462495071277], [102.84243759221165, 36.77476947442741], [102.84240152329394, 36.77491115972635], [102.84235183212094, 36.775048660555754], [102.84228899077404, 36.77518067061552], [102.84221359626532, 36.77530593576956], [102.84212636486578, 36.77542326596045], [102.84202812530049, 36.77553154651536], [102.82270251837184, 36.794850490426306], [102.82267965518423, 36.7948756573618], [102.82270815832203, 36.794894195730606], [102.84448745111537, 36.80761279283262], [102.84461150185557, 36.80769370267012], [102.84472696890988, 36.8077864515101], [102.84483272660344, 36.807890135154906], [102.84492774391683, 36.808003742804765], [102.8450110945373, 36.808126166911926], [102.84508196588938, 36.808256213978034], [102.8451396670565, 36.80839261618938], [102.8451836355167, 36.8085340437767], [102.8452134426266, 36.80867911797891], [102.84522879780015, 36.80882642448452], [102.84522955134155, 36.808974527219554], [102.8452156959046, 36.80912198234769], [102.84518736656436, 36.809267352346076], [102.84514483950025, 36.80940922001952], [102.84508852930368, 36.80954620231658], [102.8450189849362, 36.80967696381283], [102.84493688437774, 36.809800229729646], [102.84484302801708, 36.809914798361966], [102.84473833084895, 36.81001955279354], [102.8104245972876, 36.84111798865937], [102.81040082615878, 36.841141785221545], [102.81043397058065, 36.841147511497354], [102.84343673853118, 36.845174819093906], [102.84347086202321, 36.84517739745195], [102.84350355472269, 36.845167531859055], [102.86244574513624, 36.83849471478155], [102.86258183219, 36.83845390857249], [102.86272116946907, 36.83842616049941], [102.86286250697357, 36.838411719491276], [102.86300457675956, 36.83841071509892], [102.86314610431377, 36.83842315633277], [102.86328581998727, 36.83844893158208], [102.8634224703856, 36.83848780961611], [102.86355482961304, 36.83853944165861], [102.86368171027004, 36.83860336451661], [102.86380197410557, 36.8386790047358], [102.86391454222834, 36.83876568374499], [102.86401840478557, 36.838862623943584], [102.86411263002242, 36.8389689556775], [102.87782968941227, 36.85601055500275], [102.87785629847397, 36.856040196564365], [102.87789284929542, 36.85605603012971], [102.90151012356773, 36.864810576749214], [102.90164156893, 36.86486655777753], [102.90176709211687, 36.864934790382314], [102.90188555439542, 36.8650146555647], [102.90199588108855, 36.8651054287963], [102.90209707132436, 36.865206286592084], [102.90218820711587, 36.86531631398096], [102.90226846168893, 36.86543451280624], [102.90233710698269, 36.86555981078085], [102.90239352025436, 36.865691071215004], [102.90243718972881, 36.86582710332811], [102.90246771924127, 36.86596667305142], [102.90248483183125, 36.86610851422336], [102.90335189784163, 36.878059559365525], [102.90335524264916, 36.87821007801443], [102.90334348200732, 36.87836017377956], [102.90331673439573, 36.87850833455939], [102.90327526927636, 36.87865306774592], [102.903219504379, 36.878792915261556], [102.90315000149288, 36.878926468248146], [102.90306746080711, 36.87905238126018], [102.90297271385678, 36.87916938581911], [102.88311925843783, 36.90131494090323], [102.88309735237654, 36.901341895850294], [102.88312155487552, 36.90136680937537], [102.91958133892076, 36.93543002567005], [102.9196075033716, 36.93545227082665], [102.91964151936021, 36.93544754451753], [102.95424192620425, 36.92897690547927], [102.95439410661368, 36.92895644161083], [102.95454758175156, 36.92895164275947], [102.95470074335897, 36.928962559212145], [102.95485198646243, 36.92898907657583], [102.95499972619241, 36.929030916976295], [102.95514241439102, 36.9290876419699], [102.95527855583518, 36.92915865713804], [102.95540672390493, 36.92924321831601], [102.95552557553295, 36.929340439391105], [102.97590528240643, 36.94783075937389], [102.97593263365299, 36.94785327534177], [102.97596805623907, 36.94785382297369], [103.00424696481085, 36.94693068123577], [103.00442016554747, 36.94693503839659], [103.00459170851154, 36.9469593384273], [103.06807819877857, 36.95972979849828], [103.06811297636654, 36.95973504828112], [103.06812842976959, 36.95970345345273], [103.07389383573336, 36.946299950195595], [103.07395887929636, 36.946167176386034], [103.07403667804584, 36.94604145087483], [103.07412647613936, 36.94592399513], [103.07422740115649, 36.94581595027585], [103.07433847257482, 36.945718366006524], [103.07445861129608, 36.94563219038789], [103.07458665012987, 36.945558260646706], [103.07472134513344, 36.945497295036674], [103.07486138769694, 36.94544988586036], [103.07500541725712, 36.94541649371477], [103.0751520345156, 36.945397443016454], [103.07529981503362, 36.94539291884973], [103.07544732307093, 36.94540296516846], [103.12865160347852, 36.95167288588612], [103.12869500207212, 36.951675451955516], [103.12873840478188, 36.95167295647476], [103.18023541446271, 36.94568913494891], [103.18026894243107, 36.94568360594694], [103.18026164636441, 36.94565041766666], [103.17728117226478, 36.934630985938846], [103.1772492321329, 36.93448401851741], [103.17723216977072, 36.934334591375354], [103.17723015670876, 36.934184206726634], [103.17724321318467, 36.9340343764112], [103.17727120793968, 36.93388660669617], [103.17731385953823, 36.93374238313315], [103.17737073919726, 36.93360315562374], [103.17744127509684, 36.93347032384344], [103.17752475812874, 36.93334522317049], [103.17762034902526, 36.93322911126115], [103.17772708679645, 36.93312315540624], [103.17784389839113, 36.93302842079623], [103.17796960948444, 36.93294585981266], [103.17810295628347, 36.93287630245377], [103.17824259823242, 36.932820447990345], [103.17838713148933, 36.93277885793588], [103.17853510303925, 36.93275195040156], [103.20025273076398, 36.92991875499317], [103.20040312714097, 36.929906786609024], [103.20055396504075, 36.929909986675284], [103.20070371849914, 36.9299283228182], [103.20085087252279, 36.92996160953867], [103.20099393841575, 36.93000951008881], [103.20113146884003, 36.9300715398787], [103.2012620724576, 36.93014707137882], [103.20138442800611, 36.93023534046845], [103.20149729766544, 36.93033545416599], [103.2015995395803, 36.93044639966289], [103.20169011941182, 36.93056705456977], [103.2017681208016, 36.93069619827123], [103.2018327546421, 36.930832524274244], [103.2061272493978, 36.94120877613553], [103.20614203076167, 36.94124014557888], [103.20617647596299, 36.941236138235496], [103.22989012492819, 36.93731788446526], [103.23004361179669, 36.9373005838593], [103.23019806405271, 36.937299158948065], [103.2303518439855, 36.937313624840385], [103.2305033210131, 36.9373438281494], [103.23065088897211, 36.937389448618944], [103.2307929831483, 36.93745000251938], [103.2309280968679, 36.9375248477767], [103.23105479747329, 36.93761319078072], [103.25817812691636, 36.958680796567286], [103.25820842517582, 36.95870197117005], [103.25824467571896, 36.95869474300048], [103.27618322394021, 36.95416702992437], [103.27621612127912, 36.95415698230783], [103.27619684821008, 36.95412849128616], [103.24914438487308, 36.918091520826415], [103.24906227962443, 36.917970236986356], [103.24899239393693, 36.91784152400179], [103.24893539408647, 36.917706608996085], [103.24889182349803, 36.91756677822144], [103.24886209756471, 36.91742336479598], [103.24884649968752, 36.917277735994084], [103.24884517857342, 36.91713128021109], [103.24885814681767, 36.916985393726605], [103.24888528078365, 36.91684146739265], [103.24892632178168, 36.916700873373586], [103.24898087853522, 36.91656495206416], [103.2490484309113, 36.91643499931043], [103.24912833487933, 36.9163122540555], [103.24921982865115, 36.91619788652763], [103.24932203994378, 36.916092987083516], [103.24943399429557, 36.91599855581311], [103.24955462435653, 36.91591549300491], [103.24968278006425, 36.915844590562806], [103.26509290650792, 36.9082767831751], [103.2652300057635, 36.90821772986551], [103.26537229568991, 36.908172595886136], [103.2655183670794, 36.908141828233866], [103.26566677327342, 36.90812573162467], [103.26581604449008, 36.908124465475794], [103.26596470238044, 36.90813804232689], [103.26611127466985, 36.90816632771585], [103.266254309739, 36.90820904151047], [103.26639239100035, 36.90826576068284], [103.28109775030855, 36.91518036566714], [103.28113118141609, 36.915194129313285], [103.28116663423516, 36.91518704591573], [103.31284996651665, 36.90722573494982], [103.31299762858576, 36.907196420111276], [103.31314748538668, 36.907182053983504], [103.31329802746541, 36.90718278127138], [103.31344773846531, 36.90719859464918], [103.31359511040098, 36.90722933483441], [103.34757098947162, 36.91611658054059], [103.34760534765489, 36.91612376819244], [103.34760850132731, 36.91608880819464], [103.34839027236427, 36.89672229438929], [103.34840271730961, 36.89658078098497], [103.3484284936311, 36.89644107951212], [103.34846737013324, 36.89630444299486], [103.34851899812108, 36.89617209696683], [103.34858291452785, 36.89604522847896], [103.34865854606822, 36.89592497545253], [103.34874521438041, 36.895812416472744], [103.3488421421105, 36.89570856111464], [103.34894845988478, 36.89561434088784], [103.34906321410749, 36.89553060088164], [103.3491853755138, 36.8954580921851], [103.38032047375921, 36.87891927778262], [103.38035114380045, 36.87890100195418], [103.38034947591308, 36.8788653385908], [103.37795382830006, 36.85394319017371], [103.37794694778334, 36.85380203340552], [103.37795338229982, 36.853660855603756], [103.37797307473222, 36.85352090996138], [103.37800585027675, 36.85338343873386], [103.3780514179947, 36.85324966221202], [103.37810937339515, 36.853120767889905], [103.37817920202538, 36.85299789992372], [103.3782602840376, 36.852882148975525], [103.39851040419988, 36.82669178903833], [103.39860920127342, 36.826576564779444], [103.3987191368697, 36.82647191461822], [103.3988390853708, 36.826378910055624], [103.39896781863776, 36.82629850335471], [103.39910401858546, 36.82623151779044], [103.39924629067829, 36.826178639220316], [103.39939317820861, 36.82614040906195], [103.3995431772119, 36.82611721874954], [103.39969475186557, 36.82610930572603], [103.39984635021415, 36.82611675101195], [103.4500822127266, 36.831141308192116], [103.45022253456601, 36.831162083836], [103.4503602664468, 36.83119602164693], [103.45049417662686, 36.83124281811763], [103.45062306754176, 36.83130205474525], [103.45074578651453, 36.83137320177411], [103.45086123606417, 36.831455622933305], [103.45096838372044, 36.83154858112687], [103.45106627125728, 36.83165124502573], [103.45115402326223, 36.83176269650225], [103.47228100078853, 36.861375974194914], [103.47235780481824, 36.86149516876739], [103.4724230107068, 36.86162108301274], [103.47247603576848, 36.861752591749806], [103.47251640616648, 36.8618885198045], [103.47254376114722, 36.86202765251136], [103.47255785626413, 36.86216874656781], [103.47318811907225, 36.87421205848581], [103.47319147088446, 36.874245376353706], [103.47322164361101, 36.87423085321571], [103.51696187827285, 36.85052924822653], [103.5170953709897, 36.85046522254784], [103.51723452520896, 36.85041466865341], [103.5173779852845, 36.850378079041356], [103.5175243536223, 36.8503558101692], [103.51767220429602, 36.85034807898121], [103.51782009693824, 36.850354960794945], [103.51796659077273, 36.85037638856749], [103.51811025865052, 36.8504121535486], [103.51824970095319, 36.85046190731433], [103.51838355922808, 36.85052516516147], [103.51851052942236, 36.85060131082945], [103.5186293745871, 36.85068960250401], [103.51873893692783, 36.850789180044025], [103.5188381490837, 36.85089907336097], [103.54080874339549, 36.87779250462877], [103.54089368779037, 36.87790721675974], [103.54096734401946, 36.87802948361185], [103.5410290451036, 36.878158198022184], [103.54107823232098, 36.87829219444325], [103.54111446026666, 36.87843025949735], [103.54113740088572, 36.87857114296411], [103.541146846444, 36.878713569101606], [103.54114271140915, 36.878856248198524], [103.54112503322514, 36.87899788825297], [103.54109397197323, 36.87913720667185], [103.54104980892234, 36.87927294188522], [103.5409929439821, 36.87940386477009], [103.54092389208158, 36.87952878978058], [103.54084327850637, 36.879646585683325], [103.54075183323656, 36.879756185801206], [103.52038800546686, 36.90192714085748], [103.52028083380253, 36.902032675192814], [103.52016363193938, 36.90212694599871], [103.5200375783167, 36.90220900540267], [103.51990394037631, 36.9022780283152], [103.51976406181866, 36.9023333207259], [103.51961934909232, 36.90237432668159], [103.5194712572523, 36.90240063387628], [103.51932127532994, 36.90241197779684], [103.5191709113609, 36.90240824438261], [103.51902167722224, 36.90238947117226], [103.51887507343083, 36.90235584692635], [103.51873257405597, 36.90230770972937], [103.50138723648884, 36.895461513126094], [103.50135450196719, 36.89545041536019], [103.50134997713592, 36.895484682476116], [103.49991474478387, 36.91290123680533], [103.49989654689121, 36.91304120716155], [103.49986527309335, 36.913178847320964], [103.49982120030745, 36.91331293853417], [103.49976471878068, 36.91344229347628], [103.4996963286347, 36.91356576676023], [103.49961663543732, 36.913682265078705], [103.48013400022842, 36.939469432293826], [103.48003721160899, 36.9395849787022], [103.47992931556756, 36.93969022818477], [103.47981140156685, 36.93978411800199], [103.47968466022435, 36.93986570011669], [103.47955037129016, 36.93993415076673], [103.47940989072495, 36.9399887787828], [103.47926463700841, 36.94002903256737], [103.47911607681635, 36.94005450566439], [103.47896571021116, 36.94006494086343], [103.47881505549518, 36.94006023279674], [103.47866563387993, 36.94004042900326], [103.4560340237168, 36.93587463088179], [103.4559985956105, 36.93586988362528], [103.45597233742612, 36.93589413635543], [103.44254092259192, 36.94957352150793], [103.44243288707798, 36.94967326507867], [103.44231560491686, 36.94976195186944], [103.44219020308336, 36.94983872968089], [103.44205788657499, 36.94990286074814], [103.44191992683294, 36.949953728829996], [103.4417776495248, 36.94999084513049], [103.44163242180598, 36.95001385299577], [103.4414856391827, 36.95002253134116], [103.44133871210236, 36.950016796775685], [103.44119305240051, 36.94999670440329], [103.44105005973427, 36.94996244729339], [103.44091110813305, 36.949914354625626], [103.44077753279525, 36.94985288852677], [103.44065061725831, 36.94977863963009], [103.44053158106502, 36.9496923213999], [103.4078878109738, 36.92348652334008], [103.40786036795582, 36.92346648898054], [103.40782689298403, 36.923460664800736], [103.38389289404843, 36.92041851491758], [103.38375473179326, 36.92039434324145], [103.38361943130852, 36.920357372205395], [103.38348817560623, 36.920307925069025], [103.3833621123325, 36.92024643417784], [103.383242343733, 36.920173437183024], [103.38312991701531, 36.92008957234041], [103.36826509633865, 36.90787907933302], [103.36823708910816, 36.90785826132116], [103.36821080686002, 36.90788121862932], [103.34861564058232, 36.92674735057533], [103.34859077607368, 36.926773771861036], [103.34858842396105, 36.92680997677387], [103.34813431503193, 36.9559598855878], [103.34812450549191, 36.95610936391653], [103.34809983560211, 36.95625711842365], [103.34806055140353, 36.956401675504345], [103.34800704469053, 36.95654159344279], [103.34793984910337, 36.956675476790906], [103.34785963480594, 36.95680199028554], [103.34776720180213, 36.95691987216557], [103.34766347195696, 36.95702794675583], [103.3475494798027, 36.95712513619251], [103.34742636222096, 36.95721047117304], [103.3472953471043, 36.957283100623314], [103.34715774111007, 36.95734230018568], [103.34701491662854, 36.95738747944322], [103.34686829809576, 36.95741818780819], [103.34671934778706, 36.95743411901585], [103.3465695512334, 36.95743511417898], [103.34642040240561, 36.95742116337248], [103.3462733888145, 36.95739240573239], [103.34612997667547, 36.95734912806821], [103.34599159628547, 36.957291762002455], [103.32373381637703, 36.946733093086216], [103.32370180374002, 36.946719709093735], [103.32366759055242, 36.94672548819147], [103.30949278428503, 36.94981021261611], [103.30945901623721, 36.94981930777769], [103.30946448024099, 36.94985384974759], [103.31714477151084, 36.98666235679644], [103.31715337736647, 36.98669565951808], [103.31718643428215, 36.98670516595585], [103.35936350852819, 36.99670729477406], [103.35939621318343, 36.996713527863534], [103.35942934251653, 36.99671682834158], [103.40453227804373, 36.999190054148976], [103.404639591475, 36.999188237602745], [103.44057015291774, 36.99599527440966], [103.44060599730786, 36.995990298249374], [103.4406277200802, 36.99596135513883], [103.44986975484944, 36.98229244702377], [103.44995089879849, 36.9821834271766], [103.45004157698979, 36.98208219905222], [103.45014104506956, 36.98198959360611], [103.45024848653007, 36.98190637101239], [103.4503630194122, 36.981833214423794], [103.45048370354515, 36.98177072436382], [103.48349221404176, 36.96653360648405], [103.48361159787672, 36.96648461138481], [103.48373475110989, 36.96644605881085], [103.48386076224206, 36.96641823410296], [103.51131935519544, 36.96158326757042], [103.5114613067955, 36.96156520296909], [103.51160433382407, 36.961560746998494], [103.51174713463436, 36.9615699402111], [103.5118884096383, 36.96159269894219], [103.51202687313373, 36.961628816071276], [103.5121612650052, 36.961677962907], [103.51229036219192, 36.9617396921785], [103.52849872083412, 36.97046308903336], [103.5285325545969, 36.970479156468464], [103.52856963757866, 36.9704844231983], [103.5643856927815, 36.973741951012016], [103.56452158195444, 36.97376060754735], [103.56465519877392, 36.973791599146004], [103.56478542596972, 36.97383466666402], [103.56491117461482, 36.97388944998166], [103.56503139323068, 36.973955491014614], [103.56514507657951, 36.97403223754438], [103.56525127406978, 36.9741190478358], [103.57806828010857, 36.98561285597375], [103.57817363904181, 36.98571718094731], [103.5782681836336, 36.985831397956034], [103.57835099011166, 36.98595439101321], [103.57842124939394, 36.98608495838346], [103.57847827499403, 36.986221824324645], [103.57852150972859, 36.98636365155281], [103.5785505311615, 36.98650905430846], [103.58082621994481, 37.001818991509765], [103.58084046933945, 37.00196110373079], [103.58084113804901, 37.002103926983246], [103.58082822001084, 37.002246166404305], [103.58080183234236, 37.00238653242429], [103.58076221427919, 37.00252375245811], [103.58070972500622, 37.00265658244282], [103.5806448404012, 37.002783818116455], [103.58056814872035, 37.00290430593617], [103.58048034526503, 37.003016953536445], [103.5596653616457, 37.027247804563906], [103.55964426869373, 37.02727487513523], [103.55966820507294, 37.02729946737432], [103.58118966909792, 37.04739381007068], [103.58129663836756, 37.04750449091364], [103.58139170175578, 37.047625551336026], [103.58147385823771, 37.04775571656226], [103.58154224269933, 37.04789361594244], [103.59057267951232, 37.06872596401402], [103.59058800143023, 37.06875712149563], [103.59062241020776, 37.0687524754362], [103.6176850715105, 37.063766002002836], [103.61783323065546, 37.06374627482554], [103.61798261752573, 37.06374139048833], [103.61813174885617, 37.06375139748789], [103.61827914391891, 37.06377619646452], [103.61842333922549, 37.063815541188696], [103.61856290305792, 37.063869041005894], [103.61869644968417, 37.063936164715386], [103.61882265311722, 37.06401624584455], [103.61894026028071, 37.0641084892663], [103.61904810345082, 37.06421197909392], [103.61914511185064, 37.064325687774875], [103.63463538796196, 37.08443097438343], [103.6347185283102, 37.08455045696391], [103.63478969606724, 37.0846774355247], [103.63484822104144, 37.084810714299984], [103.63489355209907, 37.08494903819437], [103.63492526235446, 37.08509110460224], [103.63494305318994, 37.08523557567449], [103.63494675706802, 37.085381090917096], [103.63431775471577, 37.11261545230647], [103.63430779408982, 37.11275681271963], [103.63428453794799, 37.11289660231991], [103.6342481938589, 37.113033573439736], [103.63419908620534, 37.1131665035674], [103.63413765328907, 37.11329420625835], [103.63406444341881, 37.11341554172462], [103.63398011001641, 37.11352942700778], [103.63388540578488, 37.11363484564469], [103.62221371413321, 37.12545296327284], [103.62219108766145, 37.125478227139254], [103.62222294777864, 37.125489852675564], [103.64586662565851, 37.13283215525257], [103.64599657049902, 37.13287917362149], [103.6461216368624, 37.13293795111158], [103.64624076327493, 37.1330079888616], [103.64635293867694, 37.13308869244129], [103.64645721100395, 37.13317937689647], [103.64655269526713, 37.133279272562426], [103.64663858106444, 37.133387531596284], [103.64671413945872, 37.1335032351729], [103.655507482603, 37.14842794539072], [103.65558199697332, 37.148571616987915], [103.6556405984594, 37.14872248045286], [103.67555199304522, 37.20951328890424], [103.67556711990593, 37.20955203307203], [103.67558646029632, 37.209588855371756], [103.69273774772705, 37.23824483374313], [103.69275784520693, 37.23827489496666], [103.69279315098672, 37.238267079100495], [103.7243764902648, 37.229599677088785], [103.72452825852106, 37.22956637252993], [103.724682657798, 37.22954894667173], [103.72483803137094, 37.22954758649593], [103.72499271206095, 37.22956230659741], [103.72514504012378, 37.229592949027534], [103.7252933810592, 37.22963918498897], [103.72543614314937, 37.22970051836376], [103.72557179453818, 37.229776291036664], [103.7445078567306, 37.24168061089557], [103.74463112052662, 37.24176702415724], [103.74474510228352, 37.24186535713389], [103.74484865401679, 37.24197461945007], [103.74494073278952, 37.24209371065384], [103.74502041121639, 37.24222143130014], [103.7450868868041, 37.24235649503116], [103.74513949003374, 37.242497541532124], [103.74517769110388, 37.24264315023187], [103.74520110526669, 37.24279185461035], [103.74520949670288, 37.24294215696895], [103.74520278089686, 37.24309254351473], [103.74518102548785, 37.243241499606846], [103.74514444958878, 37.243387525011514], [103.7450934215793, 37.24352914901177], [103.74502845539575, 37.243664945220104], [103.74495020535488, 37.243793545944456], [103.7448594595638, 37.24391365596319], [103.74475713198245, 37.244024065570095], [103.74464425321855, 37.24412366275812], [103.72307626939187, 37.2613084756781], [103.72305041978882, 37.2613311912794], [103.72307237940744, 37.261357686103075], [103.74332676339706, 37.283528470213085], [103.74335142297322, 37.283552993942735], [103.74338388467494, 37.28354051412178], [103.7545048887461, 37.278641651324556], [103.75464530887291, 37.278588025012894], [103.75479039100223, 37.278548721462556], [103.7549386782778, 37.27852413534397], [103.7550886816585, 37.278514513541026], [103.75523889487089, 37.278519952671985], [103.75538780953437, 37.2785403981193], [103.75553393030793, 37.27857564457802], [103.75567578990564, 37.27862533811741], [103.75581196383057, 37.278688979734966], [103.75594108467905, 37.27876593036722], [103.75606185587156, 37.278855417306936], [103.75617306467244, 37.27895654196231], [103.75627359436773, 37.27906828888032], [103.75636243547874, 37.27918953594343], [103.75643869589882, 37.2793190656375], [103.75650160985158, 37.27945557727754], [103.75655054558045, 37.27959770006866], [103.75658501169258, 37.27974400687108], [103.75660466209312, 37.279893028530836], [103.7566092994607, 37.28004326863247], [103.75659887722875, 37.28019321852543], [103.7565735000531, 37.280341372473316], [103.75653342276112, 37.28048624277388], [103.7476197300972, 37.307382605359486], [103.74761063570179, 37.30741542612373], [103.74764366305062, 37.307407113191694], [103.76379768150758, 37.30247579914935], [103.76394256712709, 37.30243934921965], [103.76409036001466, 37.30241749281331], [103.76423959403596, 37.30241044675018], [103.76438878876027, 37.30241828092857], [103.76453646414679, 37.3024409176319], [103.76468115522674, 37.30247813229963], [103.76482142663635, 37.30252955575501], [103.76495588685579, 37.302594677867276], [103.76508320201336, 37.302672852612346], [103.76520210911782, 37.30276330448146], [103.76531142858742, 37.30286513617437], [103.76541007595164, 37.30297733750078], [103.76549707260934, 37.303098795401574], [103.76557155553664, 37.303228304990625], [103.76563278584835, 37.30336458150747], [103.7755797054881, 37.328824167345815], [103.77562557482644, 37.32896053232981], [103.7756581687397, 37.32910066455978], [103.7756771873725, 37.329243274856275], [103.77568245575843, 37.329387051242264], [103.77567392542977, 37.329530671013025], [103.77565167486325, 37.329672812904626], [103.77561590875824, 37.329812169249266], [103.77556695615341, 37.329947458005414], [103.7755052673998, 37.33007743455229], [103.77543141001762, 37.33020090314002], [103.77534606347527, 37.330316727890256], [103.77525001293836, 37.33042384324592], [103.763679137915, 37.34214453660223], [103.7636560040359, 37.34217032109707], [103.7636699240119, 37.342202042553616], [103.76945732733371, 37.35384754887761], [103.76951489753887, 37.3539787725275], [103.76955968340066, 37.35411489086349], [103.76959127619385, 37.354254661640944], [103.76960938759596, 37.354396809282235], [103.76961385231851, 37.354540036517996], [103.7696046296155, 37.35468303622625], [103.76958180365526, 37.35482450336148], [103.7695455827523, 37.354963146864755], [103.76949629746626, 37.35509770144621], [103.76943439758504, 37.35522693913234], [103.76936044802002, 37.35534968047275], [103.76927512365054, 37.35546480530406], [103.76917920316481, 37.35557126297277], [103.7690735619534, 37.355668081923724], [103.76895916412033, 37.35575437856676], [103.73601309007712, 37.37822148050414], [103.73598456420379, 37.37824303352868], [103.73597592587909, 37.37827772701065], [103.73271508523314, 37.394746216868405], [103.73270983196606, 37.39478173264393], [103.7327250162512, 37.39481426577471], [103.74693531695057, 37.42175946985972], [103.7469542281211, 37.42179131806288], [103.74699032228936, 37.42179963379732], [103.76629944948776, 37.425231707189894], [103.76644113348193, 37.425264040891996], [103.76657902355777, 37.425309933696255], [103.76671182539796, 37.425368954825835], [103.76683829244638, 37.42544055027372], [103.76695723760899, 37.42552404800296], [103.76706754439657, 37.42561866425479], [103.76716817740477, 37.42572351090545], [103.76725819203304, 37.42583760380266], [103.76733674335117, 37.425959872003425], [103.7674030940303, 37.42608916782653], [103.76745662126396, 37.42622427762541], [103.76749682261409, 37.42636393318005], [103.76752332072718, 37.42650682360135], [103.76753586687637, 37.42665160763582], [103.76753434329612, 37.426796926255406], [103.76751876428764, 37.426941415414134], [103.76447749975043, 37.44629500143547], [103.7644736974088, 37.44632986344609], [103.76448302397027, 37.44636366925677], [103.77338919843427, 37.47356478349248], [103.77342671625404, 37.47370065366057], [103.77345131481435, 37.473839445591935], [103.77346277690127, 37.4739799337051], [103.77346100130056, 37.47412087744076], [103.77154181452431, 37.50628410376593], [103.77152445120291, 37.50643904974847], [103.77149109776067, 37.5065913563154], [103.7714421145592, 37.506739377896295], [103.7713780308292, 37.50688151521717], [103.77129953895238, 37.50701623257949], [103.77120748698091, 37.50714207445243], [103.75925544989099, 37.52181543855403], [103.75923475303986, 37.52184346081834], [103.75923899435062, 37.52187803853119], [103.76266477938923, 37.54190263891969], [103.76267271173313, 37.54193834366775], [103.76269068397227, 37.5419701988043], [103.7906471708598, 37.586280816151145], [103.79067182261637, 37.58631535595106], [103.7907036467188, 37.58634342610212], [103.83452744700278, 37.62076259869718]], [[103.88749211333813, 37.59758799297548], [103.93356176013478, 37.57414703638203], [103.93365238451565, 37.5740925510865], [104.04508735737359, 37.49588322227044]], [[104.1088351871401, 37.45323899056195], [104.18320052180201, 37.407065662388725], [104.18332211705972, 37.40699777360849], [104.18344948441414, 37.40694145442696], [104.18358152599869, 37.4068971902978], [104.18371710365638, 37.40686536276388], [104.1838550487504, 37.406846246168556], [104.18399417223736, 37.40684000529087], [104.18413327491653, 37.406846693925225], [104.21967309898868, 37.41021470146147]], [[104.34182503369894, 37.42000794424037], [104.34503971097347, 37.42045366175207], [104.34507107124118, 37.4204566708862], [104.34510238007097, 37.42045437857392], [104.3459292814507, 37.42035894978324]], [[104.3999675050624, 37.435818048017545], [104.40480604648688, 37.43830861136732], [104.40483450315075, 37.43832178129162], [104.40486465466, 37.43832998022005], [104.418503797965, 37.44143568165506]], [[104.5629341205743, 37.42976200169483], [104.56476294056142, 37.43040428234502], [104.56480227025658, 37.43041570083207], [104.56484317572998, 37.43041371361893], [104.60519263471302, 37.42621334711088], [104.60529414560241, 37.42619565484487], [104.61620188401204, 37.42351032021182]], [[104.6459444509205, 37.20715216426949], [104.66365536134279, 37.20831426787429], [104.66369676382784, 37.20831467768758], [104.66373723618722, 37.20830594145029], [104.66392661653744, 37.20825389198532]], [[104.67892420551442, 37.40806895043648], [104.67987126482183, 37.407835797507595], [104.67990437826595, 37.40782589995743], [104.67988824122715, 37.4077953376004], [104.67977209209829, 37.4075992927866]], [[104.86093029650188, 37.1928280735676], [104.8611965595039, 37.191715314152795]], [[105.20312176524953, 36.89666307669642], [105.20734331375624, 36.897435545214165]], [[105.22513547645146, 36.66133552165903], [105.22457510616458, 36.655961287466866]], [[105.28017043891134, 36.75138836988617], [105.27727930218516, 36.752011886151486], [105.27713016056869, 36.75203626323097], [105.27697932304189, 36.75204551008318], [105.2768283206032, 36.7520395328527], [105.27667868592499, 36.75201839220833], [105.2765319377968, 36.751982302727264], [105.27638956570979, 36.75193163071716], [105.27625301473833, 36.7518668904981], [105.2761236708726, 36.75178873918227], [105.27600284695073, 36.751697970004265], [105.27589176933361, 36.75159550426978], [105.27579156545725, 36.75148238200437], [105.27570325238938, 36.7513597513972], [105.27562772650623, 36.75122885714697], [105.27556575439428, 36.75109102782821], [105.27551796506948, 36.75094766240628], [105.27230379209605, 36.73939519501636], [105.27229272254601, 36.73936179832873], [105.27225754331627, 36.73936234190819], [105.2619566478989, 36.74002405188509]], [[105.32016728965397, 36.81303103195557], [105.33268053042612, 36.80607449500849], [105.33271049601952, 36.80605590014359], [105.33271913339512, 36.80602170801669], [105.3395223086951, 36.77236346460942]], [[105.32029632905677, 36.53583460421125], [105.34622979642957, 36.512060792531464]], [[105.3707523361297, 36.45879244992784], [105.37067654956574, 36.457988361017634]], [[105.40045217420527, 36.41319571807581], [105.40094335971934, 36.405002106284876]], [[105.41864202700695, 36.08870839495377], [105.4108575689087, 36.07922843165939]], [[105.44486844429196, 36.325173074801384], [105.4541674811938, 36.322758961391784], [105.4542010220543, 36.32274852923436], [105.45422361712295, 36.32272163532987], [105.4637540831901, 36.310216339096044]], [[105.46478755907032, 36.243750640061364], [105.46465502681207, 36.242700731127904]], [[105.48222767730543, 35.73323098454984], [105.485678606263, 35.72692314539443], [105.48575304327687, 35.72680125170272], [105.48583873599965, 35.726686990167735], [105.48593490752431, 35.72658139670697], [105.48604068594096, 35.72648542865142], [105.48615511224173, 35.72639995606631], [105.48627714901535, 35.72632575386284], [105.4864056898525, 35.726263494772745], [105.48653956937675, 35.72621374324913], [105.50887979298007, 35.71910254112581], [105.50901942148629, 35.71906539804726], [105.50916197582616, 35.71904186109299], [105.50930613336608, 35.71903214864125], [105.50945055659777, 35.71903635080514], [105.50959390554785, 35.71905442859657], [105.50973485021024, 35.71908621428795], [105.50987208288608, 35.71913141296841], [105.52400395899559, 35.7245533667821]], [[105.5061543726762, 36.13008005182221], [105.50041090825219, 36.118810165420605]], [[105.71744643352439, 35.65587823826689], [105.71517458265279, 35.64853211537403], [105.71513864774478, 35.64839245598063], [105.71511629008862, 35.648249991251696], [105.71510771632929, 35.648106037945276], [105.71511300571143, 35.64796192657787], [105.71513210934691, 35.6478189891269], [105.71516485066665, 35.647678546719625], [105.71521092705262, 35.64754189742239], [105.71526991263484, 35.64741030424297], [105.71534126222754, 35.647284983456984], [105.71542431636821, 35.64716709336624], [105.71551830741276, 35.647057723592894], [105.71562236663065, 35.6469578850084], [105.71573553223423, 35.64686850039034], [105.71585675826836, 35.6467903958935], [105.71596132845691, 35.64673646311687]], [[105.93884805646186, 35.456029933903714], [105.9256260143877, 35.45082578154806], [105.92559066901194, 35.45081387937338], [105.9255533840731, 35.450812990175656], [105.91731632844159, 35.45102981673471]], [[105.92367512649193, 35.42351440496991], [105.92796728491705, 35.42494572023052]], [[106.01667743845307, 35.518723515964346], [106.01914258280948, 35.50293622074531]], [[106.03909680283024, 35.46579311605783], [106.05100705756372, 35.456909939000404], [106.05112984969855, 35.4568274545472], [106.05126016915521, 35.456757465743706], [106.05139674855708, 35.45670065324172], [106.05153825964864, 35.45665756955148], [106.05168332621291, 35.456628633668466], [106.05183053745544, 35.456614126998545], [106.0519784617244, 35.45661419062131], [106.05212566043373, 35.456628823918], [106.05227070205348, 35.45665788457758], [106.0524121760318, 35.45670108998071], [106.05254870651261, 35.45675801994824], [106.0526789657162, 35.456828120827545], [106.0528016868519, 35.45691071087688], [106.05291567643795, 35.45700498689542], [106.05301982590821, 35.45711003203447], [106.05311312239321, 35.45722482471405], [106.05319465857039, 35.45734824855781], [106.05326364148797, 35.457479103250044], [106.05331940027656, 35.45761611620889], [106.05336139267344, 35.45775795496242], [106.0533892102961, 35.45790324010711], [106.05340258261396, 35.45805055872274], [106.05340137957917, 35.4581984781133], [106.05338561289142, 35.458345559740145], [106.0532631528728, 35.459123587698556]], [[106.24288598258556, 35.39054990685229], [106.24426003515718, 35.38570851495046]], [[106.42967316754186, 36.562714332796375], [106.44062761822006, 36.55876124406207]], [[106.4484414858161, 36.5976881022024], [106.44432712982065, 36.600786814130124], [106.44430062692125, 36.60080879762701], [106.44429947967423, 36.6008432121828], [106.44435054960499, 36.60459218106363]], [[106.45353681983121, 36.49811526429884], [106.44695031450986, 36.50422106355894]], [[106.49378099746951, 35.432301957800654], [106.48345042351929, 35.450566658754965], [106.48343315835008, 35.45060131868742], [106.48343966984841, 35.450639489322555], [106.48422223616053, 35.454113650090314]], [[106.49486737763918, 36.64817917572447], [106.49302518631852, 36.66591696217623]], [[106.50075640989863, 38.33073485096597], [106.5855187062463, 38.38251391312289]], [[106.52960912410146, 38.28347661804703], [106.52098101105848, 38.290078126691924]], [[106.52892142879907, 35.741555552583094], [106.53039090289899, 35.74181826175472], [106.53042312742821, 35.741822587531175], [106.53045549131369, 35.74182126762284], [106.54241233439267, 35.740815749494075]], [[106.53682186937685, 36.25685755416307], [106.53320102795381, 36.2593186626543]], [[106.71102883717012, 38.208945516616936], [106.6278852991189, 38.23251559133598], [106.6277928587253, 38.23254847470765], [106.5746678699854, 38.2554674913118]], [[106.59514772110272, 36.74936658819093], [106.59789395328845, 36.74614889484688]], [[106.62821682075962, 36.75343204360916], [106.62907100911784, 36.75480158941811]], [[106.6293433050212, 36.26715132890658], [106.62873812739143, 36.26734895407235]], [[106.63098430549023, 35.720189143831725], [106.63129217371765, 35.719462870649295]], [[106.64205031905864, 36.83284683291435], [106.64130178760855, 36.83345020454212]], [[106.65069921570455, 38.49171963743452], [106.66251861874531, 38.60145760653439], [106.66252330559374, 38.60148874690457], [106.66253311878545, 38.601518552583194], [106.69576981447568, 38.68985825644128]], [[106.69160129771623, 36.259151259443584], [106.685946439234, 36.271930077136915], [106.68587851224255, 36.27206482183616], [106.68579739098493, 36.27219206000537], [106.68570389641584, 36.27231050398239], [106.68559897470904, 36.2724189551031], [106.685483687682, 36.27251631583203], [106.68535920205021, 36.27260160086952], [106.68522677761987, 36.27267394712302], [106.68508775453863, 36.27273262244168], [106.684943539733, 36.27277703302581], [106.68479559267033, 36.27280672943614], [106.68464541058867, 36.272821411142225], [106.68449451334475, 36.272820929563835], [106.68434442803274, 36.27280528957458], [106.68419667353005, 36.272774649452614], [106.68405274512601, 36.27272931927884], [106.68391409938954, 36.272669757798845], [106.6730546807191, 36.26734243426526]], [[106.74012729473323, 37.10594599939417], [106.75562175763115, 37.102387647576], [106.7557721818195, 37.10236108237193], [106.7559245277849, 37.102349953430576], [106.75607721565592, 37.10235437616227], [106.75622866201545, 37.102374304701996], [106.75637729632122, 37.10240953238508], [106.75652157719279, 37.10245969389034], [106.75666000839605, 37.10252426902853], [106.75679115435966, 37.10260258813692], [106.75691365506228, 37.10269383902386], [106.75702624013643, 37.10279707539142], [106.75712774204254, 37.10291122664882], [106.76093131522553, 37.10765470441994]], [[106.85306645847999, 38.15580912015108], [106.84256396517868, 38.15855674970092]], [[106.96914003555129, 39.037480705916394], [106.96716525310923, 39.05466199647804], [106.96716307554134, 39.05469556262965], [106.96719176682058, 39.05467800589723], [106.99335982253017, 39.03682192455858], [106.9934902949158, 39.036742321792715], [106.99362819040019, 39.03667640912979], [106.99377207734358, 39.036624870879294], [106.99392046190258, 39.03658824211463], [106.99407180353917, 39.03656690311798], [106.99422453101484, 39.03656107543216], [107.0347643162241, 39.037081203379635], [107.03490834629413, 39.03708999250213], [107.03505086540072, 39.0371125804193], [107.0351905546461, 39.037148758098425], [107.0353261213206, 39.03719819074469], [107.03545631086546, 39.03726042089937], [107.03557991848297, 39.0373348726733], [107.03569580028571, 39.037420857076185], [107.03580288388237, 39.037517578392716], [107.06020325701313, 39.061787394753686], [107.0602291277451, 39.061810748666126], [107.0602574742101, 39.061790471143674], [107.0766151383749, 39.048848252042], [107.07673693705759, 39.04876139673587], [107.07686678135121, 39.04868710526448], [107.07700337980924, 39.048626116539495], [107.07714537380741, 39.04857903716193], [107.0772913510568, 39.04854633538876], [107.07743985965061, 39.04852833647566], [107.07758942250499, 39.04852521944193], [107.07773855205028, 39.04853701528994], [107.07788576502656, 39.04856360669681], [107.07802959723637, 39.04860472918131], [107.0781686181077, 39.048659973734374], [107.07830144492269, 39.048728790887225], [107.07842675657031, 39.0488104961764], [107.07854330668623, 39.04890427695154], [107.07864993604937, 39.04900920045808], [107.07874558411162, 39.04912422311453], [107.07882929954611, 39.049248200892116], [107.07890024970939, 39.049379900693324], [107.0789577289228, 39.049518012616545], [107.07900116549136, 39.04966116298441], [107.13551723280968, 39.27597642021478], [107.1355458472111, 39.2761208178399], [107.13556017014223, 39.276267324876436], [107.13556006366075, 39.276414530334115], [107.13554552879219, 39.27656101649628], [107.13551670551999, 39.2767053725737], [107.13547387143733, 39.27684620829173], [107.13541743907369, 39.276982167279826], [107.13534795192189, 39.277111940134624], [107.13526607920363, 39.27723427703059], [107.13517260942446, 39.27734799975695], [107.13506844277968, 39.27745201306488], [107.13495458248475, 39.277545315215704], [107.13483212511339, 39.27762700762851], [107.13470225003667, 39.27769630353427], [107.1345662080646, 39.277752535553105], [107.13442530939975, 39.27779516212174], [107.13428091101889, 39.27782377270921], [107.1341344036041, 39.27783809177068], [107.13398719814928, 39.27783798140111], [107.13384071237108, 39.27782344266346], [107.133696357055, 39.27779461557842], [107.1335555224684, 39.27775177777592], [107.13341956497088, 39.277695341821264], [107.13328979395146, 39.27762585124182], [107.13316745921803, 39.27754397529234], [107.05967938409829, 39.222954827390154], [107.05965062705965, 39.22293556875742], [107.05963397820048, 39.222965911428744], [107.05234262163431, 39.23794356495536], [107.0522690509461, 39.23807700835105], [107.05218232127238, 39.238202299011974], [107.05208332765515, 39.23831814395044], [107.05197309169913, 39.23842334765767], [107.05185275102889, 39.23851682444145], [107.0517235475487, 39.238597609630226], [106.94291325036009, 39.299171603125274], [106.94288404071935, 39.2991897394581], [106.94289485217827, 39.299222377503924], [106.95869416552954, 39.34025368225995], [106.95874258639819, 39.340402019226275], [106.9587753351747, 39.34055458381501], [106.95879205746735, 39.34070972504431], [106.96483832822011, 39.44986239640457], [106.96483785980384, 39.45003638352215], [106.96481724742249, 39.45020914597824], [106.94088000223142, 39.58420443425545], [106.94085440821286, 39.58432079701288], [106.94081965958976, 39.58443476138581], [106.92389259005483, 39.63295280699641], [106.92384445929578, 39.63307364439523], [106.92378604111613, 39.63318985783338], [106.92371777477506, 39.633300573476355], [106.92364017358227, 39.63340495882877], [106.88770062032076, 39.67760894809727], [106.8876794346109, 39.6776378389563], [106.88770424120396, 39.67766368753422], [106.91503931890607, 39.703439741508056], [106.9151436729886, 39.703548558218294], [106.91523657641626, 39.70366730081427], [106.91531709062284, 39.70379476968698], [106.91538440220545, 39.70392967706933], [106.91543783114211, 39.70407066004595], [106.9154768376616, 39.70421629432216], [106.91550102769664, 39.704365108613054], [106.91551015686497, 39.70451559950731], [106.91550413293827, 39.70466624665556], [106.91548301677382, 39.704815528129856], [106.91544702169985, 39.70496193579912], [106.90067131017184, 39.75423327674732], [106.90062378453665, 39.754368055606605], [106.90056364811367, 39.75449769987967], [106.90049144678196, 39.754621032740694], [106.90040783593794, 39.75473693465471], [106.90031357454612, 39.75484435354002], [106.9002095182497, 39.75494231431831], [106.9000966116036, 39.75502992776578], [106.89997587950045, 39.75510639858491], [106.89984841786723, 39.75517103262366], [106.8997153837172, 39.75522324317655], [106.89957798464725, 39.75526255631037], [106.89943746787623, 39.75528861516622], [106.88366878347482, 39.75744184063868], [106.88363269021167, 39.75744865289426], [106.88362668533543, 39.757484889228415], [106.87814330261132, 39.8056372166171], [106.87814097493731, 39.80567429506176], [106.87816625490153, 39.80570151917877], [106.93071620691796, 39.85683293017429], [106.93074379970004, 39.85685722301003], [106.93078028079528, 39.856861765385574], [106.96482432272828, 39.85938705760997], [106.96496871550542, 39.85940484284342], [106.96511070618816, 39.85943653250481], [106.9652489590803, 39.85948182849177], [106.96538217364682, 39.859540304708204], [106.96550909674784, 39.859611411072535], [106.96562853442686, 39.859694478692305], [106.96573936314218, 39.85978872615636], [106.96584054033605, 39.859893266885564], [106.96593111424184, 39.86000711747278], [106.96601023283733, 39.86012920693371], [106.96607715185957, 39.86025838678154], [106.9661312418061, 39.86039344183071], [106.96617199385668, 39.86053310162805], [106.9661990246597, 39.86067605240388], [106.96621207993833, 39.86082094943049], [106.96621103688251, 39.860966429671954], [106.9634728176249, 39.910090462145874], [106.96345711734726, 39.91023882197613], [106.96342675728353, 39.910384888414725], [106.96338203775734, 39.91052721656348], [106.96332340113698, 39.910664398503634], [106.96325142745948, 39.91079507722302], [106.96316682869289, 39.91091796003973], [106.96307044169338, 39.91103183138941], [106.96296321992708, 39.91113556484969], [106.96284622403824, 39.911228134282815], [106.9627206113574, 39.91130862398628], [106.96258762445288, 39.911376237751], [106.96244857883931, 39.91143030673748], [106.96230484996441, 39.91147029609197], [106.96215785960304, 39.91149581023735], [106.93397020416288, 39.914955148901925], [106.93382135397745, 39.914965936634424], [106.93367216854334, 39.91496187965011], [106.93352412464735, 39.914943018109064], [106.93337868777618, 39.91490953872171], [106.93323729760962, 39.91486177290055], [106.93310135376909, 39.91480019347951], [106.93297220196287, 39.91472541003334], [106.93285112066482, 39.914638162843495], [106.86842829012141, 39.86316084865338], [106.86832120702731, 39.86306660082992], [106.868223561095, 39.86296260701676], [106.86813623545343, 39.86284980775436], [106.86806001989285, 39.86272922322135], [106.86799560372175, 39.86260194400792], [106.8679435695326, 39.86246912125222], [106.8679043879328, 39.86233195622931], [106.86340653679927, 39.843180349229854], [106.86339646196416, 39.84314537203089], [106.86336285737934, 39.84313138494335], [106.77816833020105, 39.81254932342447], [106.77813532442808, 39.81253925739417], [106.77812800960962, 39.81257297978219], [106.76948242116542, 39.864500545375265], [106.7694505738954, 39.864646520412016], [106.76940436269149, 39.8647886030802], [106.76934424602963, 39.86492538373282], [106.76927082034622, 39.86505550532587], [106.7691848141206, 39.86517767688196], [106.7690870806477, 39.86529068629854], [106.76897858957211, 39.86539341237353], [106.76886041726804, 39.86548483592912], [106.76873373616023, 39.865564049923364], [106.76859980309189, 39.865630268449245], [106.76845994685527, 39.86568283453185], [106.76831555500821, 39.865721226646514], [106.76816806010781, 39.86574506389293], [106.76801892549749, 39.86575410977427], [106.7678696307888, 39.865748274543485], [106.76772165718162, 39.865727616093736], [106.76757647276885, 39.86569233938403], [106.76743551797081, 39.86564279440574], [106.74984330862037, 39.85845601577567], [106.7498098220839, 39.85844422964961], [106.74979200162677, 39.8584749329427], [106.72034360739902, 39.91552876195484], [106.72032955073861, 39.915559321305835], [106.72033030793051, 39.91559295001844], [106.72928538695996, 40.047323561772835], [106.72928986125966, 40.047360909212536], [106.7293202584636, 40.04738306458614], [106.82283380571255, 40.108446858429794], [106.82295528749515, 40.10853516496025], [106.82306732983768, 40.10863517686105], [106.82316880953476, 40.10874589152993], [106.8232587092697, 40.10886619907118], [106.82333612781296, 40.10899489342219], [106.82340028905683, 40.10913068444402], [106.83939596148072, 40.14789839935297], [106.83941025824727, 40.14792901384582], [106.83943656964152, 40.1479502118466], [106.85072274093976, 40.15622432606589]], [[106.87750851372364, 35.85468872147611], [106.87672350406916, 35.85889847628285]], [[106.88491646080234, 40.17674083664015], [106.97221529779287, 40.218726963045185], [106.97235827962275, 40.21880557748242], [106.97249187655395, 40.21889925722088], [107.02228570653506, 40.258021849240954], [107.02240006384821, 40.258121447708085], [107.0225037802611, 40.25823208384784], [107.0225957956791, 40.25835262683841], [107.02267516960443, 40.258481844599196], [107.02274109074915, 40.258618416383996], [107.02279288532739, 40.25876094628047], [107.04432151670726, 40.32885686703335], [107.04433342954427, 40.32888995510263], [107.04436133998934, 40.32891135003322], [107.08910567198186, 40.359945739051156], [107.08913268162661, 40.35996281222584], [107.08916209709085, 40.35997499053729], [107.17050087250873, 40.38967742421093], [107.17063769326558, 40.389735215139375], [107.17076812805296, 40.38980625370043], [107.17089089804699, 40.38988984340959], [107.17100479957189, 40.38998516472695], [107.17110871590108, 40.39009128309218], [107.17120162820608, 40.39020715808732], [107.17128262554525, 40.39033165363728], [107.17135091379511, 40.39046354914837], [107.17140582343609, 40.39060155147532], [107.1714468161167, 40.39074430759972], [107.17147348993176, 40.390890417895406], [107.17148558336274, 40.39103844985088], [107.17148297784185, 40.39118695211408], [107.17146569891442, 40.3913344687219], [107.17143391598852, 40.3914795533749], [107.15504076080191, 40.451841059590805], [107.15503299480223, 40.4518765302469], [107.15505577285337, 40.45190480812841], [107.20194843369309, 40.504542956583215], [107.20204101157404, 40.504657779244006], [107.20212186500173, 40.50478113900528], [107.20219021221669, 40.504911843120276], [107.20224539238012, 40.50504862783082], [107.2022868719634, 40.505190170586346], [107.20231424990675, 40.50533510283151], [107.20232726149702, 40.5054820232385], [107.20232578092711, 40.50562951125627], [107.20230982251243, 40.50577614084562], [107.20227954055247, 40.50592049426737], [107.20223522783888, 40.50606117579027], [107.20217731282456, 40.506196825186095], [107.20210635548094, 40.506326130881476], [107.20202304188379, 40.50644784263933], [107.20192817757959, 40.50656078364722], [107.20182267979686, 40.5066638618957], [107.2017075685776, 40.5067560807369], [107.20158395691466, 40.50683654852088], [107.20145303999041, 40.506904487216886], [107.16113461242527, 40.52537114680548], [107.16110196185112, 40.52538815555018], [107.16110291688696, 40.525424958339414], [107.1648552416065, 40.57425510418429], [107.16485948544658, 40.57428896365087], [107.16489302344462, 40.574282664734675], [107.22619512444749, 40.55969331516304], [107.22634358808394, 40.559665794028206], [107.2264940663621, 40.55965333802532], [107.2266450345114, 40.55965607336893], [107.22679496279747, 40.559673972342246], [107.22694233202267, 40.559706853578064], [107.22708564891994, 40.559754383896454], [107.22722346128373, 40.55981608168084], [107.22735437268496, 40.559891321758165], [107.22747705662087, 40.55997934173361], [107.22759026995617, 40.56007924971587], [107.25052961893424, 40.58247465902365], [107.25063629377405, 40.58259033949984], [107.25073026284771, 40.582716558782096], [107.25081049201538, 40.58285192781355], [107.2856563782212, 40.64937226924147], [107.28567397379798, 40.64940228028589], [107.28570876094051, 40.649401931256804], [107.38439532444119, 40.643692988665485], [107.38453033953351, 40.643691265653665], [107.38466496254723, 40.643701691012424], [107.38479810261447, 40.64372418026374], [107.38492868088386, 40.64375855117426], [107.38505563926263, 40.64380452523201], [107.38517794899046, 40.643861729903186], [107.4542716423544, 40.68005267260925], [107.45439745712447, 40.680126585993186], [107.45451549481348, 40.68021237438791], [107.45462463838908, 40.680309225947525], [107.48710024423711, 40.71208182342647], [107.48712756372005, 40.712106005704044], [107.48716350007528, 40.71209970371387], [107.52926389365452, 40.702530492998505], [107.52941623762882, 40.70250403874523], [107.52957049554573, 40.70249340817177], [107.52972502825966, 40.70249871423866], [107.52987819370504, 40.70251990056359], [107.53002836434489, 40.702556742020555], [107.53017394446505, 40.70260884713199], [107.53031338713025, 40.70267566222867], [107.53044521062186, 40.70275647733295], [107.58432625433075, 40.739739466218744], [107.58445618220101, 40.73983951870877], [107.58457441177484, 40.73995315637902], [107.5846795299854, 40.74007902104459], [107.6131222544089, 40.778190522306986], [107.61314562781361, 40.77821873706213], [107.61318019685054, 40.778206597451536], [107.66349337896358, 40.757618447287086], [107.6636386824079, 40.757567527094146], [107.66378844020645, 40.7575317701541], [107.66394107451387, 40.75751155320138], [107.66409497717807, 40.757507089241415], [107.66424852668348, 40.757518425306394], [107.66440010523547, 40.75754544195976], [107.66454811580532, 40.75758785455458], [107.69542067179934, 40.76817689997182], [107.69555930377771, 40.76823230400121], [107.69569174165314, 40.76830121438542], [107.69581667350002, 40.76838294850026], [107.6959328617473, 40.76847669669008], [107.69603915543769, 40.76858153028814], [107.6961345016291, 40.76869641081599], [107.69621795582509, 40.768820200270596], [107.69628869133088, 40.76895167239737], [107.69634600744268, 40.76908952483741], [107.69638933638888, 40.769232392028606], [107.69641824895419, 40.7693788587329], [107.69643245873164, 40.769527474055536], [107.69840732673796, 40.81286328252672], [107.69841065307284, 40.81289836302835], [107.69844569933726, 40.81290203255764], [107.73410572393549, 40.81487702886331], [107.73425440136462, 40.81489272508809], [107.73440077783289, 40.81492314348622], [107.73454339924626, 40.81496798188337], [107.73468084881314, 40.8150267948579], [107.73481176111873, 40.815098998165666], [107.73493483568896, 40.81518387454383], [107.73504884990929, 40.81528058083613], [107.73515267117007, 40.81538815636875], [107.73524526811786, 40.815505532493525], [107.73532572090078, 40.81563154320391], [107.73539323030624, 40.81576493671792], [107.73544712570036, 40.81590438791333], [107.73548687168989, 40.81604851149129], [107.73551207344082, 40.81619587573783], [107.73552248060065, 40.81634501674638], [107.73551798978536, 40.81649445296016], [107.7354986456064, 40.8166426998898], [107.73546464022753, 40.81678828486023], [107.7281891596472, 40.84215457792919], [107.72818103789618, 40.84218923458006], [107.72820996654276, 40.84220997535365], [107.75849775878197, 40.8617474925261], [107.75852817676203, 40.86176510809172], [107.75856133146317, 40.86175343215653], [107.81970367443364, 40.83686494363143], [107.8198469365836, 40.836814914799895], [107.81999452029423, 40.836779616415285], [107.82014491516577, 40.83675940972798], [107.82029658202852, 40.83675450153705], [107.820447968695, 40.83676494207386], [107.8205975258453, 40.83679062448797], [107.8207437228831, 40.836831285940676], [107.82088506360013, 40.83688651029494], [107.82102010148866, 40.83695573237422], [107.82114745454524, 40.83703824374662], [107.82126581941452, 40.83713319997505], [107.82137398472791, 40.83723962925944], [107.85532892150216, 40.8742117819009], [107.85535341993914, 40.874236039480415], [107.85538570495405, 40.87422394479596], [107.91407020841292, 40.84900383077319], [107.91420009544436, 40.84895499691011], [107.91433393943821, 40.84891837488903], [107.91447059496429, 40.84889427811939], [107.91460889253148, 40.84888291282012], [107.91474764859613, 40.848884376254894], [107.9148856756908, 40.8488986558997], [107.91502179258653, 40.84892562955006], [107.91515483440176, 40.84896506636682], [107.9689084455913, 40.86764433990936], [107.96894174394379, 40.86765417111023], [107.96897106204094, 40.86763557320787], [108.00013455311822, 40.84573173804703], [108.00026303234581, 40.845650826848946], [108.00039903291919, 40.84558331849435], [108.00054116137441, 40.845529904674855], [108.00068796146121, 40.84549113266925], [108.00083792906365, 40.84546739973611], [108.00098952761145, 40.845458949043405], [108.00114120382358, 40.84546586717707], [108.00129140362328, 40.8454880832538], [108.00143858806118, 40.84552536964733], [108.03220230078568, 40.85499939011626], [108.0322402929702, 40.85500893591006], [108.03227944088498, 40.85501033913041], [108.16554426412277, 40.85277736009818], [108.16568974067094, 40.85278198509687], [108.1658340841031, 40.852800687777915], [108.16597593535737, 40.85283329204671], [108.16611395883696, 40.852879490918596], [108.16624685498537, 40.8529388494093], [108.16637337252237, 40.853010808630486], [108.16649232022536, 40.85309469105198], [108.16660257814532, 40.85318970688101], [108.16670310815168, 40.853294961498506], [108.16679296370675, 40.853409463882336], [108.1668712987779, 40.85353213593828], [108.1669373758033, 40.85366182265077], [108.16699057263641, 40.853797302957936], [108.17154098221157, 40.86727440650528], [108.1715541668919, 40.86730783311523], [108.17158933170354, 40.86730044325217], [108.2235429170941, 40.85363449130372], [108.22357759052933, 40.85362350087336], [108.22359069564536, 40.85358957017058], [108.23423204690233, 40.821353532870084], [108.23428731579085, 40.82121096702699], [108.23435681124569, 40.82107476845354], [108.23443981114208, 40.82094635238425], [108.23453545303106, 40.8208270531859], [108.23464274310118, 40.820718110492216], [108.23476056650514, 40.82062065632282], [108.23488769894418, 40.82053570332052], [108.23502281938964, 40.82046413422893], [108.23516452380981, 40.820406692719914], [108.23531133975912, 40.82036397566615], [108.23546174167828, 40.82033642693901], [108.23561416674632, 40.82032433279634], [108.30216070623518, 40.8184479669571], [108.30219481256495, 40.818445441076456], [108.30222774863331, 40.818436776286276], [108.34426408414527, 40.805313558104935], [108.34439529721095, 40.80527902361048], [108.34452909408473, 40.80525648705182], [108.43656036302468, 40.79400723377958], [108.43659434949258, 40.794001464562996], [108.43662213661665, 40.79398106261219], [108.4857023559938, 40.75430434756428], [108.48572815824264, 40.754281384952094], [108.48572133135303, 40.75424752596246], [108.48153028804435, 40.73758031308106], [108.48150201230878, 40.73743977354534], [108.48148728179703, 40.73729717659465], [108.4814862310535, 40.73715382467014], [108.4814988696754, 40.73701102710868], [108.48152508222506, 40.736870088183736], [108.48156462928429, 40.73673229519252], [108.48161714964118, 40.73659890669813], [108.4816821635893, 40.736471141034215], [108.48175907730919, 40.736350165177065], [108.4818471882922, 40.73623708408672], [108.48194569175698, 40.73613293061461], [108.48205368800006, 40.73603865606979], [108.48217019061363, 40.735955121529884], [108.48229413549498, 40.73588308997631], [108.48242439056582, 40.73582321932538], [108.48255976611233, 40.73577605641907], [108.48269902565166, 40.73574203203034], [108.48284089722566, 40.735721456928545], [108.56199478307154, 40.728081785088506], [108.56203302671045, 40.72807605445259], [108.56206054588117, 40.72804888624775], [108.61172413069879, 40.673581178257834], [108.61174610197813, 40.67355466915757], [108.6117343955055, 40.67352228971941], [108.60511208398124, 40.65759978204956], [108.60506163489613, 40.65745909368122], [108.60502543703649, 40.65731408319149], [108.60500384977992, 40.65716619026559], [108.60499708744784, 40.65701688320601], [108.60500521717769, 40.656867644354946], [108.6050281582563, 40.656719955377405], [108.60506568292134, 40.65657528255103], [108.60511741862244, 40.65643506220869], [108.60518285172006, 40.656300686478325], [108.60526133258487, 40.65617348946173], [108.60535208204747, 40.65605473398937], [108.60545419913397, 40.65594559908286], [108.6055666700111, 40.65584716824941], [108.60568837805164, 40.655760418724654], [108.60581811492044, 40.65568621177048], [108.60595459257102, 40.655625284124326], [108.65789653040798, 40.63547652721115], [108.65804982857081, 40.6354263633041], [108.65820762683232, 40.635392949939124], [108.65836810057162, 40.635376673474894], [108.6585293942313, 40.63537772211611], [108.65868964277313, 40.63539608373735], [108.6900372843988, 40.640708608289266], [108.69007450519646, 40.64071297868012], [108.69010549869441, 40.64069190995507], [108.73095737227747, 40.60976364844949], [108.73108454156012, 40.609677252758075], [108.73121988628098, 40.60960432780707], [108.73136198464424, 40.60954563967282], [108.7315093439071, 40.60950180487396], [108.73166041606105, 40.6094732838949], [108.73181361409364, 40.60946037634842], [108.73196732866008, 40.60946321782826], [108.77616949816225, 40.61255144976], [108.7762034033, 40.61255216101245], [108.77619147732494, 40.612520414589724], [108.76173118105588, 40.57907926267521], [108.76168178752758, 40.578948659759455], [108.7616447523129, 40.578814029766086], [108.76162039633174, 40.57867653929943], [108.76160893063508, 40.578537379750564], [108.76161045457619, 40.578397756973615], [108.76162495494974, 40.578258880836685], [108.76165230610617, 40.578121954738066], [108.7616922710405, 40.577988165178446], [108.76174450344605, 40.57785867147956], [108.77391458081637, 40.5513195561192], [108.77398160549288, 40.55119034071506], [108.77406083922608, 40.55106823034101], [108.77415153584808, 40.55095437494725], [108.77425284124142, 40.55084984674432], [108.7743638013827, 40.550755630105805], [108.77448337132687, 40.55067261229818], [108.7746104250477, 40.55060157512514], [108.77474376604202, 40.55054318756517], [108.77488213859753, 40.55049799947149], [108.77502423961818, 40.550466436394004], [108.77516873089583, 40.55044879557173], [108.7753142517126, 40.550445243133595], [108.7754594316551, 40.55045581253399], [108.77560290352007, 40.550480404237675], [108.77574331618973, 40.55051878665718], [108.82617669981256, 40.56697346156205], [108.8262091730569, 40.566982451686904], [108.82624265494134, 40.56697934106218], [108.88022370723178, 40.559506608801286], [108.88025666060084, 40.55950053176153], [108.88028893789496, 40.55949153002749], [108.97726833839285, 40.52769946426695], [108.97741169773106, 40.52766021747164], [108.97755823743928, 40.52763535133591], [108.97770651867926, 40.52762511001439], [108.97785508551301, 40.52762959406416], [108.97800247919841, 40.527648759457406], [108.97814725251217, 40.52768241801373], [108.97828798395985, 40.52773023924784], [108.97842329173305, 40.52779175361448], [108.9785518472772, 40.52786635711884], [109.00046334616584, 40.542078117975386], [109.00049459073463, 40.54209628574545], [109.00053039457403, 40.542101222954635], [109.07907374204336, 40.549056700587734], [109.07910966083202, 40.549058082855275], [109.0791207243213, 40.549023882427576], [109.08398710378289, 40.53094942691476], [109.08403297770992, 40.530807550531065], [109.08409271086525, 40.53067092961178], [109.08416571299705, 40.53054091417352], [109.08425126273632, 40.530418788960965], [109.08434851472522, 40.53030576075171], [109.08445650797037, 40.53020294643152], [109.08457417533887, 40.53011136195784], [109.08470035410325, 40.530031912320624], [109.0848337974308, 40.52996538259971], [109.08497318670422, 40.52991243020707], [109.08511714455149, 40.52987357839061], [109.0852642484563, 40.52984921106369], [109.08541304481466, 40.52983956901152], [109.08556206329864, 40.529844747511824], [109.15624569999854, 40.535828926789186], [109.15628123775542, 40.5358302030165], [109.15630501952445, 40.5358037646281], [109.1716971711449, 40.51692400338716], [109.17179133274638, 40.51681899983969], [109.17189494029299, 40.51672330434106], [109.17200707779492, 40.516637762931005], [109.17212675384938, 40.51656313187741], [109.17225291040559, 40.516500070990176], [109.17238443211892, 40.51644913778787], [109.1725201562116, 40.51641078256871], [109.17265888275286, 40.51638534442953], [109.17279938526735, 40.51637304826781], [109.17294042157847, 40.51637400279337], [109.22387724428113, 40.519116966842574], [109.22391338348, 40.51911708954038], [109.22391924463004, 40.5190814285861], [109.22741789059916, 40.48811310513831], [109.22744174971216, 40.48796699482712], [109.22747989570104, 40.48782394810803], [109.22753195698184, 40.487685358413785], [109.22759742642026, 40.487552575760766], [109.22767566627182, 40.4874268935984], [109.22776591439411, 40.487309536209494], [109.22786729167096, 40.487201646784385], [109.2279788105759, 40.487104276285], [109.22809938479188, 40.48701837320735], [109.22822783979312, 40.486944774342106], [109.2283629242863, 40.486884196623336], [109.22850332239956, 40.486837230144815], [109.22864766650049, 40.486804332411815], [109.22879455051843, 40.48678582388451], [109.22894254364112, 40.48678188485637], [109.22909020425243, 40.48679255369786], [109.22923609397522, 40.48681772648272], [109.22937879168275, 40.48685715800026], [109.22951690734205, 40.48691046414404], [109.22964909555435, 40.48697712565345], [109.25770223670426, 40.50290709891563], [109.25773238513173, 40.50292244424475], [109.25776621064178, 40.50292293584921], [109.31925989655757, 40.501010123027946], [109.3192950604242, 40.5010073305236], [109.31931569417195, 40.50097872031492], [109.33303535397384, 40.479884816026946], [109.333118972315, 40.47976876210165], [109.33321326480359, 40.47966120064408], [109.33331737398389, 40.479563109772265], [109.33343035313142, 40.47947538148277], [109.333551174862, 40.47939881353925], [109.33367874047433, 40.479334102217926], [109.33381188994113, 40.47928183597597], [109.33394941245791, 40.47924249010029], [109.33409005745357, 40.479216422385505], [109.33423254596246, 40.4792038698803], [109.40278909174961, 40.476448483395835], [109.4028247481113, 40.476445286816435], [109.40283862598767, 40.47641228683474], [109.4088465701713, 40.459894390189234], [109.40890308659331, 40.45975978974379], [109.40897241953448, 40.45963132056795], [109.4090539122921, 40.45951019948669], [109.409146792989, 40.459397573725816], [109.40925018188462, 40.45929451004581], [109.4093630997075, 40.45920198463771], [109.40948447693088, 40.45912087387693], [109.40961316390283, 40.459051946022456], [109.40974794173546, 40.45899585394011], [109.40988753384994, 40.45895312891879], [109.41003061806786, 40.45892417563824], [109.41017583913455, 40.45890926833602], [109.41032182155571, 40.45890854821003], [109.41046718262571, 40.45892202208112], [109.41061054552414, 40.45894956232845], [109.41075055235679, 40.45899090809831], [109.41088587701712, 40.45904566777486], [109.41101523774691, 40.45911332268938], [109.41113740927662, 40.459193232033], [109.41125123443088, 40.45928463892623], [109.4113556350889, 40.45938667758791], [109.41144962239612, 40.459498381535695], [109.41153230613043, 40.459618692740285], [109.41160290313408, 40.45974647164679], [109.42695324229318, 40.49103731811256]], [[106.91245358259474, 36.13280073243784], [106.91086623109588, 36.13384211590525]], [[106.91662563598128, 38.9108973944305], [106.92218632178881, 38.91534325434525]], [[106.9588752844708, 38.9608473480391], [106.96670543452177, 38.99567505468106]], [[107.01487485784486, 38.120364885117546], [107.01485083869179, 38.120357868988016], [107.01481433154152, 38.12036197533158], [106.96486603950501, 38.128501330499134]], [[107.38236351315604, 38.028159457127245], [107.37936058401303, 38.03161098206424]], [[107.42147230762814, 38.00304856041271], [107.41728222147951, 38.00486367546981]], [[107.47357975317708, 37.93963974031414], [107.46844974446903, 37.938243950998235]], [[107.62863779036658, 37.87156518325436], [107.58203737020149, 37.88670303849236]]]}, "properties": {"kind": "regime_border", "name": "西夏", "province": "河南地"}}]}